customer_id,full_name,gender,,birth_date,phone,email,city,region,loyalty_tier,registration_date
CUS01518,Mohamed Mansour,Male,,5/1/1981,1158132110,mohamed.mansour52@hotmail.com,Suez,Canal Zone,Bronze,12/19/2020
CUS02370,Maged Lotfy,Male,,4/10/2003,1281872177,No_Email,Zagazig,Nile Delta,Bronze,5/13/2021
CUS01962,Ahmed Hafez,Male,,5/3/1971,1141856715,ahmed.hafez18@outlook.com,Giza,Greater Cairo,Gold,9/26/2023
CUS00344,Hoda Fathy,Female,,5/19/2000,1195645083,hoda.fathy26@outlook.com,Giza,Greater Cairo,Bronze,7/7/2021
CUS02664,Hussein Lotfy,Male,,12/26/1998,1149528740,hussein.lotfy80@gmail.com,Tanta,Nile Delta,Bronze,10/5/2022
CUS01174,Nour Mostafa,Female,,6/10/1984,1114481563,nour.mostafa72@hotmail.com,Cairo,Greater Cairo,Silver,10/7/2021
CUS02677,Hazem Hamdy,Male,,9/25/1974,1084698064,hazem.hamdy68@outlook.com,Giza,Greater Cairo,Bronze,1/28/2020
CUS01028,Fatima Ramadan,Female,,10/20/1975,1019232076,fatima.ramadan42@outlook.com,Aswan,Upper Egypt,Bronze,4/3/2023
CUS02084,Ramy Farouk,Male,,17/08/1989,1069113227,ramy.farouk8@hotmail.com,Suez,Canal Zone,Silver,9/9/2021
CUS01445,Sherif Zaki,Male,,1/6/1992,1252440768,sherif.zaki7@hotmail.com,Luxor,Upper Egypt,Silver,10/25/2020
CUS00933,Bassem Farouk,Male,,12/18/1990,1229438263,bassem.farouk40@gmail.com,Ismailia,Canal Zone,Silver,12/26/2020
CUS00179,Hossam Fathy,Male,,10/8/1981,1248988647,hossam.fathy16@yahoo.com,Port Said,Canal Zone,Bronze,7/2/2023
CUS01594,Hoda Badawi,Female,,11/14/1985,1271886181,hoda.badawi40@yahoo.com,Cairo,Greater Cairo,Gold,5/20/2022
CUS01948,Ahmed Mostafa,Male,,12/1/1980,1070428122,ahmed.mostafa83@hotmail.com,Cairo,Greater Cairo,Platinum,7/20/2022
CUS01663,Yasmin Khalil,Female,,18/11/1986,1078622351,yasmin.khalil15@gmail.com,Suez,Canal Zone,Silver,11/23/2023
CUS02432,Hussein Younis,Male,,12/8/1994,1224467198,hussein.younis30@yahoo.com,Aswan,Upper Egypt,Bronze,3/7/2020
CUS02863,Ramy Ramadan,Male,,5/22/1989,1019329244,ramy.ramadan58@yahoo.com,Port Said,Canal Zone,Platinum,4/19/2023
CUS02343,Doha Shaaban,Female,,5/21/1998,1093235590,doha.shaaban46@gmail.com,Cairo,Greater Cairo,Bronze,8/19/2022
CUS01498,Tarek Ragab,Male,,2/20/1974,1290242618,tarek.ragab11@gmail.com,Alexandria,Alexandria,Silver,11/11/2020
CUS02967,Ibrahim Bakr,Male,,3/20/1980,1221940949,ibrahim.bakr8@outlook.com,Zagazig,Nile Delta,Platinum,10/17/2021
CUS02414,Salma Zaki,Female,,5/7/1977,1095240437,salma.zaki23@hotmail.com,Cairo,Greater Cairo,Bronze,9/8/2023
CUS02808,Ramy Ali,Male,,10/13/1995,1225235645,ramy.ali33@hotmail.com,Cairo,Greater Cairo,Bronze,3/7/2022
CUS01284,Hany Khalil,Male,,1/24/1997,1258398175,hany.khalil59@outlook.com,Cairo,Greater Cairo,Bronze,5/17/2023
CUS02869,Engy Attia,Female,,20/10/1991,1027978174,engy.attia68@yahoo.com,Giza,Greater Cairo,Bronze,1/7/2020
CUS00890,Tarek Lotfy,Male,,3/7/1989,1044810342,No_Email,Cairo,Greater Cairo,Bronze,1/14/2023
CUS01460,Nour Bakr,Female,,3/4/1980,1126675052,nour.bakr54@hotmail.com,Mansoura,Nile Delta,Silver,9/20/2020
CUS00652,Ramy Mansour,Male,,5/16/1997,1034772080,ramy.mansour11@hotmail.com,Alexandria,Alexandria,Bronze,2/17/2023
CUS01437,Yasmin Abdallah,Female,,8/8/1996,1223416165,yasmin.abdallah68@gmail.com,Giza,Greater Cairo,Gold,9/12/2022
CUS00555,Omar Ahmed,Male,,9/26/1978,1167096991,No_Email,Luxor,Upper Egypt,Bronze,7/25/2023
CUS02264,Hussein Hassan,Male,,9/12/1977,1216614286,hussein.hassan95@hotmail.com,Giza,Greater Cairo,Silver,1/24/2022
CUS00440,Ahmed Zaki,Male,,9/7/1982,1214344197,No_Email,Cairo,Greater Cairo,Bronze,1/2/2023
CUS02568,Rana Ismail,Female,,1/10/1994,1046060709,rana.ismail64@gmail.com,Giza,Greater Cairo,Gold,2/16/2021
CUS01042,Amr Salem,Male,,7/24/2001,1143524010,amr.salem38@yahoo.com,Hurghada,Red Sea,Bronze,2/13/2021
CUS01227,Fady Lotfy,Male,,3/24/1989,1228177418,fady.lotfy20@gmail.com,Giza,Greater Cairo,Gold,4/11/2021
CUS00189,Dina Attia,Female,,2/27/1978,1272850928,dina.attia61@yahoo.com,Alexandria,Alexandria,Gold,3/28/2021
CUS01780,Sherif Hamdy,Male,,2/14/1999,1164024116,No_Email,Aswan,Upper Egypt,Silver,1/7/2020
CUS00496,Nadia Badawi,Female,,7/5/1977,1212906871,nadia.badawi95@yahoo.com,Giza,Greater Cairo,Bronze,8/10/2023
CUS00791,Ibrahim Hamdy,Male,,7/13/1990,1279641006,ibrahim.hamdy27@outlook.com,Cairo,Greater Cairo,Silver,4/28/2022
CUS00573,Manar Ibrahim,Female,,8/22/1992,1288709162,manar.ibrahim47@hotmail.com,Giza,Greater Cairo,Silver,10/20/2020
CUS02191,Hoda Younis,Female,,10/13/1987,1160605064,hoda.younis8@hotmail.com,Cairo,Greater Cairo,Bronze,5/4/2023
CUS01711,Hana Badawi,Female,,1/26/1988,1259175761,hana.badawi79@yahoo.com,Cairo,Greater Cairo,Silver,7/26/2023
CUS00832,Rania Ahmed,Female,,11/12/1976,1112423190,rania.ahmed91@gmail.com,Giza,Greater Cairo,Bronze,5/19/2022
CUS00360,Heba Lotfy,Female,,8/2/1989,1210626224,heba.lotfy31@yahoo.com,Alexandria,Alexandria,Bronze,1/14/2020
CUS02620,Essam Salem,Male,,7/1/1982,1178042648,essam.salem29@yahoo.com,Giza,Greater Cairo,Gold,9/25/2020
CUS02008,Dalia Gamal,Female,,8/12/1977,1193356597,dalia.gamal68@gmail.com,Hurghada,Red Sea,Bronze,1/20/2023
CUS00569,Ghada Gouda,Female,,5/2/1995,1078043121,ghada.gouda76@gmail.com,Suez,Canal Zone,Gold,9/6/2021
CUS00103,Doha Ramadan,Female,,1/11/1980,1039732676,doha.ramadan87@hotmail.com,Giza,Greater Cairo,Bronze,8/15/2023
CUS01584,Adel Hamdy,Male,,3/19/1996,1073604365,No_Email,Alexandria,Alexandria,Silver,4/7/2020
CUS02287,Engy Gouda,Female,,1/6/1978,1115247808,engy.gouda79@gmail.com,Ismailia,Canal Zone,Gold,11/18/2020
CUS02013,Zeinab Wahba,Female,,9/11/1993,1146337178,zeinab.wahba56@outlook.com,Suez,Canal Zone,Gold,7/10/2021
CUS02663,Emad Khalil,Male,,10/17/1981,1099277799,emad.khalil79@outlook.com,Cairo,Greater Cairo,Bronze,12/3/2023
CUS02824,Aisha Saad,Female,,1/20/2000,1085204135,No_Email,Cairo,Greater Cairo,Bronze,11/4/2021
CUS01180,Doha Abdallah,Female,,7/1/1987,1024212949,doha.abdallah41@gmail.com,Alexandria,Alexandria,Silver,4/24/2022
CUS00052,Emad Ahmed,Male,,12/22/1979,1021503440,emad.ahmed30@gmail.com,Hurghada,Red Sea,Platinum,9/14/2023
CUS00508,Mona Gamal,Female,,7/20/1974,1292199318,mona.gamal93@gmail.com,Aswan,Upper Egypt,Silver,1/16/2020
CUS01018,Ayman Fathy,Male,,19/05/1995,1189602636,ayman.fathy26@outlook.com,Alexandria,Alexandria,Platinum,7/23/2022
CUS01092,Aisha Mostafa,Female,,10/8/1977,1220713289,aisha.mostafa61@hotmail.com,Mansoura,Nile Delta,Bronze,11/28/2021
CUS00064,Emad Bakr,Male,,5/21/1987,1297438349,emad.bakr77@outlook.com,Giza,Greater Cairo,Silver,11/5/2022
CUS00945,Karim Ramadan,Male,,9/7/1996,1184351399,karim.ramadan21@outlook.com,Cairo,Greater Cairo,Bronze,1/17/2023
CUS02376,Maged Bakr,Male,,12/28/1975,1150176369,maged.bakr1@hotmail.com,Cairo,Greater Cairo,Silver,6/28/2023
CUS00045,Samir Abdallah,Male,,1/12/1981,1286884584,No_Email,Cairo,Greater Cairo,Silver,10/8/2022
CUS02708,Hossam Ibrahim,Male,,3/1/1981,1129465805,hossam.ibrahim93@yahoo.com,Cairo,Greater Cairo,Silver,1/18/2022
CUS01511,Ali Ragab,Male,,10/18/1993,1199072761,ali.ragab56@yahoo.com,Aswan,Upper Egypt,Bronze,6/10/2022
CUS00255,Magdy Barakat,Male,,2/5/1975,1163770881,magdy.barakat22@gmail.com,Cairo,Greater Cairo,Bronze,4/11/2022
CUS00322,Shaimaa Ragab,Female,,2/28/1998,1277166896,shaimaa.ragab32@outlook.com,Tanta,Nile Delta,Gold,1/1/2023
CUS02805,Fady Salem,Male,,5/5/1995,1246193334,fady.salem20@gmail.com,Alexandria,Alexandria,Bronze,3/2/2021
CUS02938,Suzy Mohamed,Female,,9/6/1979,1189868447,suzy.mohamed95@yahoo.com,Alexandria,Alexandria,Platinum,9/22/2020
CUS00706,Hana Ismail,Female,,12/22/1989,1089625763,hana.ismail73@hotmail.com,Ismailia,Canal Zone,Bronze,9/1/2021
CUS02271,Nadia Rizk,Female,,12/20/1986,1118659744,nadia.rizk62@hotmail.com,Cairo,Greater Cairo,Bronze,8/16/2023
CUS02125,Radwa Ali,Female,,2/14/1985,1039737286,radwa.ali88@gmail.com,Ismailia,Canal Zone,Bronze,5/12/2023
CUS02862,Hassan Mohamed,Male,,28/03/1973,1082701326,hassan.mohamed1@yahoo.com,Giza,Greater Cairo,Gold,8/20/2022
CUS02590,Emad Fathy,Male,,25/01/1998,1140198707,emad.fathy33@hotmail.com,Tanta,Nile Delta,Bronze,2/5/2022
CUS02445,Nadia Amin,Female,,2/16/1982,1231347320,nadia.amin79@outlook.com,Giza,Greater Cairo,Bronze,7/5/2023
CUS01452,Dalia Ramadan,Female,,2/8/2001,1169880867,dalia.ramadan65@outlook.com,Mansoura,Nile Delta,Silver,7/8/2021
CUS00140,Reem Ali,Female,,8/24/1982,1079946108,reem.ali42@yahoo.com,Ismailia,Canal Zone,Silver,12/18/2020
CUS02575,Bassem Badawi,Male,,8/11/1991,1145280103,bassem.badawi24@outlook.com,Cairo,Greater Cairo,Bronze,6/7/2020
CUS00582,Hana Ramadan,Female,,12/23/1987,1047158689,hana.ramadan37@hotmail.com,Ismailia,Canal Zone,Bronze,7/7/2020
CUS02606,Reem Badawi,Female,,1/4/2003,1219554390,reem.badawi76@hotmail.com,Alexandria,Alexandria,Silver,11/23/2023
CUS00810,Karim Gouda,Male,,8/26/1976,1296912383,karim.gouda93@yahoo.com,Cairo,Greater Cairo,Silver,6/13/2022
CUS02592,Mohamed Younis,Male,,17/07/1992,1193079615,mohamed.younis28@yahoo.com,Hurghada,Red Sea,Gold,6/5/2020
CUS01823,Lobna Attia,Female,,7/20/1995,1090607170,lobna.attia37@outlook.com,Mansoura,Nile Delta,Bronze,9/21/2021
CUS01476,Amr Ali,Male,,16/04/1981,1161218112,amr.ali22@hotmail.com,Mansoura,Nile Delta,Bronze,4/18/2021
CUS01892,Reem Ibrahim,Female,,1/17/1996,1279478250,No_Email,Giza,Greater Cairo,Bronze,1/12/2020
CUS01428,Maged Ismail,Male,,3/25/1987,1236326944,maged.ismail63@yahoo.com,Port Said,Canal Zone,Silver,5/21/2022
CUS02586,Mohamed Farouk,Male,,7/17/1990,1291780371,mohamed.farouk48@outlook.com,Mansoura,Nile Delta,Gold,8/1/2023
CUS00135,Adel Hamdy,Male,,5/5/1996,1111416778,adel.hamdy61@gmail.com,Port Said,Canal Zone,Bronze,8/10/2023
CUS00742,Bassem Lotfy,Male,,9/25/1971,1137531916,bassem.lotfy42@gmail.com,Giza,Greater Cairo,Bronze,9/20/2023
CUS00965,Magdy Younis,Male,,8/4/1972,1135670862,magdy.younis91@hotmail.com,Giza,Greater Cairo,Silver,4/22/2020
CUS00150,Hussein Khalil,Male,,9/13/1981,1255300210,hussein.khalil41@hotmail.com,Cairo,Greater Cairo,Silver,7/25/2022
CUS00241,Radwa Ragab,Female,,20/10/1978,1029278938,radwa.ragab9@outlook.com,Port Said,Canal Zone,Silver,1/14/2020
CUS01767,Aisha Ismail,Female,,25/01/1986,1291142579,aisha.ismail70@gmail.com,Zagazig,Nile Delta,Gold,4/14/2020
CUS01897,Fady Barakat,Male,,11/23/1975,1273669065,fady.barakat40@outlook.com,Mansoura,Nile Delta,Bronze,11/3/2023
CUS02322,Maged Ali,Male,,7/12/1973,1069565923,maged.ali99@hotmail.com,Tanta,Nile Delta,Bronze,5/7/2020
CUS00175,Ashraf Badawi,Male,,10/20/1975,1042844845,ashraf.badawi27@gmail.com,Mansoura,Nile Delta,Silver,3/2/2021
CUS00053,Hoda Amin,Female,,3/5/2000,1114661179,hoda.amin80@yahoo.com,Port Said,Canal Zone,Gold,8/6/2020
CUS01147,Ashraf Sayed,Male,,3/26/1970,1183421108,ashraf.sayed60@gmail.com,Hurghada,Red Sea,Bronze,3/21/2020
CUS00145,Neveen Attia,Female,,11/17/1970,1134901990,neveen.attia42@gmail.com,Giza,Greater Cairo,Silver,4/17/2023
CUS00332,Ayman Mohamed,Male,,5/8/1991,1073562365,ayman.mohamed31@gmail.com,Zagazig,Nile Delta,Bronze,2/21/2023
CUS00247,Nader Khalil,Male,,4/5/1976,1239677351,nader.khalil68@gmail.com,Giza,Greater Cairo,Bronze,8/3/2023
CUS01972,Mona Saad,Female,,8/8/2002,1046897895,mona.saad53@gmail.com,Aswan,Upper Egypt,Bronze,12/8/2023
CUS02485,Ali Gouda,Male,,1/14/1977,1126341998,ali.gouda8@hotmail.com,Alexandria,Alexandria,Bronze,5/4/2020
CUS01621,Aisha Ismail,Female,,7/16/1976,1284787394,aisha.ismail48@hotmail.com,Alexandria,Alexandria,Bronze,11/5/2023
CUS00558,Tarek Barakat,Male,,1/19/1982,1154084020,tarek.barakat78@hotmail.com,Cairo,Greater Cairo,Silver,11/9/2020
CUS00252,Hussein Nasser,Male,,12/16/2002,1189105321,hussein.nasser49@outlook.com,Giza,Greater Cairo,Bronze,9/8/2021
CUS01117,Reham Ragab,Female,,4/15/1978,1117890314,reham.ragab4@yahoo.com,Cairo,Greater Cairo,Platinum,11/18/2023
CUS01878,Mahmoud Lotfy,Male,,3/26/2003,1050393690,mahmoud.lotfy8@hotmail.com,Alexandria,Alexandria,Silver,9/10/2022
CUS02523,Ahmed Ramadan,Male,,12/22/1983,1140694296,ahmed.ramadan91@yahoo.com,Giza,Greater Cairo,Platinum,3/11/2023
CUS00212,Ayman Shaaban,Male,,9/8/1974,1061596498,ayman.shaaban46@hotmail.com,Tanta,Nile Delta,Silver,7/2/2022
CUS00001,Manar Hamdy,Female,,10/7/1977,1283233096,manar.hamdy91@yahoo.com,Giza,Greater Cairo,Silver,5/27/2023
CUS01477,Dina Ibrahim,Female,,10/22/1982,1093364164,dina.ibrahim81@yahoo.com,Hurghada,Red Sea,Bronze,1/13/2022
CUS01554,Youssef Ibrahim,Male,,11/22/1986,1053254525,No_Email,Suez,Canal Zone,Silver,11/18/2023
CUS01296,Salma Barakat,Female,,12/27/1987,1145353959,salma.barakat10@hotmail.com,Cairo,Greater Cairo,Platinum,5/16/2020
CUS00566,Ola Younis,Female,,6/23/1983,1284036002,ola.younis34@yahoo.com,Alexandria,Alexandria,Gold,5/2/2023
CUS01235,Reham Hassan,Female,,6/18/1992,1220610410,reham.hassan34@hotmail.com,Mansoura,Nile Delta,Bronze,11/12/2023
CUS01625,Emad Ragab,Male,,3/17/1994,1276643230,emad.ragab21@yahoo.com,Cairo,Greater Cairo,Silver,3/15/2022
CUS02915,Ashraf Gamal,Male,,5/8/2000,1273724781,ashraf.gamal82@gmail.com,Cairo,Greater Cairo,Bronze,6/17/2022
CUS00790,Walid Abdallah,Male,,4/5/1983,1210378180,No_Email,Port Said,Canal Zone,Bronze,6/7/2020
CUS00813,Eman Barakat,Female,,7/13/1979,1226501040,eman.barakat42@hotmail.com,Cairo,Greater Cairo,Gold,6/10/2020
CUS00267,Dalia Saad,Female,,10/24/1997,1218037180,dalia.saad88@hotmail.com,Tanta,Nile Delta,Gold,7/11/2023
CUS02798,Emad Attia,Male,,6/28/2001,1079680430,emad.attia9@outlook.com,Mansoura,Nile Delta,Bronze,11/10/2022
CUS00323,Lobna Khalil,Female,,16/01/1970,1190244451,lobna.khalil28@hotmail.com,Mansoura,Nile Delta,Silver,3/24/2020
CUS00033,Heba Wahba,Female,,11/27/1978,1120043577,heba.wahba38@hotmail.com,Cairo,Greater Cairo,Gold,7/23/2022
CUS00371,Neveen Lotfy,Female,,21/05/2001,1219560913,neveen.lotfy73@yahoo.com,Cairo,Greater Cairo,Silver,7/9/2021
CUS02464,Hassan Hamdy,Male,,12/9/2003,1045500468,hassan.hamdy84@yahoo.com,Alexandria,Alexandria,Gold,5/7/2021
CUS00015,Heba Abdallah,Female,,1/9/1996,1227030641,heba.abdallah32@outlook.com,Cairo,Greater Cairo,Silver,3/19/2023
CUS00094,Hany Nasser,Male,,6/12/1991,1139319229,hany.nasser97@gmail.com,Alexandria,Alexandria,Bronze,11/12/2020
CUS02758,Rania Nasser,Female,,7/28/1976,1151971760,rania.nasser45@hotmail.com,Suez,Canal Zone,Bronze,4/12/2020
CUS00880,Mariam Barakat,Female,,3/5/1985,1023228017,mariam.barakat7@yahoo.com,Cairo,Greater Cairo,Bronze,1/2/2021
CUS00643,Samir Mansour,Male,,23/10/1995,1036658273,samir.mansour34@yahoo.com,Cairo,Greater Cairo,Bronze,9/12/2022
CUS02098,Zeinab Wahba,Female,,11/5/1984,1033172968,zeinab.wahba79@hotmail.com,Mansoura,Nile Delta,Gold,6/2/2021
CUS01603,Ali Younis,Male,,11/8/1981,1063761226,ali.younis95@outlook.com,Cairo,Greater Cairo,Gold,6/26/2023
CUS01107,Maged Mohamed,Male,,3/24/2000,1144327434,maged.mohamed11@outlook.com,Giza,Greater Cairo,Bronze,3/6/2022
CUS00757,Emad Salem,Male,,4/3/1979,1261524781,No_Email,Mansoura,Nile Delta,Silver,4/14/2021
CUS01076,Nader Gamal,Male,,2/6/1983,1289984645,nader.gamal12@gmail.com,Giza,Greater Cairo,Silver,4/25/2023
CUS00431,Nadia Ibrahim,Female,,3/25/1970,1229674854,nadia.ibrahim62@gmail.com,Cairo,Greater Cairo,Platinum,10/14/2020
CUS00451,Radwa Hafez,Female,,3/7/1989,1166250794,radwa.hafez56@hotmail.com,Hurghada,Red Sea,Silver,1/18/2023
CUS02003,Hossam Badawi,Male,,2/9/1980,1094293030,hossam.badawi73@outlook.com,Suez,Canal Zone,Bronze,4/28/2022
CUS01838,Bassem Mahmoud,Male,,12/5/1987,1089306711,bassem.mahmoud60@hotmail.com,Giza,Greater Cairo,Bronze,4/7/2022
CUS01689,Mona Amin,Female,,12/6/1992,1170597233,No_Email,Mansoura,Nile Delta,Bronze,2/16/2023
CUS00692,Essam Younis,Male,,4/17/1979,1139045233,essam.younis81@hotmail.com,Giza,Greater Cairo,Silver,10/4/2023
CUS02638,Ashraf Sayed,Male,,2/4/1986,1287671828,ashraf.sayed60@yahoo.com,Hurghada,Red Sea,Gold,11/6/2020
CUS01850,Maged Ramadan,Male,,8/16/2003,1159138081,No_Email,Mansoura,Nile Delta,Bronze,2/16/2022
CUS01430,Heba Zaki,Female,,6/8/1983,1028692391,heba.zaki88@yahoo.com,Luxor,Upper Egypt,Gold,8/20/2021
CUS00760,Mohamed Ramadan,Male,,5/11/2000,1250341681,mohamed.ramadan39@hotmail.com,Hurghada,Red Sea,Bronze,3/18/2020
CUS00185,Mariam Nasser,Female,,8/13/1972,1280107942,mariam.nasser12@hotmail.com,Cairo,Greater Cairo,Silver,1/4/2023
CUS01236,Manar Ahmed,Female,,1/8/2001,1048259629,No_Email,Giza,Greater Cairo,Bronze,6/10/2022
CUS00204,Ramy Ahmed,Male,,2/2/1986,1072279029,ramy.ahmed69@yahoo.com,Suez,Canal Zone,Bronze,11/23/2023
CUS00802,Mahmoud Mansour,Male,,4/7/1982,1049594225,mahmoud.mansour16@yahoo.com,Cairo,Greater Cairo,Gold,11/25/2022
CUS00464,Amira Mohamed,Female,,9/17/1971,1039032170,amira.mohamed29@gmail.com,Alexandria,Alexandria,Bronze,5/9/2021
CUS01424,Eman Lotfy,Female,,9/18/1997,1266214824,eman.lotfy35@yahoo.com,Cairo,Greater Cairo,Gold,9/24/2022
CUS01178,Mariam Mansour,Female,,8/3/1995,1240746598,mariam.mansour55@hotmail.com,Cairo,Greater Cairo,Silver,6/5/2023
CUS02415,Dalia Saad,Female,,9/22/1973,1223724851,dalia.saad35@hotmail.com,Alexandria,Alexandria,Bronze,11/25/2023
CUS00840,Rana Gouda,Female,,1/1/1984,1278974303,No_Email,Mansoura,Nile Delta,Platinum,2/27/2020
CUS01396,Fatima Gouda,Female,,12/27/1978,1095752856,fatima.gouda22@outlook.com,Aswan,Upper Egypt,Gold,8/15/2023
CUS02555,Amira Mahmoud,Female,,7/10/1986,1222574690,amira.mahmoud76@yahoo.com,Cairo,Greater Cairo,Bronze,5/11/2020
CUS02870,Heba Ahmed,Female,,11/16/1984,1078209349,heba.ahmed77@outlook.com,Giza,Greater Cairo,Gold,10/11/2021
CUS01914,Amr Amin,Male,,4/19/1993,1041050794,amr.amin75@hotmail.com,Giza,Greater Cairo,Bronze,7/11/2020
CUS02820,Youssef Attia,Male,,10/3/1981,1190108427,youssef.attia78@yahoo.com,Giza,Greater Cairo,Bronze,4/18/2022
CUS00195,Reham Shaaban,Female,,5/2/1978,1183670115,reham.shaaban15@hotmail.com,Giza,Greater Cairo,Silver,4/14/2020
CUS00529,Mariam Mansour,Female,,2/5/2002,1089665373,mariam.mansour23@hotmail.com,Cairo,Greater Cairo,Bronze,4/10/2020
CUS02526,Bassem Farouk,Male,,6/16/2003,1136925774,bassem.farouk90@gmail.com,Cairo,Greater Cairo,Bronze,9/10/2020
CUS01211,Ahmed Lotfy,Male,,11/9/1994,1239768686,ahmed.lotfy97@gmail.com,Giza,Greater Cairo,Gold,7/21/2020
CUS01810,Ahmed Mohamed,Male,,11/10/1980,1135907091,ahmed.mohamed9@yahoo.com,Cairo,Greater Cairo,Bronze,6/28/2022
CUS00333,Ali Ali,Male,,28/06/1994,1218727939,No_Email,Cairo,Greater Cairo,Silver,2/4/2023
CUS02114,Dina Farouk,Female,,9/18/2000,1031252809,dina.farouk63@outlook.com,Suez,Canal Zone,Bronze,8/26/2023
CUS02957,Samir Mohamed,Male,,3/4/1987,1011264861,No_Email,Zagazig,Nile Delta,Bronze,8/17/2023
CUS02345,Eman Ali,Female,,3/24/1994,1178826793,eman.ali95@gmail.com,Port Said,Canal Zone,Bronze,9/26/2023
CUS01816,Neveen Ibrahim,Female,,6/16/1997,1222522836,neveen.ibrahim9@gmail.com,Ismailia,Canal Zone,Bronze,11/24/2020
CUS00865,Mona Mohamed,Female,,3/23/1987,1224643784,mona.mohamed23@outlook.com,Giza,Greater Cairo,Gold,10/17/2023
CUS02224,Aisha Hafez,Female,,9/27/1972,1225073447,aisha.hafez91@yahoo.com,Cairo,Greater Cairo,Silver,11/17/2022
CUS01053,Amr Mostafa,Male,,12/14/1979,1034031104,No_Email,Port Said,Canal Zone,Bronze,3/20/2022
CUS00696,Neveen Ahmed,Female,,4/8/2000,1210409797,neveen.ahmed35@hotmail.com,Mansoura,Nile Delta,Gold,6/20/2023
CUS01656,Dalia Rizk,Female,,3/6/1990,1134831499,dalia.rizk67@hotmail.com,Port Said,Canal Zone,Bronze,12/21/2021
CUS01939,Rania Nasser,Female,,11/19/1979,1059621760,rania.nasser65@gmail.com,Alexandria,Alexandria,Silver,2/11/2020
CUS00046,Hossam Salem,Male,,3/12/1991,1056548066,No_Email,Mansoura,Nile Delta,Bronze,8/1/2022
CUS02168,Ashraf Mansour,Male,,16/11/1983,1038067311,ashraf.mansour97@outlook.com,Cairo,Greater Cairo,Bronze,7/17/2021
CUS00545,Emad Gouda,Male,,12/18/1988,1242831540,emad.gouda98@gmail.com,Mansoura,Nile Delta,Platinum,4/19/2023
CUS01426,Hazem Younis,Male,,3/25/1985,1264829712,hazem.younis33@hotmail.com,Ismailia,Canal Zone,Platinum,12/14/2021
CUS02169,Amira Mostafa,Female,,24/03/1979,1247650461,amira.mostafa90@yahoo.com,Tanta,Nile Delta,Silver,9/25/2021
CUS00417,Neveen Amin,Female,,4/19/1987,1121707969,neveen.amin76@yahoo.com,Giza,Greater Cairo,Gold,12/15/2021
CUS01815,Tamer Badawi,Male,,1/9/1986,1163610121,tamer.badawi54@yahoo.com,Cairo,Greater Cairo,Gold,11/8/2020
CUS01925,Maged Ahmed,Male,,4/5/1973,1164521433,maged.ahmed86@outlook.com,Hurghada,Red Sea,Bronze,8/28/2023
CUS02080,Eman Gouda,Female,,12/3/1974,1116579870,eman.gouda57@outlook.com,Hurghada,Red Sea,Silver,4/21/2023
CUS00193,Adel Shaaban,Male,,10/4/1974,1290048179,adel.shaaban12@yahoo.com,Suez,Canal Zone,Silver,10/25/2021
CUS02910,Mona Mohamed,Female,,11/24/1975,1140195198,mona.mohamed1@outlook.com,Giza,Greater Cairo,Bronze,5/9/2021
CUS02918,Rana Bakr,Female,,7/11/1988,1247389079,rana.bakr39@hotmail.com,Aswan,Upper Egypt,Bronze,10/27/2022
CUS00315,Omar Ali,Male,,8/19/1996,1185935555,omar.ali78@yahoo.com,Aswan,Upper Egypt,Bronze,9/21/2021
CUS00479,Nader Ahmed,Male,,5/12/1998,1016594707,nader.ahmed52@yahoo.com,Ismailia,Canal Zone,Bronze,9/20/2022
CUS00684,Hassan Mansour,Male,,12/3/1975,1068112164,No_Email,Mansoura,Nile Delta,Bronze,11/17/2022
CUS00355,Zeinab Amin,Female,,10/24/1981,1171448654,No_Email,Cairo,Greater Cairo,Bronze,4/28/2020
CUS00300,Neveen Gouda,Female,,10/7/1980,1121568480,neveen.gouda13@outlook.com,Cairo,Greater Cairo,Bronze,5/8/2023
CUS01507,Akram Mostafa,Male,,12/8/1994,1233865861,akram.mostafa40@gmail.com,Alexandria,Alexandria,Platinum,12/2/2020
CUS01365,Sherif Mostafa,Male,,6/10/1984,1216060961,No_Email,Zagazig,Nile Delta,Bronze,1/14/2021
CUS01243,Ali Abdallah,Male,,2/15/1982,1048825894,ali.abdallah32@hotmail.com,Hurghada,Red Sea,Bronze,8/26/2023
CUS02468,Tarek Mohamed,Male,,13/03/1995,1239167240,tarek.mohamed98@yahoo.com,Cairo,Greater Cairo,Bronze,7/11/2021
CUS00728,Rania Barakat,Female,,17/10/1987,1050714161,rania.barakat28@yahoo.com,Hurghada,Red Sea,Bronze,8/16/2023
CUS02349,Wael Gouda,Male,,2/12/1986,1278207429,wael.gouda7@hotmail.com,Alexandria,Alexandria,Silver,11/28/2021
CUS01085,Ghada Ahmed,Female,,12/2/1971,1016472544,ghada.ahmed69@yahoo.com,Port Said,Canal Zone,Silver,3/4/2022
CUS00730,Ayman Ali,Male,,1/7/1990,1060154780,ayman.ali17@outlook.com,Cairo,Greater Cairo,Silver,11/28/2023
CUS01955,Sara Mohamed,Female,,3/10/2001,1128464221,sara.mohamed56@yahoo.com,Sharm El Sheikh,South Sinai,Bronze,8/28/2021
CUS02879,Lobna Rizk,Female,,16/03/1994,1142679457,lobna.rizk60@hotmail.com,Alexandria,Alexandria,Bronze,11/3/2023
CUS00843,Mohamed Fathy,Male,,8/20/1998,1162443962,mohamed.fathy52@outlook.com,Cairo,Greater Cairo,Bronze,10/5/2021
CUS02346,Yasmin Mostafa,Female,,11/10/1999,1228729323,yasmin.mostafa31@gmail.com,Mansoura,Nile Delta,Bronze,6/13/2021
CUS00433,Hossam Farouk,Male,,19/02/1994,1266618508,hossam.farouk12@yahoo.com,Mansoura,Nile Delta,Platinum,1/7/2022
CUS02571,Sherif Mahmoud,Male,,3/20/1985,1114332363,sherif.mahmoud46@gmail.com,Giza,Greater Cairo,Bronze,7/12/2020
CUS02610,Ahmed Mostafa,Male,,3/2/1974,1063360110,ahmed.mostafa95@outlook.com,Cairo,Greater Cairo,Bronze,3/14/2022
CUS00176,Mahmoud Zaki,Male,,2/2/1991,1065963010,mahmoud.zaki90@yahoo.com,Cairo,Greater Cairo,Bronze,12/19/2023
CUS00257,Hossam Wahba,Male,,3/25/1987,1124500436,hossam.wahba4@gmail.com,Port Said,Canal Zone,Silver,2/16/2020
CUS02119,Zeinab Younis,Female,,9/12/1985,1228228078,zeinab.younis7@yahoo.com,Cairo,Greater Cairo,Silver,1/14/2022
CUS02404,Wael Ibrahim,Male,,10/11/1977,1294173034,wael.ibrahim25@hotmail.com,Giza,Greater Cairo,Bronze,8/20/2023
CUS00444,Yasmin Fathy,Female,,5/1/1976,1183435357,yasmin.fathy59@hotmail.com,Giza,Greater Cairo,Bronze,5/6/2021
CUS01337,Rana Ali,Female,,9/18/1979,1165967954,No_Email,Cairo,Greater Cairo,Bronze,10/20/2020
CUS02152,Lobna Lotfy,Female,,6/20/1977,1111744307,No_Email,Cairo,Greater Cairo,Silver,8/7/2020
CUS02298,Emad Hamdy,Male,,9/2/1972,1285708054,emad.hamdy30@yahoo.com,Cairo,Greater Cairo,Bronze,6/25/2020
CUS01840,Mahmoud Nasser,Male,,4/10/1989,1190497815,mahmoud.nasser71@outlook.com,Cairo,Greater Cairo,Silver,12/17/2020
CUS02794,Hoda Hassan,Female,,3/5/1988,1259571765,hoda.hassan18@yahoo.com,Cairo,Greater Cairo,Bronze,5/8/2020
CUS02773,Neveen Ismail,Female,,11/1/1976,1078866174,neveen.ismail52@outlook.com,Hurghada,Red Sea,Silver,11/1/2023
CUS02770,Karim Saad,Male,,5/4/2001,1010400313,karim.saad43@yahoo.com,Tanta,Nile Delta,Bronze,6/8/2020
CUS02595,Bassem Mahmoud,Male,,12/22/1996,1087213046,No_Email,Cairo,Greater Cairo,Bronze,5/3/2023
CUS02323,Tarek Ragab,Male,,5/1/1996,1016544576,tarek.ragab26@yahoo.com,Mansoura,Nile Delta,Gold,3/1/2022
CUS02300,Osama Younis,Male,,11/22/1992,1294942673,osama.younis94@hotmail.com,Giza,Greater Cairo,Silver,2/22/2022
CUS00197,Omar Mohamed,Male,,12/16/1979,1268617594,omar.mohamed59@outlook.com,Zagazig,Nile Delta,Bronze,8/17/2021
CUS01910,Rania Younis,Female,,4/27/1998,1015868959,rania.younis12@yahoo.com,Cairo,Greater Cairo,Bronze,7/14/2023
CUS00171,Nour Barakat,Female,,8/27/1979,1270625891,nour.barakat90@yahoo.com,Tanta,Nile Delta,Bronze,7/11/2023
CUS00299,Aisha Khalil,Female,,12/7/1988,1156150415,aisha.khalil78@outlook.com,Mansoura,Nile Delta,Silver,5/24/2021
CUS02827,Zeinab Ibrahim,Female,,1/19/2002,1214135520,No_Email,Zagazig,Nile Delta,Silver,4/13/2021
CUS00089,Zeinab Younis,Female,,1/17/1997,1013391969,zeinab.younis21@hotmail.com,Suez,Canal Zone,Bronze,3/27/2022
CUS01481,Hoda Shaaban,Female,,1/9/1991,1126723636,hoda.shaaban76@hotmail.com,Aswan,Upper Egypt,Silver,3/18/2022
CUS00830,Amr Ramadan,Male,,8/21/1976,1166971876,amr.ramadan68@hotmail.com,Giza,Greater Cairo,Bronze,12/2/2022
CUS00271,Fady Hafez,Male,,12/24/1994,1066756516,fady.hafez53@hotmail.com,Hurghada,Red Sea,Bronze,8/18/2020
CUS02923,Doha Saad,Female,,5/1/1981,1056612671,doha.saad79@gmail.com,Aswan,Upper Egypt,Silver,9/1/2023
CUS01048,Yasmin Ragab,Female,,10/24/1981,1199131349,No_Email,Cairo,Greater Cairo,Bronze,10/17/2022
CUS00811,Reham Younis,Female,,5/6/1988,1083252711,reham.younis63@gmail.com,Ismailia,Canal Zone,Silver,3/27/2021
CUS00651,Noha Mohamed,Female,,12/4/2001,1121959568,noha.mohamed53@outlook.com,Cairo,Greater Cairo,Bronze,3/28/2023
CUS01115,Hassan Attia,Male,,12/18/1989,1027976656,hassan.attia45@gmail.com,Alexandria,Alexandria,Bronze,1/5/2023
CUS02636,Ashraf Zaki,Male,,9/10/1999,1040312385,ashraf.zaki64@yahoo.com,Mansoura,Nile Delta,Bronze,6/20/2021
CUS01238,Walid Saad,Male,,11/15/1971,1282542655,walid.saad12@outlook.com,Alexandria,Alexandria,Silver,12/14/2022
CUS00153,Tarek Amin,Male,,5/26/1984,1122335296,No_Email,Cairo,Greater Cairo,Bronze,8/6/2022
CUS01741,Tarek Mohamed,Male,,6/21/1991,1094448949,tarek.mohamed39@hotmail.com,Aswan,Upper Egypt,Bronze,2/18/2022
CUS02286,Ashraf Ali,Male,,8/16/1995,1156962250,ashraf.ali42@hotmail.com,Cairo,Greater Cairo,Gold,1/11/2020
CUS01658,Ramy Ahmed,Male,,12/6/1994,1181222187,ramy.ahmed13@yahoo.com,Giza,Greater Cairo,Bronze,12/24/2020
CUS01411,Adel Attia,Male,,28/08/1986,1056638324,adel.attia12@gmail.com,Cairo,Greater Cairo,Gold,11/18/2022
CUS00290,Neveen Wahba,Female,,8/15/1982,1173946652,neveen.wahba48@yahoo.com,Alexandria,Alexandria,Bronze,11/14/2023
CUS01818,Nader Ramadan,Male,,12/20/2002,1012706348,nader.ramadan52@gmail.com,Hurghada,Red Sea,Bronze,6/1/2022
CUS02935,Mona Bakr,Female,,2/12/1976,1020288463,mona.bakr73@yahoo.com,Tanta,Nile Delta,Bronze,12/19/2022
CUS01269,Salma Rizk,Female,,1/23/1971,1034488359,salma.rizk21@yahoo.com,Mansoura,Nile Delta,Silver,10/17/2021
CUS02789,Reem Sayed,Female,,6/25/1988,1128412800,reem.sayed36@gmail.com,Port Said,Canal Zone,Bronze,1/1/2021
CUS02105,Khaled Saad,Male,,10/10/1992,1077338280,khaled.saad48@yahoo.com,Hurghada,Red Sea,Bronze,3/26/2022
CUS00450,Radwa Saad,Female,,11/6/1986,1029023738,radwa.saad54@yahoo.com,Cairo,Greater Cairo,Bronze,3/27/2022
CUS01967,Akram Rizk,Male,,2/14/1997,1283840258,akram.rizk98@gmail.com,Cairo,Greater Cairo,Silver,10/20/2022
CUS00931,Engy Younis,Female,,11/20/2001,1221390627,engy.younis86@hotmail.com,Cairo,Greater Cairo,Bronze,8/6/2021
CUS00258,Samah Bakr,Female,,5/20/1979,1222929680,samah.bakr60@yahoo.com,Tanta,Nile Delta,Bronze,11/16/2022
CUS01217,Yasmin Zaki,Female,,12/11/1980,1064736922,yasmin.zaki29@outlook.com,Cairo,Greater Cairo,Bronze,4/1/2022
CUS01622,Osama Ahmed,Male,,27/06/1978,1155233421,osama.ahmed5@gmail.com,Cairo,Greater Cairo,Bronze,10/28/2021
CUS00683,Wael Mahmoud,Male,,1/24/1974,1055786338,wael.mahmoud59@hotmail.com,Cairo,Greater Cairo,Bronze,10/4/2020
CUS02229,Hussein Shaaban,Male,,2/6/1987,1261756938,hussein.shaaban25@yahoo.com,Giza,Greater Cairo,Bronze,4/1/2021
CUS02442,Hazem Mohamed,Male,,12/14/1997,1265703311,hazem.mohamed61@hotmail.com,Alexandria,Alexandria,Silver,11/1/2021
CUS01715,Dina Ahmed,Female,,6/26/2003,1219505341,dina.ahmed79@hotmail.com,Cairo,Greater Cairo,Bronze,3/3/2021
CUS00068,Adel Ragab,Male,,5/3/1973,1055992373,adel.ragab41@yahoo.com,Hurghada,Red Sea,Silver,8/11/2020
CUS01456,Bassem Lotfy,Male,,8/1/2002,1060654368,No_Email,Port Said,Canal Zone,Silver,8/22/2021
CUS02583,Ayman Wahba,Male,,10/28/1995,1079707613,ayman.wahba39@gmail.com,Alexandria,Alexandria,Bronze,6/19/2021
CUS02448,Dalia Khalil,Female,,12/14/1978,1192663590,dalia.khalil34@gmail.com,Cairo,Greater Cairo,Bronze,9/6/2021
CUS02769,Mohamed Ibrahim,Male,,9/1/1996,1021023370,mohamed.ibrahim54@gmail.com,Alexandria,Alexandria,Silver,5/7/2023
CUS01641,Mona Badawi,Female,,2/4/2003,1069371178,No_Email,Alexandria,Alexandria,Bronze,5/20/2020
CUS01100,Mona Ragab,Female,,7/9/2001,1298486477,No_Email,Giza,Greater Cairo,Silver,3/17/2021
CUS00737,Dalia Saad,Female,,14/10/2002,1045661812,dalia.saad61@outlook.com,Giza,Greater Cairo,Bronze,6/4/2023
CUS00512,Omar Ibrahim,Male,,9/7/1986,1157910133,omar.ibrahim47@hotmail.com,Giza,Greater Cairo,Bronze,9/9/2021
CUS01872,Ola Attia,Female,,28/07/1983,1198574862,ola.attia80@yahoo.com,Cairo,Greater Cairo,Bronze,3/17/2023
CUS00424,Hana Badawi,Female,,6/9/1984,1088069593,hana.badawi94@outlook.com,Alexandria,Alexandria,Bronze,3/16/2022
CUS01152,Doha Farouk,Female,,3/4/1972,1119565463,doha.farouk50@hotmail.com,Aswan,Upper Egypt,Bronze,12/26/2023
CUS01610,Hoda Mostafa,Female,,16/12/1991,1158042204,hoda.mostafa30@yahoo.com,Alexandria,Alexandria,Bronze,5/14/2021
CUS00125,Hoda Ali,Female,,6/13/2002,1233461307,hoda.ali2@gmail.com,Cairo,Greater Cairo,Bronze,7/19/2021
CUS02506,Hassan Hamdy,Male,,3/21/1982,1113282336,No_Email,Cairo,Greater Cairo,Gold,8/16/2022
CUS01160,Hoda Ragab,Female,,6/20/1978,1039244446,hoda.ragab7@outlook.com,Cairo,Greater Cairo,Gold,5/17/2020
CUS00507,Osama Ismail,Male,,1/5/1991,1083428820,osama.ismail8@yahoo.com,Suez,Canal Zone,Gold,2/26/2023
CUS02041,Dina Mohamed,Female,,8/16/1970,1099828519,dina.mohamed17@outlook.com,Luxor,Upper Egypt,Bronze,11/21/2023
CUS01374,Ayman Gamal,Male,,13/07/2002,1238010136,ayman.gamal14@outlook.com,Alexandria,Alexandria,Bronze,11/16/2021
CUS02308,Amira Ragab,Female,,6/21/2001,1131069914,amira.ragab65@hotmail.com,Mansoura,Nile Delta,Bronze,11/11/2020
CUS01038,Amr Rizk,Male,,7/12/1973,1282695541,amr.rizk61@yahoo.com,Zagazig,Nile Delta,Gold,9/28/2022
CUS02645,Walid Khalil,Male,,9/6/1977,1056761054,walid.khalil8@outlook.com,Cairo,Greater Cairo,Bronze,11/5/2020
CUS01150,Shaimaa Salem,Female,,1/2/1994,1111294689,shaimaa.salem84@hotmail.com,Luxor,Upper Egypt,Bronze,5/28/2021
CUS01721,Mariam Nasser,Female,,1/23/1996,1190808054,mariam.nasser90@yahoo.com,Cairo,Greater Cairo,Silver,7/8/2022
CUS00613,Omar Mahmoud,Male,,9/6/1977,1221774955,omar.mahmoud10@outlook.com,Mansoura,Nile Delta,Gold,8/15/2022
CUS01787,Ramy Nasser,Male,,12/25/1995,1190594945,ramy.nasser34@yahoo.com,Mansoura,Nile Delta,Silver,9/12/2021
CUS02906,Ahmed Barakat,Male,,9/7/1991,1271745482,ahmed.barakat23@outlook.com,Cairo,Greater Cairo,Silver,3/3/2021
CUS02031,Osama Wahba,Male,,6/17/1990,1152920489,osama.wahba14@hotmail.com,Cairo,Greater Cairo,Bronze,5/7/2020
CUS01761,Hassan Abdallah,Male,,7/8/1972,1071386952,hassan.abdallah5@gmail.com,Giza,Greater Cairo,Bronze,6/17/2022
CUS00595,Nadia Saad,Female,,3/5/1972,1248712477,nadia.saad40@yahoo.com,Suez,Canal Zone,Bronze,8/23/2022
CUS00991,Suzy Shaaban,Female,,6/24/1971,1159633035,suzy.shaaban87@hotmail.com,Hurghada,Red Sea,Bronze,6/26/2023
CUS02524,Emad Lotfy,Male,,8/8/1977,1058746010,No_Email,Giza,Greater Cairo,Bronze,11/5/2021
CUS00292,Radwa Younis,Female,,9/3/1973,1078909330,radwa.younis73@hotmail.com,Cairo,Greater Cairo,Bronze,5/19/2022
CUS01873,Ibrahim Badawi,Male,,4/26/2002,1262339589,No_Email,Alexandria,Alexandria,Bronze,12/17/2023
CUS01804,Engy Mahmoud,Female,,9/17/2003,1069735019,engy.mahmoud52@hotmail.com,Giza,Greater Cairo,Bronze,9/2/2021
CUS00081,Rana Wahba,Female,,8/28/2000,1020048242,rana.wahba65@yahoo.com,Luxor,Upper Egypt,Bronze,7/27/2023
CUS02685,Hossam Lotfy,Male,,25/01/1988,1290004656,hossam.lotfy9@hotmail.com,Giza,Greater Cairo,Bronze,9/7/2020
CUS01980,Reham Attia,Female,,1/8/1999,1031076233,reham.attia29@gmail.com,Aswan,Upper Egypt,Bronze,4/5/2023
CUS00943,Eman Hafez,Female,,8/27/1994,1054480754,eman.hafez86@outlook.com,Mansoura,Nile Delta,Bronze,5/3/2023
CUS01357,Adel Gamal,Male,,9/20/1979,1267599647,adel.gamal59@yahoo.com,Suez,Canal Zone,Bronze,8/25/2021
CUS00409,Adel Hamdy,Male,,3/18/1997,1124588794,adel.hamdy96@outlook.com,Suez,Canal Zone,Silver,6/28/2020
CUS01802,Lobna Hamdy,Female,,1/10/1976,1175879752,lobna.hamdy39@hotmail.com,Zagazig,Nile Delta,Platinum,4/23/2023
CUS00941,Amira Hamdy,Female,,2/10/1994,1041572277,amira.hamdy11@gmail.com,Cairo,Greater Cairo,Silver,5/14/2023
CUS02315,Hossam Mohamed,Male,,3/23/1995,1280256723,hossam.mohamed24@outlook.com,Sharm El Sheikh,South Sinai,Bronze,7/12/2023
CUS02160,Mariam Ali,Female,,1/5/1984,1269580724,mariam.ali97@yahoo.com,Zagazig,Nile Delta,Bronze,11/27/2021
CUS00369,Ayman Wahba,Male,,3/27/1997,1112658997,ayman.wahba39@yahoo.com,Cairo,Greater Cairo,Bronze,5/13/2021
CUS01726,Shaimaa Gamal,Female,,6/17/2002,1160561023,shaimaa.gamal67@gmail.com,Cairo,Greater Cairo,Silver,11/28/2021
CUS00858,Reem Hamdy,Female,,9/12/1973,1099062872,reem.hamdy80@hotmail.com,Alexandria,Alexandria,Bronze,10/2/2023
CUS01492,Nour Badawi,Female,,15/02/1984,1147572968,nour.badawi53@yahoo.com,Giza,Greater Cairo,Bronze,4/13/2023
CUS00142,Mahmoud Gouda,Male,,6/25/1979,1043382936,mahmoud.gouda98@gmail.com,Cairo,Greater Cairo,Bronze,6/21/2020
CUS02116,Rania Sayed,Female,,3/13/1973,1237423200,No_Email,Cairo,Greater Cairo,Bronze,4/23/2021
CUS02881,Ghada Salem,Female,,23/09/1978,1197547005,ghada.salem6@gmail.com,Giza,Greater Cairo,Bronze,8/22/2020
CUS00820,Reham Barakat,Female,,5/11/1981,1228019246,reham.barakat5@hotmail.com,Giza,Greater Cairo,Bronze,5/8/2020
CUS01111,Mahmoud Badawi,Male,,3/3/1980,1037406435,mahmoud.badawi10@outlook.com,Aswan,Upper Egypt,Bronze,3/6/2023
CUS00556,Adel Barakat,Male,,3/9/1990,1238709086,adel.barakat56@outlook.com,Giza,Greater Cairo,Bronze,12/26/2023
CUS00860,Emad Shaaban,Male,,4/18/1984,1223838198,emad.shaaban42@yahoo.com,Cairo,Greater Cairo,Bronze,12/16/2022
CUS02397,Fady Fathy,Male,,2/22/1984,1216737139,fady.fathy2@outlook.com,Cairo,Greater Cairo,Bronze,10/3/2020
CUS02072,Magdy Lotfy,Male,,6/5/1980,1215762109,magdy.lotfy73@hotmail.com,Alexandria,Alexandria,Platinum,3/17/2022
CUS00600,Reem Farouk,Female,,3/2/1999,1245670151,reem.farouk9@yahoo.com,Cairo,Greater Cairo,Bronze,1/7/2022
CUS01713,Shaimaa Shaaban,Female,,9/3/2003,1146624012,shaimaa.shaaban44@outlook.com,Hurghada,Red Sea,Bronze,5/24/2021
CUS00178,Heba Barakat,Female,,8/24/1975,1291171931,heba.barakat41@hotmail.com,Giza,Greater Cairo,Silver,3/20/2022
CUS01484,Ayman Bakr,Male,,11/11/1970,1082856005,No_Email,Cairo,Greater Cairo,Bronze,11/10/2023
CUS01695,Maged Ali,Male,,11/15/1997,1019010715,No_Email,Giza,Greater Cairo,Silver,5/10/2021
CUS01704,Neveen Ibrahim,Female,,8/19/1979,1235623259,neveen.ibrahim18@hotmail.com,Alexandria,Alexandria,Silver,6/22/2021
CUS02128,Shaimaa Ali,Female,,7/24/1985,1062077771,shaimaa.ali41@gmail.com,Cairo,Greater Cairo,Gold,2/28/2023
CUS02784,Noha Wahba,Female,,16/12/1971,1198913917,noha.wahba94@gmail.com,Hurghada,Red Sea,Bronze,12/20/2022
CUS00184,Mahmoud Ismail,Male,,8/17/1975,1074781956,mahmoud.ismail68@hotmail.com,Luxor,Upper Egypt,Gold,3/25/2022
CUS01344,Hossam Zaki,Male,,1/5/1974,1258759172,hossam.zaki75@hotmail.com,Zagazig,Nile Delta,Silver,7/13/2022
CUS01324,Hassan Hafez,Male,,7/13/1981,1154629491,hassan.hafez21@hotmail.com,Cairo,Greater Cairo,Bronze,11/17/2021
CUS00868,Eman Hafez,Female,,6/26/1997,1192362416,eman.hafez16@gmail.com,Cairo,Greater Cairo,Bronze,6/1/2023
CUS02581,Ashraf Gouda,Male,,6/25/1990,1188198069,ashraf.gouda43@hotmail.com,Cairo,Greater Cairo,Silver,3/18/2020
CUS02574,Sara Hafez,Female,,2/15/1982,1164475620,sara.hafez49@outlook.com,Alexandria,Alexandria,Bronze,9/3/2020
CUS00671,Mariam Gamal,Female,,7/14/1983,1171818207,mariam.gamal42@outlook.com,Cairo,Greater Cairo,Bronze,12/17/2021
CUS01728,Noha Wahba,Female,,12/27/1980,1248461227,noha.wahba86@yahoo.com,Sharm El Sheikh,South Sinai,Silver,10/18/2021
CUS01090,Dina Saad,Female,,1/10/1991,1092838528,dina.saad22@gmail.com,Cairo,Greater Cairo,Bronze,8/19/2023
CUS02723,Ali Nasser,Male,,8/10/1997,1267626003,ali.nasser27@hotmail.com,Hurghada,Red Sea,Bronze,6/8/2020
CUS01874,Eman Rizk,Female,,1/18/1987,1298448010,eman.rizk26@yahoo.com,Aswan,Upper Egypt,Gold,8/21/2020
CUS01261,Ghada Abdallah,Female,,1/15/1994,1168574966,ghada.abdallah29@gmail.com,Cairo,Greater Cairo,Gold,1/23/2020
CUS00163,Ramy Gamal,Male,,11/10/1992,1077276832,ramy.gamal4@hotmail.com,Mansoura,Nile Delta,Gold,3/11/2021
CUS02449,Salma Ragab,Female,,4/8/2003,1228113838,salma.ragab50@yahoo.com,Cairo,Greater Cairo,Gold,6/21/2021
CUS02947,Sherif Abdallah,Male,,5/26/1985,1142842570,sherif.abdallah17@outlook.com,Alexandria,Alexandria,Bronze,8/22/2022
CUS01254,Osama Ahmed,Male,,5/24/1994,1259038710,osama.ahmed60@gmail.com,Cairo,Greater Cairo,Bronze,12/15/2022
CUS02532,Hossam Mahmoud,Male,,4/13/1971,1255548057,No_Email,Aswan,Upper Egypt,Platinum,3/24/2022
CUS02864,Rana Zaki,Female,,11/6/1971,1077404022,rana.zaki61@hotmail.com,Alexandria,Alexandria,Bronze,5/11/2020
CUS01879,Akram Gamal,Male,,8/20/1998,1137457394,akram.gamal92@hotmail.com,Giza,Greater Cairo,Gold,4/17/2022
CUS00031,Dalia Hamdy,Female,,4/24/2001,1242900372,dalia.hamdy82@gmail.com,Mansoura,Nile Delta,Silver,1/25/2022
CUS00458,Tarek Barakat,Male,,6/6/1990,1267716265,tarek.barakat7@outlook.com,Alexandria,Alexandria,Platinum,11/13/2021
CUS00434,Essam Abdallah,Male,,12/1/1977,1128703143,essam.abdallah54@yahoo.com,Cairo,Greater Cairo,Silver,4/2/2021
CUS00818,Maged Ali,Male,,5/21/1994,1131028161,maged.ali6@yahoo.com,Giza,Greater Cairo,Silver,4/24/2023
CUS00174,Engy Younis,Female,,2/5/1981,1010474177,engy.younis70@gmail.com,Cairo,Greater Cairo,Silver,4/7/2023
CUS01922,Ramy Salem,Male,,7/10/1991,1172691030,ramy.salem48@gmail.com,Cairo,Greater Cairo,Gold,7/6/2022
CUS00297,Walid Ahmed,Male,,1/4/1991,1267953597,walid.ahmed71@hotmail.com,Hurghada,Red Sea,Bronze,8/13/2020
CUS00326,Manar Mahmoud,Female,,1/9/1974,1269750614,manar.mahmoud46@outlook.com,Zagazig,Nile Delta,Bronze,12/1/2021
CUS01214,Aisha Mohamed,Female,,3/17/1999,1298552975,aisha.mohamed60@hotmail.com,Hurghada,Red Sea,Silver,2/14/2020
CUS02949,Adel Mahmoud,Male,,2/12/1977,1280910930,No_Email,Giza,Greater Cairo,Bronze,10/9/2021
CUS00946,Akram Mostafa,Male,,9/22/2000,1296011916,akram.mostafa76@outlook.com,Cairo,Greater Cairo,Gold,6/15/2021
CUS00745,Osama Gouda,Male,,3/8/1980,1296571635,No_Email,Cairo,Greater Cairo,Silver,6/2/2023
CUS01223,Yasmin Amin,Female,,6/25/1983,1274083494,yasmin.amin58@yahoo.com,Giza,Greater Cairo,Bronze,7/1/2022
CUS00795,Hussein Saad,Male,,5/24/2003,1112724561,hussein.saad33@yahoo.com,Cairo,Greater Cairo,Platinum,11/16/2021
CUS01427,Mona Gamal,Female,,12/26/1971,1152832536,mona.gamal69@hotmail.com,Cairo,Greater Cairo,Silver,8/6/2023
CUS02752,Omar Fathy,Male,,7/16/1983,1041480353,omar.fathy90@yahoo.com,Tanta,Nile Delta,Gold,10/23/2020
CUS01363,Khaled Ramadan,Male,,3/23/1995,1290543284,khaled.ramadan77@yahoo.com,Mansoura,Nile Delta,Bronze,1/10/2021
CUS01588,Karim Ismail,Male,,10/12/1970,1276224539,karim.ismail91@gmail.com,Giza,Greater Cairo,Bronze,1/26/2023
CUS01098,Doha Nasser,Female,,28/09/1991,1250213388,doha.nasser5@yahoo.com,Cairo,Greater Cairo,Platinum,3/16/2020
CUS02269,Radwa Khalil,Female,,5/12/1974,1275338800,No_Email,Cairo,Greater Cairo,Silver,10/4/2022
CUS02093,Ahmed Ahmed,Male,,6/26/1999,1045042983,ahmed.ahmed36@outlook.com,Cairo,Greater Cairo,Bronze,11/8/2021
CUS00074,Ashraf Sayed,Male,,5/20/2003,1228409776,ashraf.sayed37@gmail.com,Aswan,Upper Egypt,Silver,8/7/2020
CUS02948,Yasmin Hassan,Female,,12/20/1984,1210097184,yasmin.hassan10@gmail.com,Alexandria,Alexandria,Bronze,11/15/2022
CUS02329,Nader Ismail,Male,,3/23/1979,1193757881,nader.ismail99@hotmail.com,Mansoura,Nile Delta,Bronze,7/4/2021
CUS01362,Wael Nasser,Male,,11/5/1984,1255357151,wael.nasser11@hotmail.com,Cairo,Greater Cairo,Bronze,9/13/2021
CUS01781,Fatima Mohamed,Female,,1/26/1998,1075420157,fatima.mohamed54@outlook.com,Cairo,Greater Cairo,Bronze,3/2/2021
CUS01162,Doha Badawi,Female,,5/25/1997,1052180686,doha.badawi95@outlook.com,Cairo,Greater Cairo,Bronze,8/23/2023
CUS01451,Hassan Mostafa,Male,,10/9/1975,1250793088,hassan.mostafa79@outlook.com,Alexandria,Alexandria,Gold,6/13/2022
CUS01938,Adel Salem,Male,,19/12/2001,1144956007,adel.salem1@gmail.com,Aswan,Upper Egypt,Gold,9/18/2020
CUS02883,Doha Lotfy,Female,,21/10/1976,1197085746,doha.lotfy63@hotmail.com,Cairo,Greater Cairo,Platinum,5/22/2021
CUS01746,Rana Gamal,Female,,11/10/2000,1286260244,rana.gamal33@gmail.com,Alexandria,Alexandria,Gold,11/8/2021
CUS00603,Hazem Younis,Male,,5/28/1989,1243423167,hazem.younis15@yahoo.com,Cairo,Greater Cairo,Gold,1/11/2023
CUS00472,Ali Shaaban,Male,,12/15/1989,1196046600,ali.shaaban4@yahoo.com,Ismailia,Canal Zone,Bronze,1/5/2020
CUS02444,Suzy Sayed,Female,,11/24/1985,1136882000,suzy.sayed62@hotmail.com,Aswan,Upper Egypt,Bronze,3/9/2023
CUS00963,Samah Ahmed,Female,,3/21/1981,1064508893,samah.ahmed35@gmail.com,Cairo,Greater Cairo,Silver,1/3/2021
CUS02518,Shaimaa Lotfy,Female,,4/2/1970,1038522803,shaimaa.lotfy97@gmail.com,Alexandria,Alexandria,Bronze,3/23/2022
CUS00568,Hussein Mansour,Male,,6/5/1992,1183387315,hussein.mansour74@outlook.com,Giza,Greater Cairo,Bronze,8/27/2023
CUS02272,Youssef Mahmoud,Male,,17/04/1979,1179150757,No_Email,Giza,Greater Cairo,Silver,9/25/2020
CUS02388,Amr Hafez,Male,,6/2/1981,1062102936,amr.hafez62@yahoo.com,Mansoura,Nile Delta,Silver,1/16/2021
CUS01834,Fady Ismail,Male,,2/3/1990,1180650419,fady.ismail32@hotmail.com,Zagazig,Nile Delta,Silver,6/8/2022
CUS01587,Doha Mohamed,Female,,6/6/1976,1186658763,doha.mohamed93@outlook.com,Tanta,Nile Delta,Gold,8/18/2020
CUS01602,Mohamed Ali,Male,,7/10/1973,1164570141,mohamed.ali65@outlook.com,Giza,Greater Cairo,Bronze,12/23/2021
CUS00325,Doha Hafez,Female,,20/08/1983,1112130654,doha.hafez1@gmail.com,Port Said,Canal Zone,Gold,7/18/2021
CUS01065,Ahmed Attia,Male,,22/11/1989,1144213454,ahmed.attia36@gmail.com,Giza,Greater Cairo,Silver,10/26/2021
CUS02941,Sherif Abdallah,Male,,4/4/1970,1265743422,sherif.abdallah40@yahoo.com,Cairo,Greater Cairo,Bronze,9/24/2021
CUS00681,Bassem Ali,Male,,12/13/1987,1159230243,bassem.ali44@yahoo.com,Aswan,Upper Egypt,Silver,12/9/2022
CUS00486,Engy Barakat,Female,,22/05/1981,1154452330,engy.barakat6@hotmail.com,Suez,Canal Zone,Bronze,7/26/2020
CUS02255,Noha Badawi,Female,,7/23/1991,1144314984,noha.badawi81@hotmail.com,Luxor,Upper Egypt,Platinum,7/7/2023
CUS02132,Mariam Gouda,Female,,19/07/1988,1211339690,mariam.gouda12@outlook.com,Cairo,Greater Cairo,Silver,8/22/2021
CUS00679,Ola Fathy,Female,,10/19/1971,1132690870,ola.fathy4@outlook.com,Ismailia,Canal Zone,Silver,3/2/2022
CUS01617,Tamer Ismail,Male,,4/12/1999,1147945749,tamer.ismail4@yahoo.com,Sharm El Sheikh,South Sinai,Bronze,7/20/2020
CUS01712,Engy Lotfy,Female,,12/22/1977,1110644042,No_Email,Cairo,Greater Cairo,Silver,5/20/2023
CUS00240,Bassem Hamdy,Male,,5/12/1970,1151350514,bassem.hamdy57@outlook.com,Cairo,Greater Cairo,Gold,5/6/2023
CUS02690,Youssef Mansour,Male,,5/26/1979,1162059096,youssef.mansour29@yahoo.com,Giza,Greater Cairo,Bronze,1/9/2022
CUS02187,Ali Farouk,Male,,11/13/2000,1144479284,ali.farouk72@hotmail.com,Luxor,Upper Egypt,Platinum,4/8/2020
CUS02776,Hassan Salem,Male,,6/18/1973,1264964040,hassan.salem8@outlook.com,Giza,Greater Cairo,Gold,9/15/2022
CUS02477,Shaimaa Zaki,Female,,11/20/1986,1125440655,shaimaa.zaki87@outlook.com,Cairo,Greater Cairo,Silver,11/9/2021
CUS01861,Youssef Hassan,Male,,11/27/1987,1280359390,youssef.hassan43@gmail.com,Hurghada,Red Sea,Gold,8/26/2021
CUS02311,Ahmed Khalil,Male,,7/5/1985,1217827726,ahmed.khalil89@hotmail.com,Alexandria,Alexandria,Bronze,2/4/2021
CUS01175,Youssef Younis,Male,,7/6/1985,1267278051,youssef.younis95@yahoo.com,Mansoura,Nile Delta,Platinum,3/27/2020
CUS00882,Mona Ismail,Female,,10/5/1971,1062056495,mona.ismail15@outlook.com,Tanta,Nile Delta,Gold,6/27/2020
CUS01062,Zeinab Amin,Female,,6/22/1989,1133916938,zeinab.amin90@outlook.com,Ismailia,Canal Zone,Platinum,6/23/2023
CUS02814,Yasmin Nasser,Female,,8/11/1999,1046206485,yasmin.nasser81@yahoo.com,Cairo,Greater Cairo,Silver,5/18/2022
CUS00412,Ahmed Ramadan,Male,,5/10/2000,1121088383,ahmed.ramadan32@hotmail.com,Port Said,Canal Zone,Bronze,5/23/2020
CUS01134,Noha Shaaban,Female,,1/17/1998,1166144019,noha.shaaban52@yahoo.com,Cairo,Greater Cairo,Platinum,5/3/2021
CUS00606,Zeinab Saad,Female,,5/16/1984,1159766743,zeinab.saad58@hotmail.com,Alexandria,Alexandria,Silver,10/13/2023
CUS01690,Adel Rizk,Male,,10/9/1993,1162563413,adel.rizk85@gmail.com,Hurghada,Red Sea,Silver,8/22/2021
CUS01929,Rania Fathy,Female,,5/17/2001,1147869930,rania.fathy80@hotmail.com,Mansoura,Nile Delta,Bronze,4/18/2022
CUS02473,Bassem Ibrahim,Male,,12/4/1997,1160930242,No_Email,Suez,Canal Zone,Bronze,1/6/2020
CUS02226,Nadia Salem,Female,,2/5/2002,1256535485,nadia.salem59@hotmail.com,Alexandria,Alexandria,Silver,10/23/2022
CUS00611,Doha Hamdy,Female,,12/7/1998,1053119744,doha.hamdy91@hotmail.com,Cairo,Greater Cairo,Gold,10/24/2022
CUS00622,Sherif Zaki,Male,,11/12/1995,1193471826,sherif.zaki5@yahoo.com,Cairo,Greater Cairo,Bronze,1/18/2023
CUS02657,Heba Ahmed,Female,,12/23/1972,1143533745,heba.ahmed65@gmail.com,Aswan,Upper Egypt,Silver,3/2/2022
CUS00536,Akram Nasser,Male,,7/3/1970,1184858214,akram.nasser79@outlook.com,Port Said,Canal Zone,Bronze,11/12/2021
CUS02991,Lobna Hamdy,Female,,7/2/2000,1094616456,lobna.hamdy70@hotmail.com,Cairo,Greater Cairo,Bronze,12/19/2021
CUS01651,Hazem Mahmoud,Male,,2/28/1978,1010162044,hazem.mahmoud25@hotmail.com,Cairo,Greater Cairo,Bronze,10/20/2023
CUS00415,Shaimaa Mostafa,Female,,6/9/1987,1166112969,No_Email,Mansoura,Nile Delta,Bronze,4/10/2022
CUS00773,Salma Bakr,Female,,8/9/1984,1197517299,salma.bakr51@hotmail.com,Cairo,Greater Cairo,Bronze,9/8/2020
CUS00565,Hassan Fathy,Male,,10/12/1992,1196144415,hassan.fathy75@outlook.com,Giza,Greater Cairo,Bronze,9/19/2021
CUS00533,Khaled Attia,Male,,2/23/1988,1226098153,khaled.attia36@gmail.com,Sharm El Sheikh,South Sinai,Silver,2/24/2022
CUS02513,Zeinab Mansour,Female,,11/2/1990,1288016807,zeinab.mansour71@gmail.com,Giza,Greater Cairo,Bronze,1/17/2023
CUS00109,Hany Ragab,Male,,12/4/1991,1174265413,hany.ragab32@gmail.com,Cairo,Greater Cairo,Bronze,10/19/2021
CUS02712,Hoda Amin,Female,,20/11/1997,1168699523,No_Email,Alexandria,Alexandria,Silver,3/19/2020
CUS02510,Khaled Lotfy,Male,,17/04/1977,1070071563,No_Email,Suez,Canal Zone,Silver,10/19/2023
CUS00480,Ali Amin,Male,,4/4/1977,1014789956,ali.amin80@outlook.com,Alexandria,Alexandria,Bronze,7/4/2023
CUS01785,Osama Gamal,Male,,6/15/1980,1042416546,osama.gamal60@hotmail.com,Mansoura,Nile Delta,Bronze,12/13/2020
CUS00319,Osama Mahmoud,Male,,2/18/1977,1048299260,osama.mahmoud53@yahoo.com,Cairo,Greater Cairo,Bronze,10/11/2020
CUS01095,Ali Hassan,Male,,9/11/1991,1122126246,ali.hassan84@hotmail.com,Cairo,Greater Cairo,Silver,7/8/2023
CUS02722,Amira Sayed,Female,,8/12/1991,1299230719,No_Email,Hurghada,Red Sea,Bronze,9/13/2021
CUS02610,Ahmed Mostafa,Male,,3/2/1974,1063360110,ahmed.mostafa95@outlook.com,Cairo,Greater Cairo,Bronze,3/14/2022
CUS01245,Engy Hassan,Female,,7/17/1983,1116498646,No_Email,Hurghada,Red Sea,Gold,4/14/2023
CUS01830,Omar Saad,Male,,26/09/1971,1178718631,omar.saad82@outlook.com,Giza,Greater Cairo,Silver,10/25/2023
CUS00403,Reham Younis,Female,,17/07/1987,1240704198,reham.younis41@gmail.com,Alexandria,Alexandria,Bronze,2/24/2020
CUS01475,Fady Mahmoud,Male,,27/09/1973,1061746772,No_Email,Giza,Greater Cairo,Bronze,6/13/2021
CUS00806,Hassan Mostafa,Male,,1/8/1978,1281610914,hassan.mostafa75@yahoo.com,Zagazig,Nile Delta,Silver,9/6/2020
CUS01961,Ashraf Nasser,Male,,2/24/1992,1223354960,No_Email,Cairo,Greater Cairo,Bronze,7/8/2021
CUS02411,Tarek Gouda,Male,,11/8/1979,1297316295,tarek.gouda41@hotmail.com,Tanta,Nile Delta,Bronze,8/26/2020
CUS02458,Suzy Hafez,Female,,10/21/1992,1276242320,No_Email,Mansoura,Nile Delta,Gold,11/12/2020
CUS01730,Ghada Mansour,Female,,3/17/2000,1160830809,ghada.mansour62@outlook.com,Mansoura,Nile Delta,Platinum,5/15/2021
CUS00388,Hana Farouk,Female,,28/03/1973,1162587561,hana.farouk3@outlook.com,Cairo,Greater Cairo,Bronze,7/22/2022
CUS00875,Dalia Lotfy,Female,,12/4/1985,1117126486,dalia.lotfy61@yahoo.com,Cairo,Greater Cairo,Bronze,8/22/2020
CUS01212,Yasmin Wahba,Female,,6/1/1975,1070232661,yasmin.wahba20@outlook.com,Giza,Greater Cairo,Gold,1/15/2022
CUS02931,Suzy Mohamed,Female,,2/17/1999,1165312224,suzy.mohamed90@yahoo.com,Alexandria,Alexandria,Bronze,4/21/2023
CUS00528,Lobna Mostafa,Female,,6/19/1991,1292762623,lobna.mostafa58@outlook.com,Cairo,Greater Cairo,Bronze,12/27/2023
CUS01519,Reham Wahba,Female,,7/13/1991,1244840947,reham.wahba46@outlook.com,Cairo,Greater Cairo,Silver,4/17/2021
CUS01558,Hussein Mostafa,Male,,8/6/1981,1237790964,hussein.mostafa51@hotmail.com,Giza,Greater Cairo,Silver,8/2/2023
CUS02838,Sara Lotfy,Female,,4/25/1984,1145056585,sara.lotfy28@yahoo.com,Cairo,Greater Cairo,Bronze,6/10/2021
CUS01338,Ibrahim Ismail,Male,,24/09/1986,1150582530,ibrahim.ismail26@gmail.com,Tanta,Nile Delta,Bronze,1/23/2023
CUS02623,Nader Salem,Male,,8/7/1996,1270612666,nader.salem69@outlook.com,Giza,Greater Cairo,Platinum,5/14/2023
CUS00071,Hussein Lotfy,Male,,10/10/2002,1018762675,hussein.lotfy77@hotmail.com,Hurghada,Red Sea,Bronze,11/5/2023
CUS02954,Hoda Mahmoud,Female,,2/9/1987,1067965149,No_Email,Alexandria,Alexandria,Bronze,11/26/2023
CUS01940,Karim Zaki,Male,,6/13/1999,1096305446,karim.zaki88@yahoo.com,Cairo,Greater Cairo,Gold,3/10/2023
CUS01821,Ghada Wahba,Female,,7/27/1972,1071301736,ghada.wahba80@hotmail.com,Cairo,Greater Cairo,Bronze,8/9/2020
CUS00808,Mona Ramadan,Female,,4/5/2001,1095395947,mona.ramadan82@gmail.com,Port Said,Canal Zone,Silver,8/6/2022
CUS00057,Essam Saad,Male,,1/11/1993,1151734908,No_Email,Cairo,Greater Cairo,Platinum,3/10/2021
CUS01676,Nader Younis,Male,,10/6/1993,1053752963,nader.younis64@gmail.com,Giza,Greater Cairo,Silver,11/7/2020
CUS00901,Eman Hassan,Female,,4/22/1990,1218828684,eman.hassan5@hotmail.com,Cairo,Greater Cairo,Silver,7/26/2023
CUS00044,Adel Bakr,Male,,3/24/1978,1195800828,adel.bakr89@hotmail.com,Suez,Canal Zone,Gold,11/19/2021
CUS02233,Ashraf Amin,Male,,3/16/1975,1140963485,ashraf.amin91@hotmail.com,Suez,Canal Zone,Gold,11/16/2022
CUS02640,Amira Hassan,Female,,11/15/1976,1146428171,amira.hassan1@yahoo.com,Tanta,Nile Delta,Silver,9/20/2020
CUS02263,Ashraf Zaki,Male,,3/14/2001,1299145904,ashraf.zaki47@hotmail.com,Suez,Canal Zone,Bronze,8/22/2020
CUS02857,Ali Gamal,Male,,6/5/1993,1074637055,ali.gamal64@hotmail.com,Cairo,Greater Cairo,Bronze,12/25/2023
CUS00310,Nader Amin,Male,,6/10/1984,1199512805,nader.amin67@yahoo.com,Cairo,Greater Cairo,Silver,6/17/2020
CUS00912,Omar Badawi,Male,,18/03/1970,1123718350,omar.badawi32@outlook.com,Cairo,Greater Cairo,Bronze,9/18/2022
CUS01000,Neveen Bakr,Female,,11/2/2003,1013398022,neveen.bakr9@hotmail.com,Giza,Greater Cairo,Silver,6/15/2021
CUS01002,Ramy Gamal,Male,,9/25/1979,1133623696,ramy.gamal81@outlook.com,Alexandria,Alexandria,Silver,6/5/2021
CUS00841,Karim Ibrahim,Male,,11/7/1975,1254941595,karim.ibrahim49@gmail.com,Cairo,Greater Cairo,Silver,2/10/2022
CUS02494,Rana Ramadan,Female,,1/20/1973,1267170315,rana.ramadan10@hotmail.com,Giza,Greater Cairo,Gold,2/14/2022
CUS00394,Akram Fathy,Male,,9/27/1974,1282340910,akram.fathy85@gmail.com,Hurghada,Red Sea,Bronze,10/23/2021
CUS00487,Ola Younis,Female,,16/01/1977,1229747600,ola.younis86@yahoo.com,Cairo,Greater Cairo,Bronze,8/10/2022
CUS01394,Ayman Ramadan,Male,,10/28/2001,1010577198,ayman.ramadan44@yahoo.com,Alexandria,Alexandria,Bronze,8/6/2021
CUS01710,Ola Salem,Female,,11/22/1994,1292615050,No_Email,Mansoura,Nile Delta,Bronze,7/10/2020
CUS01573,Neveen Zaki,Female,,27/07/2000,1024117849,neveen.zaki40@outlook.com,Zagazig,Nile Delta,Silver,5/22/2022
CUS02131,Youssef Fathy,Male,,5/23/1973,1062167903,youssef.fathy73@gmail.com,Cairo,Greater Cairo,Bronze,5/5/2023
CUS02934,Wael Attia,Male,,1/16/1972,1012775857,wael.attia15@yahoo.com,Alexandria,Alexandria,Bronze,9/27/2023
CUS00638,Heba Sayed,Female,,4/12/1977,1291041439,heba.sayed57@outlook.com,Cairo,Greater Cairo,Gold,7/27/2020
CUS01058,Hana Nasser,Female,,7/24/2000,1077868292,hana.nasser97@outlook.com,Giza,Greater Cairo,Bronze,7/15/2021
CUS01030,Hussein Mohamed,Male,,4/22/1989,1187771867,hussein.mohamed70@gmail.com,Aswan,Upper Egypt,Gold,9/26/2020
CUS02280,Dina Gamal,Female,,8/4/1997,1071580813,dina.gamal93@outlook.com,Cairo,Greater Cairo,Silver,5/26/2021
CUS00602,Ahmed Ramadan,Male,,12/15/1977,1236145447,ahmed.ramadan33@outlook.com,Cairo,Greater Cairo,Bronze,8/21/2022
CUS02205,Suzy Khalil,Female,,24/09/1996,1033684726,suzy.khalil40@yahoo.com,Zagazig,Nile Delta,Bronze,4/24/2023
CUS02711,Engy Zaki,Female,,6/23/1974,1244479846,engy.zaki91@hotmail.com,Hurghada,Red Sea,Bronze,3/13/2020
CUS01846,Ayman Khalil,Male,,7/13/1972,1263296865,ayman.khalil24@yahoo.com,Cairo,Greater Cairo,Bronze,11/9/2022
CUS02672,Suzy Lotfy,Female,,5/9/1984,1037867319,suzy.lotfy96@outlook.com,Giza,Greater Cairo,Bronze,4/24/2021
CUS01627,Mahmoud Rizk,Male,,28/09/1976,1232280380,mahmoud.rizk53@outlook.com,Cairo,Greater Cairo,Silver,1/23/2023
CUS00437,Noha Wahba,Female,,13/01/1980,1170974645,noha.wahba91@yahoo.com,Cairo,Greater Cairo,Platinum,3/9/2023
CUS02175,Mohamed Younis,Male,,1/4/1994,1131165784,mohamed.younis31@yahoo.com,Cairo,Greater Cairo,Bronze,5/20/2023
CUS00121,Reem Hafez,Female,,11/15/1999,1213670948,reem.hafez29@yahoo.com,Hurghada,Red Sea,Silver,7/12/2022
CUS01526,Adel Ramadan,Male,,7/21/2001,1177428547,adel.ramadan29@outlook.com,Cairo,Greater Cairo,Silver,12/9/2022
CUS02886,Fatima Badawi,Female,,11/1/1994,1263945179,No_Email,Port Said,Canal Zone,Gold,2/6/2022
CUS02611,Manar Ragab,Female,,5/16/1996,1013917930,manar.ragab54@hotmail.com,Aswan,Upper Egypt,Bronze,12/23/2021
CUS00766,Rana Wahba,Female,,8/20/1976,1048077170,rana.wahba58@hotmail.com,Alexandria,Alexandria,Silver,5/21/2022
CUS01778,Suzy Attia,Female,,1/16/1970,1285230324,suzy.attia13@yahoo.com,Giza,Greater Cairo,Silver,11/24/2020
CUS00314,Tarek Zaki,Male,,1/8/1988,1029077681,tarek.zaki37@yahoo.com,Ismailia,Canal Zone,Bronze,12/16/2021
CUS01035,Doha Amin,Female,,9/3/1973,1259686746,doha.amin95@hotmail.com,Cairo,Greater Cairo,Bronze,3/8/2023
CUS00234,Doha Fathy,Female,,9/15/2003,1150813240,doha.fathy30@outlook.com,Alexandria,Alexandria,Gold,5/25/2022
CUS02871,Ramy Mostafa,Male,,7/7/1979,1117494556,ramy.mostafa84@yahoo.com,Suez,Canal Zone,Silver,12/1/2021
CUS01004,Salma Gamal,Female,,3/8/1984,1167287009,salma.gamal7@outlook.com,Zagazig,Nile Delta,Bronze,9/6/2020
CUS02983,Wael Rizk,Male,,1/14/1975,1171569070,wael.rizk80@outlook.com,Tanta,Nile Delta,Bronze,7/12/2023
CUS02882,Reem Ibrahim,Female,,2/10/1977,1266810647,reem.ibrahim92@gmail.com,Luxor,Upper Egypt,Bronze,6/22/2020
CUS01289,Sara Ali,Female,,12/7/1998,1179013190,sara.ali72@hotmail.com,Cairo,Greater Cairo,Silver,9/20/2022
CUS00112,Khaled Sayed,Male,,4/17/1971,1266343932,khaled.sayed77@gmail.com,Cairo,Greater Cairo,Silver,2/16/2020
CUS01252,Manar Mohamed,Female,,4/12/1978,1059119994,manar.mohamed1@gmail.com,Alexandria,Alexandria,Silver,4/22/2023
CUS01191,Zeinab Ahmed,Female,,7/28/2000,1062468705,zeinab.ahmed2@hotmail.com,Cairo,Greater Cairo,Bronze,8/6/2021
CUS00411,Mariam Bakr,Female,,9/24/1995,1262190363,mariam.bakr45@gmail.com,Giza,Greater Cairo,Gold,1/22/2021
CUS00219,Hassan Younis,Male,,12/26/1996,1127031212,hassan.younis23@gmail.com,Mansoura,Nile Delta,Silver,12/16/2021
CUS02357,Osama Saad,Male,,3/10/1995,1152031583,osama.saad2@hotmail.com,Suez,Canal Zone,Silver,6/11/2021
CUS00762,Doha Ahmed,Female,,7/27/1997,1130675696,doha.ahmed40@yahoo.com,Giza,Greater Cairo,Silver,8/13/2023
CUS01468,Osama Bakr,Male,,2/11/1984,1139209542,osama.bakr61@outlook.com,Giza,Greater Cairo,Silver,10/2/2022
CUS01510,Ramy Hamdy,Male,,1/3/1982,1139991893,No_Email,Hurghada,Red Sea,Silver,9/3/2023
CUS00694,Ghada Ismail,Female,,6/26/1978,1286809444,ghada.ismail32@outlook.com,Cairo,Greater Cairo,Silver,1/11/2023
CUS00473,Ayman Farouk,Male,,2/7/1980,1259510172,ayman.farouk7@hotmail.com,Cairo,Greater Cairo,Gold,2/2/2020
CUS00898,Mohamed Nasser,Male,,9/1/1977,1136704602,mohamed.nasser21@outlook.com,Suez,Canal Zone,Bronze,7/13/2022
CUS01565,Salma Ismail,Female,,9/8/1993,1250002590,No_Email,Aswan,Upper Egypt,Gold,8/8/2022
CUS02217,Youssef Hamdy,Male,,9/13/1972,1276130681,youssef.hamdy44@outlook.com,Aswan,Upper Egypt,Bronze,6/18/2021
CUS00863,Hazem Ibrahim,Male,,8/20/1977,1132121080,hazem.ibrahim35@gmail.com,Alexandria,Alexandria,Bronze,6/7/2020
CUS02046,Noha Mahmoud,Female,,7/22/1975,1033793492,noha.mahmoud87@hotmail.com,Zagazig,Nile Delta,Silver,1/1/2020
CUS01951,Khaled Nasser,Male,,6/13/1976,1232927797,khaled.nasser92@gmail.com,Cairo,Greater Cairo,Gold,3/24/2021
CUS01678,Dalia Ali,Female,,6/22/1976,1034365090,dalia.ali49@gmail.com,Giza,Greater Cairo,Bronze,9/7/2020
CUS02010,Ahmed Hafez,Male,,5/11/1976,1049819178,ahmed.hafez53@hotmail.com,Alexandria,Alexandria,Bronze,3/15/2023
CUS01221,Mahmoud Lotfy,Male,,8/20/1995,1280993070,mahmoud.lotfy73@outlook.com,Port Said,Canal Zone,Bronze,3/24/2021
CUS00362,Sherif Sayed,Male,,6/6/1992,1063974248,sherif.sayed85@hotmail.com,Mansoura,Nile Delta,Gold,1/3/2022
CUS00136,Samir Farouk,Male,,9/12/1970,1065262252,samir.farouk83@outlook.com,Giza,Greater Cairo,Bronze,4/9/2023
CUS02726,Ola Mostafa,Female,,7/3/1995,1212479847,ola.mostafa7@hotmail.com,Giza,Greater Cairo,Silver,10/10/2021
CUS02203,Emad Nasser,Male,,7/7/1999,1081083359,No_Email,Giza,Greater Cairo,Silver,7/25/2020
CUS00765,Mahmoud Mahmoud,Male,,10/1/1972,1032808207,mahmoud.mahmoud38@gmail.com,Cairo,Greater Cairo,Bronze,3/3/2022
CUS02294,Mahmoud Ali,Male,,7/6/1986,1283655063,mahmoud.ali98@outlook.com,Alexandria,Alexandria,Gold,11/6/2023
CUS00367,Magdy Hassan,Male,,8/3/1974,1016993664,No_Email,Ismailia,Canal Zone,Bronze,4/17/2021
CUS00980,Emad Nasser,Male,,28/12/1978,1224724522,emad.nasser91@yahoo.com,Alexandria,Alexandria,Silver,11/5/2020
CUS00030,Hany Barakat,Male,,7/3/1972,1147890586,hany.barakat48@yahoo.com,Cairo,Greater Cairo,Bronze,10/26/2022
CUS02543,Ahmed Farouk,Male,,4/18/1973,1248857261,ahmed.farouk52@yahoo.com,Aswan,Upper Egypt,Silver,10/28/2020
CUS00023,Amira Shaaban,Female,,11/2/1988,1076422705,No_Email,Giza,Greater Cairo,Bronze,6/11/2020
CUS01930,Essam Mostafa,Male,,6/5/1981,1020771474,essam.mostafa82@gmail.com,Cairo,Greater Cairo,Bronze,7/26/2021
CUS00870,Essam Ali,Male,,4/21/2003,1267134182,essam.ali67@outlook.com,Port Said,Canal Zone,Platinum,10/20/2023
CUS00927,Fatima Sayed,Female,,10/17/2000,1174585618,fatima.sayed23@hotmail.com,Cairo,Greater Cairo,Bronze,1/26/2023
CUS00421,Reham Attia,Female,,12/24/2002,1244740194,reham.attia22@yahoo.com,Hurghada,Red Sea,Bronze,9/8/2020
CUS01443,Engy Nasser,Female,,7/25/1999,1125288519,engy.nasser63@gmail.com,Tanta,Nile Delta,Bronze,11/10/2023
CUS00461,Wael Lotfy,Male,,11/2/1986,1121135154,wael.lotfy14@gmail.com,Cairo,Greater Cairo,Bronze,10/4/2023
CUS00044,Adel Bakr,Male,,3/24/1978,1195800828,adel.bakr89@hotmail.com,Suez,Canal Zone,Gold,11/19/2021
CUS00088,Fady Nasser,Male,,4/20/1982,1249000919,fady.nasser23@hotmail.com,Mansoura,Nile Delta,Bronze,6/18/2020
CUS02348,Suzy Ismail,Female,,4/11/1979,1276021402,suzy.ismail13@hotmail.com,Giza,Greater Cairo,Bronze,1/20/2021
CUS02982,Ashraf Ramadan,Male,,9/16/1984,1149346656,No_Email,Cairo,Greater Cairo,Silver,12/8/2022
CUS00283,Maged Abdallah,Male,,6/23/1975,1268106835,maged.abdallah36@hotmail.com,Giza,Greater Cairo,Silver,5/9/2023
CUS00977,Nader Mahmoud,Male,,10/24/1990,1173142083,nader.mahmoud91@gmail.com,Alexandria,Alexandria,Silver,4/16/2022
CUS00599,Ghada Wahba,Female,,5/18/1974,1282172776,ghada.wahba32@yahoo.com,Cairo,Greater Cairo,Silver,12/6/2022
CUS00686,Karim Mostafa,Male,,4/6/1974,1140563463,karim.mostafa65@hotmail.com,Alexandria,Alexandria,Gold,7/9/2021
CUS02895,Ibrahim Farouk,Male,,16/04/1976,1147013272,ibrahim.farouk44@outlook.com,Cairo,Greater Cairo,Gold,6/23/2021
CUS01375,Ghada Nasser,Female,,3/2/2003,1023201902,ghada.nasser46@yahoo.com,Cairo,Greater Cairo,Bronze,7/10/2023
CUS00534,Doha Khalil,Female,,6/9/2002,1194640912,doha.khalil5@outlook.com,Alexandria,Alexandria,Silver,12/26/2020
CUS01135,Engy Ragab,Female,,9/28/1998,1193690835,engy.ragab8@yahoo.com,Tanta,Nile Delta,Bronze,1/2/2022
CUS02648,Salma Rizk,Female,,11/7/1995,1279208032,salma.rizk4@hotmail.com,Alexandria,Alexandria,Bronze,9/16/2022
CUS02447,Fady Ramadan,Male,,11/5/1991,1156117598,fady.ramadan55@outlook.com,Cairo,Greater Cairo,Bronze,3/20/2023
CUS02430,Essam Nasser,Male,,10/3/1989,1096594655,essam.nasser56@outlook.com,Suez,Canal Zone,Bronze,4/14/2022
CUS02148,Osama Wahba,Male,,7/12/1984,1174828923,osama.wahba45@outlook.com,Giza,Greater Cairo,Bronze,8/26/2022
CUS01327,Hassan Khalil,Male,,11/23/1999,1136375893,hassan.khalil85@hotmail.com,Cairo,Greater Cairo,Silver,9/11/2023
CUS02130,Engy Zaki,Female,,16/10/1994,1250825346,engy.zaki53@yahoo.com,Giza,Greater Cairo,Gold,10/14/2020
CUS02670,Tarek Barakat,Male,,6/12/1973,1156644531,tarek.barakat23@outlook.com,Giza,Greater Cairo,Bronze,4/11/2022
CUS02603,Mahmoud Amin,Male,,11/24/1987,1238074163,mahmoud.amin4@hotmail.com,Zagazig,Nile Delta,Silver,12/12/2022
CUS01037,Khaled Younis,Male,,2/6/1973,1165510726,khaled.younis14@outlook.com,Giza,Greater Cairo,Bronze,6/27/2023
CUS01544,Ola Fathy,Female,,8/12/1989,1223115897,ola.fathy68@hotmail.com,Cairo,Greater Cairo,Bronze,4/14/2020
CUS02227,Noha Lotfy,Female,,10/5/1970,1042841930,noha.lotfy54@hotmail.com,Giza,Greater Cairo,Bronze,12/28/2023
CUS00680,Nadia Badawi,Female,,6/2/1997,1198139894,nadia.badawi80@gmail.com,Luxor,Upper Egypt,Bronze,5/13/2020
CUS01400,Emad Mohamed,Male,,10/23/1971,1130446613,emad.mohamed87@outlook.com,Tanta,Nile Delta,Bronze,4/25/2022
CUS00222,Noha Khalil,Female,,8/17/1971,1019510600,noha.khalil26@hotmail.com,Alexandria,Alexandria,Bronze,2/11/2021
CUS00544,Adel Bakr,Male,,9/24/1997,1050554420,adel.bakr61@outlook.com,Tanta,Nile Delta,Bronze,7/3/2022
CUS01264,Shaimaa Abdallah,Female,,2/24/1988,1095941380,shaimaa.abdallah64@hotmail.com,Giza,Greater Cairo,Gold,11/21/2020
CUS02177,Samah Ragab,Female,,7/14/1985,1029284042,No_Email,Cairo,Greater Cairo,Bronze,9/21/2020
CUS01179,Walid Rizk,Male,,2/5/1994,1213409779,walid.rizk4@gmail.com,Hurghada,Red Sea,Gold,11/24/2021
CUS00583,Khaled Saad,Male,,8/20/1987,1252702631,khaled.saad79@hotmail.com,Alexandria,Alexandria,Silver,10/14/2023
CUS01279,Suzy Abdallah,Female,,6/5/1987,1246067815,suzy.abdallah39@hotmail.com,Cairo,Greater Cairo,Bronze,8/7/2020
CUS01454,Samir Lotfy,Male,,5/10/1974,1161172286,No_Email,Alexandria,Alexandria,Bronze,2/26/2020
CUS00719,Ghada Lotfy,Female,,4/10/1993,1193115371,No_Email,Cairo,Greater Cairo,Bronze,1/16/2023
CUS02103,Khaled Barakat,Male,,9/21/1992,1193077045,khaled.barakat54@yahoo.com,Cairo,Greater Cairo,Bronze,5/22/2022
CUS00677,Mahmoud Abdallah,Male,,13/08/1994,1132878479,mahmoud.abdallah57@yahoo.com,Cairo,Greater Cairo,Gold,1/16/2023
CUS00032,Shaimaa Sayed,Female,,9/8/1983,1176038997,shaimaa.sayed6@yahoo.com,Cairo,Greater Cairo,Bronze,12/12/2023
CUS00273,Wael Rizk,Male,,5/21/1994,1258701586,wael.rizk57@outlook.com,Luxor,Upper Egypt,Bronze,7/9/2020
CUS00522,Fady Hamdy,Male,,7/21/1991,1173174275,fady.hamdy38@yahoo.com,Giza,Greater Cairo,Bronze,2/20/2020
CUS01371,Ashraf Ibrahim,Male,,3/5/1973,1019294238,ashraf.ibrahim57@gmail.com,Ismailia,Canal Zone,Bronze,11/27/2023
CUS00979,Rana Hassan,Female,,18/03/1973,1092549527,rana.hassan18@yahoo.com,Alexandria,Alexandria,Bronze,5/3/2020
CUS01006,Ayman Rizk,Male,,7/16/1986,1053528399,ayman.rizk28@yahoo.com,Mansoura,Nile Delta,Silver,3/23/2021
CUS00938,Hany Badawi,Male,,9/8/1980,1086237437,hany.badawi71@outlook.com,Suez,Canal Zone,Bronze,7/27/2020
CUS00351,Essam Sayed,Male,,10/15/1991,1250888822,No_Email,Alexandria,Alexandria,Bronze,1/6/2023
CUS01806,Osama Barakat,Male,,10/11/1995,1025045536,No_Email,Hurghada,Red Sea,Bronze,9/15/2021
CUS01079,Adel Mahmoud,Male,,8/15/1986,1146137452,adel.mahmoud19@hotmail.com,Cairo,Greater Cairo,Silver,9/24/2023
CUS02653,Suzy Younis,Female,,22/11/1983,1169909888,suzy.younis45@hotmail.com,Giza,Greater Cairo,Silver,9/1/2023
CUS01339,Heba Fathy,Female,,4/18/1976,1117886725,heba.fathy12@outlook.com,Cairo,Greater Cairo,Silver,4/5/2020
CUS02637,Khaled Rizk,Male,,3/10/1993,1282041503,khaled.rizk32@hotmail.com,Ismailia,Canal Zone,Silver,8/14/2020
CUS02514,Fatima Attia,Female,,5/20/1976,1233410233,fatima.attia53@gmail.com,Alexandria,Alexandria,Silver,9/22/2022
CUS02495,Bassem Sayed,Male,,25/08/1976,1130416174,bassem.sayed61@gmail.com,Alexandria,Alexandria,Silver,6/24/2020
CUS01331,Khaled Mostafa,Male,,7/26/1988,1089477464,khaled.mostafa83@hotmail.com,Alexandria,Alexandria,Platinum,12/19/2021
CUS02540,Ola Ahmed,Female,,11/28/1974,1143260942,ola.ahmed46@outlook.com,Hurghada,Red Sea,Gold,10/19/2020
CUS00169,Reem Ramadan,Female,,20/01/1995,1261052956,reem.ramadan69@gmail.com,Cairo,Greater Cairo,Gold,8/15/2020
CUS00966,Ahmed Shaaban,Male,,11/20/1988,1050810571,ahmed.shaaban1@hotmail.com,Giza,Greater Cairo,Gold,3/2/2022
CUS01841,Essam Wahba,Male,,1/23/1995,1025516055,essam.wahba59@outlook.com,Giza,Greater Cairo,Bronze,9/5/2021
CUS01322,Adel Mansour,Male,,7/10/2002,1191793881,adel.mansour56@outlook.com,Cairo,Greater Cairo,Silver,5/6/2021
CUS02405,Fady Rizk,Male,,6/13/2002,1052523431,fady.rizk52@hotmail.com,Tanta,Nile Delta,Gold,7/19/2020
CUS01919,Youssef Farouk,Male,,27/11/1983,1273176382,youssef.farouk68@gmail.com,Giza,Greater Cairo,Bronze,7/20/2023
CUS02189,Hussein Hafez,Male,,6/4/1971,1226811753,No_Email,Hurghada,Red Sea,Bronze,8/9/2020
CUS02530,Nader Mostafa,Male,,7/27/1980,1173506512,No_Email,Sharm El Sheikh,South Sinai,Silver,11/6/2023
CUS02270,Adel Fathy,Male,,7/14/1984,1137512732,adel.fathy39@hotmail.com,Alexandria,Alexandria,Bronze,8/4/2022
CUS01438,Samir Salem,Male,,12/3/1973,1242519826,samir.salem23@yahoo.com,Tanta,Nile Delta,Bronze,4/9/2020
CUS00368,Shaimaa Khalil,Female,,4/14/1982,1091315976,shaimaa.khalil35@outlook.com,Suez,Canal Zone,Bronze,6/13/2020
CUS00846,Fatima Lotfy,Female,,4/25/1977,1141940192,fatima.lotfy70@hotmail.com,Giza,Greater Cairo,Bronze,2/7/2023
CUS02313,Reem Lotfy,Female,,10/1/1992,1115083288,reem.lotfy19@hotmail.com,Alexandria,Alexandria,Silver,9/21/2023
CUS01414,Ramy Mohamed,Male,,12/21/1975,1195883279,ramy.mohamed55@outlook.com,Cairo,Greater Cairo,Gold,8/17/2023
CUS01367,Hussein Lotfy,Male,,3/27/1979,1160542762,No_Email,Tanta,Nile Delta,Bronze,6/20/2022
CUS00352,Samah Younis,Female,,4/10/1983,1280383199,samah.younis53@outlook.com,Luxor,Upper Egypt,Silver,2/5/2021
CUS02780,Engy Ahmed,Female,,1/20/1974,1098763518,No_Email,Cairo,Greater Cairo,Bronze,2/4/2023
CUS01189,Samir Ali,Male,,12/8/1971,1220049039,samir.ali98@yahoo.com,Giza,Greater Cairo,Bronze,3/6/2021
CUS00888,Akram Abdallah,Male,,1/19/1991,1253840780,akram.abdallah76@yahoo.com,Cairo,Greater Cairo,Bronze,6/24/2022
CUS01926,Emad Attia,Male,,12/13/1978,1227373433,emad.attia84@outlook.com,Cairo,Greater Cairo,Platinum,7/1/2022
CUS02734,Hana Hafez,Female,,12/21/1986,1094282500,No_Email,Port Said,Canal Zone,Bronze,10/18/2021
CUS02408,Doha Ali,Female,,5/24/1986,1122268646,doha.ali34@yahoo.com,Cairo,Greater Cairo,Silver,8/26/2023
CUS00499,Tamer Gamal,Male,,23/08/1991,1047358181,No_Email,Ismailia,Canal Zone,Silver,7/16/2023
CUS01703,Karim Fathy,Male,,11/17/1974,1114466147,karim.fathy26@gmail.com,Giza,Greater Cairo,Platinum,7/10/2023
CUS00211,Osama Badawi,Male,,8/5/1971,1295944345,osama.badawi43@outlook.com,Alexandria,Alexandria,Gold,9/23/2020
CUS02746,Hany Lotfy,Male,,6/13/2000,1070971798,hany.lotfy30@hotmail.com,Hurghada,Red Sea,Bronze,10/15/2021
CUS01129,Noha Bakr,Female,,1/10/1992,1199329766,No_Email,Giza,Greater Cairo,Bronze,4/2/2021
CUS00228,Noha Hamdy,Female,,12/21/1999,1094195455,No_Email,Giza,Greater Cairo,Gold,5/23/2023
CUS00366,Mahmoud Barakat,Male,,11/27/1996,1113180065,mahmoud.barakat7@yahoo.com,Giza,Greater Cairo,Bronze,10/28/2021
CUS01877,Aisha Mostafa,Female,,11/20/1979,1138857058,No_Email,Alexandria,Alexandria,Silver,4/3/2021
CUS01019,Nader Ali,Male,,7/8/1971,1152242979,nader.ali35@outlook.com,Suez,Canal Zone,Bronze,8/15/2021
CUS02016,Amr Ramadan,Male,,1/27/1978,1099688354,amr.ramadan44@outlook.com,Giza,Greater Cairo,Bronze,3/12/2020
CUS02813,Engy Nasser,Female,,9/2/2002,1023935976,engy.nasser75@yahoo.com,Mansoura,Nile Delta,Bronze,9/8/2021
CUS01599,Omar Rizk,Male,,6/14/2001,1211711039,omar.rizk79@yahoo.com,Cairo,Greater Cairo,Silver,6/20/2021
CUS00408,Amr Shaaban,Male,,4/1/1992,1176041312,amr.shaaban63@gmail.com,Cairo,Greater Cairo,Bronze,11/9/2021
CUS02002,Salma Attia,Female,,12/26/1982,1069118335,salma.attia24@gmail.com,Cairo,Greater Cairo,Bronze,2/2/2022
CUS02135,Noha Badawi,Female,,12/13/1989,1053604277,noha.badawi11@gmail.com,Tanta,Nile Delta,Gold,1/8/2021
CUS02372,Ibrahim Hamdy,Male,,10/1/1991,1142247766,ibrahim.hamdy10@outlook.com,Aswan,Upper Egypt,Bronze,2/21/2022
CUS01222,Akram Lotfy,Male,,3/14/1981,1293199234,akram.lotfy73@outlook.com,Cairo,Greater Cairo,Bronze,4/12/2021
CUS02261,Hassan Gouda,Male,,11/12/1997,1184890137,hassan.gouda17@hotmail.com,Hurghada,Red Sea,Gold,11/1/2023
CUS02764,Nour Nasser,Female,,8/5/2002,1022670073,nour.nasser79@yahoo.com,Giza,Greater Cairo,Gold,2/12/2020
CUS01826,Youssef Fathy,Male,,10/11/2001,1031224800,youssef.fathy27@gmail.com,Alexandria,Alexandria,Bronze,6/5/2021
CUS00008,Ayman Lotfy,Male,,12/7/1970,1047358810,No_Email,Luxor,Upper Egypt,Bronze,6/11/2021
CUS02180,Zeinab Lotfy,Female,,9/18/2001,1152875790,zeinab.lotfy10@outlook.com,Alexandria,Alexandria,Bronze,1/28/2022
CUS02793,Mahmoud Badawi,Male,,2/20/1977,1176988422,mahmoud.badawi17@gmail.com,Alexandria,Alexandria,Gold,2/5/2020
CUS01973,Mohamed Fathy,Male,,5/24/1995,1215375433,mohamed.fathy41@hotmail.com,Cairo,Greater Cairo,Silver,10/4/2021
CUS00416,Heba Ramadan,Female,,5/16/1981,1154866590,heba.ramadan17@hotmail.com,Giza,Greater Cairo,Bronze,12/26/2022
CUS01011,Fady Rizk,Male,,3/21/1974,1219031885,No_Email,Cairo,Greater Cairo,Bronze,6/14/2022
CUS00747,Hassan Ahmed,Male,,18/05/1981,1166809533,hassan.ahmed92@gmail.com,Giza,Greater Cairo,Gold,2/9/2020
CUS02859,Samir Ismail,Male,,9/5/1973,1121971638,samir.ismail99@hotmail.com,Cairo,Greater Cairo,Bronze,10/2/2022
CUS01986,Khaled Mohamed,Male,,1/16/1994,1043265405,khaled.mohamed47@yahoo.com,Cairo,Greater Cairo,Bronze,2/22/2021
CUS00200,Shaimaa Ahmed,Female,,9/25/1991,1072930506,shaimaa.ahmed46@hotmail.com,Hurghada,Red Sea,Silver,3/2/2022
CUS00284,Nadia Barakat,Female,,6/7/1990,1175937784,nadia.barakat57@gmail.com,Cairo,Greater Cairo,Bronze,3/2/2021
CUS00232,Sara Ismail,Female,,2/3/1999,1133999716,sara.ismail90@yahoo.com,Alexandria,Alexandria,Bronze,3/28/2023
CUS01911,Noha Farouk,Female,,7/3/1982,1157755049,noha.farouk42@hotmail.com,Giza,Greater Cairo,Bronze,3/14/2022
CUS01012,Dina Lotfy,Female,,10/11/1983,1183433438,dina.lotfy18@gmail.com,Ismailia,Canal Zone,Platinum,3/14/2022
CUS00097,Radwa Ibrahim,Female,,1/15/1979,1254522084,radwa.ibrahim10@yahoo.com,Alexandria,Alexandria,Bronze,7/13/2022
CUS01413,Ashraf Gamal,Male,,12/4/1971,1175205893,ashraf.gamal51@yahoo.com,Cairo,Greater Cairo,Bronze,7/8/2021
CUS02994,Nour Ali,Female,,19/06/2003,1051850765,nour.ali87@outlook.com,Giza,Greater Cairo,Silver,4/13/2020
CUS01989,Neveen Ahmed,Female,,28/05/1976,1287917351,neveen.ahmed25@yahoo.com,Giza,Greater Cairo,Bronze,6/18/2021
CUS02484,Sherif Younis,Male,,20/09/1980,1075866125,sherif.younis75@yahoo.com,Cairo,Greater Cairo,Silver,10/26/2020
CUS01937,Hussein Ragab,Male,,8/1/1994,1282089297,hussein.ragab75@hotmail.com,Cairo,Greater Cairo,Silver,2/2/2022
CUS01533,Neveen Barakat,Female,,7/24/1995,1124002515,neveen.barakat45@yahoo.com,Tanta,Nile Delta,Silver,7/2/2021
CUS02911,Mohamed Fathy,Male,,3/3/1977,1059097424,mohamed.fathy77@gmail.com,Cairo,Greater Cairo,Gold,3/10/2020
CUS02631,Lobna Fathy,Female,,3/20/1989,1236982938,lobna.fathy4@yahoo.com,Mansoura,Nile Delta,Silver,2/14/2022
CUS01466,Hana Salem,Female,,25/06/1979,1124205791,hana.salem24@hotmail.com,Cairo,Greater Cairo,Gold,11/24/2020
CUS01449,Hassan Gouda,Male,,12/13/1985,1211695218,hassan.gouda55@outlook.com,Port Said,Canal Zone,Bronze,1/2/2021
CUS00105,Hoda Salem,Female,,7/8/1993,1249057246,hoda.salem2@yahoo.com,Suez,Canal Zone,Bronze,9/5/2021
CUS02594,Amira Amin,Female,,27/04/1984,1168504096,No_Email,Alexandria,Alexandria,Bronze,5/26/2022
CUS01101,Reham Attia,Female,,25/06/1987,1125017061,reham.attia96@outlook.com,Cairo,Greater Cairo,Bronze,8/4/2021
CUS02292,Reham Ali,Female,,11/13/1984,1085487077,reham.ali47@hotmail.com,Giza,Greater Cairo,Silver,8/2/2020
CUS02894,Mahmoud Younis,Male,,11/28/1979,1193504533,mahmoud.younis66@hotmail.com,Mansoura,Nile Delta,Silver,3/9/2021
CUS01601,Dina Gamal,Female,,10/1/1985,1032302166,dina.gamal31@outlook.com,Cairo,Greater Cairo,Silver,1/2/2022
CUS02509,Samir Hafez,Male,,3/21/1977,1161465683,samir.hafez85@yahoo.com,Aswan,Upper Egypt,Bronze,7/27/2022
CUS00777,Sara Salem,Female,,1/8/1977,1046245645,sara.salem99@outlook.com,Cairo,Greater Cairo,Silver,8/22/2020
CUS00227,Ashraf Nasser,Male,,6/10/1978,1096924795,ashraf.nasser59@gmail.com,Ismailia,Canal Zone,Bronze,8/25/2023
CUS01273,Walid Mostafa,Male,,9/2/1973,1228885625,No_Email,Hurghada,Red Sea,Silver,6/11/2022
CUS02335,Magdy Salem,Male,,2/4/1988,1147602402,magdy.salem91@gmail.com,Cairo,Greater Cairo,Bronze,5/16/2020
CUS01589,Magdy Salem,Male,,3/13/1984,1120130392,magdy.salem80@outlook.com,Giza,Greater Cairo,Bronze,2/12/2020
CUS02111,Aisha Saad,Female,,9/12/1973,1013009431,aisha.saad9@outlook.com,Cairo,Greater Cairo,Bronze,4/15/2023
CUS02453,Shaimaa Hafez,Female,,8/12/1989,1017338859,shaimaa.hafez17@outlook.com,Alexandria,Alexandria,Bronze,11/23/2022
CUS01074,Noha Mansour,Female,,10/1/1977,1141663551,noha.mansour4@hotmail.com,Cairo,Greater Cairo,Gold,5/16/2023
CUS00701,Reem Mahmoud,Female,,6/11/1993,1065383843,No_Email,Alexandria,Alexandria,Bronze,11/26/2023
CUS01136,Reham Zaki,Female,,10/16/2002,1129538668,reham.zaki7@hotmail.com,Cairo,Greater Cairo,Bronze,12/25/2023
CUS02833,Neveen Gamal,Female,,10/13/1974,1188557831,neveen.gamal36@hotmail.com,Cairo,Greater Cairo,Gold,11/4/2022
CUS02801,Akram Younis,Male,,12/5/1993,1141548797,No_Email,Hurghada,Red Sea,Bronze,6/14/2020
CUS00465,Ola Younis,Female,,12/26/1999,1168527249,ola.younis88@hotmail.com,Ismailia,Canal Zone,Silver,2/19/2023
CUS00848,Magdy Nasser,Male,,2/13/1986,1181696670,magdy.nasser86@yahoo.com,Sharm El Sheikh,South Sinai,Gold,2/1/2021
CUS00756,Tarek Ahmed,Male,,10/4/2003,1175433400,tarek.ahmed96@gmail.com,Hurghada,Red Sea,Silver,7/11/2021
CUS02995,Wael Fathy,Male,,4/3/1985,1050123125,wael.fathy57@gmail.com,Cairo,Greater Cairo,Gold,7/6/2023
CUS01335,Emad Nasser,Male,,11/14/2000,1198153057,emad.nasser37@gmail.com,Ismailia,Canal Zone,Bronze,2/24/2022
CUS02715,Reem Ramadan,Female,,2/27/1994,1261992603,reem.ramadan20@hotmail.com,Cairo,Greater Cairo,Bronze,11/5/2020
CUS02242,Nour Salem,Female,,5/14/1990,1066329361,nour.salem53@outlook.com,Cairo,Greater Cairo,Silver,9/22/2023
CUS02023,Reham Wahba,Female,,3/14/2000,1044660244,reham.wahba92@yahoo.com,Port Said,Canal Zone,Silver,2/11/2021
CUS00213,Dina Hamdy,Female,,2/27/1991,1148917593,dina.hamdy25@hotmail.com,Mansoura,Nile Delta,Silver,2/21/2023
CUS00013,Mona Badawi,Female,,4/7/1983,1297734330,mona.badawi45@gmail.com,Aswan,Upper Egypt,Gold,2/25/2023
CUS02952,Ahmed Lotfy,Male,,7/19/1991,1129600614,No_Email,Tanta,Nile Delta,Bronze,7/28/2021
CUS00423,Samir Bakr,Male,,11/27/1973,1057712141,samir.bakr69@gmail.com,Cairo,Greater Cairo,Gold,11/9/2023
CUS01652,Manar Gouda,Female,,4/22/1978,1019875253,manar.gouda60@yahoo.com,Giza,Greater Cairo,Silver,6/11/2023
CUS02021,Dina Lotfy,Female,,9/23/1985,1168607910,dina.lotfy63@hotmail.com,Ismailia,Canal Zone,Bronze,12/11/2020
CUS02891,Dina Mostafa,Female,,4/26/1984,1191886893,dina.mostafa35@yahoo.com,Giza,Greater Cairo,Silver,5/3/2021
CUS02475,Sherif Fathy,Male,,7/10/1994,1084663795,sherif.fathy64@hotmail.com,Alexandria,Alexandria,Bronze,3/6/2023
CUS02684,Hossam Sayed,Male,,6/8/1984,1091089799,hossam.sayed53@yahoo.com,Giza,Greater Cairo,Silver,12/23/2022
CUS02478,Fatima Salem,Female,,8/22/2001,1057613415,fatima.salem43@gmail.com,Hurghada,Red Sea,Silver,1/11/2023
CUS01094,Hana Shaaban,Female,,6/23/1974,1276597407,hana.shaaban28@hotmail.com,Alexandria,Alexandria,Bronze,10/8/2023
CUS01731,Fatima Ragab,Female,,18/11/1981,1039778113,fatima.ragab82@hotmail.com,Giza,Greater Cairo,Gold,4/11/2023
CUS02184,Ahmed Mansour,Male,,11/18/2002,1057853708,ahmed.mansour88@hotmail.com,Giza,Greater Cairo,Bronze,2/28/2021
CUS00510,Radwa Ramadan,Female,,2/15/1978,1092631573,radwa.ramadan8@yahoo.com,Zagazig,Nile Delta,Bronze,2/19/2021
CUS00645,Sherif Salem,Male,,5/8/1970,1092170846,sherif.salem25@outlook.com,Cairo,Greater Cairo,Bronze,9/19/2021
CUS00598,Emad Mostafa,Male,,16/06/1982,1186424646,emad.mostafa68@yahoo.com,Cairo,Greater Cairo,Bronze,6/22/2021
CUS02615,Ali Attia,Male,,1/10/1980,1298678041,ali.attia6@gmail.com,Giza,Greater Cairo,Silver,8/2/2020
CUS00799,Tarek Sayed,Male,,5/1/1972,1264913597,tarek.sayed27@gmail.com,Tanta,Nile Delta,Bronze,4/20/2022
CUS02807,Hany Badawi,Male,,6/2/1980,1086984297,hany.badawi50@yahoo.com,Zagazig,Nile Delta,Silver,1/12/2021
CUS02688,Omar Saad,Male,,3/20/1997,1032247105,omar.saad67@gmail.com,Giza,Greater Cairo,Bronze,9/11/2021
CUS00519,Hana Ragab,Female,,10/3/1973,1191916907,hana.ragab36@hotmail.com,Ismailia,Canal Zone,Silver,3/8/2023
CUS00913,Hany Saad,Male,,9/23/1995,1240595207,hany.saad62@yahoo.com,Mansoura,Nile Delta,Bronze,10/19/2023
CUS00574,Salma Abdallah,Female,,4/2/2001,1050525421,salma.abdallah37@hotmail.com,Mansoura,Nile Delta,Bronze,11/27/2023
CUS02978,Ghada Mostafa,Female,,4/20/1994,1071171240,ghada.mostafa25@outlook.com,Cairo,Greater Cairo,Gold,9/3/2021
CUS02771,Radwa Mansour,Female,,18/11/1989,1285380078,No_Email,Cairo,Greater Cairo,Bronze,10/16/2022
CUS01393,Reem Wahba,Female,,6/5/1980,1163711215,reem.wahba43@gmail.com,Cairo,Greater Cairo,Silver,11/11/2020
CUS02029,Salma Barakat,Female,,11/9/1997,1018281699,salma.barakat56@yahoo.com,Cairo,Greater Cairo,Gold,4/6/2020
CUS01801,Adel Badawi,Male,,11/16/1982,1257969943,adel.badawi56@gmail.com,Port Said,Canal Zone,Bronze,10/7/2020
CUS02488,Osama Nasser,Male,,6/20/1999,1181273514,osama.nasser33@yahoo.com,Luxor,Upper Egypt,Silver,1/28/2021
CUS01489,Hassan Salem,Male,,9/19/1998,1190675884,hassan.salem98@hotmail.com,Giza,Greater Cairo,Gold,3/28/2022
CUS00124,Mahmoud Gouda,Male,,11/10/1993,1187110685,mahmoud.gouda36@outlook.com,Cairo,Greater Cairo,Bronze,10/5/2021
CUS01229,Essam Hamdy,Male,,11/1/1985,1192636112,essam.hamdy62@yahoo.com,Ismailia,Canal Zone,Bronze,1/10/2022
CUS00221,Ibrahim Salem,Male,,8/6/2000,1099945021,ibrahim.salem33@hotmail.com,Mansoura,Nile Delta,Silver,1/4/2023
CUS02956,Nadia Amin,Female,,11/8/1988,1078222824,nadia.amin43@outlook.com,Tanta,Nile Delta,Bronze,3/26/2021
CUS00359,Rana Ibrahim,Female,,11/9/1970,1069144114,rana.ibrahim28@outlook.com,Port Said,Canal Zone,Silver,11/26/2020
CUS01607,Omar Shaaban,Male,,3/8/1973,1053842699,omar.shaaban46@hotmail.com,Cairo,Greater Cairo,Silver,1/26/2023
CUS01863,Akram Ali,Male,,16/01/1987,1071551989,No_Email,Cairo,Greater Cairo,Bronze,12/13/2020
CUS02426,Hassan Mahmoud,Male,,9/17/1998,1156375778,hassan.mahmoud96@gmail.com,Suez,Canal Zone,Bronze,2/17/2022
CUS00260,Bassem Fathy,Male,,10/22/1977,1198594248,bassem.fathy21@gmail.com,Cairo,Greater Cairo,Silver,5/16/2023
CUS02818,Youssef Amin,Male,,25/03/1998,1163283208,youssef.amin2@hotmail.com,Cairo,Greater Cairo,Silver,2/3/2022
CUS00872,Sherif Mansour,Male,,5/12/1976,1018444387,sherif.mansour81@hotmail.com,Cairo,Greater Cairo,Silver,1/13/2020
CUS02431,Ola Ismail,Female,,11/10/1975,1252294327,ola.ismail54@gmail.com,Mansoura,Nile Delta,Silver,1/25/2022
CUS01643,Hussein Gouda,Male,,24/04/1971,1058344299,No_Email,Alexandria,Alexandria,Bronze,7/21/2021
CUS01988,Shaimaa Saad,Female,,7/26/1979,1221444897,shaimaa.saad98@hotmail.com,Alexandria,Alexandria,Bronze,7/17/2021
CUS02497,Tarek Ibrahim,Male,,7/3/2003,1156647252,tarek.ibrahim40@hotmail.com,Alexandria,Alexandria,Silver,7/9/2023
CUS02421,Samir Wahba,Male,,4/28/1988,1285640452,samir.wahba29@hotmail.com,Cairo,Greater Cairo,Silver,1/23/2023
CUS01552,Fatima Ahmed,Female,,11/24/1999,1058882805,fatima.ahmed50@gmail.com,Mansoura,Nile Delta,Gold,6/6/2021
CUS02841,Karim Nasser,Male,,7/4/2003,1065602912,karim.nasser55@gmail.com,Giza,Greater Cairo,Bronze,5/8/2022
CUS02762,Walid Ismail,Male,,7/28/1978,1135888722,walid.ismail3@hotmail.com,Cairo,Greater Cairo,Bronze,10/10/2021
CUS02363,Tamer Sayed,Male,,3/27/1995,1170232336,tamer.sayed62@yahoo.com,Giza,Greater Cairo,Gold,6/26/2021
CUS00457,Maged Ragab,Male,,1/12/1995,1078123659,maged.ragab54@yahoo.com,Cairo,Greater Cairo,Bronze,7/2/2020
CUS00463,Engy Khalil,Female,,5/1/1981,1098538924,engy.khalil45@outlook.com,Zagazig,Nile Delta,Silver,3/17/2020
CUS02260,Ayman Younis,Male,,16/06/1974,1121219525,ayman.younis23@hotmail.com,Giza,Greater Cairo,Bronze,12/19/2020
CUS00786,Hussein Rizk,Male,,18/10/1980,1021007045,hussein.rizk14@gmail.com,Suez,Canal Zone,Silver,4/24/2023
CUS01563,Heba Ismail,Female,,9/5/1995,1262514007,No_Email,Hurghada,Red Sea,Silver,4/3/2022
CUS00382,Akram Wahba,Male,,16/03/1972,1050446284,akram.wahba58@gmail.com,Tanta,Nile Delta,Bronze,11/18/2023
CUS01867,Maged Gouda,Male,,4/17/2000,1041683303,maged.gouda42@outlook.com,Cairo,Greater Cairo,Gold,5/23/2022
CUS02150,Ghada Saad,Female,,9/21/1997,1276458477,ghada.saad67@outlook.com,Aswan,Upper Egypt,Bronze,1/28/2020
CUS01262,Reem Nasser,Female,,3/25/1979,1193942023,reem.nasser60@yahoo.com,Hurghada,Red Sea,Gold,2/14/2021
CUS02806,Samir Shaaban,Male,,6/8/1972,1155695129,samir.shaaban93@hotmail.com,Ismailia,Canal Zone,Silver,7/2/2023
CUS01698,Emad Mansour,Male,,1/11/1999,1193274386,emad.mansour22@yahoo.com,Cairo,Greater Cairo,Bronze,7/7/2020
CUS01455,Shaimaa Mansour,Female,,6/6/1976,1178633402,shaimaa.mansour27@outlook.com,Cairo,Greater Cairo,Gold,8/1/2022
CUS00839,Amira Barakat,Female,,10/11/1990,1043813544,amira.barakat76@hotmail.com,Alexandria,Alexandria,Gold,11/2/2022
CUS01300,Magdy Khalil,Male,,11/15/1979,1024020462,magdy.khalil5@yahoo.com,Tanta,Nile Delta,Bronze,6/18/2020
CUS01054,Ibrahim Younis,Male,,9/19/2001,1225021199,ibrahim.younis53@hotmail.com,Hurghada,Red Sea,Silver,11/6/2020
CUS01081,Ibrahim Barakat,Male,,3/7/1983,1036983030,ibrahim.barakat55@gmail.com,Hurghada,Red Sea,Gold,9/18/2023
CUS01739,Mohamed Mostafa,Male,,4/7/1993,1147608279,No_Email,Giza,Greater Cairo,Silver,8/6/2023
CUS01478,Karim Saad,Male,,4/7/1996,1179443222,karim.saad48@gmail.com,Hurghada,Red Sea,Bronze,7/20/2023
CUS02398,Eman Amin,Female,,8/2/1985,1066684607,eman.amin29@hotmail.com,Cairo,Greater Cairo,Silver,1/3/2022
CUS01993,Dalia Hamdy,Female,,16/04/1993,1189684093,dalia.hamdy84@hotmail.com,Mansoura,Nile Delta,Bronze,1/19/2023
CUS01534,Emad Shaaban,Male,,5/8/1978,1094439916,emad.shaaban39@gmail.com,Cairo,Greater Cairo,Bronze,10/23/2020
CUS01234,Ola Mahmoud,Female,,12/8/2000,1232341708,ola.mahmoud25@hotmail.com,Cairo,Greater Cairo,Bronze,10/27/2020
CUS00543,Samah Shaaban,Female,,12/9/1978,1020271291,samah.shaaban2@yahoo.com,Cairo,Greater Cairo,Silver,12/19/2020
CUS01293,Tamer Salem,Male,,9/20/1994,1040051846,tamer.salem85@hotmail.com,Alexandria,Alexandria,Silver,1/8/2023
CUS01318,Mohamed Bakr,Male,,3/10/1978,1222828052,mohamed.bakr5@gmail.com,Zagazig,Nile Delta,Bronze,2/9/2022
CUS01230,Suzy Rizk,Female,,12/6/1977,1140271240,suzy.rizk52@gmail.com,Giza,Greater Cairo,Bronze,1/16/2020
CUS01843,Shaimaa Barakat,Female,,7/18/1983,1151561050,No_Email,Giza,Greater Cairo,Bronze,4/13/2020
CUS01118,Rania Ali,Female,,5/20/2001,1227532794,rania.ali93@yahoo.com,Luxor,Upper Egypt,Silver,10/24/2023
CUS02460,Lobna Farouk,Female,,12/5/1984,1251484355,lobna.farouk64@hotmail.com,Giza,Greater Cairo,Gold,5/28/2020
CUS02273,Nader Hamdy,Male,,10/28/2001,1282191219,nader.hamdy6@gmail.com,Alexandria,Alexandria,Bronze,6/19/2020
CUS02873,Ola Mansour,Female,,7/12/1993,1131423696,ola.mansour77@gmail.com,Suez,Canal Zone,Silver,5/3/2022
CUS02728,Mona Khalil,Female,,1/24/1994,1080225784,mona.khalil75@yahoo.com,Cairo,Greater Cairo,Silver,12/17/2020
CUS02942,Karim Ahmed,Male,,5/20/1972,1140922596,karim.ahmed58@outlook.com,Mansoura,Nile Delta,Bronze,10/13/2021
CUS01768,Aisha Amin,Female,,21/09/1987,1185426728,aisha.amin5@gmail.com,Alexandria,Alexandria,Bronze,3/26/2023
CUS02646,Youssef Zaki,Male,,11/18/1979,1139079617,youssef.zaki91@outlook.com,Giza,Greater Cairo,Silver,9/19/2021
CUS02459,Akram Khalil,Male,,1/26/1984,1063602031,akram.khalil32@yahoo.com,Alexandria,Alexandria,Bronze,8/23/2023
CUS01753,Mohamed Fathy,Male,,5/17/1974,1162457729,mohamed.fathy91@yahoo.com,Cairo,Greater Cairo,Silver,12/28/2022
CUS02682,Tamer Nasser,Male,,9/14/1980,1226188579,tamer.nasser43@hotmail.com,Aswan,Upper Egypt,Silver,3/9/2021
CUS00436,Ashraf Salem,Male,,8/24/1981,1080793145,ashraf.salem83@gmail.com,Tanta,Nile Delta,Bronze,2/5/2022
CUS01412,Reem Hassan,Female,,8/7/1997,1270111368,reem.hassan16@hotmail.com,Cairo,Greater Cairo,Silver,11/14/2021
CUS00238,Mahmoud Abdallah,Male,,5/1/1977,1192882398,No_Email,Cairo,Greater Cairo,Bronze,10/17/2021
CUS01056,Walid Ismail,Male,,1/11/1976,1216229481,walid.ismail31@gmail.com,Giza,Greater Cairo,Bronze,9/23/2022
CUS00110,Mona Salem,Female,,3/9/1973,1079342339,No_Email,Cairo,Greater Cairo,Bronze,2/7/2022
CUS00782,Doha Amin,Female,,27/09/1989,1149386369,doha.amin18@hotmail.com,Alexandria,Alexandria,Bronze,3/9/2023
CUS02090,Tarek Mostafa,Male,,4/9/1989,1129770026,tarek.mostafa34@hotmail.com,Giza,Greater Cairo,Bronze,8/21/2022
CUS00164,Dina Lotfy,Female,,11/20/2003,1240524866,dina.lotfy78@hotmail.com,Alexandria,Alexandria,Bronze,9/5/2023
CUS00289,Manar Mahmoud,Female,,4/6/1971,1164008708,manar.mahmoud63@outlook.com,Giza,Greater Cairo,Bronze,11/20/2022
CUS00253,Doha Mostafa,Female,,2/17/1999,1076547299,No_Email,Luxor,Upper Egypt,Bronze,8/4/2022
CUS02133,Neveen Gamal,Female,,7/1/1984,1130120034,neveen.gamal27@hotmail.com,Alexandria,Alexandria,Bronze,8/12/2023
CUS02052,Hossam Nasser,Male,,27/02/1990,1259184207,hossam.nasser87@outlook.com,Alexandria,Alexandria,Silver,12/27/2022
CUS00768,Nader Bakr,Male,,16/12/1985,1165013238,nader.bakr76@hotmail.com,Luxor,Upper Egypt,Bronze,8/21/2021
CUS00788,Akram Younis,Male,,3/13/1992,1265236368,akram.younis16@outlook.com,Giza,Greater Cairo,Bronze,11/20/2022
CUS01353,Khaled Wahba,Male,,11/9/1976,1173019381,khaled.wahba17@gmail.com,Giza,Greater Cairo,Silver,2/21/2021
CUS01579,Ramy Abdallah,Male,,6/15/1982,1262584867,ramy.abdallah44@yahoo.com,Mansoura,Nile Delta,Bronze,12/27/2023
CUS02965,Hussein Abdallah,Male,,12/13/1990,1254242207,hussein.abdallah74@yahoo.com,Luxor,Upper Egypt,Gold,2/25/2021
CUS02829,Ramy Amin,Male,,6/2/1979,1062660529,ramy.amin57@hotmail.com,Giza,Greater Cairo,Silver,2/3/2022
CUS01458,Eman Ibrahim,Female,,5/2/1972,1129482232,eman.ibrahim21@hotmail.com,Tanta,Nile Delta,Bronze,2/17/2023
CUS02371,Ayman Ahmed,Male,,4/17/1975,1073151137,ayman.ahmed22@gmail.com,Mansoura,Nile Delta,Silver,6/6/2023
CUS01963,Mona Ismail,Female,,4/21/1981,1225037335,mona.ismail68@yahoo.com,Aswan,Upper Egypt,Bronze,5/22/2022
CUS02402,Youssef Khalil,Male,,1/1/1986,1120381139,youssef.khalil55@outlook.com,Cairo,Greater Cairo,Bronze,3/21/2020
CUS02498,Emad Gamal,Male,,4/6/2002,1120104355,emad.gamal52@yahoo.com,Luxor,Upper Egypt,Gold,5/20/2021
CUS02866,Akram Mansour,Male,,7/11/1998,1049659642,akram.mansour50@outlook.com,Alexandria,Alexandria,Bronze,4/18/2021
CUS01033,Rana Ismail,Female,,3/17/1982,1093699313,rana.ismail74@gmail.com,Cairo,Greater Cairo,Bronze,4/1/2021
CUS02438,Sara Ramadan,Female,,1/1/1994,1163545818,No_Email,Giza,Greater Cairo,Bronze,8/19/2021
CUS00462,Amr Mahmoud,Male,,8/28/1974,1137913590,No_Email,Mansoura,Nile Delta,Bronze,4/22/2020
CUS02465,Maged Mohamed,Male,,1/14/2002,1239052145,maged.mohamed38@yahoo.com,Mansoura,Nile Delta,Silver,8/18/2022
CUS01504,Hany Wahba,Male,,11/8/2000,1121017493,hany.wahba53@hotmail.com,Giza,Greater Cairo,Bronze,8/10/2023
CUS00158,Ashraf Ramadan,Male,,6/7/1993,1156241350,ashraf.ramadan79@outlook.com,Hurghada,Red Sea,Gold,8/2/2021
CUS02572,Essam Zaki,Male,,7/7/2003,1229926155,essam.zaki86@gmail.com,Suez,Canal Zone,Gold,7/2/2022
CUS01993,Dalia Hamdy,Female,,16/04/1993,1189684093,dalia.hamdy84@hotmail.com,Mansoura,Nile Delta,Bronze,1/19/2023
CUS01692,Ramy Amin,Male,,5/12/1970,1153465341,ramy.amin53@yahoo.com,Alexandria,Alexandria,Bronze,7/1/2022
CUS00678,Ghada Mahmoud,Female,,2/6/1993,1093756036,ghada.mahmoud86@yahoo.com,Giza,Greater Cairo,Silver,5/23/2022
CUS01175,Youssef Younis,Male,,7/6/1985,1267278051,youssef.younis95@yahoo.com,Mansoura,Nile Delta,Platinum,3/27/2020
CUS02921,Yasmin Hamdy,Female,,10/15/1988,1217059683,yasmin.hamdy84@outlook.com,Giza,Greater Cairo,Bronze,12/21/2020
CUS00239,Eman Ismail,Female,,2/18/1971,1121727533,eman.ismail66@gmail.com,Mansoura,Nile Delta,Silver,7/5/2022
CUS01272,Eman Shaaban,Female,,11/11/1971,1267496370,eman.shaaban25@yahoo.com,Luxor,Upper Egypt,Gold,10/28/2020
CUS01770,Mariam Gouda,Female,,3/17/1991,1011608040,mariam.gouda92@gmail.com,Giza,Greater Cairo,Bronze,4/9/2023
CUS00244,Essam Ramadan,Male,,11/22/1986,1126050250,essam.ramadan75@gmail.com,Giza,Greater Cairo,Gold,6/15/2021
CUS00101,Amr Farouk,Male,,4/4/1986,1086140729,amr.farouk60@gmail.com,Cairo,Greater Cairo,Bronze,11/3/2022
CUS00316,Magdy Salem,Male,,26/02/1990,1299187990,magdy.salem6@outlook.com,Tanta,Nile Delta,Gold,11/3/2022
CUS00904,Osama Khalil,Male,,5/11/1997,1038768529,osama.khalil22@gmail.com,Alexandria,Alexandria,Gold,7/2/2020
CUS01114,Aisha Saad,Female,,12/27/1989,1173680989,aisha.saad54@hotmail.com,Alexandria,Alexandria,Gold,2/8/2022
CUS02380,Nader Nasser,Male,,8/14/1977,1276601167,nader.nasser97@outlook.com,Hurghada,Red Sea,Bronze,10/4/2022
CUS01104,Hazem Ragab,Male,,3/18/1971,1063136530,No_Email,Port Said,Canal Zone,Gold,2/21/2022
CUS00262,Ramy Ahmed,Male,,4/8/1985,1251889289,ramy.ahmed44@yahoo.com,Sharm El Sheikh,South Sinai,Bronze,9/11/2020
CUS02354,Shaimaa Nasser,Female,,4/16/1976,1080704774,shaimaa.nasser62@yahoo.com,Luxor,Upper Egypt,Bronze,4/4/2020
CUS01719,Noha Mahmoud,Female,,3/7/1986,1134583524,noha.mahmoud19@yahoo.com,Ismailia,Canal Zone,Gold,8/28/2023
CUS00196,Fady Lotfy,Male,,7/14/1995,1238348941,fady.lotfy47@outlook.com,Giza,Greater Cairo,Silver,5/28/2021
CUS02467,Dina Bakr,Female,,5/25/1986,1184306405,dina.bakr7@outlook.com,Giza,Greater Cairo,Bronze,6/28/2020
CUS02469,Hossam Barakat,Male,,5/24/1973,1115381194,hossam.barakat31@outlook.com,Alexandria,Alexandria,Bronze,8/22/2023
CUS01812,Ramy Hafez,Male,,10/4/1977,1289606631,ramy.hafez65@outlook.com,Hurghada,Red Sea,Bronze,2/16/2023
CUS00180,Hana Hassan,Female,,12/10/1982,1119104802,No_Email,Cairo,Greater Cairo,Silver,6/13/2022
CUS02355,Noha Abdallah,Female,,11/2/1994,1210875598,No_Email,Zagazig,Nile Delta,Bronze,10/8/2020
CUS00579,Adel Ali,Male,,6/24/1977,1081305655,No_Email,Alexandria,Alexandria,Bronze,11/16/2021
CUS00930,Eman Ahmed,Female,,11/14/1972,1151003929,eman.ahmed26@gmail.com,Cairo,Greater Cairo,Bronze,3/7/2020
CUS00341,Aisha Abdallah,Female,,11/26/1994,1055417034,aisha.abdallah85@yahoo.com,Alexandria,Alexandria,Bronze,12/3/2023
CUS02047,Amira Shaaban,Female,,4/13/1986,1148936750,amira.shaaban54@gmail.com,Cairo,Greater Cairo,Silver,3/6/2022
CUS01226,Sara Nasser,Female,,2/1/1989,1079335025,sara.nasser70@outlook.com,Mansoura,Nile Delta,Silver,1/19/2021
CUS00749,Youssef Ahmed,Male,,3/28/2000,1042470699,youssef.ahmed32@outlook.com,Suez,Canal Zone,Silver,12/4/2021
CUS01124,Wael Badawi,Male,,2/17/1975,1052726974,wael.badawi43@yahoo.com,Hurghada,Red Sea,Bronze,3/1/2022
CUS00663,Engy Abdallah,Female,,2/21/1984,1025472405,engy.abdallah22@hotmail.com,Mansoura,Nile Delta,Bronze,5/18/2023
CUS00481,Eman Fathy,Female,,3/26/1983,1056658526,No_Email,Mansoura,Nile Delta,Silver,9/23/2021
CUS00804,Ayman Farouk,Male,,23/05/1980,1284490480,ayman.farouk75@hotmail.com,Mansoura,Nile Delta,Platinum,3/27/2023
CUS02173,Neveen Ahmed,Female,,7/6/2003,1264731709,neveen.ahmed39@outlook.com,Cairo,Greater Cairo,Silver,1/22/2023
CUS01583,Doha Shaaban,Female,,4/19/1996,1298829740,doha.shaaban21@outlook.com,Alexandria,Alexandria,Bronze,12/3/2021
CUS01908,Khaled Gouda,Male,,12/6/1971,1192734671,khaled.gouda41@yahoo.com,Giza,Greater Cairo,Bronze,5/28/2020
CUS02474,Ramy Barakat,Male,,1/25/1999,1057115103,ramy.barakat84@gmail.com,Zagazig,Nile Delta,Silver,4/4/2023
CUS00550,Samir Mostafa,Male,,5/24/1997,1246387450,samir.mostafa19@hotmail.com,Hurghada,Red Sea,Bronze,10/23/2021
CUS01188,Magdy Ali,Male,,13/07/1978,1045202115,No_Email,Cairo,Greater Cairo,Bronze,7/7/2022
CUS00784,Nader Bakr,Male,,3/19/1977,1088145345,nader.bakr71@gmail.com,Giza,Greater Cairo,Bronze,9/22/2022
CUS02754,Khaled Mansour,Male,,8/19/1989,1294556647,khaled.mansour71@outlook.com,Giza,Greater Cairo,Bronze,1/22/2023
CUS01965,Hussein Mohamed,Male,,7/6/2002,1017226037,hussein.mohamed34@gmail.com,Alexandria,Alexandria,Gold,4/27/2020
CUS00743,Sherif Hamdy,Male,,12/3/1979,1260689240,sherif.hamdy36@yahoo.com,Zagazig,Nile Delta,Silver,4/13/2022
CUS02454,Doha Mansour,Female,,6/22/1978,1283809434,doha.mansour26@gmail.com,Giza,Greater Cairo,Bronze,4/6/2023
CUS02100,Wael Ramadan,Male,,12/12/1974,1259420855,wael.ramadan91@hotmail.com,Giza,Greater Cairo,Bronze,6/22/2023
CUS01831,Shaimaa Ali,Female,,2/4/1979,1181256685,shaimaa.ali88@gmail.com,Ismailia,Canal Zone,Platinum,11/1/2020
CUS01256,Dalia Shaaban,Female,,22/06/1970,1116600294,dalia.shaaban61@gmail.com,Giza,Greater Cairo,Bronze,4/28/2022
CUS02401,Engy Nasser,Female,,4/8/1999,1274568678,engy.nasser1@gmail.com,Giza,Greater Cairo,Bronze,10/6/2022
CUS02043,Ayman Sayed,Male,,8/11/1991,1239146157,ayman.sayed23@outlook.com,Alexandria,Alexandria,Bronze,3/3/2020
CUS02156,Mona Farouk,Female,,4/18/1978,1270083672,mona.farouk81@outlook.com,Cairo,Greater Cairo,Silver,12/17/2021
CUS01508,Sara Rizk,Female,,9/4/1994,1091429935,No_Email,Alexandria,Alexandria,Silver,10/15/2022
CUS00248,Mohamed Gouda,Male,,5/23/1992,1128658140,mohamed.gouda44@yahoo.com,Ismailia,Canal Zone,Gold,1/24/2022
CUS02903,Salma Ramadan,Female,,6/9/2001,1239365350,salma.ramadan96@outlook.com,Cairo,Greater Cairo,Gold,6/9/2020
CUS02604,Samah Salem,Female,,20/05/2002,1159857532,samah.salem29@yahoo.com,Giza,Greater Cairo,Silver,10/19/2021
CUS02766,Fatima Bakr,Female,,7/17/1987,1020636033,fatima.bakr36@yahoo.com,Port Said,Canal Zone,Gold,7/1/2021
CUS00627,Manar Badawi,Female,,8/20/1983,1183266696,manar.badawi44@hotmail.com,Alexandria,Alexandria,Gold,5/11/2021
CUS00348,Manar Shaaban,Female,,8/21/1970,1230036175,manar.shaaban30@outlook.com,Cairo,Greater Cairo,Bronze,6/26/2023
CUS00279,Radwa Attia,Female,,2/8/2001,1237265709,radwa.attia64@outlook.com,Tanta,Nile Delta,Bronze,7/28/2021
CUS01862,Mahmoud Gouda,Male,,1/12/2003,1081416682,mahmoud.gouda25@yahoo.com,Mansoura,Nile Delta,Silver,4/14/2020
CUS02970,Hazem Lotfy,Male,,1/15/1995,1035077123,hazem.lotfy49@outlook.com,Alexandria,Alexandria,Silver,1/13/2023
CUS00656,Rania Ibrahim,Female,,4/12/1991,1042138616,No_Email,Cairo,Greater Cairo,Gold,8/26/2020
CUS02209,Hussein Ragab,Male,,8/15/1995,1129818516,hussein.ragab58@outlook.com,Giza,Greater Cairo,Bronze,8/14/2020
CUS00928,Ashraf Rizk,Male,,11/26/1980,1120219296,ashraf.rizk33@yahoo.com,Alexandria,Alexandria,Bronze,6/8/2023
CUS02669,Akram Amin,Male,,4/4/1998,1242449738,akram.amin98@hotmail.com,Zagazig,Nile Delta,Bronze,10/23/2022
CUS02632,Mona Zaki,Female,,5/17/1992,1060684249,No_Email,Tanta,Nile Delta,Bronze,6/17/2021
CUS01072,Aisha Mostafa,Female,,7/12/1983,1226492036,aisha.mostafa33@yahoo.com,Cairo,Greater Cairo,Bronze,7/16/2020
CUS02584,Lobna Ahmed,Female,,5/9/1988,1147424925,lobna.ahmed44@yahoo.com,Giza,Greater Cairo,Bronze,9/14/2023
CUS01274,Zeinab Saad,Female,,8/22/1991,1263498812,zeinab.saad13@yahoo.com,Cairo,Greater Cairo,Bronze,8/14/2022
CUS02909,Maged Sayed,Male,,3/21/1998,1046290952,maged.sayed24@hotmail.com,Giza,Greater Cairo,Bronze,5/25/2021
CUS00446,Khaled Badawi,Male,,9/28/1993,1252096774,khaled.badawi88@gmail.com,Port Said,Canal Zone,Bronze,12/26/2020
CUS00618,Rania Mahmoud,Female,,9/19/1981,1279322944,rania.mahmoud78@hotmail.com,Cairo,Greater Cairo,Bronze,7/7/2022
CUS01887,Zeinab Fathy,Female,,11/3/1977,1188668146,zeinab.fathy56@outlook.com,Cairo,Greater Cairo,Silver,10/24/2022
CUS01126,Magdy Salem,Male,,2/2/1973,1228515091,magdy.salem99@gmail.com,Alexandria,Alexandria,Bronze,3/21/2021
CUS01833,Ramy Abdallah,Male,,4/25/1996,1250333457,ramy.abdallah64@yahoo.com,Alexandria,Alexandria,Silver,5/10/2022
CUS01657,Radwa Wahba,Female,,2/3/1977,1139871880,radwa.wahba4@hotmail.com,Alexandria,Alexandria,Gold,8/3/2023
CUS02792,Adel Ibrahim,Male,,4/12/1974,1070107253,adel.ibrahim22@outlook.com,Ismailia,Canal Zone,Silver,4/7/2023
CUS00845,Khaled Bakr,Male,,12/6/1992,1056270369,khaled.bakr60@gmail.com,Cairo,Greater Cairo,Bronze,3/22/2021
CUS02596,Adel Ibrahim,Male,,4/22/2001,1095690045,adel.ibrahim55@hotmail.com,Hurghada,Red Sea,Silver,5/14/2022
CUS00548,Ashraf Hassan,Male,,12/7/1987,1275595812,ashraf.hassan91@outlook.com,Tanta,Nile Delta,Silver,2/14/2020
CUS02382,Nour Abdallah,Female,,12/1/1993,1221482568,nour.abdallah82@hotmail.com,Luxor,Upper Egypt,Bronze,6/5/2023
CUS00908,Shaimaa Shaaban,Female,,22/11/1975,1031183715,shaimaa.shaaban22@outlook.com,Giza,Greater Cairo,Silver,8/24/2021
CUS01321,Hussein Ismail,Male,,11/6/1984,1134365277,hussein.ismail32@hotmail.com,Cairo,Greater Cairo,Bronze,7/22/2022
CUS00264,Hazem Hafez,Male,,10/10/1980,1168517739,No_Email,Alexandria,Alexandria,Bronze,5/9/2021
CUS01809,Sara Ali,Female,,5/4/1972,1179945393,sara.ali54@outlook.com,Cairo,Greater Cairo,Bronze,2/27/2020
CUS02391,Heba Rizk,Female,,6/19/1997,1122869898,heba.rizk30@gmail.com,Giza,Greater Cairo,Platinum,10/13/2022
CUS02366,Nadia Saad,Female,,7/11/1990,1269954826,nadia.saad94@outlook.com,Cairo,Greater Cairo,Bronze,5/6/2022
CUS00354,Omar Shaaban,Male,,9/11/1985,1275895351,omar.shaaban59@hotmail.com,Cairo,Greater Cairo,Gold,7/20/2022
CUS02516,Sara Ibrahim,Female,,1/26/2002,1141264011,sara.ibrahim61@outlook.com,Port Said,Canal Zone,Silver,7/17/2022
CUS00209,Dalia Saad,Female,,12/22/1997,1144539133,dalia.saad43@gmail.com,Cairo,Greater Cairo,Bronze,5/6/2022
CUS00614,Yasmin Hafez,Female,,3/21/1974,1255608488,yasmin.hafez3@outlook.com,Cairo,Greater Cairo,Gold,1/20/2022
CUS01361,Walid Sayed,Male,,11/9/1990,1171543645,walid.sayed64@outlook.com,Suez,Canal Zone,Bronze,3/9/2020
CUS01747,Ashraf Hassan,Male,,20/09/1975,1025281129,ashraf.hassan34@hotmail.com,Cairo,Greater Cairo,Bronze,2/7/2023
CUS01570,Manar Attia,Female,,11/14/1999,1011260296,manar.attia92@outlook.com,Giza,Greater Cairo,Silver,2/21/2021
CUS01196,Nader Ismail,Male,,7/19/2002,1170214805,nader.ismail99@hotmail.com,Luxor,Upper Egypt,Silver,7/27/2021
CUS01672,Neveen Khalil,Female,,12/6/1985,1098672138,neveen.khalil71@yahoo.com,Luxor,Upper Egypt,Silver,11/15/2023
CUS01650,Ali Mahmoud,Male,,11/25/1977,1217433350,No_Email,Tanta,Nile Delta,Bronze,4/18/2023
CUS02171,Akram Amin,Male,,5/25/1975,1016867378,akram.amin21@yahoo.com,Tanta,Nile Delta,Bronze,8/7/2023
CUS00058,Fady Saad,Male,,10/21/1996,1035224301,fady.saad67@hotmail.com,Cairo,Greater Cairo,Bronze,9/26/2020
CUS01201,Mona Ahmed,Female,,8/16/1979,1232405926,mona.ahmed6@outlook.com,Zagazig,Nile Delta,Platinum,1/10/2023
CUS00812,Mahmoud Bakr,Male,,8/2/1994,1268343093,mahmoud.bakr32@outlook.com,Aswan,Upper Egypt,Bronze,11/11/2022
CUS02228,Ramy Fathy,Male,,11/4/2002,1013046687,No_Email,Alexandria,Alexandria,Silver,9/19/2021
CUS00562,Karim Wahba,Male,,3/21/1996,1210432769,karim.wahba90@gmail.com,Cairo,Greater Cairo,Gold,2/4/2023
CUS02553,Tarek Gouda,Male,,12/4/2002,1160133318,No_Email,Hurghada,Red Sea,Silver,2/17/2022
CUS00230,Hana Abdallah,Female,,4/18/1991,1097112459,hana.abdallah27@yahoo.com,Mansoura,Nile Delta,Silver,6/9/2022
CUS02551,Maged Gouda,Male,,12/12/1984,1126245985,maged.gouda54@hotmail.com,Giza,Greater Cairo,Silver,4/3/2023
CUS01798,Ayman Hamdy,Male,,2/16/1982,1078927204,ayman.hamdy3@yahoo.com,Cairo,Greater Cairo,Silver,4/13/2023
CUS02945,Amr Attia,Male,,11/7/1994,1181711841,amr.attia99@hotmail.com,Zagazig,Nile Delta,Bronze,12/10/2023
CUS00539,Ashraf Ahmed,Male,,5/22/1990,1165194233,ashraf.ahmed35@outlook.com,Giza,Greater Cairo,Gold,6/21/2021
CUS01351,Doha Ismail,Female,,5/8/1990,1096319246,doha.ismail56@hotmail.com,Luxor,Upper Egypt,Gold,11/23/2020
CUS01128,Youssef Farouk,Male,,1/8/1992,1049548494,youssef.farouk18@hotmail.com,Giza,Greater Cairo,Silver,9/4/2020
CUS02844,Heba Lotfy,Female,,9/21/1998,1152080163,heba.lotfy34@gmail.com,Port Said,Canal Zone,Bronze,10/27/2020
CUS01091,Ayman Ramadan,Male,,4/27/1983,1122003127,ayman.ramadan3@outlook.com,Port Said,Canal Zone,Bronze,11/11/2020
CUS01661,Magdy Saad,Male,,2/3/1975,1139067726,magdy.saad68@outlook.com,Mansoura,Nile Delta,Platinum,6/13/2021
CUS01197,Mahmoud Saad,Male,,3/7/1999,1268233507,mahmoud.saad1@hotmail.com,Ismailia,Canal Zone,Bronze,9/28/2021
CUS00708,Mohamed Ahmed,Male,,5/1/1970,1169735024,No_Email,Hurghada,Red Sea,Platinum,11/7/2021
CUS00425,Amr Mansour,Male,,10/16/1982,1234213769,amr.mansour51@yahoo.com,Cairo,Greater Cairo,Bronze,3/3/2020
CUS00070,Samah Hassan,Female,,9/7/1972,1260076822,samah.hassan3@gmail.com,Ismailia,Canal Zone,Gold,4/23/2021
CUS01024,Khaled Gouda,Male,,22/10/1983,1296240962,khaled.gouda32@yahoo.com,Ismailia,Canal Zone,Silver,1/25/2020
CUS01721,Mariam Nasser,Female,,1/23/1996,1190808054,mariam.nasser90@yahoo.com,Cairo,Greater Cairo,Silver,7/8/2022
CUS00648,Suzy Ramadan,Female,,3/1/1974,1270192392,suzy.ramadan19@gmail.com,Tanta,Nile Delta,Bronze,2/24/2022
CUS02598,Sherif Hafez,Male,,3/11/1986,1267683606,sherif.hafez96@gmail.com,Alexandria,Alexandria,Bronze,12/17/2023
CUS01358,Mahmoud Mahmoud,Male,,6/5/1995,1165616403,No_Email,Giza,Greater Cairo,Bronze,3/12/2020
CUS01568,Heba Fathy,Female,,2/28/2001,1113600484,heba.fathy74@hotmail.com,Cairo,Greater Cairo,Gold,3/9/2020
CUS02457,Ola Ahmed,Female,,4/10/1990,1175812955,ola.ahmed21@hotmail.com,Giza,Greater Cairo,Gold,4/23/2022
CUS02625,Hossam Gouda,Male,,11/27/1984,1260187647,hossam.gouda21@yahoo.com,Giza,Greater Cairo,Bronze,12/27/2023
CUS01675,Aisha Rizk,Female,,9/26/1992,1210938593,aisha.rizk9@hotmail.com,Hurghada,Red Sea,Platinum,3/20/2021
CUS01026,Mariam Ali,Female,,1/2/1985,1147331005,No_Email,Alexandria,Alexandria,Gold,10/2/2021
CUS00621,Khaled Gouda,Male,,20/01/1972,1098711501,khaled.gouda23@yahoo.com,Cairo,Greater Cairo,Silver,6/4/2021
CUS00950,Ghada Wahba,Female,,2/8/1974,1245478283,No_Email,Alexandria,Alexandria,Bronze,11/10/2022
CUS02860,Reem Younis,Female,,8/22/1977,1193920717,reem.younis97@gmail.com,Cairo,Greater Cairo,Silver,2/18/2023
CUS00953,Hossam Barakat,Male,,3/6/2003,1245140558,hossam.barakat50@hotmail.com,Cairo,Greater Cairo,Bronze,8/3/2020
CUS01592,Rania Ibrahim,Female,,4/26/1997,1296694511,No_Email,Sharm El Sheikh,South Sinai,Gold,6/27/2023
CUS01578,Wael Ahmed,Male,,4/20/1979,1240841253,wael.ahmed4@outlook.com,Mansoura,Nile Delta,Silver,12/8/2022
CUS00999,Ayman Shaaban,Male,,7/7/1990,1072818001,ayman.shaaban98@hotmail.com,Port Said,Canal Zone,Bronze,8/18/2021
CUS02971,Aisha Wahba,Female,,12/5/1993,1120989502,aisha.wahba95@yahoo.com,Giza,Greater Cairo,Platinum,7/25/2021
CUS02709,Mona Ramadan,Female,,6/25/1978,1041512912,mona.ramadan95@yahoo.com,Cairo,Greater Cairo,Gold,10/4/2020
CUS01462,Zeinab Sayed,Female,,10/10/1996,1265099159,No_Email,Mansoura,Nile Delta,Silver,9/28/2021
CUS00280,Samir Ismail,Male,,3/14/1996,1013861862,samir.ismail48@outlook.com,Hurghada,Red Sea,Bronze,1/16/2020
CUS01473,Reem Hamdy,Female,,20/12/1970,1168950875,No_Email,Luxor,Upper Egypt,Platinum,11/3/2023
CUS01576,Essam Ali,Male,,8/15/1998,1190013011,essam.ali53@yahoo.com,Cairo,Greater Cairo,Bronze,4/16/2023
CUS01577,Magdy Ibrahim,Male,,1/15/1975,1057994970,magdy.ibrahim5@outlook.com,Cairo,Greater Cairo,Bronze,5/7/2021
CUS02121,Akram Mahmoud,Male,,10/12/1989,1061552098,akram.mahmoud90@hotmail.com,Hurghada,Red Sea,Platinum,7/22/2022
CUS01045,Amr Shaaban,Male,,11/22/1997,1031469242,amr.shaaban24@outlook.com,Suez,Canal Zone,Silver,8/11/2023
CUS01724,Adel Amin,Male,,1/7/1985,1133657334,adel.amin9@outlook.com,Cairo,Greater Cairo,Bronze,5/10/2021
CUS00554,Bassem Hafez,Male,,12/28/1987,1299724136,bassem.hafez28@gmail.com,Alexandria,Alexandria,Bronze,3/6/2021
CUS00835,Salma Younis,Female,,7/13/1979,1285141628,No_Email,Alexandria,Alexandria,Silver,3/13/2023
CUS00658,Ayman Shaaban,Male,,7/3/1997,1113198965,ayman.shaaban64@hotmail.com,Giza,Greater Cairo,Bronze,9/27/2020
CUS00597,Yasmin Wahba,Female,,9/12/1990,1175128586,yasmin.wahba49@gmail.com,Mansoura,Nile Delta,Bronze,6/8/2020
CUS02224,Aisha Hafez,Female,,9/27/1972,1225073447,aisha.hafez91@yahoo.com,Cairo,Greater Cairo,Silver,11/17/2022
CUS00803,Ayman Salem,Male,,3/16/1974,1111023114,ayman.salem54@gmail.com,Alexandria,Alexandria,Bronze,3/7/2020
CUS02172,Ahmed Zaki,Male,,27/10/1998,1261043450,ahmed.zaki92@outlook.com,Cairo,Greater Cairo,Bronze,2/7/2021
CUS00731,Akram Younis,Male,,2/14/2001,1214149208,akram.younis99@gmail.com,Cairo,Greater Cairo,Bronze,5/13/2022
CUS02567,Hossam Barakat,Male,,10/5/1993,1291790169,No_Email,Cairo,Greater Cairo,Bronze,8/10/2021
CUS02765,Neveen Gamal,Female,,8/14/1989,1068327873,neveen.gamal66@gmail.com,Cairo,Greater Cairo,Silver,1/10/2021
CUS00441,Fatima Gamal,Female,,17/07/1988,1052207776,fatima.gamal13@hotmail.com,Cairo,Greater Cairo,Bronze,12/17/2023
CUS00509,Radwa Gouda,Female,,4/1/1989,1013537149,radwa.gouda88@gmail.com,Port Said,Canal Zone,Silver,1/13/2023
CUS00077,Doha Ramadan,Female,,2/28/1977,1011298197,doha.ramadan57@hotmail.com,Hurghada,Red Sea,Bronze,6/27/2020
CUS02341,Suzy Zaki,Female,,4/8/2001,1139916662,suzy.zaki32@outlook.com,Zagazig,Nile Delta,Silver,1/4/2023
CUS00650,Doha Hassan,Female,,12/25/1973,1188845892,doha.hassan94@yahoo.com,Alexandria,Alexandria,Silver,4/20/2021
CUS00523,Hazem Gamal,Male,,7/27/1983,1214375434,hazem.gamal10@yahoo.com,Ismailia,Canal Zone,Bronze,9/24/2023
CUS01557,Adel Sayed,Male,,3/8/1987,1161271419,adel.sayed67@yahoo.com,Mansoura,Nile Delta,Bronze,4/11/2021
CUS01717,Tamer Gamal,Male,,5/11/2001,1054955754,tamer.gamal67@outlook.com,Cairo,Greater Cairo,Bronze,12/20/2020
CUS01564,Manar Abdallah,Female,,3/13/1991,1028870433,manar.abdallah71@outlook.com,Cairo,Greater Cairo,Bronze,5/17/2022
CUS00655,Ibrahim Zaki,Male,,2/12/1988,1234215127,ibrahim.zaki20@hotmail.com,Giza,Greater Cairo,Gold,11/18/2023
CUS01237,Mohamed Amin,Male,,3/3/1979,1213239162,mohamed.amin95@gmail.com,Luxor,Upper Egypt,Gold,9/12/2021
CUS01612,Omar Bakr,Male,,5/5/1972,1052197020,omar.bakr84@outlook.com,Mansoura,Nile Delta,Bronze,8/3/2023
CUS02437,Walid Abdallah,Male,,19/01/1976,1298614349,walid.abdallah25@outlook.com,Giza,Greater Cairo,Bronze,9/22/2023
CUS01727,Nader Abdallah,Male,,22/03/1974,1282517098,nader.abdallah79@hotmail.com,Alexandria,Alexandria,Silver,10/23/2023
CUS00631,Tamer Ramadan,Male,,5/2/1982,1149795077,tamer.ramadan42@yahoo.com,Tanta,Nile Delta,Bronze,1/3/2022
CUS01317,Amira Amin,Female,,6/9/1974,1036330288,No_Email,Alexandria,Alexandria,Silver,6/21/2023
CUS02975,Mahmoud Barakat,Male,,12/15/1997,1252870052,mahmoud.barakat12@hotmail.com,Giza,Greater Cairo,Silver,11/17/2021
CUS01748,Radwa Mansour,Female,,18/07/1999,1121701669,No_Email,Cairo,Greater Cairo,Silver,3/1/2020
CUS00483,Ahmed Gamal,Male,,10/1/2000,1143220287,ahmed.gamal38@yahoo.com,Giza,Greater Cairo,Bronze,3/25/2021
CUS02009,Nader Hassan,Male,,12/9/1980,1039666825,nader.hassan64@hotmail.com,Cairo,Greater Cairo,Silver,6/11/2023
CUS02804,Ola Lotfy,Female,,12/5/1998,1117015048,ola.lotfy42@gmail.com,Ismailia,Canal Zone,Silver,8/10/2023
CUS02607,Lobna Hafez,Female,,3/22/1996,1160625447,lobna.hafez13@outlook.com,Cairo,Greater Cairo,Gold,9/15/2022
CUS01776,Rania Ragab,Female,,2/10/1977,1144600674,No_Email,Giza,Greater Cairo,Silver,1/25/2021
CUS00439,Rana Ahmed,Female,,11/14/1993,1046227990,rana.ahmed4@yahoo.com,Tanta,Nile Delta,Bronze,3/18/2022
CUS00970,Tarek Farouk,Male,,1/13/1971,1171535643,tarek.farouk28@yahoo.com,Alexandria,Alexandria,Bronze,1/3/2022
CUS01794,Hussein Wahba,Male,,10/27/1993,1266452768,hussein.wahba94@gmail.com,Tanta,Nile Delta,Bronze,6/1/2021
CUS02244,Engy Mansour,Female,,11/11/1984,1216933562,engy.mansour55@yahoo.com,Sharm El Sheikh,South Sinai,Silver,11/7/2023
CUS01614,Hazem Barakat,Male,,4/9/2002,1289711480,hazem.barakat15@outlook.com,Giza,Greater Cairo,Bronze,9/17/2021
CUS00857,Tamer Ramadan,Male,,8/23/2002,1027379520,tamer.ramadan83@hotmail.com,Cairo,Greater Cairo,Bronze,7/21/2020
CUS02779,Lobna Bakr,Female,,6/11/1980,1086797379,No_Email,Giza,Greater Cairo,Silver,2/5/2022
CUS00167,Emad Farouk,Male,,4/22/1984,1058219240,emad.farouk61@hotmail.com,Giza,Greater Cairo,Bronze,7/16/2021
CUS00060,Reham Shaaban,Female,,1/11/1977,1059991642,reham.shaaban71@hotmail.com,Giza,Greater Cairo,Gold,3/27/2022
CUS00612,Ashraf Ramadan,Male,,8/26/1995,1080920296,ashraf.ramadan5@hotmail.com,Hurghada,Red Sea,Bronze,5/19/2023
CUS00531,Heba Gamal,Female,,3/4/1988,1146755323,heba.gamal34@gmail.com,Aswan,Upper Egypt,Bronze,11/9/2021
CUS01784,Ramy Hassan,Male,,4/10/1972,1127767325,ramy.hassan79@yahoo.com,Mansoura,Nile Delta,Gold,4/5/2020
CUS00050,Hossam Salem,Male,,6/1/1973,1121761279,hossam.salem4@yahoo.com,Cairo,Greater Cairo,Platinum,11/10/2021
CUS02695,Fatima Mansour,Female,,3/22/1991,1259524021,fatima.mansour14@gmail.com,Ismailia,Canal Zone,Silver,6/12/2020
CUS02164,Salma Gamal,Female,,6/15/1974,1148500243,salma.gamal85@outlook.com,Aswan,Upper Egypt,Bronze,10/18/2020
CUS00859,Emad Mansour,Male,,6/9/1991,1134502256,emad.mansour46@hotmail.com,Alexandria,Alexandria,Silver,11/8/2021
CUS01766,Emad Abdallah,Male,,11/28/1976,1269729673,emad.abdallah69@hotmail.com,Giza,Greater Cairo,Gold,10/11/2020
CUS00049,Hoda Mohamed,Female,,11/6/1997,1268277389,hoda.mohamed90@hotmail.com,Alexandria,Alexandria,Bronze,5/8/2022
CUS00720,Essam Lotfy,Male,,7/23/1976,1293246092,essam.lotfy49@gmail.com,Zagazig,Nile Delta,Bronze,2/16/2023
CUS01232,Maged Ali,Male,,24/05/1982,1049449705,maged.ali78@gmail.com,Cairo,Greater Cairo,Bronze,8/14/2022
CUS01341,Shaimaa Bakr,Female,,23/08/1978,1091546931,shaimaa.bakr49@hotmail.com,Cairo,Greater Cairo,Bronze,4/20/2023
CUS02284,Salma Badawi,Female,,2/10/1979,1286974476,salma.badawi1@outlook.com,Cairo,Greater Cairo,Gold,10/2/2021
CUS01934,Ahmed Amin,Male,,11/24/1987,1160133229,ahmed.amin62@outlook.com,Mansoura,Nile Delta,Bronze,10/3/2023
CUS00633,Ramy Ibrahim,Male,,5/5/1984,1126572053,ramy.ibrahim19@hotmail.com,Alexandria,Alexandria,Bronze,1/21/2022
CUS02320,Walid Zaki,Male,,10/9/1993,1183293374,walid.zaki23@hotmail.com,Giza,Greater Cairo,Bronze,4/13/2023
CUS02245,Samah Gamal,Female,,10/20/1988,1172379893,samah.gamal18@gmail.com,Luxor,Upper Egypt,Silver,9/23/2020
CUS02163,Yasmin Bakr,Female,,12/14/1978,1291006265,yasmin.bakr14@gmail.com,Giza,Greater Cairo,Bronze,6/24/2020
CUS01069,Amira Ali,Female,,8/10/1991,1282592611,amira.ali96@gmail.com,Giza,Greater Cairo,Bronze,7/28/2022
CUS02578,Sherif Mohamed,Male,,7/5/1988,1031921179,sherif.mohamed43@outlook.com,Mansoura,Nile Delta,Bronze,1/16/2020
CUS00026,Nour Amin,Female,,7/4/1975,1192181084,nour.amin16@gmail.com,Hurghada,Red Sea,Bronze,12/1/2021
CUS02760,Hoda Hassan,Female,,7/18/1993,1226904243,hoda.hassan28@hotmail.com,Cairo,Greater Cairo,Gold,6/13/2022
CUS00220,Adel Gamal,Male,,1/18/1996,1035756766,adel.gamal98@yahoo.com,Aswan,Upper Egypt,Bronze,11/22/2023
CUS01346,Noha Badawi,Female,,8/5/1975,1164251790,No_Email,Giza,Greater Cairo,Bronze,1/16/2023
CUS00277,Nadia Mansour,Female,,5/7/1990,1065632768,nadia.mansour74@yahoo.com,Hurghada,Red Sea,Silver,1/18/2020
CUS02231,Ahmed Bakr,Male,,4/19/2002,1051915131,ahmed.bakr36@yahoo.com,Zagazig,Nile Delta,Bronze,9/17/2023
CUS01308,Mohamed Sayed,Male,,20/08/2000,1053942593,mohamed.sayed38@gmail.com,Hurghada,Red Sea,Silver,4/8/2021
CUS01642,Eman Younis,Female,,2/26/1988,1154853899,eman.younis86@hotmail.com,Aswan,Upper Egypt,Bronze,12/11/2023
CUS01049,Ghada Sayed,Female,,4/24/1982,1039935290,ghada.sayed69@yahoo.com,Luxor,Upper Egypt,Silver,2/27/2021
CUS02096,Yasmin Ibrahim,Female,,8/20/2003,1294399594,yasmin.ibrahim35@outlook.com,Hurghada,Red Sea,Bronze,6/19/2020
CUS02176,Lobna Fathy,Female,,10/3/1988,1222120516,lobna.fathy29@gmail.com,Aswan,Upper Egypt,Silver,2/2/2021
CUS02674,Karim Lotfy,Male,,6/2/2002,1198463964,karim.lotfy97@yahoo.com,Cairo,Greater Cairo,Silver,6/10/2021
CUS01548,Mona Fathy,Female,,12/20/1997,1081001456,mona.fathy15@hotmail.com,Alexandria,Alexandria,Silver,11/18/2021
CUS00298,Suzy Farouk,Female,,1/9/1973,1187363548,suzy.farouk61@gmail.com,Cairo,Greater Cairo,Bronze,10/21/2023
CUS01597,Hany Gouda,Male,,3/10/1996,1064427645,hany.gouda47@hotmail.com,Cairo,Greater Cairo,Bronze,1/8/2021
CUS01749,Hana Wahba,Female,,4/2/1975,1048923027,hana.wahba78@gmail.com,Hurghada,Red Sea,Silver,10/13/2020
CUS00959,Ghada Salem,Female,,9/2/1996,1146642579,ghada.salem76@yahoo.com,Cairo,Greater Cairo,Silver,5/18/2022
CUS01886,Samir Hafez,Male,,10/10/1993,1251679917,samir.hafez93@gmail.com,Alexandria,Alexandria,Bronze,7/5/2023
CUS01265,Tarek Wahba,Male,,15/07/1980,1128484479,tarek.wahba21@gmail.com,Cairo,Greater Cairo,Bronze,4/23/2020
CUS00350,Manar Zaki,Female,,1/10/1990,1214323017,manar.zaki81@outlook.com,Mansoura,Nile Delta,Bronze,4/13/2023
CUS01303,Ibrahim Ramadan,Male,,8/1/1974,1111762000,ibrahim.ramadan52@gmail.com,Cairo,Greater Cairo,Silver,2/8/2022
CUS00644,Heba Younis,Female,,8/6/1975,1115472438,No_Email,Giza,Greater Cairo,Bronze,12/8/2021
CUS01106,Eman Sayed,Female,,3/9/1983,1142238832,eman.sayed79@hotmail.com,Cairo,Greater Cairo,Bronze,11/5/2020
CUS01208,Rana Mohamed,Female,,23/12/1983,1281881946,No_Email,Giza,Greater Cairo,Silver,6/10/2021
CUS01996,Hana Abdallah,Female,,1/21/1993,1088448668,hana.abdallah34@hotmail.com,Mansoura,Nile Delta,Silver,8/18/2021
CUS01299,Salma Ramadan,Female,,5/27/1997,1018911205,salma.ramadan98@outlook.com,Mansoura,Nile Delta,Silver,2/12/2021
CUS02012,Hussein Fathy,Male,,5/22/1994,1049714236,hussein.fathy55@outlook.com,Cairo,Greater Cairo,Bronze,5/2/2023
CUS01777,Adel Mansour,Male,,8/7/1989,1299994804,adel.mansour91@yahoo.com,Tanta,Nile Delta,Silver,8/24/2021
CUS01103,Ola Wahba,Female,,12/8/1984,1064318314,ola.wahba30@gmail.com,Suez,Canal Zone,Gold,10/4/2020
CUS02413,Tarek Hamdy,Male,,7/4/1999,1293903804,tarek.hamdy63@yahoo.com,Alexandria,Alexandria,Bronze,10/24/2020
CUS01457,Manar Farouk,Female,,19/06/1975,1029457121,No_Email,Tanta,Nile Delta,Bronze,8/2/2021
CUS02149,Amira Ragab,Female,,8/2/2001,1144982485,No_Email,Alexandria,Alexandria,Bronze,12/20/2022
CUS00787,Hazem Amin,Male,,22/01/1996,1246683639,hazem.amin31@gmail.com,Alexandria,Alexandria,Silver,4/20/2023
CUS02739,Salma Barakat,Female,,1/27/1978,1089837128,salma.barakat57@outlook.com,Ismailia,Canal Zone,Bronze,8/28/2023
CUS00141,Adel Ismail,Male,,1/28/1993,1239231043,No_Email,Ismailia,Canal Zone,Bronze,10/4/2022
CUS00789,Manar Ismail,Female,,5/12/1986,1234744102,manar.ismail92@gmail.com,Alexandria,Alexandria,Bronze,4/24/2021
CUS01615,Hoda Gamal,Female,,9/27/1975,1257408537,hoda.gamal5@outlook.com,Giza,Greater Cairo,Silver,7/25/2022
CUS02068,Fatima Hassan,Female,,12/4/1970,1288092454,fatima.hassan44@yahoo.com,Cairo,Greater Cairo,Bronze,5/28/2021
CUS00715,Yasmin Hafez,Female,,10/5/1980,1063197220,yasmin.hafez6@gmail.com,Giza,Greater Cairo,Silver,5/18/2020
CUS01376,Hany Hamdy,Male,,16/03/1974,1047533969,hany.hamdy63@hotmail.com,Luxor,Upper Egypt,Bronze,6/25/2023
CUS01608,Nour Saad,Female,,3/21/1979,1250151738,nour.saad21@hotmail.com,Hurghada,Red Sea,Bronze,2/5/2022
CUS01745,Lobna Hassan,Female,,10/7/1981,1141346763,lobna.hassan12@yahoo.com,Giza,Greater Cairo,Bronze,9/2/2020
CUS02635,Adel Bakr,Male,,11/15/1986,1094044402,adel.bakr57@hotmail.com,Tanta,Nile Delta,Platinum,12/17/2022
CUS00619,Hazem Hamdy,Male,,5/17/2000,1071331294,hazem.hamdy13@hotmail.com,Hurghada,Red Sea,Bronze,5/27/2022
CUS00407,Walid Nasser,Male,,11/17/1989,1072150455,No_Email,Giza,Greater Cairo,Bronze,6/10/2023
CUS02483,Ayman Mansour,Male,,5/23/1977,1195425274,ayman.mansour43@yahoo.com,Port Said,Canal Zone,Gold,4/27/2023
CUS02108,Radwa Bakr,Female,,4/26/1980,1263339265,radwa.bakr79@gmail.com,Suez,Canal Zone,Bronze,1/27/2021
CUS01125,Ahmed Ibrahim,Male,,4/11/1993,1047276838,ahmed.ibrahim78@hotmail.com,Mansoura,Nile Delta,Bronze,10/23/2022
CUS01193,Khaled Ismail,Male,,7/12/1976,1148615169,khaled.ismail85@outlook.com,Giza,Greater Cairo,Gold,8/14/2022
CUS01966,Mohamed Amin,Male,,5/18/1996,1122439236,mohamed.amin39@gmail.com,Alexandria,Alexandria,Bronze,1/18/2022
CUS00498,Engy Ali,Female,,3/15/1992,1271518719,engy.ali65@yahoo.com,Cairo,Greater Cairo,Bronze,12/17/2022
CUS00343,Eman Abdallah,Female,,10/16/2002,1020926356,eman.abdallah50@hotmail.com,Cairo,Greater Cairo,Bronze,9/15/2023
CUS01917,Wael Farouk,Male,,4/25/1996,1010874185,wael.farouk60@gmail.com,Suez,Canal Zone,Silver,10/27/2020
CUS02304,Tarek Gamal,Male,,19/01/1974,1257187231,tarek.gamal19@outlook.com,Giza,Greater Cairo,Bronze,1/12/2022
CUS00783,Omar Barakat,Male,,2/16/1993,1150241177,omar.barakat12@yahoo.com,Cairo,Greater Cairo,Bronze,6/4/2020
CUS02033,Radwa Ramadan,Female,,11/7/1985,1287197710,radwa.ramadan9@outlook.com,Alexandria,Alexandria,Bronze,6/22/2021
CUS00304,Tarek Hafez,Male,,2/28/1978,1068936139,tarek.hafez61@hotmail.com,Mansoura,Nile Delta,Bronze,9/6/2022
CUS01732,Khaled Badawi,Male,,11/23/2001,1017507424,khaled.badawi61@yahoo.com,Mansoura,Nile Delta,Bronze,3/25/2020
CUS00665,Hassan Ibrahim,Male,,7/20/1985,1168801935,hassan.ibrahim65@yahoo.com,Cairo,Greater Cairo,Bronze,12/11/2021
CUS01836,Hazem Badawi,Male,,12/22/1975,1017464593,hazem.badawi28@outlook.com,Mansoura,Nile Delta,Bronze,10/7/2022
CUS01881,Maged Ragab,Male,,9/22/2003,1220638875,No_Email,Tanta,Nile Delta,Silver,10/14/2020
CUS02763,Mariam Ibrahim,Female,,10/27/1975,1045749728,mariam.ibrahim44@gmail.com,Mansoura,Nile Delta,Bronze,10/22/2023
CUS02749,Salma Saad,Female,,1/4/1987,1088249308,salma.saad41@hotmail.com,Aswan,Upper Egypt,Bronze,3/26/2022
CUS00085,Walid Nasser,Male,,4/23/1999,1124464073,walid.nasser16@outlook.com,Giza,Greater Cairo,Platinum,11/19/2023
CUS02249,Nader Ibrahim,Male,,11/7/1981,1137604821,nader.ibrahim48@outlook.com,Alexandria,Alexandria,Bronze,8/15/2023
CUS00942,Mariam Ismail,Female,,5/14/1990,1252465445,mariam.ismail99@gmail.com,Alexandria,Alexandria,Bronze,7/6/2023
CUS00962,Shaimaa Mohamed,Female,,4/4/1976,1023437484,shaimaa.mohamed88@gmail.com,Mansoura,Nile Delta,Bronze,6/26/2021
CUS00842,Fady Ahmed,Male,,25/07/1999,1094495057,fady.ahmed81@yahoo.com,Mansoura,Nile Delta,Bronze,12/12/2020
CUS01392,Doha Mohamed,Female,,9/7/1991,1135446515,doha.mohamed42@outlook.com,Cairo,Greater Cairo,Bronze,9/12/2021
CUS02416,Aisha Mahmoud,Female,,11/25/1981,1055934951,aisha.mahmoud13@gmail.com,Ismailia,Canal Zone,Bronze,3/12/2020
CUS02243,Akram Ramadan,Male,,12/14/1983,1220526520,akram.ramadan82@hotmail.com,Alexandria,Alexandria,Bronze,12/3/2021
CUS02783,Tarek Lotfy,Male,,6/4/1999,1083598596,tarek.lotfy40@gmail.com,Ismailia,Canal Zone,Bronze,4/10/2022
CUS00291,Maged Farouk,Male,,8/17/1979,1296869121,maged.farouk62@hotmail.com,Cairo,Greater Cairo,Gold,3/22/2021
CUS01869,Ibrahim Khalil,Male,,4/24/1981,1122730930,ibrahim.khalil33@hotmail.com,Cairo,Greater Cairo,Silver,11/4/2022
CUS02214,Radwa Lotfy,Female,,7/13/1998,1148451635,radwa.lotfy21@gmail.com,Ismailia,Canal Zone,Bronze,10/9/2023
CUS00605,Akram Gouda,Male,,11/10/1976,1238224904,akram.gouda22@yahoo.com,Cairo,Greater Cairo,Platinum,6/17/2021
CUS02687,Amira Ramadan,Female,,10/5/1981,1153117599,amira.ramadan59@yahoo.com,Cairo,Greater Cairo,Bronze,12/10/2021
CUS00917,Sara Barakat,Female,,12/9/1978,1282241369,sara.barakat94@gmail.com,Giza,Greater Cairo,Silver,8/27/2023
CUS02751,Noha Fathy,Female,,5/15/1980,1123904902,noha.fathy69@gmail.com,Giza,Greater Cairo,Gold,7/4/2022
CUS02835,Tamer Sayed,Male,,11/10/1981,1096665527,tamer.sayed66@gmail.com,Giza,Greater Cairo,Bronze,4/9/2020
CUS01089,Walid Barakat,Male,,2/6/1976,1239210851,walid.barakat69@gmail.com,Sharm El Sheikh,South Sinai,Silver,10/8/2020
CUS02234,Mona Khalil,Female,,9/1/1978,1070981857,mona.khalil38@hotmail.com,Luxor,Upper Egypt,Bronze,3/24/2020
CUS01352,Hossam Ali,Male,,9/8/1999,1027129638,hossam.ali14@hotmail.com,Alexandria,Alexandria,Bronze,4/10/2022
CUS00822,Ibrahim Ahmed,Male,,4/19/1982,1094674420,ibrahim.ahmed29@gmail.com,Cairo,Greater Cairo,Bronze,1/24/2023
CUS02508,Sara Mansour,Female,,26/11/1979,1098444685,sara.mansour96@hotmail.com,Giza,Greater Cairo,Silver,11/16/2021
CUS01001,Rania Ramadan,Female,,10/10/1971,1086995914,rania.ramadan68@gmail.com,Cairo,Greater Cairo,Bronze,3/2/2023
CUS02872,Hussein Attia,Male,,7/14/1994,1293616696,hussein.attia21@gmail.com,Port Said,Canal Zone,Bronze,4/10/2021
CUS00019,Tarek Khalil,Male,,7/21/1973,1141426254,tarek.khalil10@yahoo.com,Giza,Greater Cairo,Bronze,9/22/2021
CUS02998,Doha Mahmoud,Female,,6/7/1995,1122335410,doha.mahmoud89@outlook.com,Giza,Greater Cairo,Silver,3/27/2023
CUS01270,Hossam Zaki,Male,,11/6/1981,1163377272,No_Email,Giza,Greater Cairo,Bronze,3/7/2021
CUS01714,Osama Rizk,Male,,1/19/1991,1287518631,osama.rizk41@yahoo.com,Giza,Greater Cairo,Bronze,12/19/2023
CUS01310,Ola Lotfy,Female,,6/19/1991,1095813283,ola.lotfy12@hotmail.com,Aswan,Upper Egypt,Gold,1/7/2020
CUS01609,Mahmoud Fathy,Male,,19/02/2003,1043482786,mahmoud.fathy45@yahoo.com,Cairo,Greater Cairo,Gold,10/9/2022
CUS02855,Hany Saad,Male,,2/12/1996,1215604302,No_Email,Cairo,Greater Cairo,Bronze,10/5/2021
CUS01913,Radwa Fathy,Female,,7/19/1972,1052843211,radwa.fathy90@gmail.com,Sharm El Sheikh,South Sinai,Silver,8/28/2023
CUS02054,Noha Abdallah,Female,,2/24/1990,1155434240,noha.abdallah26@outlook.com,Port Said,Canal Zone,Bronze,4/16/2021
CUS01423,Shaimaa Shaaban,Female,,22/07/1993,1144321106,shaimaa.shaaban47@hotmail.com,Cairo,Greater Cairo,Bronze,6/8/2022
CUS02036,Suzy Ibrahim,Female,,26/11/1973,1251984383,suzy.ibrahim25@outlook.com,Giza,Greater Cairo,Bronze,2/5/2021
CUS00361,Karim Ibrahim,Male,,2/26/1984,1232532859,karim.ibrahim42@yahoo.com,Giza,Greater Cairo,Gold,9/13/2021
CUS02601,Dalia Nasser,Female,,3/11/1998,1010142112,dalia.nasser98@hotmail.com,Mansoura,Nile Delta,Bronze,3/18/2022
CUS01883,Khaled Rizk,Male,,7/23/1988,1115512465,khaled.rizk77@hotmail.com,Mansoura,Nile Delta,Silver,6/20/2022
CUS01158,Reham Bakr,Female,,11/6/1999,1116685457,reham.bakr88@outlook.com,Suez,Canal Zone,Silver,8/6/2021
CUS02276,Hoda Bakr,Female,,10/13/1971,1077614749,hoda.bakr68@outlook.com,Mansoura,Nile Delta,Silver,11/11/2023
CUS01638,Omar Ali,Male,,8/13/1992,1021756011,omar.ali52@hotmail.com,Cairo,Greater Cairo,Bronze,7/26/2022
CUS00345,Rana Hamdy,Female,,9/3/1986,1021278067,No_Email,Giza,Greater Cairo,Bronze,7/15/2022
CUS00987,Amira Farouk,Female,,6/1/1996,1196868831,amira.farouk50@yahoo.com,Tanta,Nile Delta,Bronze,2/3/2023
CUS01323,Ola Amin,Female,,8/21/1997,1273559266,ola.amin71@hotmail.com,Luxor,Upper Egypt,Gold,10/16/2021
CUS01790,Ibrahim Wahba,Male,,9/9/1983,1163502363,ibrahim.wahba71@gmail.com,Alexandria,Alexandria,Bronze,8/8/2022
CUS02324,Amr Lotfy,Male,,11/19/1973,1020369912,amr.lotfy30@yahoo.com,Giza,Greater Cairo,Bronze,7/4/2020
CUS02237,Heba Mahmoud,Female,,5/1/1973,1240931972,heba.mahmoud51@gmail.com,Suez,Canal Zone,Bronze,11/18/2020
CUS02704,Emad Nasser,Male,,1/26/1974,1159723427,emad.nasser59@hotmail.com,Cairo,Greater Cairo,Bronze,7/14/2020
CUS02710,Eman Ahmed,Female,,20/10/1971,1277789197,eman.ahmed91@gmail.com,Giza,Greater Cairo,Gold,11/23/2021
CUS00086,Hossam Hassan,Male,,12/2/2003,1268090825,hossam.hassan23@yahoo.com,Giza,Greater Cairo,Silver,2/13/2021
CUS02099,Samah Badawi,Female,,5/6/2002,1018275089,samah.badawi33@outlook.com,Hurghada,Red Sea,Bronze,11/16/2020
CUS00669,Essam Lotfy,Male,,11/20/1988,1170353847,essam.lotfy82@outlook.com,Cairo,Greater Cairo,Silver,3/15/2023
CUS01015,Dalia Hafez,Female,,20/09/2003,1197073528,dalia.hafez81@hotmail.com,Tanta,Nile Delta,Bronze,2/20/2021
CUS00129,Osama Gamal,Male,,7/4/1971,1191279039,osama.gamal37@hotmail.com,Cairo,Greater Cairo,Bronze,11/17/2022
CUS01952,Manar Mansour,Female,,8/27/1995,1094521185,manar.mansour32@hotmail.com,Cairo,Greater Cairo,Bronze,4/18/2021
CUS01207,Suzy Mostafa,Female,,7/23/1979,1137390284,suzy.mostafa1@outlook.com,Tanta,Nile Delta,Bronze,10/9/2022
CUS00892,Samir Barakat,Male,,6/11/1976,1131286722,samir.barakat91@hotmail.com,Luxor,Upper Egypt,Bronze,4/2/2020
CUS01898,Samah Nasser,Female,,4/3/1991,1154329591,samah.nasser36@gmail.com,Cairo,Greater Cairo,Silver,11/13/2021
CUS00308,Dina Ali,Female,,7/24/1991,1226912191,dina.ali40@hotmail.com,Giza,Greater Cairo,Gold,1/1/2021
CUS00384,Nader Farouk,Male,,11/11/1974,1161224263,nader.farouk30@yahoo.com,Luxor,Upper Egypt,Bronze,2/10/2022
CUS01912,Ali Amin,Male,,11/16/1995,1217709878,No_Email,Luxor,Upper Egypt,Gold,12/28/2022
CUS01379,Hany Bakr,Male,,15/10/1971,1238925378,No_Email,Giza,Greater Cairo,Gold,5/14/2020
CUS00427,Ahmed Hassan,Male,,9/24/1976,1121403835,ahmed.hassan21@hotmail.com,Giza,Greater Cairo,Bronze,8/5/2022
CUS00495,Ahmed Salem,Male,,9/4/1977,1037419830,ahmed.salem16@hotmail.com,Alexandria,Alexandria,Gold,8/6/2023
CUS02053,Zeinab Bakr,Female,,1/2/1996,1240691047,zeinab.bakr51@hotmail.com,Cairo,Greater Cairo,Bronze,11/5/2022
CUS02471,Youssef Shaaban,Male,,12/20/1979,1023503483,youssef.shaaban74@hotmail.com,Cairo,Greater Cairo,Bronze,8/10/2021
CUS02233,Ashraf Amin,Male,,3/16/1975,1140963485,ashraf.amin91@hotmail.com,Suez,Canal Zone,Gold,11/16/2022
CUS01314,Magdy Fathy,Male,,7/4/1997,1236081078,No_Email,Aswan,Upper Egypt,Silver,12/23/2020
CUS01360,Samir Mansour,Male,,12/5/1985,1133368501,samir.mansour59@yahoo.com,Alexandria,Alexandria,Bronze,2/24/2022
CUS00276,Mariam Hassan,Female,,4/21/1995,1152107027,mariam.hassan99@yahoo.com,Alexandria,Alexandria,Bronze,6/15/2023
CUS00490,Walid Sayed,Male,,5/20/1986,1133260196,walid.sayed88@yahoo.com,Suez,Canal Zone,Silver,3/14/2022
CUS01585,Hazem Hassan,Male,,1/1/2000,1120546948,hazem.hassan11@yahoo.com,Ismailia,Canal Zone,Bronze,3/22/2020
CUS00691,Walid Khalil,Male,,9/9/1989,1035494128,walid.khalil21@outlook.com,Giza,Greater Cairo,Bronze,6/4/2020
CUS01377,Ashraf Rizk,Male,,17/08/2003,1189011369,ashraf.rizk91@hotmail.com,Giza,Greater Cairo,Bronze,1/10/2020
CUS01205,Fady Mohamed,Male,,10/5/1989,1025830744,fady.mohamed98@gmail.com,Alexandria,Alexandria,Bronze,11/24/2023
CUS02989,Hana Abdallah,Female,,17/11/2001,1162678062,hana.abdallah74@hotmail.com,Tanta,Nile Delta,Bronze,1/1/2021
CUS02241,Dalia Hafez,Female,,6/22/1985,1289733241,dalia.hafez90@yahoo.com,Hurghada,Red Sea,Bronze,9/11/2021
CUS02115,Ashraf Hafez,Male,,7/10/1999,1156787483,ashraf.hafez65@gmail.com,Mansoura,Nile Delta,Bronze,12/9/2022
CUS01059,Adel Sayed,Male,,7/2/1970,1099096950,adel.sayed20@gmail.com,Alexandria,Alexandria,Bronze,6/6/2021
CUS00119,Rana Mahmoud,Female,,7/12/1987,1263035211,rana.mahmoud12@hotmail.com,Suez,Canal Zone,Bronze,6/27/2022
CUS01025,Amr Mostafa,Male,,1/16/2000,1150447664,amr.mostafa53@hotmail.com,Port Said,Canal Zone,Silver,8/26/2022
CUS02420,Dalia Nasser,Female,,2/27/2001,1236855559,No_Email,Giza,Greater Cairo,Bronze,11/1/2020
CUS00282,Mona Hassan,Female,,9/20/1986,1150601849,mona.hassan6@yahoo.com,Giza,Greater Cairo,Bronze,3/17/2022
CUS01566,Hassan Gouda,Male,,6/9/1989,1187028916,No_Email,Giza,Greater Cairo,Bronze,12/3/2021
CUS02373,Essam Lotfy,Male,,2/21/1982,1040695523,essam.lotfy52@outlook.com,Tanta,Nile Delta,Bronze,3/12/2020
CUS00969,Nour Ibrahim,Female,,12/15/1994,1145268115,nour.ibrahim35@yahoo.com,Alexandria,Alexandria,Silver,11/7/2021
CUS01209,Aisha Mostafa,Female,,25/06/1988,1291939357,aisha.mostafa9@hotmail.com,Cairo,Greater Cairo,Bronze,4/1/2023
CUS01240,Hoda Ali,Female,,1/22/1980,1225768498,hoda.ali89@hotmail.com,Cairo,Greater Cairo,Bronze,2/3/2021
CUS02487,Omar Salem,Male,,10/28/1979,1239392062,omar.salem92@outlook.com,Alexandria,Alexandria,Silver,10/18/2023
CUS02025,Eman Mostafa,Female,,11/23/1999,1162423804,eman.mostafa74@gmail.com,Giza,Greater Cairo,Gold,7/22/2020
CUS00305,Ashraf Hamdy,Male,,3/25/1985,1266602596,ashraf.hamdy59@hotmail.com,Zagazig,Nile Delta,Silver,8/5/2020
CUS01923,Fady Ramadan,Male,,11/24/1979,1070420361,No_Email,Mansoura,Nile Delta,Bronze,11/22/2021
CUS01422,Ayman Abdallah,Male,,12/26/1986,1270563375,ayman.abdallah4@hotmail.com,Alexandria,Alexandria,Gold,12/3/2023
CUS01581,Yasmin Barakat,Female,,6/8/1970,1165055720,yasmin.barakat4@outlook.com,Cairo,Greater Cairo,Silver,9/17/2023
CUS02275,Hoda Sayed,Female,,4/20/1978,1043146793,hoda.sayed44@yahoo.com,Port Said,Canal Zone,Bronze,6/26/2021
CUS02067,Ayman Gouda,Male,,27/01/1981,1034552779,ayman.gouda13@outlook.com,Cairo,Greater Cairo,Bronze,11/11/2023
CUS00576,Samah Attia,Female,,8/21/1970,1263915716,samah.attia15@outlook.com,Port Said,Canal Zone,Bronze,8/23/2022
CUS01950,Heba Ragab,Female,,5/23/1989,1287405259,heba.ragab93@gmail.com,Giza,Greater Cairo,Bronze,2/4/2020
CUS02616,Eman Attia,Female,,12/11/1997,1294529590,No_Email,Cairo,Greater Cairo,Bronze,12/8/2021
CUS02668,Adel Hafez,Male,,25/09/1993,1166835720,No_Email,Mansoura,Nile Delta,Bronze,7/17/2021
CUS02919,Hany Gamal,Male,,3/27/1988,1069185750,hany.gamal50@yahoo.com,Giza,Greater Cairo,Bronze,7/23/2021
CUS01242,Mona Younis,Female,,22/11/1999,1029695117,mona.younis61@outlook.com,Hurghada,Red Sea,Bronze,6/23/2022
CUS00844,Dina Fathy,Female,,7/2/2000,1085889571,dina.fathy51@hotmail.com,Ismailia,Canal Zone,Bronze,4/7/2020
CUS02937,Tamer Hamdy,Male,,13/10/1977,1128135309,tamer.hamdy50@gmail.com,Hurghada,Red Sea,Bronze,8/5/2023
CUS00270,Adel Ibrahim,Male,,22/06/1996,1222120705,adel.ibrahim74@gmail.com,Giza,Greater Cairo,Bronze,8/3/2022
CUS00630,Tamer Barakat,Male,,26/01/2003,1258674884,tamer.barakat21@gmail.com,Cairo,Greater Cairo,Gold,11/21/2021
CUS01034,Osama Ragab,Male,,8/3/1999,1226489417,osama.ragab2@outlook.com,Cairo,Greater Cairo,Bronze,3/25/2023
CUS00287,Samir Mostafa,Male,,19/06/1995,1053424580,samir.mostafa59@hotmail.com,Alexandria,Alexandria,Silver,6/2/2020
CUS02247,Mahmoud Shaaban,Male,,2/21/1998,1211881759,mahmoud.shaaban46@outlook.com,Cairo,Greater Cairo,Silver,5/6/2021
CUS00301,Mohamed Gamal,Male,,6/22/1986,1033449822,No_Email,Cairo,Greater Cairo,Bronze,2/20/2023
CUS01954,Hossam Fathy,Male,,2/2/1978,1197280272,No_Email,Zagazig,Nile Delta,Bronze,4/23/2021
CUS01890,Hana Nasser,Female,,16/11/1993,1265648320,hana.nasser98@gmail.com,Sharm El Sheikh,South Sinai,Bronze,12/19/2022
CUS01378,Ahmed Ragab,Male,,10/14/1978,1161415792,ahmed.ragab7@outlook.com,Alexandria,Alexandria,Silver,8/14/2021
CUS00066,Noha Younis,Female,,5/8/1976,1244715663,noha.younis43@gmail.com,Alexandria,Alexandria,Silver,6/8/2021
CUS02777,Karim Rizk,Male,,12/19/1971,1197755635,karim.rizk71@gmail.com,Cairo,Greater Cairo,Silver,12/28/2021
CUS00891,Hoda Farouk,Female,,5/2/2001,1090405385,No_Email,Zagazig,Nile Delta,Bronze,10/1/2023
CUS01560,Tamer Ali,Male,,9/17/1988,1262982698,tamer.ali74@yahoo.com,Suez,Canal Zone,Silver,4/27/2020
CUS01845,Sherif Wahba,Male,,9/6/1996,1184570966,sherif.wahba28@yahoo.com,Port Said,Canal Zone,Silver,1/10/2021
CUS01808,Ibrahim Mahmoud,Male,,2/6/1997,1025541386,ibrahim.mahmoud88@outlook.com,Cairo,Greater Cairo,Silver,6/18/2022
CUS01382,Yasmin Amin,Female,,8/21/1982,1230946019,yasmin.amin9@outlook.com,Giza,Greater Cairo,Silver,7/25/2023
CUS00231,Ali Ibrahim,Male,,6/15/1993,1177303492,ali.ibrahim69@hotmail.com,Hurghada,Red Sea,Silver,10/12/2023
CUS00504,Amr Barakat,Male,,4/27/2001,1086553774,amr.barakat18@gmail.com,Aswan,Upper Egypt,Bronze,7/21/2023
CUS01271,Hoda Ahmed,Female,,11/18/1991,1119045273,hoda.ahmed26@hotmail.com,Tanta,Nile Delta,Bronze,7/10/2022
CUS02186,Sara Farouk,Female,,4/2/1988,1032651348,sara.farouk51@yahoo.com,Port Said,Canal Zone,Silver,9/8/2021
CUS01513,Samah Lotfy,Female,,1/2/1975,1280657083,samah.lotfy16@outlook.com,Port Said,Canal Zone,Silver,7/27/2021
CUS01290,Rana Shaaban,Female,,9/9/1983,1278682759,rana.shaaban3@outlook.com,Cairo,Greater Cairo,Bronze,2/5/2023
CUS01005,Ibrahim Wahba,Male,,4/13/1980,1023243302,ibrahim.wahba71@yahoo.com,Hurghada,Red Sea,Platinum,12/3/2021
CUS00837,Aisha Younis,Female,,6/14/1970,1225811556,aisha.younis4@yahoo.com,Suez,Canal Zone,Bronze,10/25/2023
CUS01613,Radwa Mohamed,Female,,1/24/2002,1215092490,radwa.mohamed94@gmail.com,Alexandria,Alexandria,Silver,12/7/2020
CUS00375,Manar Zaki,Female,,3/27/1970,1110211873,manar.zaki37@outlook.com,Cairo,Greater Cairo,Bronze,3/12/2021
CUS01506,Neveen Khalil,Female,,8/18/1977,1254005745,neveen.khalil67@hotmail.com,Giza,Greater Cairo,Platinum,3/18/2020
CUS02529,Ahmed Sayed,Male,,6/4/1994,1280102161,No_Email,Cairo,Greater Cairo,Bronze,8/25/2020
CUS01865,Ayman Saad,Male,,7/24/1995,1043237682,ayman.saad74@outlook.com,Ismailia,Canal Zone,Silver,2/11/2022
CUS02462,Omar Mohamed,Male,,10/19/1972,1185032591,omar.mohamed73@yahoo.com,Suez,Canal Zone,Bronze,7/21/2020
CUS02107,Lobna Ragab,Female,,10/28/1999,1216895902,lobna.ragab21@outlook.com,Luxor,Upper Egypt,Silver,10/9/2021
CUS00752,Hossam Ismail,Male,,4/14/1971,1229752845,hossam.ismail39@outlook.com,Port Said,Canal Zone,Gold,3/1/2021
CUS00100,Neveen Hassan,Female,,2/2/1979,1086868988,neveen.hassan96@hotmail.com,Cairo,Greater Cairo,Gold,7/21/2021
CUS02925,Youssef Ahmed,Male,,4/13/1989,1232491709,youssef.ahmed64@hotmail.com,Giza,Greater Cairo,Silver,12/15/2020
CUS00867,Radwa Ragab,Female,,6/28/1973,1277973150,radwa.ragab22@yahoo.com,Cairo,Greater Cairo,Silver,12/11/2023
CUS00911,Manar Mansour,Female,,11/2/1988,1266590557,manar.mansour32@hotmail.com,Alexandria,Alexandria,Bronze,1/9/2023
CUS01386,Ali Mostafa,Male,,3/9/1982,1259605688,ali.mostafa7@gmail.com,Giza,Greater Cairo,Bronze,2/11/2020
CUS00530,Akram Barakat,Male,,7/10/2002,1161548700,akram.barakat95@yahoo.com,Luxor,Upper Egypt,Silver,9/9/2023
CUS00637,Hossam Farouk,Male,,11/9/1997,1075479724,hossam.farouk86@outlook.com,Alexandria,Alexandria,Silver,10/4/2020
CUS00186,Shaimaa Mohamed,Female,,11/7/1989,1136918105,shaimaa.mohamed16@hotmail.com,Mansoura,Nile Delta,Bronze,3/9/2021
CUS02120,Rana Gamal,Female,,11/2/1980,1040721069,rana.gamal59@outlook.com,Suez,Canal Zone,Silver,3/12/2020
CUS02608,Mahmoud Abdallah,Male,,11/8/1972,1227028687,mahmoud.abdallah60@hotmail.com,Cairo,Greater Cairo,Silver,10/1/2021
CUS00932,Samah Khalil,Female,,12/8/1974,1211693235,samah.khalil50@yahoo.com,Aswan,Upper Egypt,Silver,5/11/2020
CUS01447,Amr Ibrahim,Male,,6/4/1973,1042825252,amr.ibrahim1@gmail.com,Tanta,Nile Delta,Silver,9/22/2021
CUS02333,Mohamed Lotfy,Male,,4/21/1976,1025214279,mohamed.lotfy12@gmail.com,Mansoura,Nile Delta,Gold,3/1/2023
CUS01463,Nour Shaaban,Female,,3/23/2003,1025277822,No_Email,Cairo,Greater Cairo,Silver,6/7/2023
CUS02439,Rana Hamdy,Female,,9/22/1980,1160658162,rana.hamdy87@outlook.com,Alexandria,Alexandria,Bronze,3/21/2021
CUS02104,Aisha Fathy,Female,,2/26/1990,1021686682,aisha.fathy18@outlook.com,Tanta,Nile Delta,Gold,11/10/2022
CUS00608,Doha Ismail,Female,,10/17/1983,1146770694,doha.ismail93@outlook.com,Giza,Greater Cairo,Silver,11/13/2020
CUS01408,Fatima Mahmoud,Female,,1/24/1973,1089098923,No_Email,Hurghada,Red Sea,Silver,9/4/2023
CUS00152,Adel Hassan,Male,,7/4/1989,1112912708,adel.hassan66@yahoo.com,Cairo,Greater Cairo,Bronze,1/15/2020
CUS02011,Nader Sayed,Male,,25/05/1977,1228029931,nader.sayed35@hotmail.com,Cairo,Greater Cairo,Bronze,11/23/2020
CUS02178,Samah Salem,Female,,10/12/1980,1023970985,No_Email,Mansoura,Nile Delta,Bronze,12/25/2023
CUS00732,Ghada Zaki,Female,,28/05/1990,1178644309,ghada.zaki72@yahoo.com,Aswan,Upper Egypt,Silver,6/3/2023
CUS01403,Hana Rizk,Female,,6/20/1999,1184666074,hana.rizk92@yahoo.com,Cairo,Greater Cairo,Silver,8/3/2022
CUS01673,Emad Ahmed,Male,,8/13/1989,1055615554,No_Email,Luxor,Upper Egypt,Gold,2/4/2020
CUS02775,Hazem Barakat,Male,,6/25/1979,1295151238,hazem.barakat70@gmail.com,Alexandria,Alexandria,Bronze,8/1/2021
CUS00024,Zeinab Hamdy,Female,,8/25/1981,1012240013,zeinab.hamdy51@hotmail.com,Giza,Greater Cairo,Bronze,7/23/2023
CUS01737,Fady Saad,Male,,7/9/1980,1075523712,fady.saad11@yahoo.com,Giza,Greater Cairo,Platinum,4/28/2020
CUS00159,Tarek Salem,Male,,24/02/1975,1042621391,tarek.salem2@hotmail.com,Cairo,Greater Cairo,Bronze,5/15/2020
CUS00862,Hossam Barakat,Male,,7/28/1986,1253537057,hossam.barakat34@yahoo.com,Giza,Greater Cairo,Silver,4/10/2020
CUS00903,Suzy Gouda,Female,,4/8/1987,1053260996,suzy.gouda76@hotmail.com,Cairo,Greater Cairo,Gold,10/15/2020
CUS01499,Engy Saad,Female,,7/3/1995,1151126010,engy.saad83@outlook.com,Giza,Greater Cairo,Bronze,11/1/2023
CUS01231,Youssef Ibrahim,Male,,6/2/2001,1066243095,youssef.ibrahim19@hotmail.com,Suez,Canal Zone,Silver,10/7/2020
CUS02291,Mariam Abdallah,Female,,1/13/2000,1293613691,mariam.abdallah40@yahoo.com,Mansoura,Nile Delta,Bronze,7/21/2022
CUS00445,Ola Mahmoud,Female,,3/23/1974,1144620670,ola.mahmoud18@gmail.com,Aswan,Upper Egypt,Gold,1/12/2023
CUS02986,Ibrahim Fathy,Male,,11/24/1982,1017110750,ibrahim.fathy56@hotmail.com,Ismailia,Canal Zone,Bronze,9/9/2020
CUS00755,Ahmed Sayed,Male,,12/23/1979,1246186255,ahmed.sayed58@outlook.com,Cairo,Greater Cairo,Bronze,10/15/2022
CUS00924,Radwa Abdallah,Female,,6/9/1985,1161171904,radwa.abdallah90@hotmail.com,Hurghada,Red Sea,Silver,2/13/2020
CUS02214,Radwa Lotfy,Female,,7/13/1998,1148451635,radwa.lotfy21@gmail.com,Ismailia,Canal Zone,Bronze,10/9/2023
CUS02305,Ali Wahba,Male,,11/17/1987,1011777607,ali.wahba40@gmail.com,Port Said,Canal Zone,Bronze,11/20/2021
CUS00312,Manar Rizk,Female,,11/14/2001,1175705089,manar.rizk63@outlook.com,Cairo,Greater Cairo,Gold,12/17/2021
CUS00549,Ahmed Khalil,Male,,12/4/2003,1036490232,ahmed.khalil22@outlook.com,Alexandria,Alexandria,Silver,12/28/2021
CUS02167,Karim Khalil,Male,,11/24/1987,1072275316,karim.khalil99@yahoo.com,Mansoura,Nile Delta,Platinum,10/15/2023
CUS01764,Wael Lotfy,Male,,28/05/2002,1077086297,wael.lotfy87@hotmail.com,Alexandria,Alexandria,Gold,5/11/2022
CUS00307,Shaimaa Bakr,Female,,1/27/1992,1180839007,shaimaa.bakr70@outlook.com,Alexandria,Alexandria,Silver,11/13/2022
CUS00288,Doha Abdallah,Female,,1/26/1983,1247977444,doha.abdallah49@gmail.com,Alexandria,Alexandria,Bronze,5/6/2023
CUS00695,Tamer Bakr,Male,,9/16/1975,1190879572,No_Email,Cairo,Greater Cairo,Silver,4/26/2023
CUS00309,Osama Amin,Male,,12/14/1989,1224823261,osama.amin16@gmail.com,Hurghada,Red Sea,Silver,8/10/2020
CUS02358,Khaled Nasser,Male,,9/24/1986,1099541491,khaled.nasser73@yahoo.com,Cairo,Greater Cairo,Gold,1/26/2022
CUS00750,Mahmoud Ibrahim,Male,,3/1/1994,1171843865,mahmoud.ibrahim93@outlook.com,Mansoura,Nile Delta,Bronze,11/17/2023
CUS01503,Maged Wahba,Male,,3/9/1991,1150162276,maged.wahba34@hotmail.com,Cairo,Greater Cairo,Gold,1/24/2020
CUS02476,Essam Bakr,Male,,2/3/1982,1256696130,essam.bakr18@gmail.com,Luxor,Upper Egypt,Silver,6/15/2023
CUS00909,Hoda Ahmed,Female,,1/19/1987,1140781126,hoda.ahmed55@gmail.com,Cairo,Greater Cairo,Bronze,7/2/2022
CUS02977,Khaled Fathy,Male,,3/26/1997,1155994637,khaled.fathy12@yahoo.com,Aswan,Upper Egypt,Gold,7/25/2022
CUS02418,Sara Ramadan,Female,,19/03/1996,1156603072,sara.ramadan7@yahoo.com,Cairo,Greater Cairo,Bronze,4/28/2022
CUS01345,Hany Ahmed,Male,,6/4/1971,1294378401,hany.ahmed52@yahoo.com,Zagazig,Nile Delta,Silver,6/25/2022
CUS02535,Aisha Barakat,Female,,5/11/1980,1096567401,aisha.barakat6@yahoo.com,Zagazig,Nile Delta,Bronze,7/1/2021
CUS00971,Doha Rizk,Female,,7/6/1978,1124195922,doha.rizk85@yahoo.com,Mansoura,Nile Delta,Bronze,4/10/2021
CUS00014,Ramy Ramadan,Male,,10/5/1980,1037775381,ramy.ramadan22@hotmail.com,Cairo,Greater Cairo,Bronze,5/19/2022
CUS00874,Maged Bakr,Male,,12/12/1986,1294253102,maged.bakr5@hotmail.com,Giza,Greater Cairo,Silver,10/3/2021
CUS00809,Ghada Mohamed,Female,,1/25/1972,1099238969,No_Email,Giza,Greater Cairo,Silver,12/26/2021
CUS02622,Hoda Abdallah,Female,,2/5/1975,1124363661,hoda.abdallah13@outlook.com,Suez,Canal Zone,Gold,7/8/2023
CUS00515,Bassem Lotfy,Male,,1/8/1998,1060912405,bassem.lotfy70@hotmail.com,Cairo,Greater Cairo,Gold,10/25/2020
CUS02452,Radwa Ibrahim,Female,,10/26/1988,1086043270,No_Email,Ismailia,Canal Zone,Silver,6/27/2023
CUS00410,Samir Ali,Male,,7/14/1978,1254454724,samir.ali86@hotmail.com,Cairo,Greater Cairo,Silver,7/16/2020
CUS02283,Engy Mansour,Female,,3/18/1974,1052623801,No_Email,Alexandria,Alexandria,Gold,8/28/2021
CUS02297,Ramy Farouk,Male,,2/5/1996,1164013875,ramy.farouk97@hotmail.com,Cairo,Greater Cairo,Silver,12/21/2023
CUS02410,Omar Ragab,Male,,2/10/2002,1010748660,omar.ragab2@gmail.com,Giza,Greater Cairo,Gold,9/3/2023
CUS01287,Essam Mostafa,Male,,10/17/1998,1213620505,essam.mostafa74@gmail.com,Cairo,Greater Cairo,Silver,12/27/2020
CUS01407,Tamer Fathy,Male,,7/21/1977,1017653101,tamer.fathy54@yahoo.com,Aswan,Upper Egypt,Silver,10/23/2023
CUS01538,Adel Khalil,Male,,4/22/1991,1067639002,adel.khalil98@yahoo.com,Tanta,Nile Delta,Bronze,11/19/2022
CUS00383,Hassan Sayed,Male,,12/1/1997,1053822194,hassan.sayed61@gmail.com,Mansoura,Nile Delta,Silver,9/21/2021
CUS01645,Amira Gamal,Female,,28/07/2003,1198752010,amira.gamal50@outlook.com,Cairo,Greater Cairo,Bronze,5/23/2020
CUS02223,Mohamed Bakr,Male,,9/26/2002,1291607781,mohamed.bakr6@gmail.com,Cairo,Greater Cairo,Bronze,1/7/2022
CUS02507,Reham Ragab,Female,,12/16/1983,1041725009,reham.ragab68@gmail.com,Luxor,Upper Egypt,Bronze,4/17/2022
CUS02059,Ahmed Zaki,Male,,14/09/1983,1231309629,No_Email,Mansoura,Nile Delta,Bronze,6/19/2022
CUS01420,Ahmed Ibrahim,Male,,7/27/2002,1214849141,No_Email,Port Said,Canal Zone,Bronze,3/6/2022
CUS00553,Shaimaa Hamdy,Female,,5/18/1995,1296114007,shaimaa.hamdy36@yahoo.com,Alexandria,Alexandria,Bronze,10/4/2022
CUS00223,Ashraf Ismail,Male,,4/3/1994,1188529753,ashraf.ismail59@yahoo.com,Cairo,Greater Cairo,Bronze,6/5/2023
CUS01097,Zeinab Lotfy,Female,,11/1/1996,1049592252,zeinab.lotfy91@outlook.com,Cairo,Greater Cairo,Silver,1/4/2020
CUS02642,Fady Badawi,Male,,9/1/1978,1041944189,fady.badawi6@gmail.com,Cairo,Greater Cairo,Silver,6/19/2020
CUS00009,Hossam Barakat,Male,,13/10/1990,1262686364,hossam.barakat87@hotmail.com,Mansoura,Nile Delta,Bronze,11/5/2020
CUS01546,Wael Younis,Male,,9/12/1977,1252861321,wael.younis37@hotmail.com,Alexandria,Alexandria,Bronze,1/4/2023
CUS00317,Shaimaa Mostafa,Female,,4/20/1975,1287424245,shaimaa.mostafa65@gmail.com,Giza,Greater Cairo,Bronze,11/18/2020
CUS00428,Emad Mostafa,Male,,1/4/1971,1249827566,No_Email,Suez,Canal Zone,Bronze,1/8/2021
CUS01398,Tamer Saad,Male,,10/4/1979,1248959030,tamer.saad85@outlook.com,Cairo,Greater Cairo,Silver,8/4/2023
CUS00106,Tamer Gouda,Male,,1/8/1992,1141104946,tamer.gouda47@outlook.com,Cairo,Greater Cairo,Bronze,8/2/2023
CUS02015,Tamer Rizk,Male,,8/18/1985,1046293441,tamer.rizk50@hotmail.com,Alexandria,Alexandria,Bronze,9/27/2020
CUS00143,Hussein Abdallah,Male,,4/11/2001,1296522918,hussein.abdallah89@outlook.com,Alexandria,Alexandria,Bronze,12/5/2022
CUS00122,Osama Amin,Male,,2/13/1988,1255901507,osama.amin74@hotmail.com,Suez,Canal Zone,Gold,12/22/2021
CUS02409,Ali Gamal,Male,,2/11/1972,1040511801,ali.gamal23@outlook.com,Ismailia,Canal Zone,Bronze,10/15/2022
CUS02913,Hassan Attia,Male,,19/09/2001,1124326552,hassan.attia69@gmail.com,Zagazig,Nile Delta,Bronze,6/9/2020
CUS01190,Hassan Farouk,Male,,1/23/1994,1066354268,hassan.farouk5@hotmail.com,Tanta,Nile Delta,Bronze,5/13/2023
CUS01981,Ayman Barakat,Male,,11/9/2000,1218031842,ayman.barakat30@gmail.com,Cairo,Greater Cairo,Silver,8/20/2023
CUS02644,Yasmin Ahmed,Female,,15/01/1982,1018242865,yasmin.ahmed95@yahoo.com,Mansoura,Nile Delta,Silver,4/28/2021
CUS01433,Mona Mahmoud,Female,,6/4/1984,1073973063,mona.mahmoud97@yahoo.com,Alexandria,Alexandria,Gold,12/2/2023
CUS00116,Adel Gamal,Male,,12/5/1995,1225983420,adel.gamal28@outlook.com,Luxor,Upper Egypt,Silver,9/20/2022
CUS02112,Bassem Gamal,Male,,7/11/1982,1278127411,No_Email,Cairo,Greater Cairo,Platinum,7/2/2020
CUS01994,Osama Mohamed,Male,,3/28/1999,1143994823,osama.mohamed12@outlook.com,Cairo,Greater Cairo,Platinum,10/27/2020
CUS02179,Ali Mansour,Male,,1/10/1994,1189341174,ali.mansour26@gmail.com,Tanta,Nile Delta,Bronze,3/10/2023
CUS02845,Wael Mostafa,Male,,6/11/1998,1044963280,wael.mostafa70@hotmail.com,Alexandria,Alexandria,Gold,4/20/2020
CUS02997,Ghada Mohamed,Female,,11/19/2001,1141667840,ghada.mohamed94@hotmail.com,Cairo,Greater Cairo,Gold,2/20/2023
CUS01671,Ibrahim Gamal,Male,,6/27/1970,1097804827,ibrahim.gamal54@gmail.com,Giza,Greater Cairo,Gold,2/11/2021
CUS01875,Nader Salem,Male,,20/10/1997,1026669562,nader.salem17@outlook.com,Zagazig,Nile Delta,Bronze,4/8/2023
CUS00673,Zeinab Ahmed,Female,,4/11/1982,1231034514,zeinab.ahmed4@yahoo.com,Cairo,Greater Cairo,Bronze,10/22/2023
CUS01813,Adel Salem,Male,,12/6/1983,1259075413,adel.salem11@yahoo.com,Cairo,Greater Cairo,Bronze,4/27/2021
CUS02755,Magdy Mahmoud,Male,,9/22/1987,1258225405,magdy.mahmoud23@yahoo.com,Suez,Canal Zone,Silver,3/20/2022
CUS00592,Hoda Lotfy,Female,,7/9/1974,1282120748,hoda.lotfy4@outlook.com,Mansoura,Nile Delta,Bronze,12/2/2023
CUS01469,Adel Hamdy,Male,,3/21/1999,1114309791,adel.hamdy14@outlook.com,Luxor,Upper Egypt,Gold,11/25/2023
CUS00889,Fatima Nasser,Female,,3/25/1992,1288310524,fatima.nasser16@yahoo.com,Cairo,Greater Cairo,Gold,4/14/2022
CUS01832,Samah Salem,Female,,14/03/1989,1172164834,samah.salem87@hotmail.com,Mansoura,Nile Delta,Bronze,9/16/2022
CUS01432,Samah Mansour,Female,,2/23/1992,1080272722,samah.mansour45@hotmail.com,Alexandria,Alexandria,Bronze,6/3/2022
CUS02821,Ghada Gouda,Female,,2/16/1994,1160246656,ghada.gouda47@yahoo.com,Port Said,Canal Zone,Bronze,7/1/2023
CUS00214,Magdy Ismail,Male,,1/7/1978,1089583788,magdy.ismail64@outlook.com,Cairo,Greater Cairo,Bronze,1/11/2020
CUS00779,Karim Gouda,Male,,11/1/1992,1168035954,karim.gouda25@outlook.com,Zagazig,Nile Delta,Gold,12/8/2020
CUS01744,Dalia Ismail,Female,,24/09/1971,1228991345,dalia.ismail31@yahoo.com,Cairo,Greater Cairo,Platinum,3/24/2020
CUS00801,Emad Hassan,Male,,12/12/1997,1170714168,emad.hassan74@gmail.com,Tanta,Nile Delta,Gold,4/6/2022
CUS02796,Nader Ibrahim,Male,,2/12/1977,1183169150,nader.ibrahim64@gmail.com,Alexandria,Alexandria,Gold,11/12/2022
CUS01772,Mona Ahmed,Female,,8/1/1975,1184649979,mona.ahmed82@hotmail.com,Hurghada,Red Sea,Silver,7/3/2023
CUS02211,Youssef Badawi,Male,,3/24/1972,1151877379,youssef.badawi74@gmail.com,Zagazig,Nile Delta,Platinum,9/10/2022
CUS02321,Reem Gouda,Female,,21/06/1992,1259057227,reem.gouda70@outlook.com,Suez,Canal Zone,Gold,1/1/2022
CUS02707,Ibrahim Ali,Male,,2/21/1995,1153703517,ibrahim.ali41@hotmail.com,Cairo,Greater Cairo,Silver,2/28/2021
CUS02757,Amr Ibrahim,Male,,10/11/1977,1069675299,amr.ibrahim56@outlook.com,Alexandria,Alexandria,Platinum,11/14/2023
CUS00274,Reem Zaki,Female,,3/15/1983,1252571763,No_Email,Suez,Canal Zone,Silver,8/16/2020
CUS00072,Ola Ismail,Female,,7/1/1980,1040107903,ola.ismail22@gmail.com,Cairo,Greater Cairo,Silver,12/21/2022
CUS01868,Sherif Hafez,Male,,6/22/1971,1234618684,sherif.hafez68@outlook.com,Cairo,Greater Cairo,Bronze,7/25/2022
CUS01088,Magdy Mahmoud,Male,,11/1/1999,1281017405,magdy.mahmoud35@yahoo.com,Cairo,Greater Cairo,Gold,8/25/2023
CUS00395,Doha Mostafa,Female,,19/03/1972,1097595925,No_Email,Giza,Greater Cairo,Bronze,9/10/2020
CUS00584,Bassem Gouda,Male,,11/6/1970,1156488499,bassem.gouda69@yahoo.com,Giza,Greater Cairo,Bronze,5/13/2023
CUS02051,Samir Lotfy,Male,,26/11/1992,1265446571,samir.lotfy43@hotmail.com,Giza,Greater Cairo,Bronze,12/7/2023
CUS02267,Amira Gouda,Female,,3/26/1979,1267767878,amira.gouda45@gmail.com,Alexandria,Alexandria,Bronze,4/16/2021
CUS00501,Essam Bakr,Male,,26/12/1984,1024150817,essam.bakr54@gmail.com,Tanta,Nile Delta,Bronze,10/9/2020
CUS00899,Ramy Ibrahim,Male,,4/27/2003,1073753876,ramy.ibrahim13@hotmail.com,Cairo,Greater Cairo,Bronze,11/19/2022
CUS02259,Essam Hassan,Male,,11/5/1973,1243190318,essam.hassan51@yahoo.com,Giza,Greater Cairo,Bronze,5/14/2023
CUS02855,Hany Saad,Male,,2/12/1996,1215604302,No_Email,Cairo,Greater Cairo,Bronze,10/5/2021
CUS02786,Nour Hamdy,Female,,24/06/1975,1186848845,nour.hamdy44@gmail.com,Cairo,Greater Cairo,Silver,10/12/2022
CUS01539,Ayman Gamal,Male,,6/19/1994,1074613595,ayman.gamal91@yahoo.com,Cairo,Greater Cairo,Bronze,4/25/2022
CUS01260,Eman Younis,Female,,4/10/1978,1198562616,eman.younis87@outlook.com,Alexandria,Alexandria,Bronze,6/28/2022
CUS01682,Adel Saad,Male,,8/22/1990,1298509557,adel.saad6@outlook.com,Ismailia,Canal Zone,Bronze,10/27/2023
CUS01819,Tamer Ahmed,Male,,7/1/1983,1226434846,tamer.ahmed72@gmail.com,Mansoura,Nile Delta,Silver,5/24/2022
CUS00206,Ghada Saad,Female,,2/9/1987,1288406887,ghada.saad76@yahoo.com,Cairo,Greater Cairo,Platinum,11/23/2022
CUS00734,Ashraf Saad,Male,,10/14/1986,1298464398,ashraf.saad89@hotmail.com,Alexandria,Alexandria,Bronze,11/22/2021
CUS02842,Hoda Amin,Female,,8/3/1994,1076861330,hoda.amin48@yahoo.com,Zagazig,Nile Delta,Bronze,3/4/2020
CUS00527,Osama Gouda,Male,,3/28/1976,1067904194,osama.gouda68@outlook.com,Giza,Greater Cairo,Bronze,6/5/2023
CUS02562,Hazem Ragab,Male,,11/3/1976,1167957234,hazem.ragab30@gmail.com,Tanta,Nile Delta,Bronze,8/18/2023
CUS00899,Ramy Ibrahim,Male,,4/27/2003,1073753876,ramy.ibrahim13@hotmail.com,Cairo,Greater Cairo,Bronze,11/19/2022
CUS00378,Mona Sayed,Female,,9/26/1983,1060421010,mona.sayed61@hotmail.com,Cairo,Greater Cairo,Silver,6/12/2023
CUS02381,Ayman Nasser,Male,,8/2/1996,1250669440,ayman.nasser15@hotmail.com,Aswan,Upper Egypt,Bronze,6/26/2020
CUS02727,Manar Ibrahim,Female,,5/11/1997,1032669627,manar.ibrahim14@gmail.com,Cairo,Greater Cairo,Silver,5/25/2022
CUS01512,Noha Sayed,Female,,7/20/1979,1245822802,No_Email,Tanta,Nile Delta,Platinum,1/14/2020
CUS00387,Mona Bakr,Female,,9/23/1989,1046702178,mona.bakr64@hotmail.com,Giza,Greater Cairo,Bronze,1/26/2023
CUS00199,Essam Mahmoud,Male,,24/12/1979,1247503167,No_Email,Suez,Canal Zone,Silver,11/24/2023
CUS01051,Ahmed Sayed,Male,,11/9/1977,1184661566,ahmed.sayed87@gmail.com,Luxor,Upper Egypt,Silver,7/6/2020
CUS00591,Magdy Amin,Male,,17/08/1981,1224919279,magdy.amin32@outlook.com,Cairo,Greater Cairo,Bronze,1/24/2020
CUS00520,Ali Farouk,Male,,11/2/1977,1078010697,ali.farouk8@hotmail.com,Cairo,Greater Cairo,Gold,1/22/2022
CUS02058,Suzy Shaaban,Female,,11/20/1999,1016750807,suzy.shaaban56@outlook.com,Giza,Greater Cairo,Silver,10/10/2023
CUS02078,Magdy Amin,Male,,6/9/1978,1213462647,magdy.amin47@gmail.com,Giza,Greater Cairo,Gold,3/3/2020
CUS00430,Mona Salem,Female,,17/07/1981,1190478491,mona.salem80@hotmail.com,Cairo,Greater Cairo,Gold,2/9/2022
CUS01084,Essam Badawi,Male,,3/19/1994,1189034153,essam.badawi18@hotmail.com,Luxor,Upper Egypt,Bronze,11/26/2023
CUS00208,Hana Mostafa,Female,,2/28/1977,1227435856,hana.mostafa24@gmail.com,Mansoura,Nile Delta,Bronze,5/10/2021
CUS00492,Dalia Mohamed,Female,,7/3/1971,1092571893,dalia.mohamed80@hotmail.com,Mansoura,Nile Delta,Bronze,7/5/2020
CUS01399,Radwa Mostafa,Female,,2/13/2000,1191861257,radwa.mostafa38@gmail.com,Mansoura,Nile Delta,Bronze,9/28/2023
CUS02960,Hana Sayed,Female,,6/6/1981,1158607023,hana.sayed13@gmail.com,Hurghada,Red Sea,Bronze,8/12/2020
CUS00793,Samir Saad,Male,,7/25/1981,1073516387,samir.saad83@yahoo.com,Alexandria,Alexandria,Gold,4/23/2023
CUS02534,Radwa Gamal,Female,,7/8/1989,1167005667,radwa.gamal76@hotmail.com,Cairo,Greater Cairo,Bronze,7/21/2021
CUS01187,Nadia Mansour,Female,,2/28/1970,1031813769,nadia.mansour77@gmail.com,Tanta,Nile Delta,Silver,10/23/2020
CUS01186,Youssef Mansour,Male,,6/1/1981,1081576118,youssef.mansour22@hotmail.com,Port Said,Canal Zone,Bronze,3/18/2023
CUS02788,Tamer Ibrahim,Male,,3/13/1999,1124276448,No_Email,Cairo,Greater Cairo,Silver,8/17/2022
CUS01406,Tamer Mohamed,Male,,11/2/1995,1050828255,No_Email,Alexandria,Alexandria,Bronze,9/25/2020
CUS02912,Reham Mansour,Female,,3/9/2000,1197436298,reham.mansour75@gmail.com,Cairo,Greater Cairo,Gold,3/27/2022
CUS00084,Salma Hassan,Female,,6/27/1991,1249189370,salma.hassan64@yahoo.com,Cairo,Greater Cairo,Silver,2/9/2023
CUS02407,Samah Ahmed,Female,,9/1/1993,1086171554,samah.ahmed6@yahoo.com,Giza,Greater Cairo,Silver,8/24/2023
CUS02274,Ibrahim Badawi,Male,,7/11/1984,1258898265,ibrahim.badawi36@hotmail.com,Mansoura,Nile Delta,Bronze,5/14/2021
CUS00021,Mariam Salem,Female,,9/19/1974,1091915661,mariam.salem20@outlook.com,Mansoura,Nile Delta,Gold,4/3/2023
CUS02964,Zeinab Gouda,Female,,3/22/1988,1273366381,zeinab.gouda18@gmail.com,Ismailia,Canal Zone,Bronze,12/12/2023
CUS01755,Aisha Ismail,Female,,4/2/1994,1163544468,aisha.ismail52@outlook.com,Ismailia,Canal Zone,Bronze,11/20/2023
CUS02020,Mahmoud Mohamed,Male,,5/13/2001,1047312054,mahmoud.mohamed36@gmail.com,Mansoura,Nile Delta,Bronze,5/10/2023
CUS02738,Nadia Gamal,Female,,2/17/1987,1036749817,nadia.gamal97@hotmail.com,Alexandria,Alexandria,Bronze,6/1/2021
CUS02019,Wael Shaaban,Male,,7/11/1991,1088961202,wael.shaaban87@outlook.com,Cairo,Greater Cairo,Bronze,1/24/2023
CUS00974,Youssef Ramadan,Male,,3/13/1989,1040996935,youssef.ramadan2@yahoo.com,Cairo,Greater Cairo,Silver,6/12/2023
CUS02837,Fady Mahmoud,Male,,21/06/1983,1137079325,No_Email,Sharm El Sheikh,South Sinai,Silver,2/20/2023
CUS00884,Ashraf Gouda,Male,,4/22/1975,1277090777,No_Email,Cairo,Greater Cairo,Bronze,12/5/2021
CUS01099,Tamer Fathy,Male,,4/14/1996,1078331604,tamer.fathy15@yahoo.com,Hurghada,Red Sea,Silver,4/1/2022
CUS00157,Karim Fathy,Male,,11/19/1995,1085318641,No_Email,Tanta,Nile Delta,Gold,6/22/2023
CUS02314,Nader Sayed,Male,,7/21/1979,1042844981,No_Email,Tanta,Nile Delta,Bronze,1/3/2022
CUS00887,Sherif Hassan,Male,,8/21/1981,1250461969,sherif.hassan13@gmail.com,Mansoura,Nile Delta,Silver,1/26/2022
CUS02655,Essam Ali,Male,,3/12/1970,1086793020,essam.ali40@hotmail.com,Hurghada,Red Sea,Gold,1/20/2023
CUS01666,Aisha Hamdy,Female,,1/17/1975,1093006072,aisha.hamdy55@yahoo.com,Luxor,Upper Egypt,Bronze,12/2/2021
CUS02666,Akram Gouda,Male,,7/10/1999,1252465147,No_Email,Giza,Greater Cairo,Bronze,11/11/2023
CUS01567,Dina Salem,Female,,4/3/1985,1254348094,dina.salem75@gmail.com,Mansoura,Nile Delta,Silver,6/26/2021
CUS02577,Mohamed Ismail,Male,,10/4/1996,1269715139,mohamed.ismail73@yahoo.com,Ismailia,Canal Zone,Gold,10/2/2023
CUS01905,Aisha Hafez,Female,,6/21/1996,1041599206,No_Email,Zagazig,Nile Delta,Platinum,11/9/2020
CUS02219,Akram Rizk,Male,,3/4/1991,1070980810,akram.rizk43@gmail.com,Luxor,Upper Egypt,Bronze,10/16/2020
CUS02693,Amr Ismail,Male,,1/16/1970,1085102704,amr.ismail39@hotmail.com,Cairo,Greater Cairo,Bronze,11/15/2023
CUS00459,Fady Barakat,Male,,7/8/1980,1026955763,fady.barakat81@hotmail.com,Cairo,Greater Cairo,Bronze,6/7/2021
CUS01974,Fady Amin,Male,,12/5/1995,1058546163,fady.amin75@yahoo.com,Alexandria,Alexandria,Silver,2/22/2023
CUS00079,Engy Mansour,Female,,20/06/1994,1027536261,engy.mansour9@hotmail.com,Giza,Greater Cairo,Gold,1/23/2022
CUS02962,Maged Ibrahim,Male,,6/22/1984,1238957666,maged.ibrahim8@hotmail.com,Giza,Greater Cairo,Silver,9/25/2022
CUS01057,Youssef Ahmed,Male,,8/13/1973,1268008304,youssef.ahmed30@yahoo.com,Hurghada,Red Sea,Gold,9/20/2021
CUS00907,Engy Wahba,Female,,8/1/1993,1233162629,engy.wahba41@outlook.com,Aswan,Upper Egypt,Bronze,3/27/2020
CUS01740,Fady Lotfy,Male,,10/14/1993,1293348528,fady.lotfy46@outlook.com,Giza,Greater Cairo,Silver,10/11/2022
CUS02250,Mariam Lotfy,Female,,9/28/1991,1153308149,mariam.lotfy76@outlook.com,Cairo,Greater Cairo,Bronze,5/1/2020
CUS02741,Hoda Saad,Female,,6/25/1975,1068324003,hoda.saad9@hotmail.com,Giza,Greater Cairo,Silver,12/9/2021
CUS00381,Mona Bakr,Female,,4/20/1998,1163709262,mona.bakr61@gmail.com,Cairo,Greater Cairo,Bronze,5/20/2023
CUS00948,Fatima Hamdy,Female,,26/02/1978,1158480371,fatima.hamdy59@hotmail.com,Suez,Canal Zone,Bronze,11/24/2020
CUS01789,Nour Hassan,Female,,3/21/1989,1043686408,No_Email,Cairo,Greater Cairo,Gold,4/8/2021
CUS02996,Hoda Younis,Female,,11/20/1979,1023226639,hoda.younis70@yahoo.com,Luxor,Upper Egypt,Gold,12/11/2020
CUS00716,Hany Hafez,Male,,2/11/2001,1260106447,hany.hafez74@hotmail.com,Port Said,Canal Zone,Platinum,12/25/2023
CUS02374,Ashraf Wahba,Male,,9/5/1986,1189686990,ashraf.wahba98@yahoo.com,Giza,Greater Cairo,Bronze,11/10/2022
CUS00687,Fatima Rizk,Female,,3/3/1988,1018426588,fatima.rizk56@gmail.com,Alexandria,Alexandria,Silver,1/24/2023
CUS02609,Nadia Gouda,Female,,4/20/2001,1015561083,nadia.gouda35@gmail.com,Tanta,Nile Delta,Bronze,4/21/2023
CUS01294,Hossam Bakr,Male,,20/09/1999,1179600535,hossam.bakr46@outlook.com,Tanta,Nile Delta,Bronze,8/15/2020
CUS00306,Sara Mahmoud,Female,,6/13/1991,1068260195,sara.mahmoud74@gmail.com,Ismailia,Canal Zone,Gold,7/13/2022
CUS00210,Karim Shaaban,Male,,11/16/1981,1029310253,No_Email,Cairo,Greater Cairo,Bronze,12/9/2023
CUS01555,Ghada Zaki,Female,,6/15/1995,1194446701,ghada.zaki48@hotmail.com,Cairo,Greater Cairo,Bronze,5/3/2022
CUS02257,Neveen Ismail,Female,,21/12/2000,1294691154,neveen.ismail81@yahoo.com,Alexandria,Alexandria,Silver,10/24/2022
CUS02462,Omar Mohamed,Male,,10/19/1972,1185032591,omar.mohamed73@yahoo.com,Suez,Canal Zone,Bronze,7/21/2020
CUS01611,Radwa Mostafa,Female,,28/03/1996,1099874179,radwa.mostafa31@hotmail.com,Suez,Canal Zone,Silver,1/28/2021
CUS00886,Mahmoud Badawi,Male,,12/11/1978,1281022010,mahmoud.badawi94@yahoo.com,Cairo,Greater Cairo,Bronze,5/19/2020
CUS01707,Tarek Badawi,Male,,8/23/1994,1096988751,tarek.badawi9@gmail.com,Mansoura,Nile Delta,Bronze,10/1/2020
CUS00918,Hassan Badawi,Male,,17/07/1987,1040396847,hassan.badawi34@outlook.com,Port Said,Canal Zone,Bronze,12/19/2021
CUS01742,Youssef Bakr,Male,,28/12/1978,1259254308,youssef.bakr68@yahoo.com,Zagazig,Nile Delta,Bronze,7/21/2020
CUS01736,Sara Khalil,Female,,9/20/1988,1157278097,No_Email,Suez,Canal Zone,Silver,3/8/2023
CUS00192,Radwa Ramadan,Female,,23/09/1991,1033231136,radwa.ramadan63@gmail.com,Suez,Canal Zone,Bronze,6/18/2023
CUS02479,Yasmin Gamal,Female,,11/4/1975,1035701522,yasmin.gamal62@hotmail.com,Cairo,Greater Cairo,Gold,5/9/2020
CUS02074,Karim Wahba,Male,,5/25/1995,1068023698,No_Email,Luxor,Upper Egypt,Silver,2/16/2022
CUS01266,Ola Shaaban,Female,,7/24/1986,1047946640,ola.shaaban27@gmail.com,Cairo,Greater Cairo,Silver,10/23/2021
CUS00484,Nader Badawi,Male,,12/12/2001,1244539524,nader.badawi39@hotmail.com,Mansoura,Nile Delta,Silver,2/9/2023
CUS00916,Osama Mostafa,Male,,7/11/1976,1214236689,osama.mostafa54@outlook.com,Giza,Greater Cairo,Silver,8/25/2020
CUS02643,Rania Barakat,Female,,1/1/2002,1243209344,rania.barakat70@outlook.com,Hurghada,Red Sea,Silver,11/6/2023
CUS00278,Dina Attia,Female,,5/23/1982,1016681756,No_Email,Mansoura,Nile Delta,Bronze,3/19/2022
CUS00989,Zeinab Salem,Female,,12/10/1985,1221359569,zeinab.salem72@hotmail.com,Cairo,Greater Cairo,Platinum,3/24/2021
CUS02944,Maged Mostafa,Male,,12/27/1985,1270425259,maged.mostafa75@yahoo.com,Tanta,Nile Delta,Bronze,9/28/2021
CUS02216,Magdy Lotfy,Male,,6/11/1988,1127902376,No_Email,Giza,Greater Cairo,Platinum,11/12/2022
CUS02627,Hossam Salem,Male,,19/12/1991,1120106846,hossam.salem91@hotmail.com,Cairo,Greater Cairo,Silver,4/26/2021
CUS00572,Walid Nasser,Male,,11/13/2000,1142580280,walid.nasser18@outlook.com,Hurghada,Red Sea,Silver,5/27/2022
CUS01436,Hany Mahmoud,Male,,4/1/1997,1093009162,hany.mahmoud8@hotmail.com,Cairo,Greater Cairo,Bronze,1/23/2022
CUS00994,Tarek Lotfy,Male,,5/28/1995,1134390563,tarek.lotfy36@yahoo.com,Alexandria,Alexandria,Silver,6/25/2021
CUS02356,Adel Saad,Male,,9/1/1985,1069627953,adel.saad30@gmail.com,Cairo,Greater Cairo,Bronze,4/26/2020
CUS01685,Sara Lotfy,Female,,10/9/2000,1051148878,sara.lotfy57@gmail.com,Cairo,Greater Cairo,Bronze,8/13/2023
CUS00586,Mohamed Younis,Male,,4/13/2001,1227676124,mohamed.younis28@gmail.com,Cairo,Greater Cairo,Bronze,3/28/2022
CUS02064,Wael Mohamed,Male,,7/19/1977,1235583776,wael.mohamed27@outlook.com,Giza,Greater Cairo,Bronze,10/26/2023
CUS02265,Ahmed Bakr,Male,,1/4/2003,1085431973,ahmed.bakr77@outlook.com,Mansoura,Nile Delta,Bronze,5/16/2022
CUS01350,Emad Mahmoud,Male,,12/25/1972,1245967208,emad.mahmoud14@gmail.com,Cairo,Greater Cairo,Bronze,6/22/2021
CUS01008,Ghada Nasser,Female,,11/2/1993,1142513327,ghada.nasser32@gmail.com,Aswan,Upper Egypt,Bronze,9/2/2020
CUS00675,Nour Hafez,Female,,6/12/1975,1030213583,nour.hafez41@outlook.com,Giza,Greater Cairo,Bronze,6/23/2023
CUS02713,Maged Salem,Male,,4/1/1987,1267185737,maged.salem59@outlook.com,Giza,Greater Cairo,Bronze,1/16/2020
CUS00856,Magdy Lotfy,Male,,4/18/2000,1235066642,magdy.lotfy79@gmail.com,Cairo,Greater Cairo,Silver,8/20/2023
CUS00448,Heba Mahmoud,Female,,12/4/1981,1168131630,heba.mahmoud63@yahoo.com,Zagazig,Nile Delta,Bronze,2/9/2023
CUS01488,Wael Barakat,Male,,10/8/1988,1264653981,wael.barakat66@hotmail.com,Tanta,Nile Delta,Gold,1/24/2021
CUS01743,Noha Mahmoud,Female,,6/16/1989,1149708520,noha.mahmoud86@yahoo.com,Hurghada,Red Sea,Silver,11/13/2023
CUS01691,Zeinab Bakr,Female,,8/24/1971,1123873812,zeinab.bakr84@yahoo.com,Cairo,Greater Cairo,Bronze,6/13/2020
CUS02296,Mohamed Farouk,Male,,7/20/1988,1034244164,mohamed.farouk34@outlook.com,Cairo,Greater Cairo,Bronze,3/12/2023
CUS02720,Ahmed Mansour,Male,,8/13/1972,1088015533,ahmed.mansour40@yahoo.com,Cairo,Greater Cairo,Bronze,8/17/2023
CUS02423,Essam Hassan,Male,,8/21/1978,1287436900,essam.hassan25@gmail.com,Zagazig,Nile Delta,Silver,6/21/2020
CUS02700,Tarek Khalil,Male,,5/19/1995,1147812528,tarek.khalil86@outlook.com,Hurghada,Red Sea,Silver,5/6/2022
CUS02716,Manar Ahmed,Female,,10/14/1996,1021735402,manar.ahmed80@gmail.com,Giza,Greater Cairo,Silver,11/21/2021
CUS01248,Noha Shaaban,Female,,20/01/1972,1281597931,noha.shaaban64@hotmail.com,Cairo,Greater Cairo,Bronze,5/26/2022
CUS00295,Walid Zaki,Male,,5/3/1975,1035609022,walid.zaki27@outlook.com,Cairo,Greater Cairo,Bronze,11/8/2021
CUS00589,Hany Abdallah,Male,,2/20/2002,1264864887,hany.abdallah61@gmail.com,Cairo,Greater Cairo,Silver,1/24/2022
CUS01282,Adel Salem,Male,,4/4/1972,1269058283,adel.salem79@hotmail.com,Tanta,Nile Delta,Bronze,11/10/2020
CUS02246,Mohamed Sayed,Male,,3/17/1986,1199631252,No_Email,Alexandria,Alexandria,Bronze,6/19/2023
CUS01903,Hana Ragab,Female,,3/15/1984,1059344483,hana.ragab33@hotmail.com,Hurghada,Red Sea,Bronze,1/2/2021
CUS02212,Essam Abdallah,Male,,7/2/1991,1161532911,essam.abdallah6@yahoo.com,Hurghada,Red Sea,Bronze,10/1/2023
CUS01495,Ola Ismail,Female,,2/3/1989,1173241319,ola.ismail8@gmail.com,Mansoura,Nile Delta,Bronze,10/28/2020
CUS02290,Radwa Mahmoud,Female,,11/10/1984,1046975988,No_Email,Cairo,Greater Cairo,Bronze,6/18/2022
CUS01418,Manar Gamal,Female,,9/18/1975,1120774838,manar.gamal8@hotmail.com,Cairo,Greater Cairo,Silver,1/23/2020
CUS00426,Walid Sayed,Male,,3/24/2003,1090972685,No_Email,Alexandria,Alexandria,Silver,3/8/2020
CUS00535,Mahmoud Hassan,Male,,3/19/1985,1139556025,mahmoud.hassan94@outlook.com,Hurghada,Red Sea,Silver,3/7/2022
CUS01055,Mohamed Ahmed,Male,,7/14/1984,1112810085,No_Email,Sharm El Sheikh,South Sinai,Bronze,4/24/2022
CUS02846,Bassem Gouda,Male,,5/12/1991,1166125192,No_Email,Giza,Greater Cairo,Silver,6/22/2021
CUS02546,Maged Khalil,Male,,3/24/1994,1140411139,maged.khalil30@outlook.com,Alexandria,Alexandria,Gold,4/22/2020
CUS02222,Osama Amin,Male,,5/18/1998,1296957204,osama.amin52@gmail.com,Alexandria,Alexandria,Bronze,10/8/2023
CUS00133,Samah Zaki,Female,,24/04/1984,1169479985,No_Email,Cairo,Greater Cairo,Bronze,6/28/2022
CUS01916,Mahmoud Zaki,Male,,11/3/1974,1150907084,No_Email,Zagazig,Nile Delta,Bronze,4/10/2021
CUS02593,Emad Mostafa,Male,,11/15/1990,1178991841,emad.mostafa54@gmail.com,Alexandria,Alexandria,Gold,8/15/2021
CUS00422,Eman Abdallah,Female,,1/21/1987,1038182016,eman.abdallah48@hotmail.com,Hurghada,Red Sea,Bronze,12/18/2020
CUS02703,Karim Ibrahim,Male,,10/6/1988,1048014388,karim.ibrahim8@hotmail.com,Cairo,Greater Cairo,Bronze,3/3/2020
CUS02731,Maged Zaki,Male,,7/25/1998,1024050955,maged.zaki3@gmail.com,Zagazig,Nile Delta,Bronze,5/19/2021
CUS02145,Reham Ismail,Female,,4/19/1979,1297398934,reham.ismail76@yahoo.com,Alexandria,Alexandria,Silver,1/4/2023
CUS01369,Samir Amin,Male,,1/26/1998,1225873894,samir.amin90@gmail.com,Cairo,Greater Cairo,Platinum,11/15/2020
CUS00557,Ayman Gamal,Male,,1/28/1981,1172555645,ayman.gamal25@outlook.com,Cairo,Greater Cairo,Platinum,3/24/2022
CUS02079,Ayman Ismail,Male,,9/1/1994,1092939975,No_Email,Ismailia,Canal Zone,Silver,2/3/2022
CUS02528,Neveen Hamdy,Female,,12/22/2002,1248984039,No_Email,Port Said,Canal Zone,Bronze,11/20/2020
CUS02724,Suzy Younis,Female,,10/5/1982,1110139463,No_Email,Giza,Greater Cairo,Silver,4/16/2020
CUS00571,Adel Mahmoud,Male,,4/28/1981,1068592599,adel.mahmoud48@gmail.com,Alexandria,Alexandria,Bronze,3/12/2023
CUS00353,Omar Lotfy,Male,,3/28/1983,1051574904,omar.lotfy40@yahoo.com,Mansoura,Nile Delta,Bronze,5/7/2023
CUS00092,Omar Mansour,Male,,12/17/1981,1060626689,omar.mansour33@gmail.com,Tanta,Nile Delta,Gold,8/23/2022
CUS02158,Wael Khalil,Male,,11/20/1983,1270091423,wael.khalil22@gmail.com,Giza,Greater Cairo,Gold,2/12/2023
CUS02576,Youssef Zaki,Male,,13/10/1997,1116734912,youssef.zaki15@outlook.com,Mansoura,Nile Delta,Bronze,9/18/2022
CUS01171,Neveen Mohamed,Female,,12/1/1998,1283300539,neveen.mohamed47@outlook.com,Mansoura,Nile Delta,Silver,3/2/2020
CUS01559,Ashraf Gouda,Male,,2/18/1997,1072415552,ashraf.gouda84@outlook.com,Aswan,Upper Egypt,Bronze,11/14/2020
CUS01286,Hazem Salem,Male,,3/13/1988,1155618691,hazem.salem54@yahoo.com,Alexandria,Alexandria,Silver,3/15/2021
CUS01779,Rana Khalil,Female,,8/19/1995,1218107128,No_Email,Cairo,Greater Cairo,Gold,6/24/2023
CUS01537,Mohamed Gouda,Male,,2/22/1991,1286439410,mohamed.gouda48@gmail.com,Cairo,Greater Cairo,Silver,10/22/2021
CUS00793,Samir Saad,Male,,7/25/1981,1073516387,samir.saad83@yahoo.com,Alexandria,Alexandria,Gold,4/23/2023
CUS01899,Fatima Lotfy,Female,,10/13/1987,1166143204,fatima.lotfy85@yahoo.com,Giza,Greater Cairo,Silver,10/26/2021
CUS00698,Ashraf Mahmoud,Male,,8/25/1993,1069953058,ashraf.mahmoud14@hotmail.com,Alexandria,Alexandria,Silver,5/7/2023
CUS02548,Hazem Badawi,Male,,18/12/1994,1096025578,hazem.badawi81@gmail.com,Giza,Greater Cairo,Bronze,8/26/2020
CUS00349,Radwa Ragab,Female,,8/15/1983,1214040500,radwa.ragab2@outlook.com,Giza,Greater Cairo,Bronze,6/8/2022
CUS02375,Salma Mansour,Female,,2/28/2002,1042491270,salma.mansour88@hotmail.com,Tanta,Nile Delta,Gold,12/20/2023
CUS02384,Amr Hassan,Male,,1/19/1991,1138966370,amr.hassan61@yahoo.com,Giza,Greater Cairo,Silver,8/13/2021
CUS02470,Amira Ramadan,Female,,7/19/1982,1079682994,amira.ramadan76@yahoo.com,Alexandria,Alexandria,Gold,8/23/2022
CUS02204,Hussein Saad,Male,,1/1/1989,1046470794,hussein.saad16@gmail.com,Cairo,Greater Cairo,Bronze,5/25/2023
CUS01138,Dina Mostafa,Female,,11/23/1976,1276177073,dina.mostafa32@gmail.com,Alexandria,Alexandria,Bronze,4/10/2023
CUS02310,Sherif Farouk,Male,,4/4/1982,1252801767,No_Email,Giza,Greater Cairo,Bronze,2/13/2020
CUS01733,Mariam Khalil,Female,,8/1/1992,1131906615,mariam.khalil44@hotmail.com,Alexandria,Alexandria,Silver,7/17/2022
CUS02884,Emad Khalil,Male,,1/23/1975,1131865358,No_Email,Cairo,Greater Cairo,Gold,9/21/2021
CUS02868,Suzy Salem,Female,,8/9/1970,1059182457,suzy.salem60@gmail.com,Zagazig,Nile Delta,Bronze,11/5/2021
CUS01340,Adel Mohamed,Male,,5/15/1978,1210578224,adel.mohamed38@gmail.com,Cairo,Greater Cairo,Silver,3/27/2020
CUS02531,Reham Younis,Female,,12/20/1982,1267885778,reham.younis98@outlook.com,Tanta,Nile Delta,Gold,1/5/2021
CUS00454,Tarek Mohamed,Male,,5/17/1989,1076992183,tarek.mohamed70@outlook.com,Suez,Canal Zone,Bronze,2/6/2022
CUS00914,Omar Mahmoud,Male,,2/7/1989,1088718420,omar.mahmoud77@yahoo.com,Giza,Greater Cairo,Bronze,12/14/2021
CUS01200,Ola Ragab,Female,,7/28/1986,1127632666,ola.ragab9@hotmail.com,Cairo,Greater Cairo,Silver,12/3/2022
CUS01275,Bassem Barakat,Male,,6/17/1998,1181263504,No_Email,Alexandria,Alexandria,Bronze,6/9/2023
CUS02393,Essam Amin,Male,,18/11/1989,1253554139,essam.amin58@outlook.com,Giza,Greater Cairo,Bronze,11/26/2021
CUS00038,Manar Fathy,Female,,7/22/1971,1133193791,manar.fathy20@gmail.com,Cairo,Greater Cairo,Bronze,11/10/2021
CUS00975,Maged Attia,Male,,20/12/1971,1010147286,maged.attia29@gmail.com,Cairo,Greater Cairo,Silver,4/14/2021
CUS02817,Radwa Hamdy,Female,,5/3/1986,1215972535,radwa.hamdy22@outlook.com,Alexandria,Alexandria,Bronze,1/11/2023
CUS00984,Youssef Barakat,Male,,2/26/1983,1045389275,youssef.barakat80@outlook.com,Cairo,Greater Cairo,Silver,3/5/2023
CUS01884,Hana Hamdy,Female,,9/17/1991,1018321907,hana.hamdy43@hotmail.com,Hurghada,Red Sea,Bronze,8/21/2023
CUS02044,Heba Nasser,Female,,4/21/1986,1086422772,heba.nasser79@hotmail.com,Cairo,Greater Cairo,Bronze,5/26/2021
CUS01419,Amr Barakat,Male,,9/27/1998,1156919936,amr.barakat19@yahoo.com,Giza,Greater Cairo,Silver,2/4/2020
CUS01285,Engy Ismail,Female,,13/07/1970,1089236172,No_Email,Giza,Greater Cairo,Silver,9/26/2020
CUS00040,Ola Wahba,Female,,9/7/1990,1013498112,ola.wahba8@outlook.com,Giza,Greater Cairo,Platinum,10/8/2022
CUS01487,Khaled Hafez,Male,,11/28/1973,1082332254,khaled.hafez97@outlook.com,Giza,Greater Cairo,Bronze,9/26/2022
CUS02230,Emad Fathy,Male,,4/5/1994,1065461567,emad.fathy47@outlook.com,Giza,Greater Cairo,Bronze,6/18/2022
CUS00170,Wael Barakat,Male,,12/2/1995,1261995659,wael.barakat51@hotmail.com,Alexandria,Alexandria,Bronze,8/6/2022
CUS01356,Hossam Hamdy,Male,,25/12/1989,1083112591,No_Email,Luxor,Upper Egypt,Silver,10/14/2023
CUS00738,Ali Ali,Male,,4/5/1974,1281836366,ali.ali27@gmail.com,Aswan,Upper Egypt,Bronze,1/4/2020
CUS01624,Lobna Farouk,Female,,3/20/1990,1193008473,lobna.farouk36@gmail.com,Port Said,Canal Zone,Platinum,10/19/2023
CUS02745,Ibrahim Younis,Male,,2/7/1992,1146580536,ibrahim.younis21@outlook.com,Mansoura,Nile Delta,Bronze,11/25/2022
CUS01979,Ashraf Rizk,Male,,3/14/1987,1049237816,ashraf.rizk73@outlook.com,Luxor,Upper Egypt,Gold,2/4/2023
CUS00635,Maged Ramadan,Male,,23/12/1980,1149071710,maged.ramadan77@hotmail.com,Cairo,Greater Cairo,Gold,11/16/2021
CUS02692,Hassan Mohamed,Male,,4/25/1991,1087753104,hassan.mohamed45@gmail.com,Alexandria,Alexandria,Gold,6/26/2021
CUS02000,Bassem Farouk,Male,,4/2/2002,1057005064,bassem.farouk92@yahoo.com,Giza,Greater Cairo,Silver,8/25/2020
CUS01291,Hussein Mansour,Male,,11/26/1977,1290883259,hussein.mansour70@gmail.com,Giza,Greater Cairo,Silver,10/21/2021
CUS01381,Khaled Hamdy,Male,,9/10/1977,1297971567,khaled.hamdy18@gmail.com,Cairo,Greater Cairo,Silver,8/18/2022
CUS00580,Maged Amin,Male,,10/15/2003,1020272507,maged.amin13@outlook.com,Cairo,Greater Cairo,Silver,6/21/2020
CUS00329,Hany Barakat,Male,,4/28/1987,1213102778,hany.barakat72@outlook.com,Giza,Greater Cairo,Silver,7/21/2020
CUS01718,Samir Gouda,Male,,10/24/1986,1247586447,samir.gouda59@gmail.com,Tanta,Nile Delta,Gold,12/18/2023
CUS00893,Manar Fathy,Female,,6/14/1998,1193605083,manar.fathy48@hotmail.com,Aswan,Upper Egypt,Bronze,3/8/2023
CUS01928,Dalia Younis,Female,,11/20/2003,1057205157,dalia.younis35@outlook.com,Alexandria,Alexandria,Silver,4/12/2023
CUS00781,Dalia Mahmoud,Female,,2/20/1978,1285351481,dalia.mahmoud71@hotmail.com,Tanta,Nile Delta,Bronze,10/26/2020
CUS00160,Sherif Nasser,Male,,5/18/2003,1193623280,No_Email,Zagazig,Nile Delta,Bronze,5/6/2020
CUS01619,Tarek Ibrahim,Male,,8/4/1991,1067040732,tarek.ibrahim47@outlook.com,Alexandria,Alexandria,Gold,5/8/2021
CUS01805,Nour Salem,Female,,1/17/1985,1296560287,nour.salem82@yahoo.com,Giza,Greater Cairo,Silver,4/10/2022
CUS02655,Essam Ali,Male,,3/12/1970,1086793020,essam.ali40@hotmail.com,Hurghada,Red Sea,Gold,1/20/2023
CUS00062,Fatima Gouda,Female,,6/11/1978,1211135982,fatima.gouda91@hotmail.com,Cairo,Greater Cairo,Bronze,7/28/2023
CUS00850,Reem Mostafa,Female,,3/18/2002,1252740512,reem.mostafa95@gmail.com,Alexandria,Alexandria,Silver,12/19/2023
CUS02165,Sara Farouk,Female,,7/11/1986,1218124524,sara.farouk32@hotmail.com,Alexandria,Alexandria,Silver,7/7/2022
CUS02940,Mariam Ragab,Female,,4/12/1983,1040486924,mariam.ragab64@gmail.com,Cairo,Greater Cairo,Bronze,3/1/2021
CUS02742,Nader Ibrahim,Male,,9/6/1998,1270344473,No_Email,Cairo,Greater Cairo,Gold,2/9/2023
CUS01044,Nader Hassan,Male,,8/1/1987,1011385716,nader.hassan45@gmail.com,Mansoura,Nile Delta,Silver,4/26/2022
CUS02537,Mohamed Gamal,Male,,2/16/1989,1145688957,mohamed.gamal79@gmail.com,Zagazig,Nile Delta,Silver,9/9/2022
CUS01545,Adel Badawi,Male,,1/5/1970,1123658263,adel.badawi92@gmail.com,Ismailia,Canal Zone,Silver,12/16/2022
CUS02017,Amr Ibrahim,Male,,4/1/1979,1084164235,amr.ibrahim76@gmail.com,Giza,Greater Cairo,Silver,4/5/2022
CUS02634,Shaimaa Shaaban,Female,,9/26/1995,1125411407,No_Email,Cairo,Greater Cairo,Silver,4/12/2020
CUS01071,Osama Ismail,Male,,9/22/1998,1167981146,osama.ismail3@gmail.com,Giza,Greater Cairo,Gold,3/14/2023
CUS00054,Sherif Ismail,Male,,1/14/1978,1068437492,sherif.ismail41@gmail.com,Suez,Canal Zone,Bronze,7/18/2020
CUS02482,Hoda Gouda,Female,,2/25/1989,1055306853,hoda.gouda93@yahoo.com,Luxor,Upper Egypt,Silver,4/2/2021
CUS00259,Nader Mohamed,Male,,7/4/1972,1170413482,No_Email,Alexandria,Alexandria,Bronze,12/6/2022
CUS00506,Lobna Ibrahim,Female,,9/20/1985,1251908052,No_Email,Cairo,Greater Cairo,Bronze,5/21/2023
CUS00753,Nadia Fathy,Female,,8/23/1995,1159870894,No_Email,Mansoura,Nile Delta,Bronze,11/4/2021
CUS02055,Omar Younis,Male,,7/10/1979,1017706466,No_Email,Aswan,Upper Egypt,Silver,3/6/2023
CUS00218,Ashraf Khalil,Male,,9/6/1993,1142701425,ashraf.khalil79@outlook.com,Zagazig,Nile Delta,Bronze,1/16/2021
CUS00825,Zeinab Hassan,Female,,7/12/1983,1256411493,No_Email,Alexandria,Alexandria,Silver,9/21/2020
CUS01591,Hany Salem,Male,,1/27/1998,1187222050,hany.salem21@gmail.com,Tanta,Nile Delta,Gold,9/21/2022
CUS00105,Hoda Salem,Female,,7/8/1993,1249057246,hoda.salem2@yahoo.com,Suez,Canal Zone,Bronze,9/5/2021
CUS02311,Ahmed Khalil,Male,,7/5/1985,1217827726,ahmed.khalil89@hotmail.com,Alexandria,Alexandria,Bronze,2/4/2021
CUS01390,Mona Salem,Female,,11/4/1999,1191377462,mona.salem14@outlook.com,Giza,Greater Cairo,Silver,2/12/2020
CUS02544,Ghada Hassan,Female,,2/19/2001,1114698131,ghada.hassan40@hotmail.com,Mansoura,Nile Delta,Bronze,1/28/2022
CUS01267,Eman Ibrahim,Female,,23/10/1986,1267344434,eman.ibrahim2@hotmail.com,Giza,Greater Cairo,Bronze,3/27/2021
CUS02539,Hussein Abdallah,Male,,10/7/1973,1147282515,hussein.abdallah60@hotmail.com,Zagazig,Nile Delta,Gold,3/11/2023
CUS02790,Samir Ramadan,Male,,5/6/1989,1047848920,samir.ramadan4@hotmail.com,Sharm El Sheikh,South Sinai,Bronze,11/20/2022
CUS00772,Amira Ramadan,Female,,8/24/1972,1283433630,amira.ramadan3@outlook.com,Aswan,Upper Egypt,Gold,8/27/2020
CUS02850,Radwa Hamdy,Female,,11/11/1983,1254672766,radwa.hamdy7@outlook.com,Giza,Greater Cairo,Silver,9/25/2022
CUS02087,Walid Gamal,Male,,12/8/1978,1220393927,walid.gamal20@outlook.com,Cairo,Greater Cairo,Bronze,6/28/2021
CUS02888,Tarek Lotfy,Male,,10/1/1986,1112797652,tarek.lotfy2@yahoo.com,Giza,Greater Cairo,Bronze,6/27/2021
CUS01086,Ashraf Barakat,Male,,5/6/1988,1249568600,ashraf.barakat80@outlook.com,Alexandria,Alexandria,Silver,8/6/2022
CUS01796,Dina Hassan,Female,,9/11/1984,1051663806,No_Email,Cairo,Greater Cairo,Bronze,10/25/2022
CUS02210,Fatima Ragab,Female,,3/23/1988,1131110322,fatima.ragab66@gmail.com,Suez,Canal Zone,Bronze,12/14/2023
CUS01326,Sherif Ragab,Male,,11/25/1978,1284013597,sherif.ragab91@outlook.com,Giza,Greater Cairo,Bronze,10/5/2023
CUS02155,Mahmoud Ismail,Male,,10/10/1992,1211932801,No_Email,Cairo,Greater Cairo,Bronze,6/19/2021
CUS01629,Fady Younis,Male,,5/5/1989,1029427697,fady.younis69@outlook.com,Cairo,Greater Cairo,Bronze,12/3/2021
CUS01946,Essam Khalil,Male,,11/12/1973,1050804570,essam.khalil83@gmail.com,Alexandria,Alexandria,Silver,3/19/2022
CUS01722,Tamer Saad,Male,,5/26/2003,1174225466,tamer.saad16@gmail.com,Cairo,Greater Cairo,Gold,7/18/2022
CUS02802,Rania Nasser,Female,,5/21/1991,1257231005,rania.nasser93@outlook.com,Suez,Canal Zone,Silver,8/15/2020
CUS02656,Hoda Fathy,Female,,18/05/1980,1175014761,hoda.fathy88@yahoo.com,Giza,Greater Cairo,Silver,8/5/2022
CUS01757,Wael Mansour,Male,,5/7/1983,1064522034,wael.mansour90@yahoo.com,Port Said,Canal Zone,Bronze,4/15/2021
CUS01792,Tarek Fathy,Male,,8/20/1984,1231118080,tarek.fathy58@yahoo.com,Zagazig,Nile Delta,Bronze,9/17/2023
CUS01164,Tamer Gouda,Male,,2/25/1976,1072382863,tamer.gouda63@gmail.com,Zagazig,Nile Delta,Silver,3/2/2023
CUS00964,Fady Gamal,Male,,1/6/1973,1116814758,fady.gamal24@hotmail.com,Giza,Greater Cairo,Gold,8/21/2022
CUS02950,Ramy Attia,Male,,6/2/1995,1218617490,ramy.attia3@hotmail.com,Port Said,Canal Zone,Silver,12/20/2023
CUS01738,Aisha Mostafa,Female,,12/17/1985,1122229571,aisha.mostafa55@gmail.com,Cairo,Greater Cairo,Platinum,9/25/2022
CUS00399,Youssef Ragab,Male,,6/26/1979,1160860721,youssef.ragab15@outlook.com,Zagazig,Nile Delta,Bronze,6/21/2020
CUS00585,Dina Fathy,Female,,2/7/1992,1281080601,dina.fathy4@yahoo.com,Mansoura,Nile Delta,Silver,10/12/2021
CUS00949,Amr Ibrahim,Male,,9/22/1976,1284011120,amr.ibrahim18@outlook.com,Luxor,Upper Egypt,Bronze,3/6/2022
CUS00705,Karim Rizk,Male,,4/11/1991,1162698234,karim.rizk84@outlook.com,Cairo,Greater Cairo,Bronze,3/4/2021
CUS00432,Hassan Bakr,Male,,3/25/1978,1157326346,hassan.bakr82@hotmail.com,Hurghada,Red Sea,Bronze,11/8/2021
CUS00293,Ibrahim Attia,Male,,3/27/1981,1116074522,ibrahim.attia59@outlook.com,Aswan,Upper Egypt,Gold,6/28/2022
CUS00146,Yasmin Younis,Female,,7/21/1990,1124826245,yasmin.younis23@gmail.com,Cairo,Greater Cairo,Bronze,2/16/2021
CUS00324,Hassan Shaaban,Male,,3/24/1977,1247508257,hassan.shaaban88@hotmail.com,Cairo,Greater Cairo,Bronze,12/15/2022
CUS02899,Emad Rizk,Male,,9/23/1994,1253784964,emad.rizk68@hotmail.com,Giza,Greater Cairo,Silver,6/9/2022
CUS01166,Amr Ragab,Male,,2/9/1970,1063354321,amr.ragab10@outlook.com,Aswan,Upper Egypt,Gold,1/7/2023
CUS01453,Khaled Shaaban,Male,,8/18/1994,1013390260,khaled.shaaban68@outlook.com,Luxor,Upper Egypt,Silver,1/6/2022
CUS00003,Zeinab Ali,Female,,12/26/1993,1289701163,zeinab.ali46@yahoo.com,Zagazig,Nile Delta,Silver,10/21/2020
CUS00577,Tarek Mostafa,Male,,18/07/1981,1120738641,tarek.mostafa26@outlook.com,Cairo,Greater Cairo,Bronze,1/15/2023
CUS02338,Lobna Ramadan,Female,,6/7/1986,1023227092,lobna.ramadan2@outlook.com,Giza,Greater Cairo,Gold,6/21/2020
CUS00340,Tarek Ali,Male,,4/7/1971,1133373562,tarek.ali32@yahoo.com,Cairo,Greater Cairo,Gold,1/6/2021
CUS01860,Engy Mahmoud,Female,,6/27/1992,1242026149,engy.mahmoud5@yahoo.com,Zagazig,Nile Delta,Bronze,1/25/2022
CUS01660,Suzy Attia,Female,,12/15/1984,1236248338,suzy.attia98@hotmail.com,Giza,Greater Cairo,Gold,10/21/2020
CUS00926,Khaled Bakr,Male,,7/1/1974,1020611935,khaled.bakr65@hotmail.com,Cairo,Greater Cairo,Silver,1/1/2023
CUS00266,Adel Ramadan,Male,,4/14/1990,1143724189,adel.ramadan3@yahoo.com,Zagazig,Nile Delta,Platinum,4/22/2023
CUS00377,Dina Younis,Female,,7/4/1975,1118625158,dina.younis13@gmail.com,Aswan,Upper Egypt,Platinum,5/25/2020
CUS01942,Hassan Badawi,Male,,10/11/1985,1047070243,hassan.badawi44@hotmail.com,Giza,Greater Cairo,Silver,11/2/2023
CUS01464,Rania Lotfy,Female,,12/7/1984,1126177844,rania.lotfy43@hotmail.com,Mansoura,Nile Delta,Silver,1/10/2020
CUS00272,Doha Ramadan,Female,,8/11/2000,1129449696,No_Email,Aswan,Upper Egypt,Silver,12/22/2020
CUS00697,Karim Mostafa,Male,,12/2/1988,1236164817,karim.mostafa90@gmail.com,Giza,Greater Cairo,Bronze,5/7/2022
CUS02645,Walid Khalil,Male,,9/6/1977,1056761054,walid.khalil8@outlook.com,Cairo,Greater Cairo,Bronze,11/5/2020
CUS00245,Youssef Ahmed,Male,,6/14/1987,1257779407,No_Email,Cairo,Greater Cairo,Silver,11/6/2021
CUS02861,Hussein Khalil,Male,,22/07/1975,1068228128,No_Email,Luxor,Upper Egypt,Silver,8/21/2023
CUS00477,Khaled Farouk,Male,,7/15/1993,1278915977,khaled.farouk88@hotmail.com,Cairo,Greater Cairo,Gold,3/15/2020
CUS01771,Lobna Bakr,Female,,4/11/1981,1225776356,lobna.bakr55@hotmail.com,Giza,Greater Cairo,Silver,12/3/2023
CUS01799,Youssef Gamal,Male,,11/26/1994,1137499569,youssef.gamal37@outlook.com,Cairo,Greater Cairo,Silver,10/7/2022
CUS01927,Fady Hamdy,Male,,12/26/1994,1225041588,fady.hamdy16@yahoo.com,Alexandria,Alexandria,Gold,7/8/2022
CUS02928,Neveen Lotfy,Female,,6/3/1982,1275209469,neveen.lotfy73@yahoo.com,Ismailia,Canal Zone,Silver,2/8/2023
CUS02580,Walid Fathy,Male,,8/13/1999,1191363583,walid.fathy17@yahoo.com,Mansoura,Nile Delta,Bronze,10/13/2022
CUS02831,Dalia Bakr,Female,,11/19/1979,1163031529,dalia.bakr12@gmail.com,Alexandria,Alexandria,Bronze,3/22/2021
CUS00001,Manar Hamdy,Female,,10/7/1977,1283233096,manar.hamdy91@yahoo.com,Giza,Greater Cairo,Silver,5/27/2023
CUS02005,Dalia Badawi,Female,,2/5/1984,1273932497,No_Email,Cairo,Greater Cairo,Bronze,9/11/2022
CUS01949,Akram Shaaban,Male,,6/20/1995,1182982115,akram.shaaban77@gmail.com,Giza,Greater Cairo,Bronze,11/13/2021
CUS00251,Emad Gamal,Male,,3/28/1992,1292269619,emad.gamal2@yahoo.com,Giza,Greater Cairo,Gold,5/6/2021
CUS00414,Tamer Ramadan,Male,,10/7/1971,1016839113,tamer.ramadan29@hotmail.com,Alexandria,Alexandria,Silver,8/2/2023
CUS00546,Hany Badawi,Male,,8/19/1993,1096277647,No_Email,Giza,Greater Cairo,Gold,4/28/2021
CUS01194,Radwa Nasser,Female,,10/10/1986,1093708333,radwa.nasser61@hotmail.com,Mansoura,Nile Delta,Silver,2/17/2022
CUS00739,Eman Younis,Female,,8/4/1997,1092988418,eman.younis31@yahoo.com,Giza,Greater Cairo,Bronze,9/19/2020
CUS00311,Neveen Attia,Female,,23/03/1976,1165304811,neveen.attia58@gmail.com,Giza,Greater Cairo,Bronze,11/17/2022
CUS01765,Ashraf Ramadan,Male,,1/8/1971,1021574000,ashraf.ramadan64@yahoo.com,Cairo,Greater Cairo,Silver,9/13/2021
CUS00894,Mariam Rizk,Female,,7/1/1999,1015922169,mariam.rizk5@yahoo.com,Giza,Greater Cairo,Bronze,12/26/2020
CUS01132,Mahmoud Zaki,Male,,15/03/1981,1139361875,No_Email,Alexandria,Alexandria,Bronze,6/8/2020
CUS01450,Osama Sayed,Male,,8/1/1973,1125319598,osama.sayed84@hotmail.com,Tanta,Nile Delta,Bronze,3/7/2020
CUS02955,Ibrahim Younis,Male,,9/24/1982,1077948922,ibrahim.younis18@hotmail.com,Port Said,Canal Zone,Silver,1/12/2022
CUS00016,Samah Badawi,Female,,26/11/1974,1064069715,samah.badawi63@hotmail.com,Cairo,Greater Cairo,Silver,12/3/2020
CUS02032,Osama Gamal,Male,,12/17/1999,1052598189,osama.gamal84@outlook.com,Alexandria,Alexandria,Bronze,11/8/2020
CUS00722,Aisha Wahba,Female,,17/02/1998,1072166964,aisha.wahba93@gmail.com,Cairo,Greater Cairo,Silver,10/4/2022
CUS01421,Zeinab Nasser,Female,,11/18/1977,1061598902,zeinab.nasser26@gmail.com,Giza,Greater Cairo,Bronze,5/26/2021
CUS02678,Sherif Ismail,Male,,1/15/2003,1226881045,sherif.ismail39@hotmail.com,Cairo,Greater Cairo,Bronze,6/1/2023
CUS00982,Mariam Wahba,Female,,7/11/1975,1064647821,mariam.wahba45@yahoo.com,Hurghada,Red Sea,Bronze,8/15/2023
CUS01953,Engy Gouda,Female,,10/1/1994,1093091442,engy.gouda85@outlook.com,Alexandria,Alexandria,Gold,12/13/2023
CUS01540,Hossam Sayed,Male,,26/07/1991,1233450700,hossam.sayed79@gmail.com,Alexandria,Alexandria,Bronze,7/23/2023
CUS02893,Ali Wahba,Male,,3/2/1979,1147839392,ali.wahba15@outlook.com,Hurghada,Red Sea,Silver,7/9/2020
CUS01551,Salma Ramadan,Female,,11/8/1995,1174395527,salma.ramadan9@hotmail.com,Port Said,Canal Zone,Silver,4/23/2020
CUS02461,Mariam Rizk,Female,,12/9/1995,1274535451,mariam.rizk85@hotmail.com,Sharm El Sheikh,South Sinai,Bronze,10/26/2020
CUS00364,Hoda Ibrahim,Female,,1/20/1991,1270251890,hoda.ibrahim2@yahoo.com,Alexandria,Alexandria,Gold,10/25/2020
CUS00983,Heba Farouk,Female,,2/22/1978,1097477918,heba.farouk88@gmail.com,Cairo,Greater Cairo,Gold,5/13/2023
CUS00183,Rana Lotfy,Female,,10/4/1981,1152211394,rana.lotfy48@outlook.com,Port Said,Canal Zone,Bronze,4/17/2022
CUS00986,Dina Wahba,Female,,6/12/1995,1050694371,dina.wahba5@outlook.com,Alexandria,Alexandria,Silver,7/7/2023
CUS02060,Radwa Khalil,Female,,13/03/2000,1185908907,radwa.khalil42@outlook.com,Alexandria,Alexandria,Silver,8/8/2021
CUS01195,Hassan Fathy,Male,,3/10/1982,1234528574,hassan.fathy35@hotmail.com,Cairo,Greater Cairo,Bronze,8/6/2020
CUS01847,Emad Mahmoud,Male,,9/22/1977,1168115874,No_Email,Cairo,Greater Cairo,Bronze,12/8/2023
CUS01848,Hoda Mohamed,Female,,23/09/1989,1240269419,No_Email,Cairo,Greater Cairo,Silver,12/11/2023
CUS01122,Aisha Mahmoud,Female,,10/25/1994,1294258614,aisha.mahmoud59@outlook.com,Port Said,Canal Zone,Silver,7/1/2020
CUS00188,Mohamed Gouda,Male,,2/13/1973,1021558774,mohamed.gouda89@outlook.com,Alexandria,Alexandria,Gold,5/11/2022
CUS00620,Shaimaa Farouk,Female,,11/21/1975,1173265064,shaimaa.farouk6@yahoo.com,Zagazig,Nile Delta,Bronze,3/19/2021
CUS02689,Nader Mohamed,Male,,3/16/1994,1213678434,nader.mohamed6@gmail.com,Alexandria,Alexandria,Bronze,5/3/2022
CUS01176,Emad Mahmoud,Male,,2/10/1980,1154740105,emad.mahmoud79@yahoo.com,Alexandria,Alexandria,Bronze,2/5/2020
CUS01183,Ayman Fathy,Male,,7/10/1994,1041471125,ayman.fathy13@hotmail.com,Mansoura,Nile Delta,Bronze,3/11/2020
CUS02422,Suzy Ali,Female,,5/19/1994,1242880141,suzy.ali79@gmail.com,Cairo,Greater Cairo,Gold,12/18/2022
CUS02957,Samir Mohamed,Male,,3/4/1987,1011264861,No_Email,Zagazig,Nile Delta,Bronze,8/17/2023
CUS00615,Hany Bakr,Male,,3/9/1997,1088433683,hany.bakr99@hotmail.com,Luxor,Upper Egypt,Bronze,4/25/2021
CUS01514,Hassan Fathy,Male,,11/13/1992,1097292994,hassan.fathy19@gmail.com,Cairo,Greater Cairo,Bronze,11/9/2021
CUS01467,Nadia Fathy,Female,,3/4/1996,1234454088,nadia.fathy51@yahoo.com,Ismailia,Canal Zone,Bronze,6/9/2022
CUS00402,Yasmin Abdallah,Female,,19/07/1979,1245885781,yasmin.abdallah32@outlook.com,Suez,Canal Zone,Platinum,3/15/2023
CUS00995,Eman Mansour,Female,,2/27/1994,1117065104,eman.mansour32@yahoo.com,Giza,Greater Cairo,Silver,2/10/2023
CUS00935,Hana Hamdy,Female,,8/20/1974,1239184664,hana.hamdy84@hotmail.com,Cairo,Greater Cairo,Bronze,11/20/2021
CUS00372,Ola Wahba,Female,,11/23/2001,1117744982,ola.wahba5@hotmail.com,Cairo,Greater Cairo,Silver,12/22/2020
CUS02004,Ramy Gouda,Male,,2/1/1985,1134362552,ramy.gouda29@gmail.com,Cairo,Greater Cairo,Silver,1/16/2022
CUS02761,Manar Gouda,Female,,9/22/2002,1068646016,manar.gouda86@hotmail.com,Cairo,Greater Cairo,Gold,10/17/2022
CUS00594,Wael Gouda,Male,,5/4/1983,1196172555,wael.gouda97@hotmail.com,Giza,Greater Cairo,Bronze,5/23/2022
CUS01992,Bassem Rizk,Male,,1/10/1985,1147891233,bassem.rizk66@yahoo.com,Cairo,Greater Cairo,Bronze,5/18/2023
CUS00727,Tarek Rizk,Male,,2/26/2000,1234898755,tarek.rizk39@yahoo.com,Cairo,Greater Cairo,Bronze,1/12/2023
CUS00827,Magdy Saad,Male,,6/14/1991,1022378195,magdy.saad17@outlook.com,Giza,Greater Cairo,Bronze,6/21/2020
CUS01750,Tarek Khalil,Male,,2/27/1982,1224454228,tarek.khalil86@yahoo.com,Cairo,Greater Cairo,Platinum,6/13/2021
CUS00688,Tarek Ibrahim,Male,,12/27/1986,1170503600,tarek.ibrahim63@hotmail.com,Cairo,Greater Cairo,Bronze,4/19/2021
CUS02251,Amr Wahba,Male,,7/3/1971,1287365941,amr.wahba91@outlook.com,Cairo,Greater Cairo,Bronze,11/9/2023
CUS00137,Eman Younis,Female,,7/7/1987,1034482277,eman.younis90@outlook.com,Alexandria,Alexandria,Bronze,6/1/2021
CUS02489,Magdy Ibrahim,Male,,16/05/1990,1189243428,magdy.ibrahim98@yahoo.com,Alexandria,Alexandria,Bronze,8/28/2023
CUS00629,Ramy Zaki,Male,,18/07/1998,1077742871,ramy.zaki19@yahoo.com,Cairo,Greater Cairo,Silver,4/24/2020
CUS00335,Dalia Barakat,Female,,10/7/1991,1023782772,dalia.barakat74@yahoo.com,Cairo,Greater Cairo,Bronze,6/14/2022
CUS00391,Ali Sayed,Male,,8/6/1992,1025750026,ali.sayed81@outlook.com,Sharm El Sheikh,South Sinai,Bronze,1/4/2021
CUS02347,Ahmed Nasser,Male,,6/25/2003,1126547218,ahmed.nasser34@gmail.com,Tanta,Nile Delta,Bronze,5/26/2021
CUS01110,Aisha Hassan,Female,,8/16/1991,1252008603,aisha.hassan73@gmail.com,Cairo,Greater Cairo,Silver,8/7/2020
CUS01814,Eman Gamal,Female,,2/3/1980,1245592724,eman.gamal87@gmail.com,Cairo,Greater Cairo,Silver,8/12/2023
CUS02744,Ghada Ramadan,Female,,8/17/1978,1094003009,ghada.ramadan34@gmail.com,Cairo,Greater Cairo,Gold,4/10/2021
CUS00711,Zeinab Mansour,Female,,10/2/1970,1218457091,zeinab.mansour26@hotmail.com,Hurghada,Red Sea,Platinum,11/9/2020
CUS01040,Sara Mansour,Female,,3/3/1976,1016327866,sara.mansour45@outlook.com,Giza,Greater Cairo,Bronze,11/3/2020
CUS01964,Doha Abdallah,Female,,2/6/1977,1152570341,doha.abdallah28@gmail.com,Giza,Greater Cairo,Gold,5/20/2020
CUS02070,Engy Hassan,Female,,8/5/1978,1235014896,engy.hassan85@gmail.com,Giza,Greater Cairo,Silver,5/21/2021
CUS02639,Wael Bakr,Male,,5/10/2003,1211099806,wael.bakr57@outlook.com,Port Said,Canal Zone,Silver,6/13/2020
CUS01562,Nadia Ali,Female,,1/11/2001,1050046248,nadia.ali77@outlook.com,Cairo,Greater Cairo,Bronze,2/18/2020
CUS02803,Neveen Hafez,Female,,1/1/1983,1075086738,neveen.hafez23@hotmail.com,Port Said,Canal Zone,Bronze,2/21/2021
CUS01595,Youssef Lotfy,Male,,8/4/1993,1164505900,youssef.lotfy87@gmail.com,Zagazig,Nile Delta,Bronze,10/19/2021
CUS02896,Hany Farouk,Male,,6/17/1985,1041224713,No_Email,Luxor,Upper Egypt,Platinum,3/20/2022
CUS02563,Eman Lotfy,Female,,3/1/2001,1120396516,eman.lotfy57@gmail.com,Cairo,Greater Cairo,Bronze,1/18/2021
CUS01113,Tamer Farouk,Male,,5/28/1989,1034651384,tamer.farouk24@yahoo.com,Cairo,Greater Cairo,Platinum,2/5/2022
CUS00466,Rana Nasser,Female,,7/15/2001,1190038028,rana.nasser55@yahoo.com,Giza,Greater Cairo,Gold,6/21/2022
CUS01561,Adel Hafez,Male,,5/20/1995,1172715673,No_Email,Giza,Greater Cairo,Bronze,10/22/2021
CUS01224,Akram Mansour,Male,,9/28/1973,1191605547,akram.mansour25@gmail.com,Port Said,Canal Zone,Bronze,3/13/2021
CUS02035,Ibrahim Fathy,Male,,14/04/1999,1185777907,No_Email,Mansoura,Nile Delta,Platinum,3/21/2020
CUS01260,Eman Younis,Female,,4/10/1978,1198562616,eman.younis87@outlook.com,Alexandria,Alexandria,Bronze,6/28/2022
CUS02799,Hossam Rizk,Male,,10/9/2002,1047068493,hossam.rizk50@outlook.com,Ismailia,Canal Zone,Silver,5/10/2020
CUS01509,Ali Sayed,Male,,2/17/1981,1130768534,No_Email,Mansoura,Nile Delta,Bronze,2/7/2023
CUS01105,Salma Mahmoud,Female,,12/21/1972,1170426196,No_Email,Sharm El Sheikh,South Sinai,Bronze,12/23/2020
CUS00661,Wael Hafez,Male,,7/27/1981,1059899973,wael.hafez80@hotmail.com,Giza,Greater Cairo,Silver,11/19/2023
CUS00339,Sherif Amin,Male,,25/12/2000,1160454028,sherif.amin10@hotmail.com,Alexandria,Alexandria,Bronze,9/4/2020
CUS00216,Hoda Ali,Female,,12/21/1985,1011928065,hoda.ali59@yahoo.com,Cairo,Greater Cairo,Bronze,2/4/2020
CUS01616,Samah Gouda,Female,,9/2/1981,1074312760,No_Email,Mansoura,Nile Delta,Gold,11/22/2020
CUS02118,Ayman Hassan,Male,,8/10/1994,1224243671,ayman.hassan65@outlook.com,Mansoura,Nile Delta,Gold,3/4/2023
CUS02988,Dalia Younis,Female,,21/02/1996,1217269346,dalia.younis29@hotmail.com,Alexandria,Alexandria,Gold,1/18/2020
CUS02852,Hany Mahmoud,Male,,10/23/1989,1045340693,hany.mahmoud5@outlook.com,Cairo,Greater Cairo,Bronze,7/5/2023
CUS01593,Ibrahim Zaki,Male,,5/18/1981,1141973862,ibrahim.zaki67@yahoo.com,Cairo,Greater Cairo,Silver,3/10/2020
CUS02368,Reem Ali,Female,,2/8/1971,1194244568,reem.ali7@outlook.com,Alexandria,Alexandria,Bronze,1/19/2023
CUS02006,Rana Attia,Female,,10/21/1993,1213597082,No_Email,Zagazig,Nile Delta,Bronze,8/5/2020
CUS02565,Dalia Ragab,Female,,12/14/1971,1092036648,dalia.ragab53@gmail.com,Giza,Greater Cairo,Bronze,6/25/2023
CUS00817,Rana Barakat,Female,,7/10/1989,1012779565,rana.barakat93@outlook.com,Alexandria,Alexandria,Platinum,2/10/2021
CUS01068,Walid Younis,Male,,1/27/1973,1234043964,No_Email,Cairo,Greater Cairo,Gold,1/18/2021
CUS02065,Fatima Mahmoud,Female,,3/26/1980,1020305086,fatima.mahmoud1@yahoo.com,Cairo,Greater Cairo,Bronze,10/4/2021
CUS00275,Ghada Ramadan,Female,,3/23/1976,1177959068,ghada.ramadan42@outlook.com,Alexandria,Alexandria,Silver,1/21/2020
CUS02282,Yasmin Ramadan,Female,,4/28/2003,1259789130,No_Email,Giza,Greater Cairo,Bronze,4/28/2020
CUS00866,Akram Gouda,Male,,10/24/1973,1074157929,akram.gouda72@hotmail.com,Alexandria,Alexandria,Gold,3/5/2023
CUS00102,Hossam Hafez,Male,,22/03/1992,1241478466,hossam.hafez58@hotmail.com,Mansoura,Nile Delta,Bronze,12/19/2022
CUS01502,Tamer Ibrahim,Male,,1/12/1986,1039028805,tamer.ibrahim40@outlook.com,Alexandria,Alexandria,Silver,4/18/2021
CUS02185,Ahmed Mostafa,Male,,7/20/1980,1132312966,No_Email,Mansoura,Nile Delta,Bronze,12/5/2021
CUS00172,Karim Attia,Male,,5/11/1975,1297050454,karim.attia15@outlook.com,Cairo,Greater Cairo,Silver,2/17/2022
CUS00108,Ola Fathy,Female,,10/1/2000,1228652010,ola.fathy20@yahoo.com,Zagazig,Nile Delta,Silver,6/20/2021
CUS01941,Fady Younis,Male,,3/1/1996,1026567920,fady.younis91@yahoo.com,Cairo,Greater Cairo,Silver,11/8/2021
CUS01522,Osama Barakat,Male,,12/8/1990,1232614135,osama.barakat97@gmail.com,Port Said,Canal Zone,Silver,8/26/2022
CUS00859,Emad Mansour,Male,,6/9/1991,1134502256,emad.mansour46@hotmail.com,Alexandria,Alexandria,Silver,11/8/2021
CUS02874,Sherif Badawi,Male,,4/25/1997,1184576894,sherif.badawi38@hotmail.com,Giza,Greater Cairo,Bronze,5/16/2023
CUS02038,Sherif Amin,Male,,11/12/1983,1080051422,sherif.amin31@gmail.com,Cairo,Greater Cairo,Bronze,1/8/2022
CUS02679,Fatima Hafez,Female,,11/27/1996,1156574888,fatima.hafez96@gmail.com,Cairo,Greater Cairo,Gold,6/18/2023
CUS02481,Fatima Mansour,Female,,11/12/1995,1170881409,fatima.mansour99@outlook.com,Cairo,Greater Cairo,Gold,12/15/2022
CUS02045,Omar Abdallah,Male,,4/15/1972,1090599649,omar.abdallah90@hotmail.com,Luxor,Upper Egypt,Gold,8/22/2022
CUS02288,Engy Salem,Female,,6/16/1983,1249186351,No_Email,Giza,Greater Cairo,Gold,3/10/2020
CUS02378,Hoda Ragab,Female,,10/16/1986,1070769004,hoda.ragab15@gmail.com,Hurghada,Red Sea,Bronze,2/14/2023
CUS02619,Maged Gamal,Male,,5/15/1991,1137155007,maged.gamal92@gmail.com,Aswan,Upper Egypt,Bronze,4/17/2023
CUS02277,Tamer Gouda,Male,,8/28/1982,1143225726,tamer.gouda66@yahoo.com,Zagazig,Nile Delta,Bronze,7/14/2023
CUS00296,Amira Mahmoud,Female,,8/5/1989,1166623671,amira.mahmoud63@outlook.com,Alexandria,Alexandria,Bronze,8/19/2020
CUS00713,Rana Hamdy,Female,,12/18/1993,1229554945,rana.hamdy48@outlook.com,Alexandria,Alexandria,Gold,5/5/2022
CUS00073,Osama Ahmed,Male,,11/4/1973,1212649695,osama.ahmed33@outlook.com,Cairo,Greater Cairo,Silver,4/23/2021
CUS02034,Ibrahim Mostafa,Male,,3/9/1997,1190900715,ibrahim.mostafa26@outlook.com,Ismailia,Canal Zone,Silver,3/14/2022
CUS02307,Hazem Wahba,Male,,10/21/1977,1161647453,hazem.wahba75@yahoo.com,Cairo,Greater Cairo,Silver,5/20/2022
CUS02887,Sherif Lotfy,Male,,6/19/1990,1182221951,sherif.lotfy75@yahoo.com,Alexandria,Alexandria,Gold,7/20/2021
CUS02933,Nour Ibrahim,Female,,4/5/2002,1194519537,nour.ibrahim70@gmail.com,Cairo,Greater Cairo,Silver,2/1/2023
CUS00482,Reem Khalil,Female,,3/11/1990,1035144941,reem.khalil55@hotmail.com,Tanta,Nile Delta,Gold,3/9/2020
CUS02985,Nadia Ismail,Female,,24/02/2000,1079762616,nadia.ismail36@gmail.com,Alexandria,Alexandria,Silver,6/24/2021
CUS01531,Essam Salem,Male,,5/5/1981,1080373780,essam.salem85@yahoo.com,Giza,Greater Cairo,Silver,7/14/2023
CUS02597,Ali Farouk,Male,,12/14/1987,1133289986,ali.farouk97@yahoo.com,Cairo,Greater Cairo,Bronze,5/22/2020
CUS01515,Dina Hassan,Female,,19/06/1970,1028676706,dina.hassan46@outlook.com,Cairo,Greater Cairo,Silver,3/18/2021
CUS02051,Samir Lotfy,Male,,26/11/1992,1265446571,samir.lotfy43@hotmail.com,Giza,Greater Cairo,Bronze,12/7/2023
CUS01763,Mohamed Ismail,Male,,2/3/1994,1291546908,mohamed.ismail44@hotmail.com,Cairo,Greater Cairo,Bronze,6/9/2023
CUS01491,Manar Wahba,Female,,12/24/1994,1242830348,manar.wahba29@hotmail.com,Cairo,Greater Cairo,Bronze,11/14/2023
CUS01172,Heba Khalil,Female,,6/3/1972,1059848952,heba.khalil5@hotmail.com,Ismailia,Canal Zone,Gold,9/19/2022
CUS02491,Rania Amin,Female,,2/14/1998,1117507685,rania.amin28@gmail.com,Giza,Greater Cairo,Silver,10/14/2022
CUS02024,Maged Mostafa,Male,,3/22/1983,1210902071,maged.mostafa45@outlook.com,Cairo,Greater Cairo,Bronze,8/3/2023
CUS02109,Emad Ali,Male,,1/2/1998,1245195672,emad.ali37@yahoo.com,Cairo,Greater Cairo,Bronze,10/24/2023
CUS02252,Dina Attia,Female,,10/3/1977,1059425988,dina.attia95@gmail.com,Suez,Canal Zone,Silver,3/12/2021
CUS02309,Engy Wahba,Female,,3/2/1983,1020152539,engy.wahba14@outlook.com,Cairo,Greater Cairo,Bronze,10/1/2023
CUS00406,Ali Ramadan,Male,,6/7/2001,1125197944,ali.ramadan16@hotmail.com,Suez,Canal Zone,Bronze,8/10/2022
CUS00758,Tamer Ramadan,Male,,4/1/1986,1031930027,No_Email,Alexandria,Alexandria,Bronze,3/22/2023
CUS02330,Akram Barakat,Male,,27/07/1977,1284334891,akram.barakat15@gmail.com,Cairo,Greater Cairo,Silver,5/6/2020
CUS02220,Karim Saad,Male,,2/13/1996,1160560759,karim.saad99@hotmail.com,Cairo,Greater Cairo,Bronze,3/26/2021
CUS01958,Ayman Mansour,Male,,11/7/1975,1143480128,No_Email,Giza,Greater Cairo,Bronze,11/1/2023
CUS00098,Fady Mohamed,Male,,11/4/1994,1210791740,fady.mohamed90@gmail.com,Giza,Greater Cairo,Bronze,9/4/2022
CUS01334,Ibrahim Ali,Male,,7/4/1976,1056963366,ibrahim.ali32@hotmail.com,Sharm El Sheikh,South Sinai,Bronze,2/7/2020
CUS02427,Lobna Sayed,Female,,23/01/1978,1076117451,lobna.sayed48@gmail.com,Cairo,Greater Cairo,Silver,7/19/2022
CUS00744,Mohamed Amin,Male,,8/23/1974,1062193231,mohamed.amin58@outlook.com,Alexandria,Alexandria,Bronze,7/9/2020
CUS00807,Khaled Amin,Male,,9/28/1973,1282970220,khaled.amin69@gmail.com,Port Said,Canal Zone,Silver,5/11/2022
CUS02816,Hoda Ahmed,Female,,10/2/1978,1261120267,hoda.ahmed40@outlook.com,Hurghada,Red Sea,Bronze,2/2/2023
CUS01978,Hussein Badawi,Male,,16/11/1993,1212097035,No_Email,Giza,Greater Cairo,Bronze,9/14/2022
CUS02541,Ibrahim Hassan,Male,,9/12/1979,1254955799,ibrahim.hassan20@hotmail.com,Mansoura,Nile Delta,Bronze,3/1/2022
CUS01536,Dalia Hafez,Female,,9/5/1990,1031302349,dalia.hafez51@outlook.com,Cairo,Greater Cairo,Bronze,5/24/2022
CUS02085,Reem Hamdy,Female,,8/6/2002,1133004548,reem.hamdy44@outlook.com,Alexandria,Alexandria,Gold,3/23/2020
CUS02141,Omar Wahba,Male,,3/26/1992,1290449200,omar.wahba1@gmail.com,Aswan,Upper Egypt,Silver,2/9/2022
CUS00149,Hany Lotfy,Male,,4/17/1982,1243388408,hany.lotfy96@gmail.com,Cairo,Greater Cairo,Silver,11/15/2022
CUS01851,Ola Farouk,Female,,21/09/1971,1249967372,ola.farouk78@gmail.com,Giza,Greater Cairo,Bronze,7/4/2023
CUS02088,Adel Hassan,Male,,11/6/1994,1024007028,No_Email,Mansoura,Nile Delta,Bronze,12/5/2022
CUS01984,Mohamed Amin,Male,,4/25/1987,1146347748,mohamed.amin88@outlook.com,Alexandria,Alexandria,Silver,1/27/2022
CUS01316,Hussein Ali,Male,,11/17/1995,1166806940,No_Email,Mansoura,Nile Delta,Bronze,3/28/2020
CUS00693,Nader Hamdy,Male,,6/19/1978,1118472493,nader.hamdy89@yahoo.com,Alexandria,Alexandria,Silver,11/16/2022
CUS00819,Amr Younis,Male,,12/1/1982,1221355740,amr.younis66@gmail.com,Cairo,Greater Cairo,Bronze,12/4/2021
CUS01729,Dina Khalil,Female,,12/6/1983,1037915295,dina.khalil17@outlook.com,Aswan,Upper Egypt,Bronze,9/13/2023
CUS01387,Ramy Barakat,Male,,9/2/1973,1080319709,ramy.barakat37@hotmail.com,Hurghada,Red Sea,Bronze,1/10/2020
CUS02319,Maged Mansour,Male,,5/2/1990,1049824417,maged.mansour38@outlook.com,Giza,Greater Cairo,Silver,5/8/2022
CUS02091,Dina Zaki,Female,,11/25/1981,1160810189,dina.zaki15@gmail.com,Hurghada,Red Sea,Bronze,5/25/2023
CUS01600,Engy Zaki,Female,,3/19/1980,1295546549,engy.zaki79@outlook.com,Suez,Canal Zone,Silver,12/16/2023
CUS02399,Omar Mahmoud,Male,,24/02/1971,1178606375,omar.mahmoud12@yahoo.com,Mansoura,Nile Delta,Bronze,1/23/2023
CUS02496,Yasmin Saad,Female,,20/05/1970,1274373458,yasmin.saad62@yahoo.com,Alexandria,Alexandria,Bronze,1/2/2022
CUS00702,Hassan Nasser,Male,,3/4/1998,1140520595,No_Email,Cairo,Greater Cairo,Bronze,8/2/2021
CUS01957,Essam Ali,Male,,3/21/1987,1057282459,No_Email,Mansoura,Nile Delta,Bronze,10/8/2022
CUS02701,Salma Ali,Female,,11/24/1999,1071767391,salma.ali14@yahoo.com,Alexandria,Alexandria,Silver,5/17/2022
CUS00922,Noha Ahmed,Female,,7/13/1988,1246771858,noha.ahmed64@outlook.com,Alexandria,Alexandria,Bronze,6/26/2020
CUS01425,Ola Ramadan,Female,,7/27/1980,1138968791,ola.ramadan20@gmail.com,Ismailia,Canal Zone,Silver,8/12/2023
CUS01709,Hoda Hamdy,Female,,5/21/2000,1197772059,hoda.hamdy55@hotmail.com,Mansoura,Nile Delta,Bronze,12/10/2023
CUS00906,Reham Younis,Female,,1/27/2002,1083365847,reham.younis98@gmail.com,Suez,Canal Zone,Silver,6/17/2023
CUS00455,Youssef Ramadan,Male,,28/05/1994,1268719406,youssef.ramadan13@gmail.com,Cairo,Greater Cairo,Bronze,2/21/2020
CUS02117,Dina Nasser,Female,,11/24/1993,1051785474,dina.nasser60@gmail.com,Giza,Greater Cairo,Bronze,7/9/2021
CUS02316,Ashraf Mahmoud,Male,,26/09/1995,1232006205,ashraf.mahmoud26@gmail.com,Cairo,Greater Cairo,Silver,2/9/2023
CUS02342,Tarek Salem,Male,,4/3/1993,1274919405,No_Email,Cairo,Greater Cairo,Bronze,8/1/2021
CUS02336,Walid Ramadan,Male,,5/25/1979,1229576374,walid.ramadan38@yahoo.com,Giza,Greater Cairo,Gold,2/14/2020
CUS00168,Hany Ali,Male,,1/9/1996,1139870720,No_Email,Cairo,Greater Cairo,Silver,10/16/2023
CUS00731,Akram Younis,Male,,2/14/2001,1214149208,akram.younis99@gmail.com,Cairo,Greater Cairo,Bronze,5/13/2022
CUS02385,Suzy Ahmed,Female,,3/24/1987,1267227618,suzy.ahmed79@gmail.com,Giza,Greater Cairo,Silver,8/14/2021
CUS01311,Doha Hassan,Female,,12/26/1981,1156073599,doha.hassan35@hotmail.com,Cairo,Greater Cairo,Bronze,9/13/2022
CUS00027,Nadia Khalil,Female,,24/03/1993,1125845304,nadia.khalil9@hotmail.com,Cairo,Greater Cairo,Silver,8/15/2020
CUS02014,Wael Badawi,Male,,4/15/1990,1117030982,wael.badawi15@outlook.com,Cairo,Greater Cairo,Silver,6/22/2022
CUS01653,Khaled Abdallah,Male,,9/18/1974,1028751442,khaled.abdallah51@hotmail.com,Cairo,Greater Cairo,Bronze,8/13/2020
CUS01623,Reem Barakat,Female,,8/5/2002,1160668069,reem.barakat37@yahoo.com,Alexandria,Alexandria,Bronze,11/2/2021
CUS00588,Lobna Badawi,Female,,3/13/1980,1110447935,lobna.badawi13@outlook.com,Cairo,Greater Cairo,Bronze,7/14/2023
CUS01402,Ibrahim Mahmoud,Male,,24/01/1991,1222909427,ibrahim.mahmoud2@gmail.com,Cairo,Greater Cairo,Bronze,3/13/2020
CUS00998,Hossam Ahmed,Male,,8/7/1977,1231958106,hossam.ahmed53@hotmail.com,Cairo,Greater Cairo,Bronze,4/15/2021
CUS01177,Karim Ibrahim,Male,,8/10/2000,1259888093,karim.ibrahim35@gmail.com,Hurghada,Red Sea,Silver,8/11/2021
CUS01701,Osama Hassan,Male,,1/26/1998,1291335378,osama.hassan7@outlook.com,Ismailia,Canal Zone,Silver,3/20/2020
CUS01041,Hossam Younis,Male,,11/8/1972,1230273667,hossam.younis46@yahoo.com,Alexandria,Alexandria,Bronze,12/25/2022
CUS00034,Magdy Saad,Male,,2/7/1984,1088478184,magdy.saad16@hotmail.com,Port Said,Canal Zone,Bronze,8/10/2021
CUS02293,Ramy Ibrahim,Male,,11/22/1988,1044981801,ramy.ibrahim91@outlook.com,Cairo,Greater Cairo,Silver,12/8/2023
CUS02406,Reham Ragab,Female,,12/25/1977,1155299771,reham.ragab64@gmail.com,Mansoura,Nile Delta,Silver,5/18/2020
CUS01380,Fatima Mansour,Female,,10/4/1979,1171937331,fatima.mansour94@gmail.com,Alexandria,Alexandria,Silver,6/16/2022
CUS00042,Yasmin Ismail,Female,,9/10/2001,1075825262,No_Email,Alexandria,Alexandria,Gold,1/11/2023
CUS01870,Reem Fathy,Female,,15/09/1996,1054891281,reem.fathy9@gmail.com,Zagazig,Nile Delta,Bronze,11/12/2023
CUS02382,Nour Abdallah,Female,,12/1/1993,1221482568,nour.abdallah82@hotmail.com,Luxor,Upper Egypt,Bronze,6/5/2023
CUS02650,Rana Ali,Female,,8/20/1981,1292562530,rana.ali70@gmail.com,Giza,Greater Cairo,Platinum,9/20/2020
CUS02197,Maged Ali,Male,,10/20/1987,1087299150,maged.ali50@hotmail.com,Alexandria,Alexandria,Silver,8/8/2023
CUS02124,Hossam Salem,Male,,1/24/1991,1077579774,hossam.salem60@outlook.com,Giza,Greater Cairo,Bronze,11/16/2020
CUS02195,Salma Farouk,Female,,4/20/1970,1142256463,salma.farouk6@hotmail.com,Cairo,Greater Cairo,Gold,3/20/2021
CUS00610,Zeinab Salem,Female,,10/10/1979,1236842781,zeinab.salem85@hotmail.com,Tanta,Nile Delta,Bronze,12/1/2022
CUS01133,Sherif Zaki,Male,,3/9/2001,1056938936,sherif.zaki22@yahoo.com,Cairo,Greater Cairo,Silver,2/24/2022
CUS00029,Tamer Mansour,Male,,9/26/1972,1298007006,tamer.mansour35@gmail.com,Alexandria,Alexandria,Silver,2/17/2022
CUS00442,Yasmin Mohamed,Female,,8/19/1994,1048939164,yasmin.mohamed92@yahoo.com,Ismailia,Canal Zone,Bronze,11/21/2021
CUS02026,Magdy Shaaban,Male,,11/15/2001,1159988419,magdy.shaaban62@outlook.com,Cairo,Greater Cairo,Bronze,9/12/2020
CUS02196,Reem Younis,Female,,2/3/1971,1193134632,reem.younis43@hotmail.com,Giza,Greater Cairo,Gold,4/22/2023
CUS00494,Ali Nasser,Male,,3/18/2003,1276478665,ali.nasser81@hotmail.com,Cairo,Greater Cairo,Silver,8/20/2020
CUS01259,Rana Farouk,Female,,11/5/1991,1028342286,rana.farouk1@gmail.com,Cairo,Greater Cairo,Bronze,10/7/2023
CUS01302,Maged Nasser,Male,,5/26/1989,1173208859,maged.nasser81@hotmail.com,Port Said,Canal Zone,Gold,11/3/2022
CUS02582,Eman Zaki,Female,,9/24/1983,1228555229,eman.zaki16@yahoo.com,Suez,Canal Zone,Bronze,7/16/2023
CUS02403,Emad Amin,Male,,24/09/1991,1047144357,emad.amin4@gmail.com,Giza,Greater Cairo,Bronze,6/2/2022
CUS01383,Karim Ragab,Male,,5/11/1984,1267222186,karim.ragab20@gmail.com,Ismailia,Canal Zone,Silver,12/22/2020
CUS01305,Walid Younis,Male,,4/25/1985,1030342394,walid.younis4@outlook.com,Tanta,Nile Delta,Gold,2/18/2021
CUS00237,Tamer Attia,Male,,3/1/1990,1283302419,tamer.attia38@yahoo.com,Giza,Greater Cairo,Bronze,6/23/2023
CUS00552,Hussein Attia,Male,,2/2/1991,1272907057,hussein.attia45@gmail.com,Luxor,Upper Egypt,Gold,5/10/2021
CUS00521,Mona Amin,Female,,2/3/1992,1269567530,mona.amin88@outlook.com,Alexandria,Alexandria,Gold,11/14/2020
CUS02253,Tarek Salem,Male,,6/18/1993,1160970288,tarek.salem98@gmail.com,Mansoura,Nile Delta,Bronze,11/16/2020
CUS01233,Zeinab Abdallah,Female,,6/3/1984,1073140855,No_Email,Cairo,Greater Cairo,Platinum,11/2/2023
CUS01139,Lobna Wahba,Female,,3/24/2002,1080898513,No_Email,Alexandria,Alexandria,Gold,7/9/2023
CUS00721,Wael Sayed,Male,,7/24/1999,1142397292,wael.sayed91@outlook.com,Port Said,Canal Zone,Bronze,10/14/2021
CUS00736,Essam Saad,Male,,11/9/1999,1044188706,essam.saad51@gmail.com,Luxor,Upper Egypt,Gold,4/26/2020
CUS02698,Salma Abdallah,Female,,11/3/1996,1139615919,salma.abdallah99@yahoo.com,Giza,Greater Cairo,Bronze,2/12/2023
CUS01751,Hana Sayed,Female,,3/8/1998,1194025036,hana.sayed90@gmail.com,Alexandria,Alexandria,Gold,2/1/2023
CUS00059,Hazem Shaaban,Male,,19/09/1978,1033318633,hazem.shaaban59@gmail.com,Cairo,Greater Cairo,Bronze,12/7/2022
CUS00632,Shaimaa Nasser,Female,,1/25/1974,1128831186,shaimaa.nasser32@outlook.com,Suez,Canal Zone,Bronze,11/14/2021
CUS01182,Yasmin Mahmoud,Female,,9/8/2002,1244141277,yasmin.mahmoud15@yahoo.com,Giza,Greater Cairo,Silver,5/25/2020
CUS02239,Maged Rizk,Male,,22/08/1993,1116429227,maged.rizk45@yahoo.com,Cairo,Greater Cairo,Silver,2/10/2020
CUS00593,Mahmoud Hamdy,Male,,12/17/1995,1297191836,mahmoud.hamdy98@gmail.com,Cairo,Greater Cairo,Silver,6/14/2021
CUS01304,Emad Gouda,Male,,12/2/1994,1289295660,emad.gouda37@gmail.com,Alexandria,Alexandria,Silver,10/26/2021
CUS01388,Ramy Shaaban,Male,,9/11/1994,1038665803,No_Email,Cairo,Greater Cairo,Bronze,8/10/2021
CUS02660,Akram Khalil,Male,,5/28/1995,1273481608,akram.khalil34@outlook.com,Mansoura,Nile Delta,Bronze,6/28/2022
CUS02675,Youssef Rizk,Male,,6/24/1972,1141830633,No_Email,Suez,Canal Zone,Bronze,10/1/2021
CUS02901,Osama Hassan,Male,,7/11/1986,1048050958,osama.hassan40@gmail.com,Cairo,Greater Cairo,Bronze,12/11/2022
CUS00940,Aisha Ibrahim,Female,,7/15/2003,1160922531,aisha.ibrahim86@outlook.com,Alexandria,Alexandria,Silver,2/1/2023
CUS02836,Fady Sayed,Male,,11/6/1972,1259036930,fady.sayed27@yahoo.com,Suez,Canal Zone,Bronze,8/4/2021
CUS01250,Ramy Barakat,Male,,27/05/1983,1154314842,ramy.barakat88@hotmail.com,Mansoura,Nile Delta,Silver,2/16/2021
CUS00905,Aisha Rizk,Female,,9/26/1976,1041569450,aisha.rizk65@outlook.com,Giza,Greater Cairo,Platinum,2/3/2021
CUS02587,Mohamed Sayed,Male,,10/21/1982,1293763240,mohamed.sayed51@outlook.com,Cairo,Greater Cairo,Bronze,12/25/2023
CUS01280,Suzy Zaki,Female,,1/19/2002,1176876044,suzy.zaki44@gmail.com,Alexandria,Alexandria,Bronze,11/14/2021
CUS02440,Dalia Badawi,Female,,4/4/1970,1084841091,No_Email,Cairo,Greater Cairo,Bronze,12/9/2022
CUS02927,Salma Khalil,Female,,7/16/1988,1096665204,salma.khalil22@yahoo.com,Hurghada,Red Sea,Gold,2/1/2023
CUS02162,Walid Younis,Male,,8/9/1996,1258786580,walid.younis98@yahoo.com,Mansoura,Nile Delta,Bronze,8/24/2022
CUS02425,Ahmed Badawi,Male,,11/6/1980,1034667121,ahmed.badawi41@hotmail.com,Giza,Greater Cairo,Bronze,2/7/2020
CUS02504,Akram Lotfy,Male,,6/24/1981,1180003571,akram.lotfy58@gmail.com,Port Said,Canal Zone,Silver,3/21/2023
CUS01143,Dalia Ragab,Female,,4/12/1972,1262070271,dalia.ragab92@gmail.com,Tanta,Nile Delta,Silver,2/19/2022
CUS02419,Tamer Ahmed,Male,,11/3/1979,1158262926,No_Email,Cairo,Greater Cairo,Bronze,1/20/2022
CUS00707,Amr Hafez,Male,,8/24/1983,1153937353,amr.hafez62@hotmail.com,Giza,Greater Cairo,Bronze,2/20/2021
CUS02686,Ali Shaaban,Male,,4/13/1985,1027295330,ali.shaaban55@outlook.com,Cairo,Greater Cairo,Bronze,7/3/2021
CUS01023,Nadia Saad,Female,,5/8/1998,1246190360,nadia.saad85@yahoo.com,Port Said,Canal Zone,Silver,4/2/2021
CUS00746,Youssef Mahmoud,Male,,3/5/1973,1244245026,youssef.mahmoud24@yahoo.com,Suez,Canal Zone,Silver,5/6/2023
CUS01547,Bassem Sayed,Male,,2/15/1971,1192647878,No_Email,Hurghada,Red Sea,Silver,7/15/2020
CUS02395,Dalia Fathy,Female,,12/17/1985,1280665528,dalia.fathy68@outlook.com,Suez,Canal Zone,Bronze,3/17/2023
CUS02081,Osama Ahmed,Male,,12/22/1998,1213387634,osama.ahmed70@gmail.com,Cairo,Greater Cairo,Platinum,2/4/2020
CUS00514,Mona Amin,Female,,11/25/1998,1125332850,mona.amin39@gmail.com,Luxor,Upper Egypt,Silver,5/28/2020
CUS00082,Magdy Mahmoud,Male,,8/11/2001,1076756320,No_Email,Mansoura,Nile Delta,Silver,2/26/2020
CUS02706,Nader Farouk,Male,,2/4/1994,1126396664,nader.farouk61@gmail.com,Hurghada,Red Sea,Bronze,4/25/2022
CUS01309,Maged Zaki,Male,,6/14/1995,1128805580,maged.zaki32@outlook.com,Giza,Greater Cairo,Bronze,7/7/2021
CUS02536,Ali Ramadan,Male,,3/6/1970,1132790131,ali.ramadan25@hotmail.com,Aswan,Upper Egypt,Bronze,8/14/2020
CUS00915,Ashraf Hassan,Male,,3/8/1991,1044160093,ashraf.hassan90@gmail.com,Alexandria,Alexandria,Silver,6/9/2021
CUS01405,Mariam Ragab,Female,,6/5/1997,1229057175,mariam.ragab22@outlook.com,Mansoura,Nile Delta,Bronze,5/1/2021
CUS01648,Engy Hassan,Female,,22/05/1976,1296689645,engy.hassan92@yahoo.com,Aswan,Upper Egypt,Bronze,11/5/2022
CUS02806,Samir Shaaban,Male,,6/8/1972,1155695129,samir.shaaban93@hotmail.com,Ismailia,Canal Zone,Silver,7/2/2023
CUS01109,Magdy Khalil,Male,,3/25/1973,1014267792,magdy.khalil54@yahoo.com,Tanta,Nile Delta,Bronze,10/12/2020
CUS00151,Doha Amin,Female,,25/07/1983,1244103265,No_Email,Suez,Canal Zone,Bronze,5/20/2020
CUS02772,Nader Bakr,Male,,2/22/1992,1186527022,nader.bakr98@outlook.com,Cairo,Greater Cairo,Gold,2/3/2022
CUS00775,Hana Younis,Female,,4/13/1977,1254102252,hana.younis43@yahoo.com,Hurghada,Red Sea,Bronze,1/4/2023
CUS00330,Doha Ramadan,Female,,5/4/1996,1279564413,doha.ramadan29@gmail.com,Cairo,Greater Cairo,Bronze,7/18/2022
CUS00007,Wael Barakat,Male,,9/6/1981,1185141654,wael.barakat24@outlook.com,Cairo,Greater Cairo,Silver,1/24/2023
CUS00944,Manar Hamdy,Female,,2/23/1989,1040171534,manar.hamdy52@hotmail.com,Aswan,Upper Egypt,Silver,1/17/2023
CUS00823,Hazem Fathy,Male,,7/4/1990,1177200602,hazem.fathy2@gmail.com,Giza,Greater Cairo,Bronze,4/27/2021
CUS00735,Fady Nasser,Male,,10/17/1999,1025731762,fady.nasser82@hotmail.com,Giza,Greater Cairo,Bronze,11/26/2021
CUS00910,Reem Mansour,Female,,5/22/2001,1284250773,No_Email,Giza,Greater Cairo,Gold,10/26/2023
CUS00469,Hana Sayed,Female,,12/20/1987,1220042733,hana.sayed41@yahoo.com,Cairo,Greater Cairo,Bronze,1/26/2021
CUS00182,Nour Barakat,Female,,10/24/1989,1252346074,nour.barakat46@gmail.com,Cairo,Greater Cairo,Bronze,5/27/2021
CUS00165,Karim Abdallah,Male,,12/23/1989,1228153282,karim.abdallah73@yahoo.com,Cairo,Greater Cairo,Silver,2/18/2022
CUS01524,Suzy Hassan,Female,,9/25/1986,1264225586,suzy.hassan43@outlook.com,Cairo,Greater Cairo,Bronze,10/6/2021
CUS00452,Sara Salem,Female,,27/11/1990,1252481963,sara.salem41@gmail.com,Alexandria,Alexandria,Silver,5/17/2023
CUS00491,Hassan Zaki,Male,,9/6/1999,1168638761,hassan.zaki88@hotmail.com,Giza,Greater Cairo,Bronze,6/14/2023
CUS00814,Samah Ali,Female,,16/11/1972,1064590632,samah.ali80@hotmail.com,Port Said,Canal Zone,Silver,10/25/2020
CUS01144,Dalia Barakat,Female,,6/1/1991,1226170596,dalia.barakat22@gmail.com,Alexandria,Alexandria,Silver,8/6/2020
CUS01312,Hany Hassan,Male,,8/25/1989,1041329793,hany.hassan90@gmail.com,Suez,Canal Zone,Bronze,11/16/2022
CUS02898,Samah Ramadan,Female,,12/21/1988,1255345476,samah.ramadan15@yahoo.com,Giza,Greater Cairo,Gold,1/21/2022
CUS01112,Nadia Bakr,Female,,14/12/1987,1076569035,nadia.bakr61@gmail.com,Cairo,Greater Cairo,Bronze,5/10/2023
CUS02902,Hazem Wahba,Male,,13/05/1995,1112305116,hazem.wahba11@outlook.com,Hurghada,Red Sea,Bronze,3/3/2022
CUS01827,Ghada Salem,Female,,12/13/1991,1010092296,ghada.salem77@outlook.com,Cairo,Greater Cairo,Bronze,8/6/2020
CUS01442,Ayman Salem,Male,,12/2/1975,1277567852,No_Email,Cairo,Greater Cairo,Gold,7/19/2021
CUS02714,Mariam Rizk,Female,,20/09/1973,1094967012,mariam.rizk96@gmail.com,Giza,Greater Cairo,Bronze,8/19/2022
CUS01007,Lobna Rizk,Female,,18/06/1979,1285977102,lobna.rizk24@yahoo.com,Tanta,Nile Delta,Bronze,7/2/2022
CUS01628,Amr Nasser,Male,,8/17/1978,1249448319,amr.nasser49@yahoo.com,Alexandria,Alexandria,Bronze,2/11/2023
CUS01633,Omar Barakat,Male,,28/02/1976,1295025332,omar.barakat90@yahoo.com,Mansoura,Nile Delta,Bronze,6/21/2021
CUS01075,Samir Bakr,Male,,8/10/1993,1268662999,samir.bakr29@hotmail.com,Ismailia,Canal Zone,Bronze,8/27/2020
CUS00579,Adel Ali,Male,,6/24/1977,1081305655,No_Email,Alexandria,Alexandria,Bronze,11/16/2021
CUS02137,Hossam Mohamed,Male,,11/13/1983,1161665474,hossam.mohamed62@yahoo.com,Cairo,Greater Cairo,Bronze,11/8/2020
CUS02383,Hana Fathy,Female,,5/24/1986,1246116215,hana.fathy50@outlook.com,Suez,Canal Zone,Bronze,4/27/2021
CUS02702,Adel Abdallah,Male,,2/24/1976,1274742125,adel.abdallah75@gmail.com,Ismailia,Canal Zone,Silver,11/25/2020
CUS02340,Essam Ramadan,Male,,8/24/1990,1117182398,essam.ramadan36@gmail.com,Giza,Greater Cairo,Platinum,11/28/2022
CUS00328,Hossam Nasser,Male,,4/27/1970,1263161787,hossam.nasser25@yahoo.com,Mansoura,Nile Delta,Silver,10/5/2020
CUS01791,Neveen Mostafa,Female,,7/19/2000,1261760045,neveen.mostafa48@hotmail.com,Cairo,Greater Cairo,Gold,5/24/2022
CUS00443,Reham Barakat,Female,,15/06/2003,1055502589,No_Email,Giza,Greater Cairo,Platinum,4/7/2023
CUS01859,Hossam Shaaban,Male,,11/14/2001,1189796198,hossam.shaaban57@outlook.com,Aswan,Upper Egypt,Gold,10/9/2023
CUS02718,Suzy Ramadan,Female,,12/11/1970,1112657546,suzy.ramadan7@gmail.com,Ismailia,Canal Zone,Silver,1/14/2021
CUS00313,Sherif Attia,Male,,1/24/2000,1085031292,sherif.attia16@hotmail.com,Cairo,Greater Cairo,Bronze,1/17/2022
CUS00833,Magdy Rizk,Male,,7/25/1980,1286878220,magdy.rizk49@hotmail.com,Cairo,Greater Cairo,Bronze,2/17/2023
CUS02412,Hossam Ramadan,Male,,2/23/1970,1156689416,hossam.ramadan1@outlook.com,Cairo,Greater Cairo,Bronze,9/9/2023
CUS02139,Karim Sayed,Male,,23/03/1982,1156029957,karim.sayed58@gmail.com,Cairo,Greater Cairo,Gold,1/27/2022
CUS01415,Karim Badawi,Male,,2/13/1995,1132683880,karim.badawi69@gmail.com,Alexandria,Alexandria,Silver,5/19/2023
CUS01202,Ayman Ali,Male,,1/8/1991,1243283131,ayman.ali4@outlook.com,Cairo,Greater Cairo,Silver,11/15/2023
CUS02352,Reem Nasser,Female,,2/1/1973,1154046668,reem.nasser34@outlook.com,Suez,Canal Zone,Silver,9/27/2022
CUS01500,Ashraf Shaaban,Male,,9/5/1994,1292424462,ashraf.shaaban77@hotmail.com,Luxor,Upper Egypt,Silver,9/21/2020
CUS01968,Fatima Nasser,Female,,1/9/1978,1096466715,fatima.nasser40@yahoo.com,Giza,Greater Cairo,Bronze,1/14/2020
CUS00087,Doha Wahba,Female,,20/07/1994,1243318046,doha.wahba18@yahoo.com,Zagazig,Nile Delta,Gold,10/23/2023
CUS01404,Walid Gouda,Male,,5/13/1975,1077827904,walid.gouda31@yahoo.com,Zagazig,Nile Delta,Gold,4/3/2020
CUS02974,Salma Sayed,Female,,10/5/2000,1065474248,No_Email,Zagazig,Nile Delta,Silver,8/14/2022
CUS02361,Sara Ramadan,Female,,2/19/1975,1155225924,sara.ramadan15@yahoo.com,Cairo,Greater Cairo,Bronze,11/2/2022
CUS01482,Emad Younis,Male,,11/13/1995,1268201944,emad.younis3@outlook.com,Cairo,Greater Cairo,Gold,8/23/2020
CUS00778,Ola Mahmoud,Female,,13/03/1992,1083189524,ola.mahmoud99@gmail.com,Zagazig,Nile Delta,Bronze,3/5/2020
CUS00800,Reem Ali,Female,,12/9/2000,1232419424,reem.ali28@outlook.com,Port Said,Canal Zone,Silver,2/3/2022
CUS01667,Magdy Abdallah,Male,,4/11/1978,1030607888,magdy.abdallah86@hotmail.com,Cairo,Greater Cairo,Bronze,11/9/2021
CUS01895,Heba Ragab,Female,,7/13/1998,1046637295,heba.ragab39@gmail.com,Alexandria,Alexandria,Silver,5/6/2021
CUS00055,Emad Barakat,Male,,1/26/1999,1293625419,emad.barakat73@gmail.com,Alexandria,Alexandria,Bronze,10/25/2020
CUS02400,Sara Attia,Female,,7/10/1987,1070533728,sara.attia1@yahoo.com,Mansoura,Nile Delta,Platinum,12/23/2020
CUS01288,Doha Saad,Female,,1/22/1998,1247657195,doha.saad10@outlook.com,Giza,Greater Cairo,Bronze,8/11/2023
CUS01921,Omar Fathy,Male,,10/7/1983,1277050835,omar.fathy6@outlook.com,Tanta,Nile Delta,Gold,12/23/2022
CUS01668,Sherif Mostafa,Male,,10/5/1997,1214044767,sherif.mostafa16@outlook.com,Port Said,Canal Zone,Gold,10/13/2023
CUS02630,Suzy Badawi,Female,,5/16/1985,1049566500,suzy.badawi19@gmail.com,Giza,Greater Cairo,Bronze,12/10/2023
CUS02190,Hany Sayed,Male,,8/4/1974,1143745610,hany.sayed51@hotmail.com,Mansoura,Nile Delta,Gold,6/22/2023
CUS01702,Yasmin Zaki,Female,,7/17/1979,1090361394,yasmin.zaki93@gmail.com,Giza,Greater Cairo,Bronze,5/4/2023
CUS01246,Khaled Barakat,Male,,11/21/1975,1145699484,No_Email,Mansoura,Nile Delta,Silver,10/2/2021
CUS00114,Hassan Younis,Male,,5/7/1996,1010954835,hassan.younis89@hotmail.com,Hurghada,Red Sea,Bronze,6/4/2023
CUS02910,Mona Mohamed,Female,,11/24/1975,1140195198,mona.mohamed1@outlook.com,Giza,Greater Cairo,Bronze,5/9/2021
CUS00988,Sherif Ragab,Male,,12/11/1978,1284464701,sherif.ragab66@gmail.com,Giza,Greater Cairo,Silver,10/22/2023
CUS00502,Sara Badawi,Female,,10/21/1993,1033362909,sara.badawi74@yahoo.com,Alexandria,Alexandria,Bronze,5/16/2021
CUS02188,Osama Sayed,Male,,9/14/1988,1242989642,osama.sayed3@hotmail.com,Hurghada,Red Sea,Silver,5/22/2020
CUS01010,Noha Shaaban,Female,,9/26/1973,1199116571,noha.shaaban50@gmail.com,Alexandria,Alexandria,Silver,12/9/2022
CUS01199,Adel Fathy,Male,,12/4/1996,1139813647,adel.fathy59@gmail.com,Zagazig,Nile Delta,Bronze,12/13/2023
CUS01395,Hany Rizk,Male,,2/21/1990,1118218152,hany.rizk55@gmail.com,Giza,Greater Cairo,Silver,1/26/2021
CUS00590,Samah Wahba,Female,,15/03/1982,1142120359,samah.wahba38@gmail.com,Cairo,Greater Cairo,Bronze,4/19/2020
CUS00769,Karim Gamal,Male,,1/2/1974,1162285733,karim.gamal91@hotmail.com,Giza,Greater Cairo,Bronze,3/27/2023
CUS00018,Maged Mohamed,Male,,15/03/1977,1110090721,maged.mohamed84@hotmail.com,Alexandria,Alexandria,Silver,5/3/2021
CUS01043,Nadia Lotfy,Female,,4/24/1982,1210202363,nadia.lotfy39@outlook.com,Giza,Greater Cairo,Gold,5/17/2020
CUS01448,Wael Mansour,Male,,9/24/1972,1020307567,wael.mansour82@outlook.com,Aswan,Upper Egypt,Bronze,7/27/2021
CUS02502,Yasmin Saad,Female,,5/23/1985,1022885366,yasmin.saad74@outlook.com,Hurghada,Red Sea,Silver,7/6/2022
CUS00286,Youssef Wahba,Male,,10/22/1987,1238507329,youssef.wahba54@gmail.com,Cairo,Greater Cairo,Bronze,8/22/2021
CUS02683,Samir Amin,Male,,3/8/1971,1227649760,samir.amin58@yahoo.com,Cairo,Greater Cairo,Bronze,5/22/2021
CUS00429,Samir Farouk,Male,,11/23/1994,1076011040,samir.farouk46@gmail.com,Giza,Greater Cairo,Gold,2/12/2022
CUS01329,Reham Mahmoud,Female,,7/26/1976,1298017125,No_Email,Mansoura,Nile Delta,Bronze,8/5/2021
CUS02030,Wael Ahmed,Male,,2/18/1982,1235490427,wael.ahmed11@gmail.com,Mansoura,Nile Delta,Silver,9/9/2020
CUS00670,Tamer Younis,Male,,7/9/1981,1059402605,No_Email,Giza,Greater Cairo,Gold,12/18/2023
CUS00032,Shaimaa Sayed,Female,,9/8/1983,1176038997,shaimaa.sayed6@yahoo.com,Cairo,Greater Cairo,Bronze,12/12/2023
CUS01342,Dina Ali,Female,,5/20/2001,1098264438,dina.ali32@yahoo.com,Alexandria,Alexandria,Gold,6/10/2020
CUS00723,Magdy Younis,Male,,10/1/1980,1254481849,No_Email,Cairo,Greater Cairo,Bronze,8/8/2023
CUS00952,Ghada Ragab,Female,,15/01/1987,1038356463,ghada.ragab65@yahoo.com,Mansoura,Nile Delta,Bronze,12/26/2022
CUS01915,Magdy Younis,Male,,3/28/1982,1080868705,magdy.younis53@hotmail.com,Giza,Greater Cairo,Silver,12/4/2022
CUS02331,Samir Wahba,Male,,10/6/1989,1169002170,samir.wahba95@outlook.com,Cairo,Greater Cairo,Gold,2/19/2022
CUS00215,Mona Shaaban,Female,,26/04/1977,1299565693,mona.shaaban95@yahoo.com,Tanta,Nile Delta,Bronze,1/24/2020
CUS00990,Dalia Mansour,Female,,2/11/1993,1181354003,dalia.mansour5@yahoo.com,Aswan,Upper Egypt,Gold,2/23/2020
CUS01165,Tarek Mostafa,Male,,5/27/1988,1264243868,tarek.mostafa55@gmail.com,Cairo,Greater Cairo,Gold,10/28/2021
CUS02840,Ashraf Sayed,Male,,2/14/2002,1233621676,No_Email,Giza,Greater Cairo,Silver,6/8/2022
CUS02697,Mahmoud Amin,Male,,7/27/1982,1132887525,mahmoud.amin92@yahoo.com,Tanta,Nile Delta,Bronze,7/11/2020
CUS00327,Karim Badawi,Male,,4/24/1970,1047733231,karim.badawi81@hotmail.com,Alexandria,Alexandria,Platinum,4/16/2021
CUS00561,Rana Hamdy,Female,,1/22/2003,1165885406,rana.hamdy65@yahoo.com,Tanta,Nile Delta,Bronze,2/6/2022
CUS01384,Emad Abdallah,Male,,5/25/1994,1237318709,emad.abdallah74@outlook.com,Cairo,Greater Cairo,Gold,9/6/2020
CUS01725,Zeinab Ismail,Female,,2/5/1974,1220267379,zeinab.ismail72@outlook.com,Tanta,Nile Delta,Bronze,7/14/2020
CUS01087,Suzy Hafez,Female,,9/5/1992,1224919894,suzy.hafez75@outlook.com,Mansoura,Nile Delta,Silver,3/10/2020
CUS02671,Mariam Wahba,Female,,4/5/1996,1117343069,mariam.wahba5@yahoo.com,Mansoura,Nile Delta,Bronze,1/13/2020
CUS00342,Mariam Ismail,Female,,9/13/1982,1260231696,mariam.ismail98@yahoo.com,Alexandria,Alexandria,Bronze,3/11/2022
CUS01654,Salma Mohamed,Female,,4/14/1979,1125618711,salma.mohamed41@gmail.com,Giza,Greater Cairo,Bronze,8/14/2023
CUS00148,Dalia Ahmed,Female,,9/24/1993,1159535555,dalia.ahmed94@gmail.com,Alexandria,Alexandria,Platinum,2/7/2022
CUS02377,Walid Amin,Male,,11/24/1979,1185208890,No_Email,Giza,Greater Cairo,Bronze,4/16/2023
CUS02810,Tarek Mostafa,Male,,4/6/1999,1260507170,tarek.mostafa44@outlook.com,Tanta,Nile Delta,Gold,4/3/2022
CUS01108,Sherif Mansour,Male,,2/4/1996,1293464229,sherif.mansour89@outlook.com,Zagazig,Nile Delta,Bronze,1/16/2021
CUS00849,Suzy Mansour,Female,,11/7/1976,1179715974,suzy.mansour63@outlook.com,Alexandria,Alexandria,Gold,7/28/2021
CUS00967,Hazem Younis,Male,,2/18/1974,1194135858,hazem.younis79@yahoo.com,Tanta,Nile Delta,Silver,6/25/2022
CUS01073,Ayman Shaaban,Male,,3/10/1993,1060711458,ayman.shaaban79@outlook.com,Cairo,Greater Cairo,Gold,3/11/2023
CUS02511,Osama Hafez,Male,,1/13/1974,1281038862,No_Email,Cairo,Greater Cairo,Platinum,10/17/2021
CUS01906,Noha Wahba,Female,,7/14/2000,1237489392,noha.wahba36@yahoo.com,Cairo,Greater Cairo,Bronze,4/18/2021
CUS00156,Samir Shaaban,Male,,3/11/1979,1073868130,No_Email,Cairo,Greater Cairo,Silver,12/5/2023
CUS00666,Tamer Hafez,Male,,3/12/1986,1136930692,tamer.hafez65@gmail.com,Cairo,Greater Cairo,Bronze,3/21/2021
CUS00662,Shaimaa Nasser,Female,,23/07/1987,1065819457,shaimaa.nasser63@hotmail.com,Ismailia,Canal Zone,Bronze,11/23/2020
CUS01003,Ola Nasser,Female,,3/6/1985,1095890840,ola.nasser67@yahoo.com,Luxor,Upper Egypt,Gold,5/12/2020
CUS02379,Magdy Zaki,Male,,7/26/1998,1168053270,magdy.zaki11@gmail.com,Giza,Greater Cairo,Bronze,6/6/2021
CUS02698,Salma Abdallah,Female,,11/3/1996,1139615919,salma.abdallah99@yahoo.com,Giza,Greater Cairo,Bronze,2/12/2023
CUS00177,Adel Bakr,Male,,7/27/1993,1067354434,adel.bakr36@hotmail.com,Tanta,Nile Delta,Silver,9/7/2023
CUS02699,Eman Ismail,Female,,1/20/1977,1054982975,eman.ismail4@hotmail.com,Hurghada,Red Sea,Silver,12/3/2021
CUS01880,Hassan Khalil,Male,,3/28/2001,1235205271,hassan.khalil17@hotmail.com,Alexandria,Alexandria,Bronze,9/11/2020
CUS01525,Noha Khalil,Female,,3/23/2003,1210216145,noha.khalil27@gmail.com,Alexandria,Alexandria,Bronze,9/17/2023
CUS02865,Mohamed Ismail,Male,,8/5/1993,1260507167,mohamed.ismail12@gmail.com,Giza,Greater Cairo,Bronze,12/16/2023
CUS01204,Nader Nasser,Male,,6/22/2002,1216266737,nader.nasser88@yahoo.com,Giza,Greater Cairo,Silver,7/1/2023
CUS01991,Hazem Mahmoud,Male,,4/12/1998,1149552670,hazem.mahmoud64@outlook.com,Hurghada,Red Sea,Silver,5/10/2023
CUS00025,Yasmin Saad,Female,,5/3/1975,1237272705,yasmin.saad98@gmail.com,Giza,Greater Cairo,Silver,12/14/2022
CUS02858,Samir Younis,Male,,8/7/1978,1038284627,samir.younis70@hotmail.com,Cairo,Greater Cairo,Silver,6/3/2023
CUS02092,Nadia Lotfy,Female,,3/19/1988,1277257605,nadia.lotfy28@outlook.com,Ismailia,Canal Zone,Gold,11/19/2022
CUS02113,Hany Ahmed,Male,,6/10/2002,1121655092,hany.ahmed56@gmail.com,Cairo,Greater Cairo,Silver,11/1/2021
CUS02939,Fady Rizk,Male,,11/1/2003,1272626684,No_Email,Port Said,Canal Zone,Platinum,5/5/2021
CUS00876,Sherif Mansour,Male,,6/6/1971,1030829470,sherif.mansour22@gmail.com,Cairo,Greater Cairo,Gold,6/22/2023
CUS02740,Fady Ismail,Male,,8/26/1990,1294864485,fady.ismail58@yahoo.com,Cairo,Greater Cairo,Bronze,7/3/2021
CUS00939,Hana Mansour,Female,,9/2/2003,1287587787,No_Email,Cairo,Greater Cairo,Bronze,1/6/2020
CUS02743,Hassan Fathy,Male,,2/20/1986,1151147664,hassan.fathy20@hotmail.com,Cairo,Greater Cairo,Silver,11/17/2023
CUS01553,Reem Gouda,Female,,12/25/1986,1028990527,reem.gouda75@gmail.com,Aswan,Upper Egypt,Bronze,3/22/2020
CUS00347,Mahmoud Ismail,Male,,4/22/1991,1143557605,mahmoud.ismail91@yahoo.com,Mansoura,Nile Delta,Bronze,1/25/2022
CUS02549,Noha Amin,Female,,12/8/1997,1143601760,No_Email,Giza,Greater Cairo,Platinum,2/17/2021
CUS01699,Aisha Mahmoud,Female,,7/19/1980,1217115675,aisha.mahmoud75@hotmail.com,Ismailia,Canal Zone,Bronze,12/9/2021
CUS00386,Salma Sayed,Female,,18/01/1995,1152402900,salma.sayed59@yahoo.com,Hurghada,Red Sea,Silver,3/24/2022
CUS02550,Omar Ismail,Male,,11/16/1992,1226014825,omar.ismail14@hotmail.com,Cairo,Greater Cairo,Bronze,7/6/2023
CUS02647,Suzy Saad,Female,,6/20/1990,1017115745,suzy.saad47@hotmail.com,Port Said,Canal Zone,Platinum,8/28/2022
CUS02122,Radwa Rizk,Female,,3/8/1990,1210792562,radwa.rizk20@outlook.com,Alexandria,Alexandria,Bronze,9/12/2023
CUS00937,Essam Sayed,Male,,8/22/1987,1044063535,essam.sayed77@outlook.com,Cairo,Greater Cairo,Bronze,3/9/2022
CUS02624,Heba Younis,Female,,4/12/2000,1251723183,heba.younis24@hotmail.com,Suez,Canal Zone,Bronze,6/15/2021
CUS02973,Ahmed Ibrahim,Male,,17/01/1979,1124183449,ahmed.ibrahim28@yahoo.com,Hurghada,Red Sea,Bronze,2/19/2023
CUS01333,Hassan Mostafa,Male,,11/14/1981,1261441320,hassan.mostafa87@gmail.com,Cairo,Greater Cairo,Bronze,11/18/2023
CUS01935,Khaled Zaki,Male,,5/21/1983,1137701981,No_Email,Tanta,Nile Delta,Bronze,8/12/2022
CUS00936,Hazem Wahba,Male,,9/24/1986,1193496702,hazem.wahba20@gmail.com,Cairo,Greater Cairo,Silver,6/16/2022
CUS00567,Amr Gouda,Male,,19/08/1978,1159966944,amr.gouda14@hotmail.com,Giza,Greater Cairo,Bronze,3/14/2020
CUS01855,Mahmoud Mansour,Male,,8/6/1982,1151010582,mahmoud.mansour73@outlook.com,Suez,Canal Zone,Silver,5/12/2021
CUS02466,Eman Bakr,Female,,12/16/1971,1026577507,eman.bakr24@outlook.com,Cairo,Greater Cairo,Bronze,11/5/2022
CUS01646,Reem Saad,Female,,2/25/1982,1191732965,reem.saad72@gmail.com,Zagazig,Nile Delta,Bronze,4/27/2023
CUS02154,Bassem Fathy,Male,,9/8/1974,1024657987,bassem.fathy70@hotmail.com,Aswan,Upper Egypt,Bronze,6/21/2021
CUS01793,Khaled Barakat,Male,,26/11/1983,1215102440,khaled.barakat87@yahoo.com,Alexandria,Alexandria,Bronze,2/23/2021
CUS01431,Amira Mahmoud,Female,,5/2/1976,1098156936,amira.mahmoud46@yahoo.com,Giza,Greater Cairo,Silver,5/5/2023
CUS02359,Eman Fathy,Female,,10/18/2000,1055716058,No_Email,Alexandria,Alexandria,Bronze,7/25/2022
CUS01014,Mahmoud Barakat,Male,,4/3/2000,1067225399,mahmoud.barakat99@yahoo.com,Cairo,Greater Cairo,Bronze,8/21/2021
CUS01929,Rania Fathy,Female,,5/17/2001,1147869930,rania.fathy80@hotmail.com,Mansoura,Nile Delta,Bronze,4/18/2022
CUS02285,Akram Nasser,Male,,7/18/1972,1177358487,akram.nasser16@outlook.com,Cairo,Greater Cairo,Silver,3/7/2023
CUS00127,Salma Sayed,Female,,4/18/1987,1161121302,salma.sayed2@yahoo.com,Aswan,Upper Egypt,Platinum,8/5/2023
CUS02127,Ramy Ahmed,Male,,7/17/1997,1219426966,ramy.ahmed54@outlook.com,Mansoura,Nile Delta,Silver,7/14/2020
CUS01348,Zeinab Ragab,Female,,11/9/1973,1075211223,zeinab.ragab65@gmail.com,Giza,Greater Cairo,Silver,6/28/2020
CUS00356,Lobna Ibrahim,Female,,8/14/1983,1226271298,lobna.ibrahim42@outlook.com,Mansoura,Nile Delta,Bronze,3/9/2023
CUS00828,Reem Fathy,Female,,7/14/1995,1216222119,reem.fathy3@gmail.com,Giza,Greater Cairo,Gold,1/17/2021
CUS01640,Wael Shaaban,Male,,1/2/1976,1172885745,wael.shaaban29@outlook.com,Port Said,Canal Zone,Silver,10/10/2022
CUS00985,Amira Mostafa,Female,,8/1/1996,1217499695,amira.mostafa51@outlook.com,Zagazig,Nile Delta,Silver,7/8/2020
CUS00363,Hossam Sayed,Male,,5/4/1980,1253534095,hossam.sayed89@yahoo.com,Giza,Greater Cairo,Silver,3/21/2022
CUS00346,Hossam Bakr,Male,,7/1/1987,1069282426,No_Email,Mansoura,Nile Delta,Bronze,5/8/2020
CUS02094,Rana Rizk,Female,,12/7/1990,1013450881,rana.rizk31@outlook.com,Alexandria,Alexandria,Bronze,3/10/2023
CUS02585,Nadia Attia,Female,,16/09/1980,1117356885,nadia.attia16@hotmail.com,Alexandria,Alexandria,Bronze,1/8/2023
CUS00712,Magdy Hassan,Male,,10/27/1972,1185020246,magdy.hassan7@hotmail.com,Alexandria,Alexandria,Bronze,2/20/2022
CUS02097,Youssef Bakr,Male,,3/24/1970,1020924873,No_Email,Alexandria,Alexandria,Gold,3/18/2023
CUS00011,Magdy Ahmed,Male,,1/16/1992,1036189702,magdy.ahmed88@outlook.com,Cairo,Greater Cairo,Bronze,12/27/2023
CUS02929,Samir Zaki,Male,,5/26/1996,1093453652,samir.zaki37@gmail.com,Zagazig,Nile Delta,Bronze,4/14/2020
CUS01835,Hazem Gouda,Male,,1/9/1980,1163245529,No_Email,Aswan,Upper Egypt,Platinum,9/18/2021
CUS00794,Samah Saad,Female,,8/8/1980,1127916286,samah.saad71@yahoo.com,Mansoura,Nile Delta,Bronze,5/24/2020
CUS02811,Hana Saad,Female,,3/2/1981,1116264821,No_Email,Cairo,Greater Cairo,Bronze,8/6/2023
CUS00095,Reem Ali,Female,,7/26/1990,1061791391,reem.ali99@hotmail.com,Hurghada,Red Sea,Bronze,8/2/2023
CUS00130,Dina Lotfy,Female,,8/21/1988,1032491607,dina.lotfy52@gmail.com,Alexandria,Alexandria,Bronze,3/11/2020
CUS02953,Walid Badawi,Male,,12/8/1996,1296079652,No_Email,Tanta,Nile Delta,Silver,4/28/2022
CUS01901,Ashraf Fathy,Male,,12/17/1989,1176541443,ashraf.fathy75@outlook.com,Alexandria,Alexandria,Bronze,11/25/2022
CUS02839,Yasmin Salem,Female,,7/18/1972,1086452009,yasmin.salem71@gmail.com,Hurghada,Red Sea,Bronze,9/10/2021
CUS01933,Youssef Shaaban,Male,,5/24/1982,1126404158,youssef.shaaban75@yahoo.com,Alexandria,Alexandria,Bronze,8/21/2020
CUS02182,Neveen Mohamed,Female,,4/22/1980,1213427172,neveen.mohamed56@outlook.com,Cairo,Greater Cairo,Bronze,5/18/2020
CUS01866,Lobna Ibrahim,Female,,1/2/1973,1094327027,No_Email,Port Said,Canal Zone,Bronze,2/13/2022
CUS01659,Wael Attia,Male,,2/14/1980,1063262557,wael.attia39@gmail.com,Giza,Greater Cairo,Bronze,3/20/2020
CUS00517,Nadia Khalil,Female,,8/24/1994,1027699655,nadia.khalil32@hotmail.com,Giza,Greater Cairo,Bronze,10/13/2022
CUS01858,Ramy Wahba,Male,,28/08/1994,1249371830,ramy.wahba53@hotmail.com,Alexandria,Alexandria,Bronze,8/2/2022
CUS01278,Nader Ahmed,Male,,1/20/1984,1119282918,nader.ahmed82@gmail.com,Ismailia,Canal Zone,Gold,10/16/2023
CUS00951,Mona Bakr,Female,,9/5/1997,1087574875,mona.bakr91@gmail.com,Mansoura,Nile Delta,Bronze,2/21/2020
CUS01121,Akram Lotfy,Male,,5/24/1985,1264130831,No_Email,Suez,Canal Zone,Bronze,2/9/2020
CUS00420,Hazem Ibrahim,Male,,8/25/1980,1261559796,hazem.ibrahim1@yahoo.com,Zagazig,Nile Delta,Bronze,10/23/2021
CUS00923,Adel Bakr,Male,,6/16/1997,1155622852,adel.bakr99@hotmail.com,Suez,Canal Zone,Silver,4/26/2021
CUS02235,Lobna Saad,Female,,25/04/1999,1199515976,lobna.saad90@yahoo.com,Mansoura,Nile Delta,Bronze,1/24/2020
CUS00478,Reem Mohamed,Female,,3/9/1999,1073919907,reem.mohamed11@hotmail.com,Alexandria,Alexandria,Bronze,4/5/2023
CUS02036,Suzy Ibrahim,Female,,26/11/1973,1251984383,suzy.ibrahim25@outlook.com,Giza,Greater Cairo,Bronze,2/5/2021
CUS02213,Doha Gamal,Female,,11/27/1972,1062730254,doha.gamal61@yahoo.com,Cairo,Greater Cairo,Silver,3/5/2020
CUS01693,Adel Nasser,Male,,11/5/1984,1165021554,No_Email,Giza,Greater Cairo,Silver,1/1/2023
CUS02248,Samir Shaaban,Male,,6/23/1997,1227248138,No_Email,Aswan,Upper Egypt,Bronze,2/15/2022
CUS01472,Wael Ramadan,Male,,5/1/1990,1083051775,wael.ramadan98@hotmail.com,Zagazig,Nile Delta,Bronze,11/22/2021
CUS01203,Walid Gouda,Male,,9/5/1977,1034616876,walid.gouda36@gmail.com,Cairo,Greater Cairo,Silver,9/15/2020
CUS01670,Mohamed Younis,Male,,12/11/1988,1213686869,mohamed.younis19@outlook.com,Aswan,Upper Egypt,Silver,9/1/2021
CUS02822,Reem Younis,Female,,7/9/1973,1236106296,No_Email,Cairo,Greater Cairo,Silver,7/14/2021
CUS01971,Tarek Ibrahim,Male,,9/16/1983,1198084649,No_Email,Cairo,Greater Cairo,Silver,10/15/2021
CUS00821,Ramy Ismail,Male,,5/19/2003,1126398778,No_Email,Hurghada,Red Sea,Bronze,12/20/2020
CUS01998,Magdy Ismail,Male,,8/23/1976,1198415591,magdy.ismail19@hotmail.com,Cairo,Greater Cairo,Silver,3/7/2020
CUS02916,Ali Mansour,Male,,19/03/1976,1081934590,ali.mansour18@hotmail.com,Mansoura,Nile Delta,Silver,2/5/2020
CUS01249,Mariam Ali,Female,,5/24/1990,1291198356,mariam.ali16@gmail.com,Port Said,Canal Zone,Silver,12/18/2020
CUS02705,Ramy Mostafa,Male,,2/9/1987,1240594151,ramy.mostafa16@hotmail.com,Hurghada,Red Sea,Bronze,8/16/2021
CUS02658,Ahmed Bakr,Male,,15/06/2000,1038829771,ahmed.bakr97@yahoo.com,Luxor,Upper Egypt,Platinum,7/12/2023
CUS01047,Samir Mostafa,Male,,6/28/1974,1139308629,samir.mostafa75@outlook.com,Cairo,Greater Cairo,Bronze,7/8/2021
CUS01889,Nour Ahmed,Female,,5/12/1991,1184582694,nour.ahmed47@outlook.com,Zagazig,Nile Delta,Platinum,2/14/2021
CUS00616,Hussein Mohamed,Male,,3/18/1972,1119296843,hussein.mohamed39@yahoo.com,Port Said,Canal Zone,Gold,5/8/2023
CUS01319,Yasmin Mohamed,Female,,7/14/1976,1037622902,yasmin.mohamed36@gmail.com,Cairo,Greater Cairo,Gold,6/8/2020
CUS02932,Tamer Badawi,Male,,10/6/1992,1151544140,tamer.badawi82@outlook.com,Mansoura,Nile Delta,Bronze,5/2/2023
CUS02499,Engy Fathy,Female,,1/18/2000,1187477887,engy.fathy79@hotmail.com,Ismailia,Canal Zone,Silver,5/7/2022
CUS01773,Emad Zaki,Male,,23/02/1988,1133317675,emad.zaki41@hotmail.com,Suez,Canal Zone,Silver,9/7/2021
CUS03000,Hossam Hassan,Male,,3/6/1970,1268861731,hossam.hassan44@yahoo.com,Luxor,Upper Egypt,Bronze,9/28/2023
CUS00132,Walid Sayed,Male,,2/16/1976,1217224328,No_Email,Cairo,Greater Cairo,Bronze,10/5/2022
CUS00078,Walid Attia,Male,,7/23/1987,1166604960,walid.attia8@yahoo.com,Cairo,Greater Cairo,Bronze,7/19/2020
CUS02053,Zeinab Bakr,Female,,1/2/1996,1240691047,zeinab.bakr51@hotmail.com,Cairo,Greater Cairo,Bronze,11/5/2022
CUS00725,Aisha Badawi,Female,,6/26/2001,1267710061,aisha.badawi14@outlook.com,Alexandria,Alexandria,Bronze,1/9/2023
CUS01315,Dina Zaki,Female,,10/3/1983,1122361346,dina.zaki22@gmail.com,Giza,Greater Cairo,Silver,8/26/2020
CUS01852,Hussein Ibrahim,Male,,4/20/1975,1054870634,hussein.ibrahim26@outlook.com,Aswan,Upper Egypt,Bronze,8/20/2022
CUS02334,Hoda Lotfy,Female,,7/9/1992,1014114138,hoda.lotfy95@hotmail.com,Tanta,Nile Delta,Bronze,3/25/2022
CUS02527,Bassem Fathy,Male,,1/3/1993,1251618247,bassem.fathy1@gmail.com,Cairo,Greater Cairo,Silver,10/9/2021
CUS01373,Samir Salem,Male,,1/4/1989,1013881308,samir.salem32@yahoo.com,Luxor,Upper Egypt,Bronze,12/23/2021
CUS01856,Tarek Hamdy,Male,,10/7/1998,1075618063,tarek.hamdy80@gmail.com,Cairo,Greater Cairo,Bronze,11/16/2023
CUS01320,Noha Mansour,Female,,6/13/1973,1097914631,noha.mansour10@gmail.com,Cairo,Greater Cairo,Bronze,5/18/2021
CUS02922,Reham Fathy,Female,,2/4/1984,1116226009,reham.fathy73@hotmail.com,Tanta,Nile Delta,Silver,2/4/2021
CUS02207,Reem Gouda,Female,,1/27/1974,1253300586,reem.gouda92@gmail.com,Giza,Greater Cairo,Bronze,12/26/2023
CUS00376,Hossam Mansour,Male,,2/15/2002,1238531115,hossam.mansour34@outlook.com,Giza,Greater Cairo,Bronze,11/20/2023
CUS01909,Tarek Mostafa,Male,,14/01/1984,1011454855,tarek.mostafa52@outlook.com,Giza,Greater Cairo,Gold,6/26/2022
CUS00334,Lobna Lotfy,Female,,2/20/1995,1141287760,lobna.lotfy60@outlook.com,Cairo,Greater Cairo,Gold,6/21/2020
CUS02289,Samir Mahmoud,Male,,1/26/1993,1150664631,samir.mahmoud16@outlook.com,Alexandria,Alexandria,Silver,2/11/2020
CUS02339,Sherif Gouda,Male,,4/21/1976,1249003770,sherif.gouda97@gmail.com,Cairo,Greater Cairo,Gold,9/20/2023
CUS01605,Ghada Attia,Female,,27/04/1982,1223234940,ghada.attia44@yahoo.com,Cairo,Greater Cairo,Platinum,1/6/2021
CUS01119,Doha Farouk,Female,,9/9/1987,1268659357,doha.farouk29@outlook.com,Cairo,Greater Cairo,Bronze,5/14/2022
CUS02876,Emad Hafez,Male,,12/2/1974,1296055379,emad.hafez53@outlook.com,Alexandria,Alexandria,Bronze,5/28/2020
CUS01944,Samir Sayed,Male,,6/13/2001,1061401330,samir.sayed11@hotmail.com,Tanta,Nile Delta,Bronze,2/7/2022
CUS02299,Mona Saad,Female,,7/27/1981,1045575177,mona.saad43@gmail.com,Cairo,Greater Cairo,Bronze,5/25/2022
CUS02564,Samir Badawi,Male,,9/11/1989,1134940269,samir.badawi90@gmail.com,Cairo,Greater Cairo,Gold,4/26/2023
CUS01343,Wael Mahmoud,Male,,4/11/1991,1065158740,wael.mahmoud53@hotmail.com,Luxor,Upper Egypt,Platinum,6/6/2022
CUS00321,Hazem Lotfy,Male,,5/2/1977,1172387558,hazem.lotfy3@hotmail.com,Alexandria,Alexandria,Silver,4/25/2020
CUS01620,Ali Badawi,Male,,5/10/1983,1014344952,ali.badawi98@yahoo.com,Zagazig,Nile Delta,Bronze,8/23/2021
CUS02733,Ashraf Ali,Male,,1/13/1975,1152592996,ashraf.ali40@yahoo.com,Cairo,Greater Cairo,Silver,7/12/2022
CUS02061,Ashraf Khalil,Male,,1/24/2000,1246303469,ashraf.khalil82@hotmail.com,Cairo,Greater Cairo,Bronze,7/13/2023
CUS01674,Doha Bakr,Female,,11/14/2002,1072143726,doha.bakr29@gmail.com,Hurghada,Red Sea,Silver,5/18/2023
CUS01943,Ali Amin,Male,,2/2/2003,1187589905,ali.amin10@hotmail.com,Hurghada,Red Sea,Bronze,12/6/2020
CUS00261,Ramy Younis,Male,,1/1/1990,1216055696,ramy.younis98@hotmail.com,Mansoura,Nile Delta,Bronze,2/14/2023
CUS02863,Ramy Ramadan,Male,,5/22/1989,1019329244,ramy.ramadan58@yahoo.com,Port Said,Canal Zone,Platinum,4/19/2023
CUS02040,Hana Amin,Female,,9/2/1981,1295852507,No_Email,Cairo,Greater Cairo,Bronze,5/1/2022
CUS00690,Yasmin Shaaban,Female,,1/14/1993,1233190132,No_Email,Cairo,Greater Cairo,Bronze,3/9/2023
CUS00902,Salma Ibrahim,Female,,8/19/1982,1126143430,salma.ibrahim53@outlook.com,Cairo,Greater Cairo,Bronze,3/7/2020
CUS02027,Nader Abdallah,Male,,5/11/1997,1134836379,nader.abdallah67@outlook.com,Zagazig,Nile Delta,Silver,10/18/2021
CUS00139,Ghada Mahmoud,Female,,9/1/1979,1119581091,ghada.mahmoud49@gmail.com,Giza,Greater Cairo,Bronze,12/8/2020
CUS01918,Walid Rizk,Male,,8/15/1984,1095870825,walid.rizk96@hotmail.com,Alexandria,Alexandria,Gold,1/4/2023
CUS01829,Salma Younis,Female,,4/5/1979,1026586567,salma.younis35@hotmail.com,Hurghada,Red Sea,Silver,12/4/2021
CUS01574,Maged Salem,Male,,10/26/2002,1130360921,maged.salem35@gmail.com,Luxor,Upper Egypt,Silver,10/1/2021
CUS00320,Shaimaa Lotfy,Female,,5/6/1976,1153515775,No_Email,Cairo,Greater Cairo,Bronze,10/19/2021
CUS00654,Sherif Gamal,Male,,11/5/1976,1260220019,sherif.gamal23@yahoo.com,Zagazig,Nile Delta,Bronze,1/20/2023
CUS02138,Doha Wahba,Female,,6/1/1987,1036984680,doha.wahba85@hotmail.com,Zagazig,Nile Delta,Bronze,4/16/2020
CUS02360,Wael Nasser,Male,,8/25/1972,1061180656,wael.nasser85@outlook.com,Cairo,Greater Cairo,Bronze,4/3/2021
CUS00559,Osama Saad,Male,,10/27/1973,1073190952,osama.saad83@gmail.com,Zagazig,Nile Delta,Silver,6/1/2020
CUS00113,Fatima Ramadan,Female,,7/12/2003,1081110769,fatima.ramadan45@gmail.com,Port Said,Canal Zone,Bronze,3/9/2023
CUS00532,Hazem Khalil,Male,,2/10/1971,1282197852,No_Email,Sharm El Sheikh,South Sinai,Bronze,5/19/2021
CUS00225,Rana Farouk,Female,,7/28/1975,1275661110,rana.farouk2@outlook.com,Cairo,Greater Cairo,Bronze,4/11/2021
CUS00724,Noha Lotfy,Female,,5/6/1972,1055643477,noha.lotfy90@gmail.com,Zagazig,Nile Delta,Bronze,3/5/2020
CUS02467,Dina Bakr,Female,,5/25/1986,1184306405,dina.bakr7@outlook.com,Giza,Greater Cairo,Bronze,6/28/2020
CUS02885,Emad Ali,Male,,9/15/1999,1053544464,emad.ali16@gmail.com,Cairo,Greater Cairo,Gold,8/12/2021
CUS01434,Essam Mansour,Male,,15/07/1976,1043212275,essam.mansour12@hotmail.com,Mansoura,Nile Delta,Silver,6/14/2023
CUS02367,Ali Hamdy,Male,,6/23/1975,1253732271,ali.hamdy23@gmail.com,Cairo,Greater Cairo,Silver,12/13/2020
CUS01459,Ibrahim Badawi,Male,,11/2/1995,1154918084,ibrahim.badawi67@hotmail.com,Cairo,Greater Cairo,Silver,5/19/2023
CUS02747,Wael Shaaban,Male,,11/6/1989,1016589366,wael.shaaban34@outlook.com,Alexandria,Alexandria,Gold,6/17/2023
CUS00847,Samir Zaki,Male,,10/2/1986,1232641668,samir.zaki66@gmail.com,Cairo,Greater Cairo,Bronze,7/9/2020
CUS00194,Tamer Salem,Male,,9/10/1998,1192620697,tamer.salem73@hotmail.com,Mansoura,Nile Delta,Platinum,12/12/2023
CUS01465,Reem Gouda,Female,,10/12/1980,1249708789,reem.gouda54@yahoo.com,Sharm El Sheikh,South Sinai,Gold,3/16/2020
CUS00947,Samah Mohamed,Female,,1/3/1985,1027810833,samah.mohamed81@yahoo.com,Cairo,Greater Cairo,Platinum,1/10/2023
CUS02022,Hazem Ramadan,Male,,2/17/1997,1048986219,hazem.ramadan63@hotmail.com,Alexandria,Alexandria,Bronze,11/3/2021
CUS01630,Maged Ibrahim,Male,,2/6/1989,1019888274,No_Email,Giza,Greater Cairo,Bronze,7/22/2021
CUS00118,Ali Mansour,Male,,8/1/2001,1098165507,ali.mansour66@yahoo.com,Cairo,Greater Cairo,Bronze,11/2/2021
CUS00646,Samah Rizk,Female,,5/14/1993,1158924311,samah.rizk89@yahoo.com,Suez,Canal Zone,Silver,12/8/2022
CUS01871,Ayman Saad,Male,,8/2/1972,1180828077,ayman.saad94@hotmail.com,Aswan,Upper Egypt,Bronze,1/8/2021
CUS00004,Nader Ramadan,Male,,1/4/1976,1139796480,nader.ramadan58@hotmail.com,Alexandria,Alexandria,Silver,8/25/2023
CUS00075,Amira Gamal,Female,,6/5/1996,1083569939,amira.gamal1@gmail.com,Tanta,Nile Delta,Silver,2/27/2020
CUS01756,Reem Nasser,Female,,1/1/1999,1124508258,reem.nasser75@outlook.com,Hurghada,Red Sea,Bronze,5/21/2020
CUS00468,Omar Nasser,Male,,6/5/1993,1126415312,omar.nasser73@hotmail.com,Luxor,Upper Egypt,Bronze,9/3/2021
CUS00006,Essam Sayed,Male,,12/23/1998,1152803305,No_Email,Cairo,Greater Cairo,Silver,11/4/2022
CUS01247,Nour Amin,Female,,3/12/1971,1013128008,nour.amin59@hotmail.com,Cairo,Greater Cairo,Bronze,12/20/2023
CUS00920,Nour Gouda,Female,,4/23/1993,1115971136,nour.gouda8@yahoo.com,Cairo,Greater Cairo,Bronze,4/14/2023
CUS00229,Sherif Mahmoud,Male,,12/2/1991,1258853980,sherif.mahmoud47@hotmail.com,Suez,Canal Zone,Silver,11/18/2021
CUS01064,Ahmed Badawi,Male,,3/19/1989,1213016518,ahmed.badawi55@hotmail.com,Giza,Greater Cairo,Silver,8/19/2020
CUS00243,Adel Gouda,Male,,11/22/1977,1165989834,No_Email,Suez,Canal Zone,Silver,8/3/2022
CUS02317,Amira Hassan,Female,,1/2/1979,1199249717,No_Email,Cairo,Greater Cairo,Bronze,11/10/2021
CUS01161,Walid Farouk,Male,,1/23/1981,1159729857,No_Email,Aswan,Upper Egypt,Silver,8/7/2021
CUS02556,Akram Farouk,Male,,10/4/1987,1220859238,akram.farouk62@yahoo.com,Port Said,Canal Zone,Bronze,9/26/2023
CUS01527,Hoda Hafez,Female,,2/8/1979,1195386415,hoda.hafez91@hotmail.com,Giza,Greater Cairo,Silver,9/23/2021
CUS01606,Hussein Mansour,Male,,5/25/1979,1144023937,hussein.mansour59@yahoo.com,Alexandria,Alexandria,Bronze,4/8/2020
CUS02832,Ibrahim Mahmoud,Male,,7/11/1986,1117277146,ibrahim.mahmoud66@hotmail.com,Mansoura,Nile Delta,Gold,7/15/2020
CUS02365,Mahmoud Gamal,Male,,9/27/2000,1291247233,mahmoud.gamal2@gmail.com,Alexandria,Alexandria,Gold,9/28/2023
CUS02588,Manar Amin,Female,,8/25/1975,1118999119,manar.amin98@outlook.com,Tanta,Nile Delta,Silver,7/8/2020
CUS01990,Ramy Wahba,Male,,12/7/1973,1294366747,No_Email,Zagazig,Nile Delta,Bronze,8/11/2020
CUS02390,Dina Lotfy,Female,,20/10/1992,1025835492,dina.lotfy34@gmail.com,Tanta,Nile Delta,Silver,2/4/2021
CUS01976,Ramy Gamal,Male,,11/12/1992,1052897398,ramy.gamal67@outlook.com,Port Said,Canal Zone,Platinum,8/23/2023
CUS01762,Ibrahim Saad,Male,,2/12/1986,1133926002,ibrahim.saad9@gmail.com,Aswan,Upper Egypt,Bronze,9/13/2023
CUS01306,Magdy Attia,Male,,10/24/1977,1165765838,magdy.attia96@outlook.com,Luxor,Upper Egypt,Gold,5/6/2021
CUS01542,Osama Amin,Male,,9/11/1974,1282015813,osama.amin65@hotmail.com,Cairo,Greater Cairo,Bronze,5/4/2023
CUS00623,Rana Khalil,Female,,12/1/1976,1022364660,rana.khalil54@outlook.com,Giza,Greater Cairo,Silver,10/26/2021
CUS02351,Tamer Farouk,Male,,12/21/2003,1066676860,tamer.farouk11@yahoo.com,Mansoura,Nile Delta,Silver,2/4/2022
CUS01494,Maged Rizk,Male,,4/16/1971,1172509349,maged.rizk3@outlook.com,Cairo,Greater Cairo,Bronze,8/12/2023
CUS00111,Hoda Khalil,Female,,7/20/1984,1088201440,hoda.khalil93@hotmail.com,Giza,Greater Cairo,Bronze,10/19/2023
CUS02782,Shaimaa Barakat,Female,,12/28/1975,1218099750,shaimaa.barakat90@gmail.com,Aswan,Upper Egypt,Silver,7/15/2020
CUS01170,Ayman Ahmed,Male,,7/23/1978,1170741910,ayman.ahmed71@hotmail.com,Giza,Greater Cairo,Bronze,4/19/2022
CUS02500,Amr Mahmoud,Male,,9/21/1985,1025728855,amr.mahmoud36@gmail.com,Giza,Greater Cairo,Silver,2/7/2022
CUS00233,Aisha Younis,Female,,11/18/1996,1073606441,aisha.younis9@gmail.com,Alexandria,Alexandria,Bronze,9/21/2021
CUS00067,Nader Hamdy,Male,,10/10/1986,1125808361,nader.hamdy10@outlook.com,Cairo,Greater Cairo,Gold,9/4/2021
CUS02753,Ashraf Mostafa,Male,,3/10/1997,1298718130,ashraf.mostafa94@outlook.com,Cairo,Greater Cairo,Gold,7/6/2023
CUS02073,Rana Lotfy,Female,,11/1/2001,1021199291,rana.lotfy60@outlook.com,Cairo,Greater Cairo,Bronze,10/1/2021
CUS02193,Rania Shaaban,Female,,3/13/1971,1254105176,rania.shaaban54@hotmail.com,Tanta,Nile Delta,Silver,4/22/2020
CUS00537,Noha Zaki,Female,,5/22/1984,1175796479,noha.zaki13@yahoo.com,Aswan,Upper Egypt,Platinum,5/14/2020
CUS00126,Osama Mansour,Male,,4/9/1986,1192286747,osama.mansour97@hotmail.com,Giza,Greater Cairo,Bronze,7/9/2022
CUS02134,Rana Barakat,Female,,2/1/1989,1111127403,rana.barakat61@yahoo.com,Alexandria,Alexandria,Bronze,4/25/2020
CUS01255,Dina Barakat,Female,,7/24/1995,1164306604,dina.barakat31@yahoo.com,Tanta,Nile Delta,Bronze,12/20/2022
CUS02717,Manar Gouda,Female,,7/1/1983,1266025173,manar.gouda83@hotmail.com,Mansoura,Nile Delta,Silver,7/13/2020
CUS01977,Rana Abdallah,Female,,1/24/1976,1071140454,rana.abdallah99@hotmail.com,Cairo,Greater Cairo,Silver,2/4/2023
CUS02501,Neveen Hamdy,Female,,3/7/1985,1158535261,neveen.hamdy60@hotmail.com,Aswan,Upper Egypt,Silver,6/5/2021
CUS02999,Engy Wahba,Female,,12/25/1993,1172074335,engy.wahba74@yahoo.com,Giza,Greater Cairo,Silver,8/13/2020
CUS02076,Osama Wahba,Male,,3/18/1990,1165413189,osama.wahba33@outlook.com,Luxor,Upper Egypt,Bronze,10/16/2023
CUS00485,Aisha Salem,Female,,4/22/1996,1057941821,aisha.salem47@yahoo.com,Alexandria,Alexandria,Silver,4/13/2020
CUS01655,Yasmin Farouk,Female,,12/19/1974,1240617207,yasmin.farouk20@outlook.com,Cairo,Greater Cairo,Bronze,2/6/2023
CUS02721,Khaled Mahmoud,Male,,8/9/1998,1222559504,khaled.mahmoud3@gmail.com,Suez,Canal Zone,Bronze,4/27/2022
CUS02303,Amira Gamal,Female,,5/5/1982,1157408620,amira.gamal56@yahoo.com,Alexandria,Alexandria,Bronze,4/18/2020
CUS02443,Fatima Nasser,Female,,9/6/1998,1254886176,fatima.nasser95@outlook.com,Hurghada,Red Sea,Bronze,5/3/2020
CUS01775,Hassan Hafez,Male,,5/9/2003,1218690503,hassan.hafez87@hotmail.com,Hurghada,Red Sea,Bronze,12/1/2020
CUS00919,Engy Zaki,Female,,19/07/2002,1122119306,engy.zaki7@gmail.com,Hurghada,Red Sea,Silver,10/5/2020
CUS01647,Rania Mostafa,Female,,3/11/1994,1062774608,rania.mostafa48@hotmail.com,Cairo,Greater Cairo,Bronze,5/13/2023
CUS01027,Ramy Sayed,Male,,2/7/1978,1271937580,ramy.sayed51@yahoo.com,Luxor,Upper Egypt,Silver,10/11/2022
CUS01031,Doha Salem,Female,,7/25/1987,1216727400,doha.salem63@outlook.com,Cairo,Greater Cairo,Bronze,2/15/2022
CUS00883,Dina Mohamed,Female,,11/19/1979,1088769634,dina.mohamed36@yahoo.com,Cairo,Greater Cairo,Bronze,10/27/2020
CUS01336,Ayman Fathy,Male,,3/1/1983,1183068652,ayman.fathy91@gmail.com,Mansoura,Nile Delta,Bronze,1/28/2020
CUS02258,Essam Ahmed,Male,,6/10/1991,1289554114,essam.ahmed89@outlook.com,Giza,Greater Cairo,Silver,6/10/2020
CUS00365,Ayman Amin,Male,,1/5/1975,1176937935,No_Email,Port Said,Canal Zone,Bronze,12/11/2023
CUS02126,Suzy Gamal,Female,,11/6/1988,1277489764,suzy.gamal72@outlook.com,Mansoura,Nile Delta,Bronze,11/17/2023
CUS00028,Youssef Hamdy,Male,,5/25/1980,1087029205,No_Email,Alexandria,Alexandria,Bronze,4/2/2020
CUS00474,Nader Lotfy,Male,,6/12/1987,1088309763,nader.lotfy53@outlook.com,Suez,Canal Zone,Bronze,9/17/2020
CUS00526,Wael Ragab,Male,,10/9/1978,1155844991,wael.ragab74@outlook.com,Alexandria,Alexandria,Bronze,3/15/2021
CUS00726,Sara Ibrahim,Female,,22/05/1975,1173703158,sara.ibrahim16@gmail.com,Aswan,Upper Egypt,Bronze,2/19/2021
CUS00056,Ramy Ragab,Male,,7/21/1986,1186775659,ramy.ragab78@outlook.com,Port Said,Canal Zone,Silver,7/11/2020
CUS00639,Radwa Mohamed,Female,,6/10/1983,1094627132,radwa.mohamed94@outlook.com,Cairo,Greater Cairo,Silver,6/27/2022
CUS00303,Rania Sayed,Female,,9/2/1976,1224148036,rania.sayed94@hotmail.com,Alexandria,Alexandria,Silver,9/16/2023
CUS02652,Akram Shaaban,Male,,18/12/1992,1076202837,akram.shaaban85@gmail.com,Giza,Greater Cairo,Bronze,8/26/2022
CUS01277,Doha Gouda,Female,,12/3/1972,1112668228,doha.gouda35@yahoo.com,Cairo,Greater Cairo,Bronze,9/21/2021
CUS02680,Suzy Abdallah,Female,,4/6/1980,1134384883,suzy.abdallah9@gmail.com,Alexandria,Alexandria,Silver,7/28/2020
CUS00625,Salma Mahmoud,Female,,12/13/1976,1192545856,salma.mahmoud43@outlook.com,Mansoura,Nile Delta,Bronze,3/11/2022
CUS02056,Mohamed Ismail,Male,,11/25/1993,1051795025,mohamed.ismail82@hotmail.com,Mansoura,Nile Delta,Platinum,2/23/2020
CUS01281,Nadia Saad,Female,,11/28/1979,1041308738,nadia.saad18@hotmail.com,Mansoura,Nile Delta,Gold,10/27/2022
CUS01050,Tamer Sayed,Male,,2/12/1981,1249738181,tamer.sayed20@outlook.com,Cairo,Greater Cairo,Platinum,9/16/2023
CUS00337,Ahmed Barakat,Male,,1/8/1979,1285088096,ahmed.barakat26@gmail.com,Luxor,Upper Egypt,Bronze,4/22/2022
CUS00048,Hany Khalil,Male,,2/26/1998,1049581964,hany.khalil49@yahoo.com,Alexandria,Alexandria,Bronze,9/3/2020
CUS00107,Heba Barakat,Female,,12/9/1987,1283061428,heba.barakat10@hotmail.com,Giza,Greater Cairo,Bronze,4/17/2023
CUS01080,Rania Attia,Female,,19/06/1977,1186648532,rania.attia5@hotmail.com,Port Said,Canal Zone,Silver,8/17/2021
CUS02262,Amira Hassan,Female,,3/18/1979,1233801615,amira.hassan70@outlook.com,Mansoura,Nile Delta,Silver,2/12/2023
CUS01145,Engy Barakat,Female,,8/5/1970,1190362099,engy.barakat14@outlook.com,Cairo,Greater Cairo,Silver,9/23/2020
CUS02424,Rania Bakr,Female,,6/10/2001,1138152295,rania.bakr63@hotmail.com,Giza,Greater Cairo,Silver,7/6/2020
CUS01837,Mariam Shaaban,Female,,22/02/1978,1214626030,No_Email,Cairo,Greater Cairo,Silver,4/1/2022
CUS01754,Omar Lotfy,Male,,2/13/1983,1036286037,No_Email,Cairo,Greater Cairo,Gold,6/25/2020
CUS01102,Aisha Ramadan,Female,,2/25/1977,1146371543,aisha.ramadan27@gmail.com,Ismailia,Canal Zone,Bronze,4/18/2023
CUS01969,Aisha Younis,Female,,1/3/1995,1094423779,aisha.younis96@outlook.com,Giza,Greater Cairo,Silver,3/2/2022
CUS00524,Nour Gouda,Female,,15/09/2003,1146129093,nour.gouda99@hotmail.com,Aswan,Upper Egypt,Silver,8/11/2021
CUS02281,Dalia Ali,Female,,11/17/2002,1110959112,dalia.ali1@hotmail.com,Cairo,Greater Cairo,Bronze,12/13/2021
CUS01429,Ahmed Amin,Male,,2/14/1971,1054974011,ahmed.amin89@gmail.com,Mansoura,Nile Delta,Silver,6/1/2022
CUS02651,Youssef Wahba,Male,,6/26/1987,1250379612,No_Email,Cairo,Greater Cairo,Bronze,10/28/2020
CUS00604,Hossam Khalil,Male,,2/25/1981,1150888220,hossam.khalil24@yahoo.com,Cairo,Greater Cairo,Bronze,4/7/2020
CUS01490,Ramy Barakat,Male,,2/8/1994,1061981352,ramy.barakat28@hotmail.com,Giza,Greater Cairo,Bronze,11/10/2022
CUS02591,Youssef Ahmed,Male,,23/02/1972,1081274611,youssef.ahmed2@gmail.com,Aswan,Upper Egypt,Bronze,1/12/2021
CUS00061,Dina Younis,Female,,7/2/1971,1086807176,dina.younis27@hotmail.com,Giza,Greater Cairo,Gold,9/1/2023
CUS02795,Omar Ramadan,Male,,28/12/1995,1299183792,omar.ramadan63@gmail.com,Giza,Greater Cairo,Silver,2/4/2023
CUS00672,Karim Ismail,Male,,8/18/1993,1160307037,No_Email,Suez,Canal Zone,Platinum,5/27/2023
CUS00093,Fady Ahmed,Male,,8/26/1989,1283841249,fady.ahmed24@gmail.com,Hurghada,Red Sea,Silver,7/18/2021
CUS00667,Engy Mohamed,Female,,2/27/1998,1090753445,engy.mohamed8@gmail.com,Cairo,Greater Cairo,Silver,7/17/2020
CUS01888,Ibrahim Salem,Male,,8/5/1979,1274783604,ibrahim.salem48@gmail.com,Cairo,Greater Cairo,Bronze,5/4/2021
CUS00281,Walid Nasser,Male,,12/14/1994,1290154282,walid.nasser31@outlook.com,Suez,Canal Zone,Platinum,10/22/2022
CUS01720,Hazem Barakat,Male,,10/18/1999,1271877617,hazem.barakat58@hotmail.com,Cairo,Greater Cairo,Bronze,4/9/2020
CUS00360,Heba Lotfy,Female,,8/2/1989,1210626224,heba.lotfy31@yahoo.com,Alexandria,Alexandria,Bronze,1/14/2020
CUS00900,Ibrahim Ahmed,Male,,10/16/1998,1272727812,ibrahim.ahmed75@yahoo.com,Cairo,Greater Cairo,Silver,12/19/2020
CUS01936,Dalia Khalil,Female,,10/9/1973,1214649226,dalia.khalil58@hotmail.com,Hurghada,Red Sea,Bronze,3/20/2023
CUS01995,Salma Salem,Female,,8/1/1986,1185654005,salma.salem14@outlook.com,Zagazig,Nile Delta,Silver,4/4/2022
CUS02350,Ahmed Hamdy,Male,,28/12/1992,1283470479,ahmed.hamdy51@hotmail.com,Cairo,Greater Cairo,Bronze,8/7/2021
CUS00761,Reem Attia,Female,,2/23/1979,1277893186,reem.attia11@yahoo.com,Cairo,Greater Cairo,Gold,10/16/2021
CUS02159,Doha Mostafa,Female,,4/27/1984,1020425903,doha.mostafa58@outlook.com,Giza,Greater Cairo,Silver,8/3/2023
CUS02667,Magdy Ali,Male,,6/7/1971,1218695503,magdy.ali63@hotmail.com,Cairo,Greater Cairo,Platinum,3/21/2020
CUS00043,Khaled Hafez,Male,,6/2/1981,1029825571,khaled.hafez47@gmail.com,Cairo,Greater Cairo,Bronze,12/22/2022
CUS02174,Noha Nasser,Female,,10/6/1971,1183064767,noha.nasser51@outlook.com,Luxor,Upper Egypt,Bronze,7/7/2021
CUS00205,Akram Ramadan,Male,,5/26/1970,1161271721,No_Email,Mansoura,Nile Delta,Gold,7/20/2022
CUS01474,Emad Hassan,Male,,2/10/1988,1157184646,emad.hassan60@gmail.com,Giza,Greater Cairo,Silver,5/27/2022
CUS02101,Hossam Wahba,Male,,10/8/1980,1055635936,hossam.wahba83@yahoo.com,Suez,Canal Zone,Bronze,8/14/2023
CUS00069,Ali Hassan,Male,,5/7/1998,1087346846,No_Email,Cairo,Greater Cairo,Bronze,11/14/2023
CUS01876,Rana Amin,Female,,7/12/1992,1110431784,rana.amin46@hotmail.com,Alexandria,Alexandria,Bronze,3/22/2020
CUS02417,Sara Shaaban,Female,,12/2/1980,1297747615,sara.shaaban44@hotmail.com,Giza,Greater Cairo,Bronze,6/4/2020
CUS02232,Hazem Mostafa,Male,,1/14/1981,1261415291,hazem.mostafa77@outlook.com,Cairo,Greater Cairo,Silver,8/14/2021
CUS00138,Aisha Mansour,Female,,5/9/1976,1068843284,aisha.mansour44@outlook.com,Tanta,Nile Delta,Bronze,8/12/2022
CUS00797,Ola Sayed,Female,,8/20/1994,1042867782,ola.sayed69@hotmail.com,Port Said,Canal Zone,Platinum,4/14/2023
CUS02181,Yasmin Nasser,Female,,10/7/2003,1145712217,No_Email,Giza,Greater Cairo,Silver,11/1/2020
CUS02129,Nader Ragab,Male,,3/5/1982,1159855194,nader.ragab9@yahoo.com,Suez,Canal Zone,Silver,3/21/2020
CUS00759,Maged Hafez,Male,,8/9/1993,1284969806,maged.hafez42@yahoo.com,Suez,Canal Zone,Gold,10/25/2022
CUS00542,Fatima Ali,Female,,9/4/1971,1263410254,No_Email,Mansoura,Nile Delta,Silver,1/9/2021
CUS01020,Ola Abdallah,Female,,4/11/1994,1016649866,ola.abdallah45@gmail.com,Cairo,Greater Cairo,Bronze,9/6/2021
CUS02326,Neveen Mohamed,Female,,10/23/1974,1010762307,neveen.mohamed30@hotmail.com,Port Said,Canal Zone,Bronze,7/8/2021
CUS00166,Noha Bakr,Female,,12/1/1979,1165571528,noha.bakr82@hotmail.com,Aswan,Upper Egypt,Bronze,4/4/2021
CUS00249,Tamer Farouk,Male,,3/7/1989,1020550179,No_Email,Ismailia,Canal Zone,Bronze,7/2/2023
CUS01332,Samah Younis,Female,,7/7/1992,1090241789,samah.younis76@hotmail.com,Tanta,Nile Delta,Gold,4/13/2020
CUS02018,Bassem Lotfy,Male,,1/19/1971,1210112761,bassem.lotfy53@gmail.com,Suez,Canal Zone,Gold,1/7/2021
CUS00447,Fatima Salem,Female,,5/13/1976,1086522053,fatima.salem12@hotmail.com,Ismailia,Canal Zone,Silver,8/21/2023
CUS01359,Emad Ismail,Male,,12/13/2000,1292380239,emad.ismail59@outlook.com,Cairo,Greater Cairo,Gold,6/26/2021
CUS02146,Tamer Attia,Male,,7/13/1971,1085419724,tamer.attia64@gmail.com,Aswan,Upper Egypt,Silver,3/1/2023
CUS01330,Youssef Hassan,Male,,18/05/1976,1266856278,No_Email,Alexandria,Alexandria,Bronze,7/24/2021
CUS02958,Sherif Ali,Male,,23/08/1992,1283335618,sherif.ali23@yahoo.com,Luxor,Upper Egypt,Gold,10/11/2021
CUS02151,Hussein Abdallah,Male,,7/27/1981,1127150326,hussein.abdallah88@gmail.com,Giza,Greater Cairo,Bronze,9/2/2022
CUS00435,Tamer Lotfy,Male,,12/14/1971,1117258943,tamer.lotfy21@gmail.com,Cairo,Greater Cairo,Bronze,6/5/2021
CUS02123,Ahmed Ibrahim,Male,,10/16/2002,1190412028,ahmed.ibrahim49@outlook.com,Ismailia,Canal Zone,Silver,12/20/2020
CUS00578,Hossam Attia,Male,,1/20/1993,1259566126,hossam.attia70@hotmail.com,Port Said,Canal Zone,Bronze,5/12/2021
CUS02429,Tamer Hamdy,Male,,4/20/1981,1060395249,tamer.hamdy57@gmail.com,Giza,Greater Cairo,Gold,5/27/2021
CUS02787,Rana Ramadan,Female,,4/21/1986,1128865768,rana.ramadan34@outlook.com,Ismailia,Canal Zone,Bronze,10/18/2021
CUS01849,Neveen Rizk,Female,,2/20/1980,1077060632,neveen.rizk53@yahoo.com,Suez,Canal Zone,Bronze,6/19/2023
CUS00763,Wael Younis,Male,,10/26/1985,1055112093,No_Email,Cairo,Greater Cairo,Silver,2/26/2020
CUS00389,Walid Shaaban,Male,,24/09/1974,1147898265,walid.shaaban17@hotmail.com,Zagazig,Nile Delta,Bronze,12/10/2020
CUS00236,Khaled Badawi,Male,,6/6/1986,1085495759,khaled.badawi58@yahoo.com,Zagazig,Nile Delta,Bronze,2/1/2022
CUS02649,Tamer Ragab,Male,,5/24/1975,1290725443,tamer.ragab79@hotmail.com,Giza,Greater Cairo,Silver,7/15/2020
CUS01985,Ghada Nasser,Female,,3/11/1994,1097161477,ghada.nasser14@gmail.com,Cairo,Greater Cairo,Gold,10/27/2020
CUS00268,Hana Ragab,Female,,5/21/1987,1044419684,hana.ragab4@yahoo.com,Tanta,Nile Delta,Silver,8/16/2022
CUS00771,Ahmed Hamdy,Male,,12/10/1991,1110367395,ahmed.hamdy19@hotmail.com,Cairo,Greater Cairo,Gold,9/13/2022
CUS02166,Yasmin Amin,Female,,10/12/1989,1047432847,yasmin.amin44@outlook.com,Ismailia,Canal Zone,Silver,7/7/2021
CUS00438,Khaled Nasser,Male,,10/2/1995,1062652401,khaled.nasser89@outlook.com,Aswan,Upper Egypt,Silver,6/21/2023
CUS00674,Yasmin Shaaban,Female,,3/14/1982,1172891711,yasmin.shaaban79@gmail.com,Alexandria,Alexandria,Bronze,2/3/2020
CUS00250,Hazem Ahmed,Male,,2/9/2000,1018891570,hazem.ahmed78@yahoo.com,Luxor,Upper Egypt,Bronze,3/22/2021
CUS02202,Reham Hamdy,Female,,5/19/1980,1288181822,reham.hamdy13@hotmail.com,Cairo,Greater Cairo,Bronze,6/7/2022
CUS01575,Bassem Barakat,Male,,12/14/1992,1068233482,bassem.barakat84@outlook.com,Cairo,Greater Cairo,Bronze,4/17/2020
CUS02143,Fady Saad,Male,,3/19/1971,1185416798,fady.saad96@hotmail.com,Tanta,Nile Delta,Gold,8/16/2022
CUS02082,Eman Hafez,Female,,8/26/1996,1263971244,eman.hafez17@hotmail.com,Cairo,Greater Cairo,Bronze,12/1/2023
CUS02662,Karim Gouda,Male,,7/20/1972,1197075083,karim.gouda16@yahoo.com,Suez,Canal Zone,Silver,6/21/2023
CUS02612,Karim Hassan,Male,,2/24/1970,1120744651,karim.hassan73@gmail.com,Cairo,Greater Cairo,Bronze,8/10/2020
CUS02785,Eman Khalil,Female,,3/11/2003,1182933966,eman.khalil11@gmail.com,Luxor,Upper Egypt,Bronze,3/15/2023
CUS00449,Essam Salem,Male,,19/06/1983,1090675244,essam.salem61@yahoo.com,Giza,Greater Cairo,Bronze,4/28/2020
CUS01470,Hassan Ragab,Male,,9/3/1995,1037675125,hassan.ragab4@outlook.com,Hurghada,Red Sea,Silver,2/16/2021
CUS00717,Maged Salem,Male,,12/1/1982,1224468787,maged.salem97@outlook.com,Aswan,Upper Egypt,Silver,4/18/2022
CUS00803,Ayman Salem,Male,,3/16/1974,1111023114,ayman.salem54@gmail.com,Alexandria,Alexandria,Bronze,3/7/2020
CUS02659,Ramy Gamal,Male,,6/17/1978,1184819507,No_Email,Cairo,Greater Cairo,Platinum,7/9/2023
CUS02049,Hana Ismail,Female,,4/2/1993,1015851616,hana.ismail18@hotmail.com,Alexandria,Alexandria,Gold,11/16/2023
CUS01902,Tarek Attia,Male,,7/18/2002,1210285745,tarek.attia51@outlook.com,Cairo,Greater Cairo,Bronze,5/21/2023
CUS01169,Doha Sayed,Female,,12/20/1984,1027075254,doha.sayed12@yahoo.com,Cairo,Greater Cairo,Bronze,7/8/2020
CUS00083,Shaimaa Wahba,Female,,11/22/1983,1155748676,shaimaa.wahba72@outlook.com,Giza,Greater Cairo,Bronze,12/15/2022
CUS02463,Hazem Abdallah,Male,,17/06/1997,1191127117,hazem.abdallah24@hotmail.com,Mansoura,Nile Delta,Silver,1/11/2020
CUS01461,Ahmed Ramadan,Male,,7/8/1974,1252061564,ahmed.ramadan13@yahoo.com,Giza,Greater Cairo,Bronze,6/27/2023
CUS01894,Noha Hassan,Female,,18/09/1985,1270068638,No_Email,Cairo,Greater Cairo,Bronze,9/10/2021
CUS01669,Adel Hassan,Male,,4/28/1985,1044123401,No_Email,Cairo,Greater Cairo,Bronze,7/13/2020
CUS02001,Ghada Gamal,Female,,9/23/1980,1069371666,ghada.gamal24@yahoo.com,Cairo,Greater Cairo,Bronze,6/23/2021
CUS00476,Sherif Attia,Male,,4/16/1994,1055694444,sherif.attia98@hotmail.com,Sharm El Sheikh,South Sinai,Gold,11/5/2023
CUS00518,Emad Rizk,Male,,2/10/1970,1298687917,emad.rizk57@gmail.com,Aswan,Upper Egypt,Bronze,1/12/2023
CUS00405,Fatima Ramadan,Female,,4/24/1992,1280881914,fatima.ramadan98@yahoo.com,Giza,Greater Cairo,Gold,2/12/2021
CUS00385,Karim Mostafa,Male,,3/28/1993,1161028923,karim.mostafa50@outlook.com,Zagazig,Nile Delta,Silver,6/26/2022
CUS02472,Suzy Sayed,Female,,11/11/1993,1240048805,suzy.sayed30@gmail.com,Ismailia,Canal Zone,Gold,11/10/2021
CUS02153,Nadia Shaaban,Female,,8/12/1998,1251477329,nadia.shaaban30@gmail.com,Tanta,Nile Delta,Bronze,2/7/2022
CUS01634,Fatima Zaki,Female,,8/2/1989,1258473870,No_Email,Hurghada,Red Sea,Bronze,8/4/2023
CUS02907,Tarek Sayed,Male,,9/17/1973,1178102084,tarek.sayed12@gmail.com,Ismailia,Canal Zone,Bronze,10/20/2020
CUS00689,Zeinab Attia,Female,,6/26/1999,1172226540,zeinab.attia50@outlook.com,Hurghada,Red Sea,Bronze,3/26/2020
CUS01241,Yasmin Lotfy,Female,,2/4/1994,1182090202,yasmin.lotfy52@yahoo.com,Luxor,Upper Egypt,Bronze,11/4/2021
CUS00063,Maged Zaki,Male,,13/10/2003,1223732098,maged.zaki72@hotmail.com,Aswan,Upper Egypt,Bronze,11/4/2022
CUS00853,Omar Barakat,Male,,2/19/1981,1053941883,omar.barakat72@hotmail.com,Cairo,Greater Cairo,Silver,7/20/2021
CUS02897,Zeinab Hamdy,Female,,7/6/1988,1022403536,zeinab.hamdy6@yahoo.com,Alexandria,Alexandria,Bronze,3/9/2020
CUS02517,Ibrahim Mostafa,Male,,2/26/1972,1273421110,ibrahim.mostafa30@gmail.com,Cairo,Greater Cairo,Bronze,3/13/2020
CUS01263,Mahmoud Shaaban,Male,,5/24/1995,1113795294,mahmoud.shaaban31@outlook.com,Giza,Greater Cairo,Bronze,6/20/2020
CUS00224,Ramy Saad,Male,,5/6/1982,1086325036,ramy.saad22@hotmail.com,Giza,Greater Cairo,Bronze,5/20/2021
CUS02194,Walid Gouda,Male,,2/15/2003,1130061479,walid.gouda63@outlook.com,Alexandria,Alexandria,Gold,3/20/2022
CUS00374,Ayman Rizk,Male,,9/18/1989,1261377017,ayman.rizk12@gmail.com,Tanta,Nile Delta,Silver,3/9/2022
CUS01825,Walid Ramadan,Male,,4/10/1970,1280074188,walid.ramadan81@outlook.com,Mansoura,Nile Delta,Bronze,11/2/2023
CUS02579,Hossam Abdallah,Male,,13/01/1985,1238150876,hossam.abdallah57@gmail.com,Giza,Greater Cairo,Bronze,2/26/2022
CUS02917,Mahmoud Nasser,Male,,1/5/1975,1130519904,mahmoud.nasser87@hotmail.com,Zagazig,Nile Delta,Bronze,11/12/2021
CUS02943,Ayman Zaki,Male,,2/11/1974,1176136537,ayman.zaki33@hotmail.com,Giza,Greater Cairo,Gold,12/10/2022
CUS02729,Hazem Shaaban,Male,,10/19/1986,1035766487,hazem.shaaban78@gmail.com,Cairo,Greater Cairo,Silver,3/8/2020
CUS00010,Ibrahim Mansour,Male,,12/5/1993,1262138657,ibrahim.mansour82@yahoo.com,Tanta,Nile Delta,Bronze,8/10/2021
CUS01945,Walid Hamdy,Male,,17/03/1970,1190165869,walid.hamdy41@gmail.com,Hurghada,Red Sea,Bronze,11/20/2023
CUS01839,Hoda Sayed,Female,,11/28/1977,1140438117,hoda.sayed58@yahoo.com,Port Said,Canal Zone,Bronze,10/15/2023
CUS00709,Neveen Ibrahim,Female,,7/21/1987,1049925737,neveen.ibrahim27@gmail.com,Cairo,Greater Cairo,Bronze,8/6/2020
CUS00256,Manar Mostafa,Female,,7/24/1984,1147382097,manar.mostafa83@outlook.com,Alexandria,Alexandria,Silver,8/22/2022
CUS01618,Neveen Sayed,Female,,6/10/1986,1283635162,neveen.sayed34@gmail.com,Mansoura,Nile Delta,Silver,7/17/2023
CUS00390,Khaled Badawi,Male,,5/5/2000,1039277781,khaled.badawi74@gmail.com,Hurghada,Red Sea,Silver,7/14/2021
CUS01582,Walid Mohamed,Male,,1/8/1981,1289200771,No_Email,Giza,Greater Cairo,Silver,1/3/2023
CUS00925,Ola Farouk,Female,,1/23/1973,1267109058,ola.farouk98@outlook.com,Giza,Greater Cairo,Silver,8/23/2023
CUS02037,Neveen Ibrahim,Female,,9/11/1972,1161363891,neveen.ibrahim89@yahoo.com,Cairo,Greater Cairo,Bronze,1/4/2021
CUS02441,Maged Ali,Male,,9/8/1987,1044222536,maged.ali59@yahoo.com,Alexandria,Alexandria,Bronze,1/6/2023
CUS01225,Omar Younis,Male,,1/21/1989,1272600538,omar.younis9@hotmail.com,Giza,Greater Cairo,Bronze,1/28/2021
CUS01947,Reham Mostafa,Female,,2/10/1988,1021286470,reham.mostafa74@yahoo.com,Giza,Greater Cairo,Bronze,5/28/2020
CUS00740,Bassem Nasser,Male,,3/3/1971,1292427437,No_Email,Giza,Greater Cairo,Bronze,4/8/2023
CUS00041,Wael Saad,Male,,4/19/1973,1157621071,wael.saad41@hotmail.com,Cairo,Greater Cairo,Bronze,12/23/2020
CUS00869,Mona Ali,Female,,5/12/1979,1240812818,mona.ali83@gmail.com,Luxor,Upper Egypt,Bronze,6/3/2022
CUS00540,Ashraf Farouk,Male,,9/7/1980,1224806311,ashraf.farouk3@gmail.com,Cairo,Greater Cairo,Silver,2/25/2023
CUS02552,Reham Bakr,Female,,7/13/1981,1073541182,reham.bakr78@hotmail.com,Cairo,Greater Cairo,Bronze,9/7/2021
CUS01372,Nader Amin,Male,,3/7/1978,1275269328,nader.amin49@hotmail.com,Cairo,Greater Cairo,Gold,7/8/2022
CUS01146,Hoda Salem,Female,,4/22/1978,1288930579,hoda.salem69@yahoo.com,Luxor,Upper Egypt,Bronze,6/27/2023
CUS01032,Shaimaa Nasser,Female,,5/1/1990,1082016067,shaimaa.nasser72@hotmail.com,Alexandria,Alexandria,Bronze,7/11/2023
CUS00373,Maged Salem,Male,,4/20/1986,1298933292,maged.salem50@outlook.com,Cairo,Greater Cairo,Gold,9/7/2020
CUS00668,Rana Bakr,Female,,1/5/1993,1041361578,rana.bakr73@gmail.com,Cairo,Greater Cairo,Silver,11/2/2021
CUS00358,Omar Mahmoud,Male,,12/15/1985,1073188059,No_Email,Alexandria,Alexandria,Bronze,3/10/2020
CUS00968,Ghada Salem,Female,,6/13/1972,1014463768,ghada.salem83@gmail.com,Giza,Greater Cairo,Gold,10/14/2023
CUS01354,Salma Mohamed,Female,,4/25/1994,1176803099,No_Email,Zagazig,Nile Delta,Silver,8/18/2021
CUS01036,Khaled Ali,Male,,10/9/1978,1119140411,khaled.ali99@gmail.com,Tanta,Nile Delta,Bronze,8/23/2020
CUS00471,Akram Ali,Male,,11/1/1991,1073068018,akram.ali97@hotmail.com,Cairo,Greater Cairo,Silver,2/18/2023
CUS01397,Rania Mostafa,Female,,5/5/2002,1127216331,rania.mostafa1@gmail.com,Giza,Greater Cairo,Bronze,8/3/2020
CUS02665,Salma Ragab,Female,,8/9/1987,1237580935,salma.ragab67@yahoo.com,Mansoura,Nile Delta,Silver,2/13/2023
CUS01550,Sherif Saad,Male,,4/8/1975,1124290225,sherif.saad78@outlook.com,Mansoura,Nile Delta,Silver,3/16/2022
CUS01257,Noha Khalil,Female,,12/10/1971,1175614874,noha.khalil78@outlook.com,Cairo,Greater Cairo,Bronze,11/5/2021
CUS02095,Omar Saad,Male,,1/14/1996,1189233826,omar.saad81@outlook.com,Giza,Greater Cairo,Gold,12/15/2021
CUS01556,Nader Mahmoud,Male,,7/15/1983,1078613363,nader.mahmoud83@gmail.com,Cairo,Greater Cairo,Platinum,8/27/2021
CUS02633,Dalia Shaaban,Female,,9/4/1995,1044373881,dalia.shaaban34@outlook.com,Cairo,Greater Cairo,Bronze,6/23/2023
CUS01251,Ashraf Lotfy,Male,,4/26/1970,1123763883,ashraf.lotfy58@gmail.com,Hurghada,Red Sea,Silver,8/28/2022
CUS01700,Ashraf Mohamed,Male,,5/15/1997,1094238694,ashraf.mohamed28@outlook.com,Alexandria,Alexandria,Bronze,12/9/2023
CUS01253,Radwa Fathy,Female,,6/14/1976,1056554895,radwa.fathy39@gmail.com,Cairo,Greater Cairo,Bronze,4/19/2021
CUS02828,Emad Zaki,Male,,3/6/1991,1158236901,emad.zaki89@outlook.com,Cairo,Greater Cairo,Bronze,3/5/2021
CUS00080,Hany Hafez,Male,,9/23/2003,1292978636,hany.hafez87@outlook.com,Cairo,Greater Cairo,Bronze,9/20/2021
CUS01173,Noha Khalil,Female,,4/8/1992,1033261698,No_Email,Mansoura,Nile Delta,Bronze,11/26/2022
CUS00815,Noha Abdallah,Female,,1/9/1974,1026429653,noha.abdallah68@gmail.com,Luxor,Upper Egypt,Bronze,11/24/2022
CUS01853,Ahmed Mahmoud,Male,,17/12/1970,1123052513,ahmed.mahmoud59@gmail.com,Luxor,Upper Egypt,Silver,11/26/2022
CUS02221,Nadia Badawi,Female,,12/22/1972,1222721215,nadia.badawi22@outlook.com,Tanta,Nile Delta,Silver,10/18/2020
CUS02673,Walid Mansour,Male,,1/26/2001,1054395754,No_Email,Tanta,Nile Delta,Gold,6/28/2021
CUS02106,Maged Hafez,Male,,24/08/1972,1158656813,maged.hafez33@hotmail.com,Giza,Greater Cairo,Bronze,6/3/2021
CUS00134,Eman Badawi,Female,,12/18/1978,1089299984,eman.badawi68@hotmail.com,Giza,Greater Cairo,Bronze,8/18/2022
CUS01141,Akram Ramadan,Male,,4/16/1970,1023486212,No_Email,Aswan,Upper Egypt,Bronze,4/6/2020
CUS00934,Omar Shaaban,Male,,8/17/1998,1179013223,omar.shaaban33@hotmail.com,Alexandria,Alexandria,Bronze,5/9/2022
CUS00929,Samah Ahmed,Female,,9/12/1999,1232656439,samah.ahmed16@yahoo.com,Mansoura,Nile Delta,Silver,5/12/2022
CUS00824,Heba Hafez,Female,,2/18/1996,1090154379,heba.hafez82@outlook.com,Giza,Greater Cairo,Gold,12/10/2022
CUS01532,Nadia Ramadan,Female,,2/26/1973,1277934407,nadia.ramadan39@gmail.com,Mansoura,Nile Delta,Bronze,6/28/2020
CUS01215,Ibrahim Lotfy,Male,,3/26/1977,1164511793,ibrahim.lotfy3@yahoo.com,Tanta,Nile Delta,Silver,8/2/2020
CUS00505,Hassan Abdallah,Male,,5/4/2003,1076936024,hassan.abdallah38@hotmail.com,Tanta,Nile Delta,Bronze,12/12/2023
CUS01395,Hany Rizk,Male,,2/21/1990,1118218152,hany.rizk55@gmail.com,Giza,Greater Cairo,Silver,1/26/2021
CUS02396,Bassem Mahmoud,Male,,5/1/1973,1160922178,bassem.mahmoud80@outlook.com,Giza,Greater Cairo,Silver,3/27/2022
CUS01997,Wael Ramadan,Male,,19/08/1975,1186491866,wael.ramadan90@hotmail.com,Port Said,Canal Zone,Silver,8/24/2022
CUS02435,Mahmoud Khalil,Male,,6/16/1999,1277946312,mahmoud.khalil46@yahoo.com,Ismailia,Canal Zone,Bronze,4/17/2023
CUS01959,Adel Younis,Male,,26/04/1995,1171212493,adel.younis10@yahoo.com,Mansoura,Nile Delta,Bronze,6/19/2020
CUS01385,Manar Fathy,Female,,12/7/1975,1111171326,manar.fathy56@yahoo.com,Mansoura,Nile Delta,Gold,9/12/2020
CUS00895,Magdy Shaaban,Male,,2/16/1987,1066882181,magdy.shaaban86@hotmail.com,Mansoura,Nile Delta,Silver,2/5/2023
CUS00829,Walid Mahmoud,Male,,7/5/1971,1271153456,walid.mahmoud99@yahoo.com,Zagazig,Nile Delta,Bronze,6/12/2022
CUS02968,Samir Wahba,Male,,11/11/1988,1151328431,samir.wahba44@outlook.com,Alexandria,Alexandria,Bronze,8/10/2023
CUS01684,Akram Hafez,Male,,26/08/1973,1286813030,akram.hafez97@yahoo.com,Aswan,Upper Egypt,Silver,6/14/2023
CUS02654,Ayman Hassan,Male,,2/11/1970,1297686025,ayman.hassan35@yahoo.com,Cairo,Greater Cairo,Platinum,10/21/2022
CUS02602,Mohamed Ahmed,Male,,12/25/1980,1024423852,mohamed.ahmed64@yahoo.com,Cairo,Greater Cairo,Bronze,6/22/2020
CUS02554,Khaled Younis,Male,,7/26/1988,1234774343,khaled.younis34@outlook.com,Port Said,Canal Zone,Bronze,9/15/2020
CUS00653,Nour Ahmed,Female,,2/6/1993,1081017414,nour.ahmed73@hotmail.com,Alexandria,Alexandria,Silver,3/7/2020
CUS00173,Reham Khalil,Female,,9/13/1994,1032935793,reham.khalil19@yahoo.com,Alexandria,Alexandria,Bronze,7/10/2020
CUS00039,Hoda Ahmed,Female,,5/13/1975,1066268745,hoda.ahmed70@gmail.com,Tanta,Nile Delta,Bronze,12/12/2023
CUS02908,Suzy Amin,Female,,3/25/1988,1210277815,suzy.amin84@hotmail.com,Cairo,Greater Cairo,Bronze,4/26/2022
CUS00714,Suzy Ragab,Female,,7/3/1993,1243983969,suzy.ragab97@yahoo.com,Giza,Greater Cairo,Gold,6/17/2020
CUS00091,Doha Ahmed,Female,,12/9/1970,1093290380,doha.ahmed82@hotmail.com,Cairo,Greater Cairo,Bronze,12/7/2021
CUS02865,Mohamed Ismail,Male,,8/5/1993,1260507167,mohamed.ismail12@gmail.com,Giza,Greater Cairo,Bronze,12/16/2023
CUS01206,Sherif Mansour,Male,,13/02/1973,1087561798,sherif.mansour75@yahoo.com,Hurghada,Red Sea,Gold,11/19/2020
CUS02629,Amira Mohamed,Female,,6/3/1973,1280058340,amira.mohamed53@yahoo.com,Alexandria,Alexandria,Bronze,7/17/2022
CUS01828,Nour Hafez,Female,,1/21/1979,1140556252,No_Email,Ismailia,Canal Zone,Bronze,6/14/2022
CUS01156,Samir Ramadan,Male,,5/14/1993,1172889571,No_Email,Zagazig,Nile Delta,Silver,1/27/2021
CUS01325,Zeinab Zaki,Female,,5/16/1976,1139417237,zeinab.zaki57@hotmail.com,Ismailia,Canal Zone,Bronze,7/24/2023
CUS00217,Salma Ibrahim,Female,,7/11/1982,1263956682,salma.ibrahim28@gmail.com,Giza,Greater Cairo,Bronze,6/3/2021
CUS00511,Mahmoud Hassan,Male,,1/3/1985,1027007519,mahmoud.hassan32@hotmail.com,Mansoura,Nile Delta,Bronze,10/13/2021
CUS01681,Reham Shaaban,Female,,11/4/2002,1244655375,reham.shaaban7@gmail.com,Giza,Greater Cairo,Bronze,8/8/2020
CUS00500,Hazem Barakat,Male,,3/23/1986,1189034390,hazem.barakat6@gmail.com,Ismailia,Canal Zone,Silver,4/4/2021
CUS02520,Dina Sayed,Female,,12/10/1970,1023000847,No_Email,Zagazig,Nile Delta,Bronze,6/3/2021
CUS01857,Zeinab Hassan,Female,,9/11/1997,1178234430,zeinab.hassan97@gmail.com,Zagazig,Nile Delta,Silver,9/11/2020
CUS01389,Ali Ismail,Male,,10/21/1972,1023839095,ali.ismail15@outlook.com,Ismailia,Canal Zone,Bronze,9/9/2023
CUS01520,Hazem Badawi,Male,,6/14/1994,1292321426,hazem.badawi7@outlook.com,Port Said,Canal Zone,Silver,3/27/2021
CUS02387,Nadia Abdallah,Female,,8/4/1987,1148644859,nadia.abdallah88@outlook.com,Giza,Greater Cairo,Gold,1/28/2022
CUS02767,Karim Mansour,Male,,12/4/1976,1056175274,karim.mansour80@yahoo.com,Alexandria,Alexandria,Silver,11/16/2020
CUS02077,Hany Mohamed,Male,,7/9/1998,1249475498,hany.mohamed92@gmail.com,Cairo,Greater Cairo,Bronze,8/6/2020
CUS01541,Ola Nasser,Female,,10/15/1993,1126775788,ola.nasser83@hotmail.com,Tanta,Nile Delta,Bronze,8/28/2023
CUS01218,Engy Shaaban,Female,,20/04/1973,1197110687,engy.shaaban49@hotmail.com,Tanta,Nile Delta,Bronze,12/10/2021
CUS01417,Aisha Bakr,Female,,23/02/1971,1126750164,aisha.bakr62@yahoo.com,Cairo,Greater Cairo,Platinum,3/19/2020
CUS02218,Walid Amin,Male,,7/1/1990,1061388703,walid.amin62@outlook.com,Giza,Greater Cairo,Silver,2/28/2022
CUS02561,Heba Saad,Female,,10/12/1997,1089666963,heba.saad20@yahoo.com,Hurghada,Red Sea,Bronze,1/15/2021
CUS01677,Salma Mohamed,Female,,6/15/1989,1129165758,salma.mohamed12@outlook.com,Cairo,Greater Cairo,Platinum,9/19/2020
CUS01198,Hoda Saad,Female,,2/13/1981,1247383278,hoda.saad5@yahoo.com,Ismailia,Canal Zone,Bronze,9/3/2023
CUS01543,Hossam Zaki,Male,,7/18/1976,1197067214,hossam.zaki19@hotmail.com,Alexandria,Alexandria,Bronze,6/18/2022
CUS00954,Ali Mahmoud,Male,,12/10/1977,1091928972,ali.mahmoud85@gmail.com,Suez,Canal Zone,Bronze,3/14/2022
CUS00751,Manar Rizk,Female,,7/6/2003,1277072182,manar.rizk39@gmail.com,Cairo,Greater Cairo,Bronze,7/13/2023
CUS00235,Samir Attia,Male,,6/10/1980,1281848989,samir.attia86@yahoo.com,Cairo,Greater Cairo,Bronze,4/4/2021
CUS00733,Sara Rizk,Female,,28/05/1987,1189783556,sara.rizk73@yahoo.com,Mansoura,Nile Delta,Gold,5/7/2022
CUS01549,Radwa Badawi,Female,,11/8/1995,1136567299,radwa.badawi46@outlook.com,Cairo,Greater Cairo,Bronze,8/2/2020
CUS01157,Bassem Rizk,Male,,9/21/2000,1074579455,bassem.rizk30@gmail.com,Cairo,Greater Cairo,Gold,8/10/2021
CUS02617,Fady Saad,Male,,10/3/2001,1088263481,fady.saad96@outlook.com,Giza,Greater Cairo,Gold,9/23/2022
CUS02446,Ahmed Badawi,Male,,5/23/2003,1143966025,ahmed.badawi53@outlook.com,Giza,Greater Cairo,Silver,2/20/2021
CUS01210,Rana Saad,Female,,9/17/1984,1247303947,rana.saad89@gmail.com,Sharm El Sheikh,South Sinai,Bronze,12/18/2023
CUS01066,Ashraf Attia,Male,,5/27/1985,1179657329,ashraf.attia69@gmail.com,Zagazig,Nile Delta,Silver,5/25/2023
CUS02157,Omar Ismail,Male,,1/21/1989,1085722289,omar.ismail37@hotmail.com,Cairo,Greater Cairo,Bronze,1/17/2021
CUS01063,Bassem Khalil,Male,,10/27/1992,1028571145,bassem.khalil21@hotmail.com,Hurghada,Red Sea,Bronze,4/20/2022
CUS01168,Magdy Khalil,Male,,8/14/1987,1084518625,magdy.khalil97@hotmail.com,Alexandria,Alexandria,Gold,1/6/2022
CUS01493,Mahmoud Wahba,Male,,8/9/2001,1160242229,mahmoud.wahba65@hotmail.com,Cairo,Greater Cairo,Gold,10/12/2021
CUS02515,Emad Nasser,Male,,3/25/2001,1036629338,emad.nasser64@outlook.com,Mansoura,Nile Delta,Platinum,9/26/2021
CUS00885,Maged Ragab,Male,,11/5/1999,1025457307,No_Email,Hurghada,Red Sea,Gold,2/5/2023
CUS00144,Magdy Younis,Male,,4/19/2001,1082963514,magdy.younis71@yahoo.com,Giza,Greater Cairo,Bronze,9/5/2020
CUS02990,Ghada Ahmed,Female,,1/11/1984,1045101571,ghada.ahmed53@hotmail.com,Luxor,Upper Egypt,Bronze,4/7/2020
CUS00851,Manar Mostafa,Female,,23/08/1999,1064044021,manar.mostafa19@gmail.com,Cairo,Greater Cairo,Silver,1/13/2022
CUS00718,Amira Mohamed,Female,,1/10/1971,1037794800,amira.mohamed16@outlook.com,Ismailia,Canal Zone,Bronze,11/13/2022
CUS02890,Eman Mahmoud,Female,,18/12/1985,1273559135,No_Email,Aswan,Upper Egypt,Silver,11/26/2020
CUS02503,Hany Hamdy,Male,,1/14/1971,1244766218,hany.hamdy40@yahoo.com,Alexandria,Alexandria,Gold,1/16/2022
CUS00265,Manar Farouk,Female,,12/28/1975,1222714930,manar.farouk55@yahoo.com,Luxor,Upper Egypt,Gold,2/21/2022
CUS00076,Hassan Wahba,Male,,24/12/1974,1044345256,hassan.wahba7@gmail.com,Zagazig,Nile Delta,Bronze,1/28/2021
CUS02493,Adel Younis,Male,,1/25/1986,1183327306,adel.younis20@outlook.com,Hurghada,Red Sea,Platinum,12/21/2020
CUS00396,Ayman Hassan,Male,,5/2/1985,1249379055,ayman.hassan67@hotmail.com,Port Said,Canal Zone,Silver,12/4/2021
CUS02589,Manar Nasser,Female,,4/1/1977,1029114425,manar.nasser67@outlook.com,Cairo,Greater Cairo,Bronze,1/20/2022
CUS02225,Mona Mansour,Female,,4/3/1976,1065154377,mona.mansour82@gmail.com,Cairo,Greater Cairo,Platinum,5/14/2021
CUS02847,Manar Ismail,Female,,11/24/1996,1039268622,manar.ismail24@yahoo.com,Hurghada,Red Sea,Silver,4/5/2020
CUS00397,Mahmoud Ismail,Male,,5/28/1979,1028013093,mahmoud.ismail80@outlook.com,Luxor,Upper Egypt,Bronze,9/9/2020
CUS01366,Heba Amin,Female,,4/12/1985,1240291991,No_Email,Cairo,Greater Cairo,Silver,3/23/2020
CUS02542,Zeinab Hafez,Female,,9/25/1977,1085537487,zeinab.hafez27@gmail.com,Hurghada,Red Sea,Platinum,4/1/2022
CUS01904,Hazem Ramadan,Male,,5/15/1998,1223388485,No_Email,Cairo,Greater Cairo,Bronze,10/17/2020
CUS00596,Khaled Salem,Male,,7/9/1988,1240590640,khaled.salem34@hotmail.com,Alexandria,Alexandria,Gold,8/20/2023
CUS02110,Salma Hafez,Female,,12/7/1974,1291640859,salma.hafez37@outlook.com,Ismailia,Canal Zone,Silver,5/5/2020
CUS01297,Heba Salem,Female,,11/26/1984,1116606138,heba.salem97@outlook.com,Cairo,Greater Cairo,Silver,12/2/2020
CUS01822,Dina Zaki,Female,,20/11/1979,1212157711,dina.zaki57@outlook.com,Cairo,Greater Cairo,Bronze,6/28/2021
CUS00873,Reem Ragab,Female,,8/6/1986,1084188311,reem.ragab67@gmail.com,Mansoura,Nile Delta,Bronze,3/26/2023
CUS02959,Fatima Ali,Female,,12/11/1978,1257143574,fatima.ali82@hotmail.com,Cairo,Greater Cairo,Bronze,12/7/2023
CUS02327,Essam Ramadan,Male,,6/6/1985,1124687093,essam.ramadan68@outlook.com,Aswan,Upper Egypt,Bronze,2/2/2023
CUS01549,Radwa Badawi,Female,,11/8/1995,1136567299,radwa.badawi46@outlook.com,Cairo,Greater Cairo,Bronze,8/2/2020
CUS00037,Dina Rizk,Female,,3/1/1974,1096702893,dina.rizk43@gmail.com,Giza,Greater Cairo,Bronze,8/2/2020
CUS02951,Rania Hamdy,Female,,1/21/1974,1284713976,rania.hamdy38@yahoo.com,Aswan,Upper Egypt,Bronze,1/5/2020
CUS02144,Manar Ibrahim,Female,,9/18/1985,1156071748,manar.ibrahim5@gmail.com,Giza,Greater Cairo,Silver,10/12/2022
CUS02600,Khaled Rizk,Male,,6/22/1973,1146162961,khaled.rizk3@outlook.com,Cairo,Greater Cairo,Gold,2/20/2020
CUS00978,Hana Ibrahim,Female,,10/5/1994,1288099210,hana.ibrahim40@gmail.com,Cairo,Greater Cairo,Bronze,9/5/2020
CUS01572,Mahmoud Zaki,Male,,12/26/1998,1025712553,mahmoud.zaki38@yahoo.com,Cairo,Greater Cairo,Silver,1/15/2023
CUS01123,Shaimaa Mahmoud,Female,,8/9/1997,1142875807,shaimaa.mahmoud76@hotmail.com,Luxor,Upper Egypt,Bronze,4/14/2021
CUS02240,Mahmoud Farouk,Male,,4/17/1994,1088173211,mahmoud.farouk65@hotmail.com,Cairo,Greater Cairo,Silver,1/25/2021
CUS02505,Dalia Nasser,Female,,1/17/1994,1059283441,dalia.nasser97@yahoo.com,Cairo,Greater Cairo,Bronze,7/15/2020
CUS01893,Amira Mahmoud,Female,,2/12/1975,1033248060,amira.mahmoud25@yahoo.com,Hurghada,Red Sea,Bronze,10/14/2021
CUS00676,Youssef Salem,Male,,7/4/1980,1292985330,youssef.salem36@yahoo.com,Ismailia,Canal Zone,Gold,11/5/2020
CUS00729,Omar Salem,Male,,9/5/1978,1074114251,omar.salem97@outlook.com,Cairo,Greater Cairo,Bronze,4/27/2022
CUS00413,Amira Gouda,Female,,12/24/1976,1292020513,amira.gouda30@gmail.com,Port Said,Canal Zone,Bronze,7/2/2021
CUS01517,Ramy Mahmoud,Male,,6/6/1988,1215998983,ramy.mahmoud3@yahoo.com,Mansoura,Nile Delta,Bronze,1/26/2023
CUS01650,Ali Mahmoud,Male,,11/25/1977,1217433350,No_Email,Tanta,Nile Delta,Bronze,4/18/2023
CUS00826,Samir Farouk,Male,,7/17/1984,1156030008,samir.farouk22@yahoo.com,Suez,Canal Zone,Silver,10/20/2021
CUS00617,Ramy Mohamed,Male,,8/4/1978,1113412336,ramy.mohamed58@outlook.com,Cairo,Greater Cairo,Silver,4/7/2023
CUS00115,Nadia Rizk,Female,,10/12/1997,1246985109,nadia.rizk72@outlook.com,Mansoura,Nile Delta,Silver,6/18/2021
CUS00418,Nader Zaki,Male,,4/18/2000,1230625554,nader.zaki98@hotmail.com,Giza,Greater Cairo,Silver,8/21/2022
CUS01626,Nour Hassan,Female,,3/8/1980,1027399889,nour.hassan60@outlook.com,Tanta,Nile Delta,Bronze,3/12/2020
CUS02987,Suzy Attia,Female,,9/17/2003,1156930070,suzy.attia46@outlook.com,Cairo,Greater Cairo,Bronze,2/4/2023
CUS00090,Hana Ali,Female,,8/4/1992,1285414925,hana.ali90@hotmail.com,Alexandria,Alexandria,Bronze,7/13/2020
CUS02083,Tamer Sayed,Male,,10/7/1998,1120079941,tamer.sayed6@yahoo.com,Alexandria,Alexandria,Silver,11/7/2021
CUS00754,Maged Lotfy,Male,,2/20/1997,1157617011,maged.lotfy62@gmail.com,Giza,Greater Cairo,Bronze,6/7/2022
CUS02547,Mona Bakr,Female,,7/25/1996,1124657843,mona.bakr3@outlook.com,Cairo,Greater Cairo,Gold,9/21/2023
CUS01631,Rania Rizk,Female,,10/25/1977,1099863623,rania.rizk12@gmail.com,Zagazig,Nile Delta,Silver,10/26/2020
CUS00012,Mohamed Farouk,Male,,1/9/1988,1082156607,mohamed.farouk64@gmail.com,Ismailia,Canal Zone,Silver,5/25/2020
CUS02445,Nadia Amin,Female,,2/16/1982,1231347320,nadia.amin79@outlook.com,Giza,Greater Cairo,Bronze,7/5/2023
CUS00285,Osama Khalil,Male,,7/4/1999,1115474970,osama.khalil15@yahoo.com,Alexandria,Alexandria,Bronze,6/3/2020
CUS01067,Samir Bakr,Male,,10/6/1970,1295900652,samir.bakr16@gmail.com,Cairo,Greater Cairo,Platinum,7/5/2021
CUS01192,Magdy Ramadan,Male,,4/22/1979,1037593285,No_Email,Alexandria,Alexandria,Bronze,5/23/2022
CUS01441,Ashraf Salem,Male,,11/15/1977,1226979489,No_Email,Ismailia,Canal Zone,Bronze,4/28/2023
CUS02849,Walid Salem,Male,,6/23/1979,1246207497,walid.salem65@outlook.com,Alexandria,Alexandria,Gold,2/15/2020
CUS02848,Suzy Wahba,Female,,5/7/1983,1181911375,No_Email,Cairo,Greater Cairo,Bronze,8/14/2023
CUS02756,Aisha Ismail,Female,,8/2/1988,1142101779,aisha.ismail97@gmail.com,Giza,Greater Cairo,Silver,6/11/2020
CUS01569,Fatima Hafez,Female,,7/9/1975,1241119594,fatima.hafez58@outlook.com,Mansoura,Nile Delta,Silver,2/25/2022
CUS02428,Hana Salem,Female,,7/23/2000,1229515155,hana.salem34@outlook.com,Port Said,Canal Zone,Gold,9/15/2021
CUS02621,Nadia Hassan,Female,,12/14/2002,1220613190,nadia.hassan90@yahoo.com,Hurghada,Red Sea,Silver,7/11/2020
CUS01688,Nader Mostafa,Male,,10/15/1988,1045229697,nader.mostafa35@outlook.com,Alexandria,Alexandria,Bronze,2/10/2023
CUS00852,Youssef Mansour,Male,,12/11/1984,1131369764,youssef.mansour43@outlook.com,Zagazig,Nile Delta,Bronze,11/9/2020
CUS02208,Fady Ismail,Male,,1/25/1995,1224336913,fady.ismail21@hotmail.com,Luxor,Upper Egypt,Bronze,1/2/2023
CUS00896,Heba Hafez,Female,,8/3/1973,1078231337,heba.hafez30@hotmail.com,Cairo,Greater Cairo,Gold,1/27/2020
CUS00497,Hossam Hamdy,Male,,7/13/1987,1224406372,hossam.hamdy16@outlook.com,Alexandria,Alexandria,Bronze,10/10/2020
CUS02306,Hussein Amin,Male,,7/16/1979,1070572729,hussein.amin93@outlook.com,Giza,Greater Cairo,Gold,5/14/2023
CUS01783,Essam Younis,Male,,6/13/1987,1169276156,essam.younis99@yahoo.com,Alexandria,Alexandria,Bronze,8/19/2020
CUS00336,Noha Amin,Female,,1/2/1978,1051831217,noha.amin75@yahoo.com,Cairo,Greater Cairo,Silver,8/10/2021
CUS00516,Nadia Nasser,Female,,24/06/1971,1268260695,nadia.nasser14@outlook.com,Cairo,Greater Cairo,Bronze,9/15/2022
CUS01349,Hany Salem,Male,,3/6/1979,1230806860,hany.salem68@yahoo.com,Ismailia,Canal Zone,Silver,10/19/2022
CUS01016,Ghada Zaki,Female,,1/17/1982,1287607161,No_Email,Port Said,Canal Zone,Bronze,10/3/2020
CUS02856,Doha Mahmoud,Female,,10/1/1983,1034070150,doha.mahmoud39@outlook.com,Alexandria,Alexandria,Gold,11/27/2022
CUS02851,Zeinab Amin,Female,,10/19/1973,1271970673,zeinab.amin16@outlook.com,Mansoura,Nile Delta,Silver,12/27/2021
CUS01782,Mona Wahba,Female,,5/17/1985,1189707590,mona.wahba70@outlook.com,Suez,Canal Zone,Silver,11/6/2023
CUS02570,Youssef Ramadan,Male,,9/24/1970,1152791853,youssef.ramadan14@outlook.com,Port Said,Canal Zone,Silver,8/28/2020
CUS01786,Hazem Hafez,Male,,11/5/1979,1172409137,hazem.hafez72@yahoo.com,Suez,Canal Zone,Silver,11/19/2023
CUS02071,Noha Nasser,Female,,13/02/1980,1211693674,noha.nasser34@gmail.com,Zagazig,Nile Delta,Silver,3/22/2021
CUS00357,Mohamed Ibrahim,Male,,7/11/1999,1263598753,No_Email,Cairo,Greater Cairo,Silver,6/22/2021
CUS02900,Eman Badawi,Female,,6/10/1979,1129693407,eman.badawi40@yahoo.com,Cairo,Greater Cairo,Bronze,8/27/2020
CUS01313,Yasmin Gamal,Female,,2/9/1975,1288968371,yasmin.gamal9@yahoo.com,Alexandria,Alexandria,Silver,5/1/2020
CUS01636,Eman Ahmed,Female,,12/9/1999,1039861312,eman.ahmed81@outlook.com,Cairo,Greater Cairo,Bronze,10/8/2020
CUS00551,Hoda Attia,Female,,6/24/1983,1228164926,hoda.attia23@yahoo.com,Alexandria,Alexandria,Bronze,2/1/2023
CUS02389,Omar Ismail,Male,,12/10/1983,1287781486,omar.ismail23@outlook.com,Tanta,Nile Delta,Bronze,5/20/2021
CUS02480,Ayman Ibrahim,Male,,7/24/1996,1160524625,No_Email,Hurghada,Red Sea,Platinum,4/9/2022
CUS02522,Eman Lotfy,Female,,2/28/1994,1241704978,eman.lotfy63@yahoo.com,Cairo,Greater Cairo,Bronze,11/24/2020
CUS02266,Engy Ramadan,Female,,4/27/1994,1195094024,engy.ramadan39@outlook.com,Mansoura,Nile Delta,Silver,5/24/2023
CUS01228,Hossam Ramadan,Male,,10/26/1997,1093535134,hossam.ramadan73@gmail.com,Cairo,Greater Cairo,Bronze,7/18/2022
CUS02725,Rania Hassan,Female,,5/11/1985,1077481727,rania.hassan52@gmail.com,Giza,Greater Cairo,Bronze,10/15/2020
CUS00958,Mahmoud Salem,Male,,9/22/1992,1264127552,mahmoud.salem94@hotmail.com,Cairo,Greater Cairo,Silver,5/17/2023
CUS01774,Essam Gamal,Male,,16/11/1995,1284463328,essam.gamal42@outlook.com,Port Said,Canal Zone,Platinum,11/15/2022
CUS02142,Ashraf Saad,Male,,4/13/1975,1221394849,ashraf.saad66@yahoo.com,Alexandria,Alexandria,Silver,12/26/2021
CUS01009,Suzy Saad,Female,,1/4/1976,1199791980,suzy.saad84@hotmail.com,Cairo,Greater Cairo,Bronze,1/22/2021
CUS01093,Ayman Ali,Male,,12/17/1973,1181808026,No_Email,Mansoura,Nile Delta,Bronze,1/5/2022
CUS02719,Ali Wahba,Male,,6/12/1972,1149593469,ali.wahba9@yahoo.com,Aswan,Upper Egypt,Bronze,4/14/2022
CUS00997,Yasmin Mostafa,Female,,6/24/1975,1269946219,yasmin.mostafa47@hotmail.com,Suez,Canal Zone,Silver,7/17/2021
CUS01680,Hoda Abdallah,Female,,21/02/1999,1162874708,hoda.abdallah67@outlook.com,Tanta,Nile Delta,Bronze,3/17/2022
CUS00154,Heba Zaki,Female,,12/26/1972,1261210252,heba.zaki56@outlook.com,Alexandria,Alexandria,Silver,4/24/2020
CUS02830,Omar Ramadan,Male,,13/09/1970,1049751649,omar.ramadan75@outlook.com,Cairo,Greater Cairo,Gold,12/1/2023
CUS00581,Mohamed Mansour,Male,,12/21/1986,1220641221,mohamed.mansour34@hotmail.com,Giza,Greater Cairo,Bronze,12/26/2021
CUS01471,Fatima Mansour,Female,,3/21/1989,1096750195,fatima.mansour68@yahoo.com,Alexandria,Alexandria,Gold,7/22/2020
CUS00704,Hossam Hassan,Male,,12/3/1992,1259407992,hossam.hassan1@hotmail.com,Cairo,Greater Cairo,Silver,9/12/2022
CUS01213,Hazem Ali,Male,,11/28/2003,1070969959,hazem.ali71@yahoo.com,Cairo,Greater Cairo,Silver,5/27/2022
CUS00897,Akram Saad,Male,,5/7/2001,1133485502,akram.saad45@hotmail.com,Giza,Greater Cairo,Bronze,7/23/2023
CUS00488,Maged Ali,Male,,5/27/1983,1226567268,maged.ali1@gmail.com,Giza,Greater Cairo,Gold,3/12/2022
CUS00560,Noha Abdallah,Female,,7/27/1975,1017522634,noha.abdallah36@yahoo.com,Mansoura,Nile Delta,Silver,6/27/2020
CUS01142,Heba Badawi,Female,,3/2/1973,1114353181,heba.badawi15@yahoo.com,Giza,Greater Cairo,Silver,12/16/2020
CUS01120,Fatima Khalil,Female,,7/3/1974,1275990558,fatima.khalil43@gmail.com,Cairo,Greater Cairo,Bronze,4/1/2021
CUS00513,Hussein Ahmed,Male,,7/23/1992,1275257692,hussein.ahmed30@hotmail.com,Port Said,Canal Zone,Silver,2/12/2021
CUS00634,Hussein Gouda,Male,,11/15/1984,1126759028,hussein.gouda97@hotmail.com,Alexandria,Alexandria,Gold,1/13/2022
CUS02628,Dina Shaaban,Female,,11/27/1978,1212323115,No_Email,Tanta,Nile Delta,Silver,7/2/2023
CUS01665,Omar Ramadan,Male,,8/20/1980,1267697780,No_Email,Sharm El Sheikh,South Sinai,Bronze,6/11/2022
CUS01013,Sara Fathy,Female,,3/24/1976,1222053475,sara.fathy92@outlook.com,Port Said,Canal Zone,Silver,8/18/2023
CUS01932,Essam Hamdy,Male,,4/11/1984,1133882168,essam.hamdy71@outlook.com,Alexandria,Alexandria,Bronze,8/17/2022
CUS01151,Rania Farouk,Female,,5/18/1978,1177563757,No_Email,Tanta,Nile Delta,Gold,10/26/2023
CUS02853,Tarek Fathy,Male,,1/10/1986,1059668050,tarek.fathy3@yahoo.com,Cairo,Greater Cairo,Bronze,5/15/2022
CUS00117,Rana Lotfy,Female,,2/27/1970,1073306295,rana.lotfy11@gmail.com,Hurghada,Red Sea,Silver,7/20/2023
CUS00741,Amr Farouk,Male,,1/2/1987,1051405395,amr.farouk30@gmail.com,Alexandria,Alexandria,Bronze,7/23/2020
CUS02809,Nadia Ibrahim,Female,,12/1/1976,1032902802,nadia.ibrahim39@gmail.com,Alexandria,Alexandria,Gold,3/8/2023
CUS01975,Ashraf Farouk,Male,,6/28/2003,1171214909,ashraf.farouk10@hotmail.com,Giza,Greater Cairo,Silver,8/18/2021
CUS01082,Sara Gamal,Female,,8/18/1981,1136346840,sara.gamal9@hotmail.com,Cairo,Greater Cairo,Silver,2/15/2021
CUS01811,Dina Hamdy,Female,,7/24/1973,1222162326,No_Email,Mansoura,Nile Delta,Silver,11/26/2023
CUS00831,Ahmed Barakat,Male,,4/11/1998,1141866734,ahmed.barakat18@outlook.com,Cairo,Greater Cairo,Silver,4/8/2020
CUS00120,Amira Attia,Female,,10/1/1995,1133492771,amira.attia15@hotmail.com,Alexandria,Alexandria,Platinum,12/15/2022
CUS00657,Heba Barakat,Female,,11/21/1975,1180778039,heba.barakat83@yahoo.com,Giza,Greater Cairo,Bronze,6/5/2022
CUS02834,Ahmed Saad,Male,,11/9/1982,1049830164,ahmed.saad64@outlook.com,Giza,Greater Cairo,Gold,5/23/2023
CUS02737,Ayman Mohamed,Male,,6/2/1974,1295533714,ayman.mohamed41@gmail.com,Sharm El Sheikh,South Sinai,Bronze,10/17/2021
CUS02980,Radwa Bakr,Female,,9/12/1989,1229113941,radwa.bakr79@yahoo.com,Ismailia,Canal Zone,Gold,3/11/2020
CUS00636,Zeinab Ahmed,Female,,5/27/1976,1247026058,zeinab.ahmed33@hotmail.com,Giza,Greater Cairo,Silver,1/4/2020
CUS00370,Bassem Gouda,Male,,6/5/1974,1272982807,bassem.gouda94@hotmail.com,Cairo,Greater Cairo,Gold,7/14/2023
CUS00269,Mahmoud Ismail,Male,,5/5/1980,1044681437,mahmoud.ismail6@outlook.com,Giza,Greater Cairo,Gold,1/28/2020
CUS00047,Omar Gamal,Male,,24/02/1986,1016462242,omar.gamal64@outlook.com,Giza,Greater Cairo,Bronze,9/13/2022
CUS00992,Eman Hafez,Female,,6/8/1982,1159757038,eman.hafez94@outlook.com,Tanta,Nile Delta,Gold,7/7/2020
CUS00877,Adel Amin,Male,,4/6/1979,1197687081,adel.amin70@yahoo.com,Tanta,Nile Delta,Bronze,9/10/2022
CUS00774,Engy Amin,Female,,14/01/1995,1020214735,engy.amin54@gmail.com,Giza,Greater Cairo,Bronze,10/22/2022
CUS01220,Reham Salem,Female,,6/28/1977,1286498139,reham.salem92@outlook.com,Cairo,Greater Cairo,Platinum,3/7/2023
CUS01127,Samir Hassan,Male,,7/5/1979,1081253299,samir.hassan18@outlook.com,Cairo,Greater Cairo,Platinum,6/21/2021
CUS00005,Yasmin Gamal,Female,,4/8/1971,1165831276,yasmin.gamal45@hotmail.com,Cairo,Greater Cairo,Bronze,8/26/2022
CUS01596,Eman Mohamed,Female,,3/10/1988,1188004977,eman.mohamed73@hotmail.com,Alexandria,Alexandria,Bronze,10/3/2020
CUS02312,Reem Gouda,Female,,6/16/1976,1044908784,No_Email,Luxor,Upper Egypt,Silver,7/1/2023
CUS02492,Hassan Farouk,Male,,11/27/1977,1218420105,hassan.farouk75@gmail.com,Cairo,Greater Cairo,Silver,5/15/2020
CUS01078,Ramy Abdallah,Male,,2/13/1990,1077425226,No_Email,Tanta,Nile Delta,Gold,1/17/2022
CUS00838,Radwa Saad,Female,,13/09/1975,1260774044,radwa.saad72@outlook.com,Giza,Greater Cairo,Gold,2/22/2023
CUS00682,Emad Mahmoud,Male,,11/3/1998,1252763636,emad.mahmoud98@gmail.com,Cairo,Greater Cairo,Bronze,2/6/2021
CUS01716,Zeinab Mostafa,Female,,11/7/2002,1098460162,zeinab.mostafa69@gmail.com,Sharm El Sheikh,South Sinai,Silver,3/5/2020
CUS02353,Hussein Khalil,Male,,27/03/1983,1226925127,hussein.khalil32@hotmail.com,Mansoura,Nile Delta,Silver,1/25/2023
CUS02618,Sherif Ali,Male,,5/11/1970,1035984086,sherif.ali23@gmail.com,Cairo,Greater Cairo,Bronze,1/1/2023
CUS02362,Omar Attia,Male,,4/16/1970,1294694682,omar.attia18@gmail.com,Giza,Greater Cairo,Silver,5/12/2020
CUS02198,Mahmoud Ismail,Male,,11/1/1986,1137594352,mahmoud.ismail13@gmail.com,Luxor,Upper Egypt,Bronze,5/26/2020
CUS01149,Bassem Badawi,Male,,14/02/1992,1225890596,bassem.badawi96@yahoo.com,Luxor,Upper Egypt,Silver,6/2/2020
CUS00575,Ashraf Mansour,Male,,7/22/1980,1224284867,No_Email,Luxor,Upper Egypt,Bronze,1/6/2023
CUS00051,Ibrahim Zaki,Male,,8/16/1995,1245568288,ibrahim.zaki48@yahoo.com,Ismailia,Canal Zone,Bronze,1/9/2023
CUS00854,Mohamed Khalil,Male,,1/28/1978,1114551461,mohamed.khalil56@hotmail.com,Suez,Canal Zone,Bronze,11/5/2022
CUS01983,Reem Abdallah,Female,,2/27/1985,1157952384,reem.abdallah22@outlook.com,Giza,Greater Cairo,Gold,10/3/2022
CUS01824,Samir Lotfy,Male,,6/19/2003,1028085930,samir.lotfy58@outlook.com,Hurghada,Red Sea,Bronze,2/25/2020
CUS00834,Tarek Lotfy,Male,,11/3/1985,1223816907,tarek.lotfy25@yahoo.com,Cairo,Greater Cairo,Gold,2/6/2021
CUS01116,Rania Bakr,Female,,3/26/1975,1182543688,rania.bakr69@outlook.com,Alexandria,Alexandria,Bronze,8/18/2022
CUS01167,Karim Badawi,Male,,6/22/1972,1014415512,karim.badawi24@hotmail.com,Aswan,Upper Egypt,Bronze,7/19/2022
CUS02519,Fady Barakat,Male,,2/18/1975,1192011499,fady.barakat15@outlook.com,Tanta,Nile Delta,Bronze,3/28/2022
CUS01907,Hazem Ibrahim,Male,,1/2/2001,1130280473,hazem.ibrahim84@hotmail.com,Port Said,Canal Zone,Silver,6/20/2023
CUS00972,Ahmed Ali,Male,,11/14/1972,1216227011,ahmed.ali53@hotmail.com,Port Said,Canal Zone,Gold,1/5/2021
CUS00400,Eman Salem,Female,,1/5/1984,1060621018,eman.salem16@yahoo.com,Zagazig,Nile Delta,Gold,10/27/2022
CUS02560,Hazem Amin,Male,,10/21/1998,1090763816,hazem.amin97@gmail.com,Alexandria,Alexandria,Bronze,3/26/2021
CUS02369,Emad Ramadan,Male,,17/05/1992,1110745899,No_Email,Giza,Greater Cairo,Bronze,12/14/2022
CUS00020,Nader Mostafa,Male,,5/12/1997,1119506414,No_Email,Giza,Greater Cairo,Bronze,5/5/2022
CUS00685,Suzy Mansour,Female,,5/24/2000,1289431668,No_Email,Port Said,Canal Zone,Bronze,4/9/2021
CUS00036,Aisha Shaaban,Female,,9/24/1998,1243534652,aisha.shaaban8@yahoo.com,Hurghada,Red Sea,Bronze,4/27/2021
CUS02877,Hossam Gamal,Male,,12/18/1972,1050185344,hossam.gamal50@yahoo.com,Alexandria,Alexandria,Bronze,9/12/2021
CUS00525,Wael Badawi,Male,,6/3/1996,1185223282,wael.badawi58@outlook.com,Aswan,Upper Egypt,Gold,10/27/2021
CUS02456,Tamer Gamal,Male,,1/14/1972,1133641606,tamer.gamal32@hotmail.com,Cairo,Greater Cairo,Bronze,11/14/2022
CUS00921,Khaled Sayed,Male,,10/9/2002,1159981121,No_Email,Luxor,Upper Egypt,Silver,3/10/2022
CUS01842,Mahmoud Nasser,Male,,2/6/1983,1034993585,No_Email,Giza,Greater Cairo,Bronze,1/10/2023
CUS01891,Ali Younis,Male,,2/16/1982,1059735290,ali.younis12@outlook.com,Cairo,Greater Cairo,Silver,4/13/2021
CUS00538,Ayman Mostafa,Male,,8/11/1981,1225238583,ayman.mostafa63@outlook.com,Cairo,Greater Cairo,Bronze,1/10/2021
CUS01706,Manar Fathy,Female,,6/6/1976,1074362557,manar.fathy37@gmail.com,Cairo,Greater Cairo,Bronze,4/8/2022
CUS02979,Amira Younis,Female,,4/26/1977,1113153095,amira.younis76@outlook.com,Tanta,Nile Delta,Bronze,6/15/2023
CUS00246,Rana Bakr,Female,,11/26/1990,1146434606,rana.bakr19@gmail.com,Port Said,Canal Zone,Bronze,9/10/2021
CUS00785,Mona Zaki,Female,,2/22/1996,1146111036,mona.zaki1@gmail.com,Cairo,Greater Cairo,Gold,1/16/2023
CUS01410,Salma Badawi,Female,,7/3/1996,1066033776,salma.badawi11@yahoo.com,Luxor,Upper Egypt,Bronze,11/21/2021
CUS02538,Engy Ismail,Female,,4/25/1983,1264506267,engy.ismail98@yahoo.com,Cairo,Greater Cairo,Platinum,11/22/2023
CUS00155,Fatima Lotfy,Female,,5/17/1973,1052857940,fatima.lotfy7@outlook.com,Ismailia,Canal Zone,Silver,10/19/2023
CUS01687,Nader Abdallah,Male,,25/11/1991,1035137242,nader.abdallah88@outlook.com,Port Said,Canal Zone,Bronze,4/6/2022
CUS00626,Mona Lotfy,Female,,4/6/1973,1029187023,mona.lotfy2@outlook.com,Giza,Greater Cairo,Silver,6/7/2023
CUS02924,Nader Barakat,Male,,6/17/1993,1240119082,nader.barakat98@outlook.com,Cairo,Greater Cairo,Bronze,5/5/2023
CUS01347,Samir Saad,Male,,1/4/1977,1178349575,samir.saad90@outlook.com,Giza,Greater Cairo,Platinum,1/1/2020
CUS00570,Amira Abdallah,Female,,11/11/1978,1022133101,amira.abdallah22@outlook.com,Giza,Greater Cairo,Bronze,11/5/2020
CUS02981,Hossam Gouda,Male,,1/25/1987,1117795914,hossam.gouda86@outlook.com,Giza,Greater Cairo,Silver,1/18/2022
CUS01759,Rania Ragab,Female,,4/10/1971,1232158429,rania.ragab27@outlook.com,Cairo,Greater Cairo,Gold,7/19/2021
CUS01817,Salma Farouk,Female,,1/6/1982,1157939516,salma.farouk18@gmail.com,Giza,Greater Cairo,Bronze,3/8/2023
CUS02066,Karim Amin,Male,,11/25/1995,1239105235,karim.amin11@yahoo.com,Hurghada,Red Sea,Bronze,1/6/2023
CUS00128,Doha Fathy,Female,,5/18/1989,1216403434,doha.fathy61@gmail.com,Luxor,Upper Egypt,Bronze,12/11/2023
CUS02094,Rana Rizk,Female,,12/7/1990,1013450881,rana.rizk31@outlook.com,Alexandria,Alexandria,Bronze,3/10/2023
CUS02007,Hoda Mahmoud,Female,,17/02/1980,1247483872,hoda.mahmoud73@outlook.com,Giza,Greater Cairo,Bronze,3/8/2020
CUS00981,Mariam Ali,Female,,1/9/1983,1230034371,mariam.ali17@gmail.com,Giza,Greater Cairo,Bronze,6/23/2021
CUS01246,Khaled Barakat,Male,,11/21/1975,1145699484,No_Email,Mansoura,Nile Delta,Silver,10/2/2021
CUS00191,Walid Sayed,Male,,9/21/1990,1050549608,walid.sayed71@yahoo.com,Cairo,Greater Cairo,Bronze,7/3/2023
CUS01140,Hussein Sayed,Male,,3/3/1972,1059804167,hussein.sayed24@yahoo.com,Alexandria,Alexandria,Bronze,2/23/2020
CUS00993,Amr Hafez,Male,,1/6/1988,1211062915,amr.hafez40@gmail.com,Cairo,Greater Cairo,Bronze,3/25/2022
CUS00700,Mahmoud Younis,Male,,10/25/1990,1215285691,mahmoud.younis9@gmail.com,Alexandria,Alexandria,Silver,3/4/2021
CUS00607,Walid Ahmed,Male,,6/21/1996,1071322699,walid.ahmed92@hotmail.com,Cairo,Greater Cairo,Bronze,6/1/2022
CUS00181,Aisha Mansour,Female,,6/27/1982,1174304823,aisha.mansour81@outlook.com,Giza,Greater Cairo,Gold,8/26/2022
CUS00302,Suzy Rizk,Female,,6/25/1991,1084762274,suzy.rizk86@gmail.com,Alexandria,Alexandria,Bronze,8/26/2020
CUS02545,Rania Zaki,Female,,9/15/1985,1173192975,rania.zaki82@hotmail.com,Cairo,Greater Cairo,Bronze,7/16/2022
CUS02823,Akram Mohamed,Male,,8/19/1971,1165979497,akram.mohamed63@hotmail.com,Mansoura,Nile Delta,Silver,10/7/2020
CUS01061,Youssef Hassan,Male,,2/28/2003,1245755742,youssef.hassan53@gmail.com,Luxor,Upper Egypt,Bronze,9/23/2023
CUS02867,Nader Mansour,Male,,1/2/1971,1225019417,nader.mansour88@hotmail.com,Alexandria,Alexandria,Bronze,5/25/2022
CUS02926,Radwa Gouda,Female,,6/8/1981,1078663550,radwa.gouda57@hotmail.com,Suez,Canal Zone,Gold,2/4/2022
CUS02566,Ashraf Rizk,Male,,13/07/1984,1242706628,ashraf.rizk11@hotmail.com,Giza,Greater Cairo,Bronze,4/11/2022
CUS01070,Magdy Hamdy,Male,,1/1/1970,1016163850,magdy.hamdy76@hotmail.com,Giza,Greater Cairo,Bronze,1/12/2021
CUS02525,Karim Ahmed,Male,,5/1/1979,1151526888,karim.ahmed54@outlook.com,Hurghada,Red Sea,Silver,4/8/2022
CUS02206,Suzy Salem,Female,,2/26/1993,1290068637,suzy.salem42@hotmail.com,Suez,Canal Zone,Silver,12/12/2023
CUS01244,Ashraf Mansour,Male,,23/06/1985,1260456057,ashraf.mansour50@gmail.com,Aswan,Upper Egypt,Bronze,1/5/2022
CUS00017,Ramy Ibrahim,Male,,4/14/1995,1076399516,ramy.ibrahim73@outlook.com,Giza,Greater Cairo,Bronze,11/25/2022
CUS01114,Aisha Saad,Female,,12/27/1989,1173680989,aisha.saad54@hotmail.com,Alexandria,Alexandria,Gold,2/8/2022
CUS00547,Dina Salem,Female,,10/27/1995,1180250319,dina.salem33@outlook.com,Cairo,Greater Cairo,Gold,12/11/2022
CUS00659,Shaimaa Mansour,Female,,12/2/1990,1213753144,shaimaa.mansour7@outlook.com,Mansoura,Nile Delta,Silver,9/12/2021
CUS02750,Osama Hassan,Male,,12/14/1989,1280485498,osama.hassan72@gmail.com,Mansoura,Nile Delta,Gold,7/7/2023
CUS02781,Reham Farouk,Female,,25/05/1980,1215071282,reham.farouk87@outlook.com,Cairo,Greater Cairo,Bronze,3/4/2020
CUS01505,Sherif Hamdy,Male,,9/22/1974,1011162685,sherif.hamdy54@hotmail.com,Giza,Greater Cairo,Platinum,6/7/2020
CUS00960,Amr Bakr,Male,,7/26/1984,1249985512,amr.bakr58@outlook.com,Zagazig,Nile Delta,Bronze,12/2/2022
CUS02332,Ashraf Shaaban,Male,,11/5/1990,1217181290,ashraf.shaaban1@gmail.com,Cairo,Greater Cairo,Gold,8/13/2020
CUS00798,Omar Sayed,Male,,4/14/1978,1037509178,No_Email,Alexandria,Alexandria,Bronze,12/5/2023
CUS00226,Tamer Hassan,Male,,1/2/1996,1177674770,tamer.hassan13@outlook.com,Cairo,Greater Cairo,Silver,4/3/2023
CUS02075,Ghada Nasser,Female,,5/22/1971,1058454479,ghada.nasser8@hotmail.com,Luxor,Upper Egypt,Silver,8/11/2020
CUS01800,Walid Hassan,Male,,10/4/1976,1090961227,walid.hassan94@gmail.com,Cairo,Greater Cairo,Silver,4/28/2023
CUS02486,Hoda Badawi,Female,,11/7/1997,1089782008,hoda.badawi80@outlook.com,Ismailia,Canal Zone,Bronze,9/15/2020
CUS00164,Dina Lotfy,Female,,11/20/2003,1240524866,dina.lotfy78@hotmail.com,Alexandria,Alexandria,Bronze,9/5/2023
CUS02278,Hossam Wahba,Male,,6/1/1990,1096246474,hossam.wahba18@outlook.com,Alexandria,Alexandria,Platinum,10/24/2021
CUS02086,Wael Wahba,Male,,11/14/1995,1091393213,wael.wahba35@yahoo.com,Alexandria,Alexandria,Silver,4/19/2023
CUS01694,Reem Shaaban,Female,,12/22/1994,1066920243,reem.shaaban20@gmail.com,Cairo,Greater Cairo,Silver,6/11/2023
CUS01046,Ramy Salem,Male,,7/3/1971,1156880867,No_Email,Mansoura,Nile Delta,Gold,10/24/2022
CUS00470,Emad Ragab,Male,,2/15/1977,1090722659,emad.ragab83@gmail.com,Ismailia,Canal Zone,Gold,5/5/2023
CUS00955,Neveen Farouk,Female,,1/27/1998,1228275660,neveen.farouk41@gmail.com,Giza,Greater Cairo,Gold,8/9/2020
CUS02668,Adel Hafez,Male,,25/09/1993,1166835720,No_Email,Mansoura,Nile Delta,Bronze,7/17/2021
CUS02736,Salma Ibrahim,Female,,11/7/1992,1074340200,No_Email,Hurghada,Red Sea,Silver,5/23/2020
CUS00640,Wael Saad,Male,,1/11/1998,1195202397,wael.saad71@hotmail.com,Giza,Greater Cairo,Gold,6/25/2023
CUS02826,Khaled Amin,Male,,7/24/1985,1278553033,khaled.amin66@gmail.com,Aswan,Upper Egypt,Bronze,10/17/2022
CUS01219,Ayman Rizk,Male,,2/23/2002,1269004183,No_Email,Mansoura,Nile Delta,Silver,7/27/2021
CUS01159,Mona Badawi,Female,,7/9/1996,1011380509,mona.badawi9@yahoo.com,Luxor,Upper Egypt,Silver,4/24/2022
CUS01416,Heba Abdallah,Female,,20/06/1990,1174461050,heba.abdallah49@hotmail.com,Port Said,Canal Zone,Bronze,9/27/2020
CUS02759,Noha Mahmoud,Female,,2/6/1972,1150253247,noha.mahmoud38@hotmail.com,Tanta,Nile Delta,Bronze,8/2/2023
CUS01528,Maged Saad,Male,,11/3/1975,1295377710,maged.saad21@outlook.com,Giza,Greater Cairo,Bronze,6/25/2023
CUS02969,Zeinab Gamal,Female,,7/9/1976,1063871679,zeinab.gamal32@outlook.com,Port Said,Canal Zone,Bronze,1/11/2021
CUS01301,Shaimaa Khalil,Female,,4/6/1984,1122142709,shaimaa.khalil81@hotmail.com,Cairo,Greater Cairo,Silver,10/14/2021
CUS02914,Tamer Attia,Male,,7/2/1998,1099304493,tamer.attia61@hotmail.com,Ismailia,Canal Zone,Bronze,1/2/2020
CUS01604,Salma Ismail,Female,,22/04/1989,1263720043,salma.ismail86@yahoo.com,Giza,Greater Cairo,Bronze,3/17/2022
CUS00161,Emad Ahmed,Male,,1/11/1999,1062163068,emad.ahmed14@gmail.com,Giza,Greater Cairo,Bronze,11/13/2022
CUS01705,Walid Mohamed,Male,,10/20/1975,1092786146,walid.mohamed90@gmail.com,Giza,Greater Cairo,Silver,1/23/2023
CUS00957,Essam Mostafa,Male,,12/3/1996,1279077891,essam.mostafa69@gmail.com,Alexandria,Alexandria,Bronze,12/25/2021
CUS02963,Ayman Khalil,Male,,20/04/2000,1147664344,ayman.khalil99@yahoo.com,Giza,Greater Cairo,Silver,11/20/2020
CUS00878,Maged Fathy,Male,,3/26/1984,1148902041,maged.fathy74@outlook.com,Mansoura,Nile Delta,Silver,3/15/2020
CUS01920,Hussein Fathy,Male,,25/12/1985,1242075322,hussein.fathy93@hotmail.com,Giza,Greater Cairo,Silver,7/20/2020
CUS01885,Tarek Mansour,Male,,23/05/1993,1026937073,tarek.mansour32@outlook.com,Cairo,Greater Cairo,Bronze,10/2/2023
CUS02201,Ibrahim Salem,Male,,26/06/1994,1131449737,ibrahim.salem76@gmail.com,Ismailia,Canal Zone,Silver,8/25/2021
CUS00099,Dina Younis,Female,,7/13/1998,1214136476,dina.younis70@hotmail.com,Cairo,Greater Cairo,Gold,5/22/2021
CUS02875,Doha Fathy,Female,,1/12/2001,1125785548,No_Email,Hurghada,Red Sea,Silver,10/24/2023
CUS02558,Amr Mahmoud,Male,,7/16/1982,1064772783,No_Email,Giza,Greater Cairo,Bronze,9/15/2023
CUS00254,Adel Badawi,Male,,14/09/1984,1167440042,adel.badawi87@hotmail.com,Giza,Greater Cairo,Bronze,1/22/2021
CUS00104,Hussein Mansour,Male,,5/28/1975,1082292089,hussein.mansour3@gmail.com,Alexandria,Alexandria,Gold,10/7/2023
CUS01446,Ashraf Attia,Male,,5/21/1992,1082003712,ashraf.attia13@gmail.com,Cairo,Greater Cairo,Silver,4/27/2020
CUS01444,Dina Hamdy,Female,,1/9/1982,1152653860,dina.hamdy83@outlook.com,Giza,Greater Cairo,Silver,9/16/2021
CUS01649,Heba Shaaban,Female,,19/12/1995,1058602368,No_Email,Hurghada,Red Sea,Bronze,10/6/2020
CUS00587,Manar Ragab,Female,,4/14/1992,1247430602,manar.ragab82@hotmail.com,Cairo,Greater Cairo,Bronze,4/28/2023
CUS00628,Maged Sayed,Male,,9/9/1991,1059046143,No_Email,Zagazig,Nile Delta,Silver,2/4/2023
CUS01697,Rania Hassan,Female,,4/1/1991,1121413833,No_Email,Cairo,Greater Cairo,Bronze,3/17/2021
CUS02102,Hussein Ali,Male,,10/7/1993,1246586986,hussein.ali30@gmail.com,Alexandria,Alexandria,Bronze,6/26/2021
CUS02200,Heba Lotfy,Female,,9/15/1990,1041084722,No_Email,Giza,Greater Cairo,Gold,8/18/2022
CUS00404,Ali Mahmoud,Male,,9/16/1988,1066906118,ali.mahmoud88@gmail.com,Aswan,Upper Egypt,Bronze,1/20/2023
CUS01155,Tarek Fathy,Male,,2/11/2002,1144842564,tarek.fathy77@outlook.com,Mansoura,Nile Delta,Bronze,4/24/2021
CUS02256,Walid Ismail,Male,,3/23/1994,1017223183,walid.ismail60@gmail.com,Alexandria,Alexandria,Bronze,9/4/2022
CUS01683,Bassem Hafez,Male,,11/8/1988,1170656290,bassem.hafez94@hotmail.com,Mansoura,Nile Delta,Silver,6/19/2021
CUS02057,Shaimaa Shaaban,Female,,9/9/1978,1071856291,shaimaa.shaaban26@gmail.com,Alexandria,Alexandria,Silver,9/7/2023
CUS02892,Maged Sayed,Male,,8/17/1979,1190757837,maged.sayed79@gmail.com,Tanta,Nile Delta,Gold,4/22/2020
CUS00453,Mariam Badawi,Female,,1/7/1976,1235186888,mariam.badawi45@yahoo.com,Giza,Greater Cairo,Platinum,11/19/2021
CUS02302,Youssef Zaki,Male,,8/22/1981,1110326238,youssef.zaki56@hotmail.com,Alexandria,Alexandria,Bronze,1/26/2022
CUS01328,Mohamed Ragab,Male,,7/24/1976,1229745439,mohamed.ragab97@gmail.com,Hurghada,Red Sea,Gold,2/12/2023
CUS02050,Lobna Shaaban,Female,,14/09/1993,1074348569,lobna.shaaban31@hotmail.com,Cairo,Greater Cairo,Bronze,7/21/2022
CUS00881,Dalia Barakat,Female,,9/28/2002,1268837018,dalia.barakat48@hotmail.com,Cairo,Greater Cairo,Silver,4/21/2021
CUS02966,Bassem Bakr,Male,,1/6/1989,1126801640,bassem.bakr2@yahoo.com,Tanta,Nile Delta,Bronze,4/6/2023
CUS00624,Essam Rizk,Male,,6/22/1978,1259067682,essam.rizk74@yahoo.com,Alexandria,Alexandria,Bronze,4/17/2021
CUS02394,Sherif Ibrahim,Male,,3/12/1995,1054292729,sherif.ibrahim36@hotmail.com,Cairo,Greater Cairo,Bronze,12/15/2021
CUS02819,Walid Bakr,Male,,12/8/1995,1034982678,No_Email,Cairo,Greater Cairo,Bronze,9/11/2023
CUS01788,Akram Farouk,Male,,3/26/1999,1076745463,akram.farouk5@yahoo.com,Mansoura,Nile Delta,Gold,12/16/2021
CUS00263,Radwa Wahba,Female,,5/1/1996,1273042053,radwa.wahba74@gmail.com,Cairo,Greater Cairo,Silver,2/23/2023
CUS01635,Dalia Barakat,Female,,2/1/1983,1024034673,dalia.barakat41@outlook.com,Port Said,Canal Zone,Bronze,3/15/2021
CUS01439,Tarek Badawi,Male,,8/6/1994,1291823674,No_Email,Cairo,Greater Cairo,Bronze,11/9/2022
CUS02199,Doha Ramadan,Female,,4/2/1987,1131682480,doha.ramadan59@outlook.com,Alexandria,Alexandria,Bronze,11/24/2020
CUS01970,Yasmin Abdallah,Female,,10/12/1984,1172310967,yasmin.abdallah91@outlook.com,Cairo,Greater Cairo,Bronze,8/14/2023
CUS02521,Rana Salem,Female,,9/21/1982,1020088018,No_Email,Tanta,Nile Delta,Bronze,10/10/2020
CUS01803,Magdy Ahmed,Male,,3/17/1990,1214025785,magdy.ahmed71@yahoo.com,Giza,Greater Cairo,Gold,9/26/2023
CUS00641,Dina Hafez,Female,,18/10/1992,1240544052,No_Email,Cairo,Greater Cairo,Bronze,6/20/2023
CUS02386,Amr Younis,Male,,12/12/1982,1017601140,No_Email,Alexandria,Alexandria,Bronze,4/16/2022
CUS02599,Reham Younis,Female,,6/28/1999,1042865053,reham.younis80@gmail.com,Giza,Greater Cairo,Silver,1/12/2022
CUS02878,Ashraf Salem,Male,,6/1/1999,1295794390,ashraf.salem15@yahoo.com,Cairo,Greater Cairo,Bronze,9/1/2021
CUS01960,Nadia Saad,Female,,5/24/1992,1031861832,nadia.saad25@gmail.com,Hurghada,Red Sea,Bronze,10/3/2022
CUS00489,Reham Salem,Female,,12/9/1975,1036404306,No_Email,Port Said,Canal Zone,Silver,4/26/2022
CUS01844,Ola Shaaban,Female,,22/01/1970,1160683991,ola.shaaban20@gmail.com,Mansoura,Nile Delta,Silver,11/21/2021
CUS01735,Maged Farouk,Male,,27/07/2003,1161017988,maged.farouk34@outlook.com,Cairo,Greater Cairo,Bronze,12/8/2023
CUS00147,Bassem Fathy,Male,,10/23/2003,1244351488,No_Email,Mansoura,Nile Delta,Gold,11/16/2021
CUS01535,Ramy Ragab,Male,,12/21/1998,1230610994,ramy.ragab46@hotmail.com,Giza,Greater Cairo,Gold,9/8/2021
CUS01987,Ayman Badawi,Male,,12/25/1985,1136865874,ayman.badawi16@outlook.com,Zagazig,Nile Delta,Silver,11/11/2020
CUS01370,Ashraf Ramadan,Male,,1/12/1991,1098427126,ashraf.ramadan74@yahoo.com,Cairo,Greater Cairo,Bronze,12/21/2020
CUS02451,Adel Khalil,Male,,3/16/1996,1094140638,adel.khalil20@outlook.com,Cairo,Greater Cairo,Bronze,5/28/2023
CUS02984,Mahmoud Ragab,Male,,11/2/2001,1091454630,mahmoud.ragab59@hotmail.com,Aswan,Upper Egypt,Gold,2/2/2022
CUS02812,Nadia Hafez,Female,,10/7/2002,1263715764,nadia.hafez11@outlook.com,Mansoura,Nile Delta,Bronze,12/21/2023
CUS00660,Sherif Sayed,Male,,3/8/1999,1252991351,sherif.sayed2@gmail.com,Alexandria,Alexandria,Bronze,4/23/2023
CUS01795,Akram Shaaban,Male,,7/21/1972,1139951222,akram.shaaban73@outlook.com,Cairo,Greater Cairo,Silver,3/18/2021
CUS02512,Adel Mansour,Male,,9/12/2001,1276486755,adel.mansour25@gmail.com,Suez,Canal Zone,Bronze,7/20/2022
CUS00187,Reham Sayed,Female,,12/9/1983,1252746321,reham.sayed22@gmail.com,Aswan,Upper Egypt,Silver,10/11/2022
CUS01148,Amira Abdallah,Female,,6/7/1983,1026313047,amira.abdallah98@outlook.com,Mansoura,Nile Delta,Bronze,8/9/2022
CUS00609,Suzy Amin,Female,,10/19/1987,1117961369,suzy.amin37@gmail.com,Alexandria,Alexandria,Bronze,3/24/2023
CUS02192,Fatima Ismail,Female,,20/09/1997,1077252568,fatima.ismail87@hotmail.com,Suez,Canal Zone,Silver,5/7/2020
CUS02800,Maged Mostafa,Male,,9/17/1977,1064642413,maged.mostafa29@hotmail.com,Cairo,Greater Cairo,Silver,8/10/2023
CUS01931,Zeinab Ismail,Female,,6/8/1983,1215042790,zeinab.ismail28@gmail.com,Alexandria,Alexandria,Silver,11/13/2022
CUS00198,Samah Gamal,Female,,3/14/1984,1210997236,samah.gamal53@hotmail.com,Suez,Canal Zone,Bronze,1/19/2020
CUS02328,Ayman Mohamed,Male,,5/19/1980,1035940199,No_Email,Cairo,Greater Cairo,Bronze,10/2/2022
CUS00294,Hassan Rizk,Male,,7/18/1976,1010784780,hassan.rizk52@outlook.com,Giza,Greater Cairo,Platinum,10/27/2022
CUS00767,Wael Zaki,Male,,4/8/1990,1129960983,wael.zaki19@gmail.com,Hurghada,Red Sea,Silver,3/5/2023
CUS00401,Ramy Younis,Male,,10/4/1987,1032917330,ramy.younis87@outlook.com,Cairo,Greater Cairo,Bronze,10/5/2023
CUS00123,Karim Amin,Male,,5/7/1985,1037214866,karim.amin16@gmail.com,Giza,Greater Cairo,Silver,10/1/2023
CUS00203,Amr Barakat,Male,,6/3/1972,1089932574,amr.barakat99@outlook.com,Cairo,Greater Cairo,Silver,11/15/2021
CUS00836,Ashraf Mohamed,Male,,3/24/1998,1051540622,ashraf.mohamed42@hotmail.com,Giza,Greater Cairo,Silver,9/5/2021
CUS02295,Ahmed Lotfy,Male,,12/15/1977,1085783209,ahmed.lotfy2@gmail.com,Cairo,Greater Cairo,Gold,7/18/2023
CUS01440,Karim Zaki,Male,,7/20/1985,1140202191,karim.zaki21@outlook.com,Tanta,Nile Delta,Silver,2/22/2023
CUS01734,Salma Badawi,Female,,11/2/1999,1123993698,salma.badawi9@hotmail.com,Giza,Greater Cairo,Gold,11/26/2023
CUS01696,Essam Khalil,Male,,7/6/1977,1219916771,essam.khalil30@gmail.com,Cairo,Greater Cairo,Silver,10/13/2021
CUS02976,Hussein Shaaban,Male,,6/26/1997,1220794452,No_Email,Cairo,Greater Cairo,Bronze,5/19/2023
CUS01708,Hussein Fathy,Male,,1/24/1993,1011586540,hussein.fathy21@yahoo.com,Cairo,Greater Cairo,Bronze,1/3/2021
CUS02961,Sherif Hamdy,Male,,7/5/1982,1185579536,sherif.hamdy40@hotmail.com,Cairo,Greater Cairo,Gold,9/16/2021
CUS01154,Radwa Mostafa,Female,,8/8/1990,1255226010,radwa.mostafa99@gmail.com,Tanta,Nile Delta,Gold,8/11/2023
CUS01662,Ayman Sayed,Male,,3/12/1976,1249146431,ayman.sayed70@gmail.com,Alexandria,Alexandria,Bronze,7/8/2022
CUS02433,Sherif Amin,Male,,12/17/1984,1294739020,No_Email,Ismailia,Canal Zone,Silver,6/1/2021
CUS01760,Wael Mohamed,Male,,5/23/1972,1065189596,wael.mohamed36@outlook.com,Alexandria,Alexandria,Bronze,12/9/2023
CUS00855,Reham Ibrahim,Female,,12/5/1975,1194029135,reham.ibrahim89@outlook.com,Cairo,Greater Cairo,Bronze,6/6/2020
CUS01590,Ayman Fathy,Male,,11/5/2000,1092869403,No_Email,Tanta,Nile Delta,Silver,9/24/2021
CUS02268,Hossam Amin,Male,,6/2/1988,1132090814,hossam.amin33@outlook.com,Tanta,Nile Delta,Silver,7/1/2021
CUS00642,Bassem Ismail,Male,,12/16/1986,1155231541,bassem.ismail42@gmail.com,Giza,Greater Cairo,Bronze,4/19/2020
CUS00002,Zeinab Fathy,Female,,11/10/1978,1043914361,No_Email,Port Said,Canal Zone,Silver,10/13/2023
CUS02161,Bassem Badawi,Male,,9/16/2001,1089810354,bassem.badawi23@outlook.com,Mansoura,Nile Delta,Gold,6/25/2022
CUS00699,Youssef Abdallah,Male,,1/4/1990,1053827193,youssef.abdallah71@gmail.com,Cairo,Greater Cairo,Bronze,11/11/2023
CUS01637,Hany Shaaban,Male,,6/2/1988,1264293820,No_Email,Giza,Greater Cairo,Gold,7/25/2021
CUS01292,Bassem Sayed,Male,,3/27/2002,1097087978,bassem.sayed77@gmail.com,Cairo,Greater Cairo,Silver,1/15/2020
CUS02904,Ibrahim Khalil,Male,,1/23/1990,1080740167,ibrahim.khalil18@yahoo.com,Giza,Greater Cairo,Bronze,8/5/2021
CUS02490,Sara Bakr,Female,,8/25/1994,1280045908,sara.bakr24@hotmail.com,Giza,Greater Cairo,Silver,5/20/2023
CUS01521,Heba Ismail,Female,,9/1/1994,1189070577,No_Email,Cairo,Greater Cairo,Bronze,4/17/2020
CUS01854,Dina Hafez,Female,,4/17/2000,1213591830,dina.hafez30@outlook.com,Aswan,Upper Egypt,Silver,3/2/2023
CUS01137,Ibrahim Salem,Male,,6/26/1975,1268092604,ibrahim.salem33@yahoo.com,Luxor,Upper Egypt,Silver,7/22/2020
CUS02993,Fady Shaaban,Male,,5/24/1974,1026172270,fady.shaaban25@hotmail.com,Alexandria,Alexandria,Bronze,4/3/2022
CUS01632,Fady Lotfy,Male,,5/24/1979,1164922827,No_Email,Giza,Greater Cairo,Bronze,4/9/2020
CUS01999,Khaled Gouda,Male,,2/15/1994,1146322502,No_Email,Cairo,Greater Cairo,Bronze,6/22/2023
CUS00664,Nadia Sayed,Female,,7/27/1977,1021610244,nadia.sayed61@outlook.com,Cairo,Greater Cairo,Bronze,2/8/2020
CUS00684,Hassan Mansour,Male,,12/3/1975,1068112164,No_Email,Mansoura,Nile Delta,Bronze,11/17/2022
CUS01258,Manar Younis,Female,,6/1/1986,1227900806,manar.younis59@outlook.com,Alexandria,Alexandria,Bronze,5/6/2021
CUS00318,Sherif Amin,Male,,2/26/1998,1291450675,sherif.amin44@outlook.com,Cairo,Greater Cairo,Gold,7/1/2021
CUS00649,Mohamed Fathy,Male,,12/25/1997,1063183240,mohamed.fathy43@yahoo.com,Hurghada,Red Sea,Silver,3/25/2023
CUS01435,Rana Ramadan,Female,,2/6/1986,1113858404,rana.ramadan57@outlook.com,Cairo,Greater Cairo,Silver,1/19/2021
CUS01480,Ola Khalil,Female,,12/10/2003,1246504456,ola.khalil32@outlook.com,Giza,Greater Cairo,Bronze,5/11/2023
CUS00710,Wael Attia,Male,,5/1/1987,1285595538,No_Email,Tanta,Nile Delta,Bronze,1/2/2023
CUS01283,Eman Barakat,Female,,4/1/1980,1280059269,eman.barakat67@outlook.com,Alexandria,Alexandria,Bronze,2/19/2022
CUS01769,Ghada Mostafa,Female,,3/20/1989,1144236666,ghada.mostafa18@gmail.com,Giza,Greater Cairo,Platinum,12/23/2023
CUS00973,Bassem Shaaban,Male,,4/26/1998,1092713862,bassem.shaaban59@hotmail.com,Zagazig,Nile Delta,Silver,6/28/2023
CUS02676,Akram Abdallah,Male,,6/28/2000,1232163428,akram.abdallah54@yahoo.com,Giza,Greater Cairo,Platinum,6/12/2021
CUS02681,Heba Amin,Female,,4/11/1994,1220540657,heba.amin92@yahoo.com,Cairo,Greater Cairo,Bronze,3/18/2020
CUS01307,Mariam Abdallah,Female,,11/23/1978,1046059588,mariam.abdallah93@outlook.com,Tanta,Nile Delta,Gold,9/8/2023
CUS01401,Amr Abdallah,Male,,10/3/1975,1142732649,amr.abdallah37@outlook.com,Cairo,Greater Cairo,Silver,7/2/2021
CUS01409,Shaimaa Ali,Female,,9/21/1981,1055086729,shaimaa.ali77@yahoo.com,Alexandria,Alexandria,Bronze,10/24/2020
CUS02238,Ola Farouk,Female,,10/12/1982,1027884579,ola.farouk34@yahoo.com,Cairo,Greater Cairo,Bronze,8/16/2022
CUS01497,Mariam Ragab,Female,,1/21/1997,1211809088,mariam.ragab74@gmail.com,Mansoura,Nile Delta,Bronze,1/24/2020
CUS02039,Fady Barakat,Male,,2/22/1988,1131424500,fady.barakat45@gmail.com,Cairo,Greater Cairo,Bronze,5/12/2023
CUS01530,Ayman Amin,Male,,1/19/1970,1057105377,No_Email,Alexandria,Alexandria,Silver,1/3/2021
CUS01664,Youssef Badawi,Male,,12/14/1984,1149004748,youssef.badawi9@outlook.com,Alexandria,Alexandria,Bronze,9/10/2020
CUS01355,Tamer Sayed,Male,,11/20/1984,1269677601,tamer.sayed77@gmail.com,Alexandria,Alexandria,Bronze,6/18/2022
CUS02972,Hussein Rizk,Male,,3/22/1974,1111879066,hussein.rizk37@yahoo.com,Cairo,Greater Cairo,Silver,10/26/2022
CUS02992,Fady Nasser,Male,,7/18/2003,1163476495,fady.nasser49@yahoo.com,Hurghada,Red Sea,Bronze,11/28/2020
CUS01644,Bassem Mostafa,Male,,27/11/2000,1141589221,bassem.mostafa98@outlook.com,Mansoura,Nile Delta,Bronze,5/17/2021
CUS01052,Hossam Badawi,Male,,8/8/2003,1179898039,hossam.badawi52@hotmail.com,Alexandria,Alexandria,Silver,10/14/2020
CUS00796,Mohamed Bakr,Male,,10/11/1996,1074561311,mohamed.bakr33@hotmail.com,Luxor,Upper Egypt,Silver,11/13/2021
CUS02694,Ola Khalil,Female,,5/18/1976,1059222062,ola.khalil99@outlook.com,Alexandria,Alexandria,Bronze,11/27/2021
CUS01598,Nour Mahmoud,Female,,2/11/1987,1054572063,No_Email,Cairo,Greater Cairo,Bronze,3/27/2023
CUS02605,Mohamed Gamal,Male,,9/17/1975,1257444596,mohamed.gamal68@gmail.com,Cairo,Greater Cairo,Silver,8/6/2022
CUS02730,Zeinab Mahmoud,Female,,9/5/1989,1040144463,zeinab.mahmoud83@gmail.com,Alexandria,Alexandria,Bronze,9/11/2020
CUS02626,Mohamed Gamal,Male,,11/15/1973,1220291302,mohamed.gamal49@yahoo.com,Ismailia,Canal Zone,Silver,4/2/2021
CUS01820,Mahmoud Ibrahim,Male,,2/9/2001,1084062798,mahmoud.ibrahim73@hotmail.com,Giza,Greater Cairo,Silver,7/1/2020
CUS01723,Khaled Amin,Male,,8/1/1973,1266221870,khaled.amin30@gmail.com,Giza,Greater Cairo,Silver,1/5/2023
CUS01184,Samir Ramadan,Male,,1/17/1987,1195434927,samir.ramadan95@yahoo.com,Port Said,Canal Zone,Silver,12/14/2022
CUS02573,Fady Gouda,Male,,9/23/1983,1248097542,No_Email,Giza,Greater Cairo,Bronze,7/27/2023
CUS01060,Sara Barakat,Female,,6/23/2000,1212655477,No_Email,Mansoura,Nile Delta,Silver,7/25/2020
CUS00541,Sara Ahmed,Female,,4/12/2003,1236634140,sara.ahmed38@yahoo.com,Port Said,Canal Zone,Bronze,6/14/2022
CUS01679,Omar Abdallah,Male,,11/19/2002,1288747091,omar.abdallah36@outlook.com,Cairo,Greater Cairo,Silver,12/4/2020
CUS02797,Ahmed Mansour,Male,,5/5/1995,1064117511,ahmed.mansour69@hotmail.com,Cairo,Greater Cairo,Gold,12/19/2023
CUS02936,Dalia Ramadan,Female,,8/27/2003,1015323895,No_Email,Cairo,Greater Cairo,Bronze,4/27/2023
CUS02533,Hoda Mostafa,Female,,5/11/1998,1018647179,No_Email,Giza,Greater Cairo,Silver,1/5/2020
CUS01758,Suzy Mansour,Female,,9/28/1979,1182711014,suzy.mansour96@hotmail.com,Alexandria,Alexandria,Bronze,6/28/2022
CUS01924,Sara Mostafa,Female,,28/09/1997,1025775968,sara.mostafa1@gmail.com,Giza,Greater Cairo,Gold,10/1/2022
CUS00096,Doha Wahba,Female,,2/6/1975,1281565674,doha.wahba88@outlook.com,Alexandria,Alexandria,Gold,4/18/2020
CUS01021,Radwa Zaki,Female,,28/02/1985,1192420626,radwa.zaki98@hotmail.com,Tanta,Nile Delta,Bronze,6/10/2023
CUS00564,Amira Abdallah,Female,,1/13/1989,1248530763,amira.abdallah25@hotmail.com,Cairo,Greater Cairo,Bronze,3/10/2021
CUS02791,Essam Gouda,Male,,11/5/1971,1117123469,essam.gouda61@outlook.com,Tanta,Nile Delta,Silver,6/13/2021
CUS00864,Samir Attia,Male,,6/27/1976,1137151869,samir.attia54@outlook.com,Giza,Greater Cairo,Bronze,4/26/2020
CUS01485,Noha Nasser,Female,,12/7/1988,1191966264,noha.nasser36@hotmail.com,Giza,Greater Cairo,Silver,11/11/2020
CUS01882,Ghada Zaki,Female,,12/17/1986,1162033611,ghada.zaki38@hotmail.com,Luxor,Upper Egypt,Bronze,12/28/2020
CUS01039,Fady Ali,Male,,7/13/1991,1247815498,fady.ali32@outlook.com,Cairo,Greater Cairo,Bronze,11/7/2021
CUS00207,Ahmed Hassan,Male,,1/14/1974,1080499776,ahmed.hassan25@gmail.com,Cairo,Greater Cairo,Bronze,10/3/2020
CUS00393,Essam Saad,Male,,10/6/1976,1174987079,essam.saad42@gmail.com,Giza,Greater Cairo,Silver,7/27/2021
CUS02843,Adel Hassan,Male,,25/10/1994,1128847760,adel.hassan35@gmail.com,Suez,Canal Zone,Bronze,3/20/2023
CUS00871,Hossam Farouk,Male,,8/21/1997,1149281259,hossam.farouk66@yahoo.com,Giza,Greater Cairo,Gold,5/7/2022
CUS00398,Rana Shaaban,Female,,2/9/1999,1267088619,rana.shaaban35@yahoo.com,Giza,Greater Cairo,Silver,10/22/2022
CUS02815,Osama Ragab,Male,,5/28/1972,1032725140,osama.ragab40@yahoo.com,Alexandria,Alexandria,Bronze,10/8/2023
CUS02930,Ahmed Lotfy,Male,,3/23/1984,1280371740,No_Email,Giza,Greater Cairo,Silver,4/2/2020
CUS01029,Neveen Ahmed,Female,,5/6/1983,1064679723,neveen.ahmed25@hotmail.com,Giza,Greater Cairo,Bronze,5/6/2023
CUS02691,Karim Ismail,Male,,4/5/1999,1136407444,karim.ismail30@yahoo.com,Alexandria,Alexandria,Gold,9/21/2023
CUS01486,Hany Fathy,Male,,5/2/1991,1045472873,hany.fathy90@yahoo.com,Giza,Greater Cairo,Bronze,8/4/2022
CUS02661,Hazem Gamal,Male,,10/9/1978,1294111189,hazem.gamal16@hotmail.com,Alexandria,Alexandria,Silver,1/11/2022
CUS00961,Nader Gamal,Male,,6/13/1975,1037647507,No_Email,Cairo,Greater Cairo,Bronze,6/4/2022
CUS01571,Mona Farouk,Female,,3/9/1984,1266398137,mona.farouk64@hotmail.com,Alexandria,Alexandria,Bronze,2/25/2022
CUS02774,Neveen Salem,Female,,27/09/1974,1177684507,No_Email,Giza,Greater Cairo,Bronze,10/9/2021
CUS01896,Samir Gouda,Male,,3/24/1987,1151198679,samir.gouda99@yahoo.com,Zagazig,Nile Delta,Bronze,10/27/2023
CUS02732,Nader Khalil,Male,,13/05/1982,1298380048,nader.khalil15@outlook.com,Alexandria,Alexandria,Bronze,7/24/2023
CUS02147,Hany Nasser,Male,,2/6/1976,1087556403,hany.nasser57@yahoo.com,Giza,Greater Cairo,Bronze,4/21/2020
CUS00805,Sherif Badawi,Male,,20/03/1997,1147470286,sherif.badawi3@yahoo.com,Giza,Greater Cairo,Silver,5/13/2023
CUS01752,Hassan Mostafa,Male,,8/10/2002,1053091868,hassan.mostafa21@gmail.com,Cairo,Greater Cairo,Bronze,5/26/2021
CUS02455,Neveen Shaaban,Female,,1/24/1976,1117934675,neveen.shaaban16@outlook.com,Alexandria,Alexandria,Gold,4/22/2020
CUS00503,Karim Khalil,Male,,9/26/1997,1021545180,karim.khalil18@gmail.com,Giza,Greater Cairo,Silver,7/19/2022
CUS00780,Suzy Attia,Female,,6/21/1994,1136724504,suzy.attia3@hotmail.com,Mansoura,Nile Delta,Gold,7/24/2022
CUS01864,Nadia Mohamed,Female,,2/2/1990,1228945147,nadia.mohamed75@outlook.com,Alexandria,Alexandria,Gold,4/10/2021
CUS00201,Shaimaa Rizk,Female,,11/16/1973,1232693431,shaimaa.rizk4@hotmail.com,Mansoura,Nile Delta,Silver,2/5/2023
CUS02183,Amira Mostafa,Female,,2/9/2001,1187163248,No_Email,Cairo,Greater Cairo,Silver,5/25/2021
CUS02089,Karim Rizk,Male,,3/28/1991,1138424694,karim.rizk28@yahoo.com,Aswan,Upper Egypt,Bronze,8/2/2022
CUS02279,Aisha Mahmoud,Female,,8/20/1971,1034423105,aisha.mahmoud21@hotmail.com,Mansoura,Nile Delta,Bronze,7/8/2022
CUS01797,Engy Younis,Female,,10/22/1983,1140581795,engy.younis1@yahoo.com,Tanta,Nile Delta,Silver,6/26/2022
CUS00379,Fady Amin,Male,,11/13/1993,1191981404,No_Email,Aswan,Upper Egypt,Silver,12/13/2023
CUS02337,Ali Farouk,Male,,10/26/2003,1123126013,ali.farouk89@outlook.com,Giza,Greater Cairo,Bronze,6/5/2023
CUS00419,Sara Gouda,Female,,9/17/1996,1032405653,No_Email,Tanta,Nile Delta,Silver,12/7/2020
CUS01699,Aisha Mahmoud,Female,,7/19/1980,1217115675,aisha.mahmoud75@hotmail.com,Ismailia,Canal Zone,Bronze,12/9/2021
CUS00392,Amr Lotfy,Male,,8/28/1975,1261284717,amr.lotfy11@gmail.com,Giza,Greater Cairo,Gold,11/22/2023
CUS02641,Mahmoud Shaaban,Male,,2/20/1986,1262218930,mahmoud.shaaban32@outlook.com,Giza,Greater Cairo,Bronze,5/11/2023
CUS01523,Tarek Farouk,Male,,5/8/1989,1242127494,tarek.farouk28@gmail.com,Giza,Greater Cairo,Bronze,12/8/2022
CUS01163,Ayman Ibrahim,Male,,4/27/1971,1244852582,ayman.ibrahim17@outlook.com,Giza,Greater Cairo,Silver,3/2/2021
CUS01496,Ashraf Hamdy,Male,,6/24/1995,1230134690,ashraf.hamdy43@outlook.com,Mansoura,Nile Delta,Platinum,4/11/2022
CUS02696,Adel Ibrahim,Male,,7/22/1979,1169820526,adel.ibrahim73@hotmail.com,Alexandria,Alexandria,Silver,12/11/2020
CUS02028,Dalia Hamdy,Female,,12/9/1989,1032362187,dalia.hamdy6@outlook.com,Ismailia,Canal Zone,Silver,10/27/2021
CUS01153,Ghada Farouk,Female,,3/9/1989,1010421479,ghada.farouk64@outlook.com,Tanta,Nile Delta,Silver,3/16/2022
CUS01368,Yasmin Farouk,Female,,26/05/1970,1139151447,yasmin.farouk60@outlook.com,Suez,Canal Zone,Bronze,5/11/2020
CUS02569,Nader Ibrahim,Male,,2/24/1995,1041426731,nader.ibrahim1@yahoo.com,Hurghada,Red Sea,Bronze,5/7/2020
CUS00065,Lobna Rizk,Female,,13/07/1996,1214740436,lobna.rizk92@yahoo.com,Giza,Greater Cairo,Silver,11/12/2023
CUS02063,Aisha Amin,Female,,2/17/1993,1193427480,aisha.amin35@gmail.com,Hurghada,Red Sea,Bronze,12/21/2021
CUS01181,Hussein Zaki,Male,,11/27/1985,1079447570,hussein.zaki34@outlook.com,Ismailia,Canal Zone,Silver,6/23/2021
CUS00493,Akram Attia,Male,,2/2/1973,1197225409,akram.attia89@hotmail.com,Cairo,Greater Cairo,Silver,2/24/2020
CUS00380,Mariam Mohamed,Female,,9/9/1977,1243358157,mariam.mohamed53@yahoo.com,Giza,Greater Cairo,Bronze,11/27/2020
CUS02236,Rania Barakat,Female,,24/11/1997,1172902517,rania.barakat63@hotmail.com,Alexandria,Alexandria,Silver,8/21/2023
CUS00764,Ayman Fathy,Male,,12/21/1975,1016893126,ayman.fathy47@hotmail.com,Zagazig,Nile Delta,Gold,1/6/2020
CUS02265,Ahmed Bakr,Male,,1/4/2003,1085431973,ahmed.bakr77@outlook.com,Mansoura,Nile Delta,Bronze,5/16/2022
CUS00792,Reem Fathy,Female,,5/14/2001,1043837801,reem.fathy8@outlook.com,Alexandria,Alexandria,Bronze,4/14/2022
CUS01077,Dalia Fathy,Female,,7/25/1980,1181950326,dalia.fathy92@hotmail.com,Giza,Greater Cairo,Silver,3/6/2022
CUS00879,Engy Hassan,Female,,10/6/1981,1119379467,engy.hassan98@outlook.com,Cairo,Greater Cairo,Silver,4/16/2020
CUS00338,Dalia Hafez,Female,,10/10/1991,1154106502,No_Email,Tanta,Nile Delta,Bronze,1/21/2021
CUS02768,Samah Ahmed,Female,,13/04/1974,1118826662,samah.ahmed3@hotmail.com,Cairo,Greater Cairo,Bronze,9/21/2022
CUS02344,Emad Badawi,Male,,13/07/1979,1216660861,emad.badawi23@hotmail.com,Giza,Greater Cairo,Bronze,7/21/2020
CUS01017,Ramy Fathy,Male,,5/10/1994,1295910603,ramy.fathy1@yahoo.com,Cairo,Greater Cairo,Bronze,9/15/2023
CUS01276,Osama Zaki,Male,,2/25/1986,1289017790,osama.zaki26@yahoo.com,Cairo,Greater Cairo,Bronze,9/14/2023
CUS00456,Heba Fathy,Female,,15/11/1976,1288011850,heba.fathy59@outlook.com,Alexandria,Alexandria,Bronze,4/28/2020
CUS00816,Noha Gouda,Female,,4/17/2001,1060746101,noha.gouda32@yahoo.com,Alexandria,Alexandria,Bronze,3/23/2020
CUS02318,Fady Badawi,Male,,12/18/2003,1292684135,fady.badawi43@yahoo.com,Giza,Greater Cairo,Gold,10/26/2021
CUS00996,Hana Ahmed,Female,,14/10/1998,1098286472,hana.ahmed3@gmail.com,Cairo,Greater Cairo,Gold,8/17/2020
CUS01982,Yasmin Rizk,Female,,10/6/1995,1172695253,yasmin.rizk88@yahoo.com,Hurghada,Red Sea,Bronze,2/17/2020
CUS00202,Eman Rizk,Female,,10/9/1978,1144488013,eman.rizk20@outlook.com,Cairo,Greater Cairo,Silver,3/9/2022
CUS00162,Hussein Bakr,Male,,10/18/2001,1035020518,hussein.bakr6@yahoo.com,Mansoura,Nile Delta,Bronze,6/16/2022
CUS01580,Nadia Rizk,Female,,9/11/2003,1181364647,No_Email,Alexandria,Alexandria,Bronze,5/6/2020
CUS02778,Mahmoud Hassan,Male,,17/05/1972,1150858588,mahmoud.hassan18@yahoo.com,Cairo,Greater Cairo,Bronze,9/4/2022
CUS02450,Hazem Ragab,Male,,10/14/1981,1121660380,hazem.ragab71@gmail.com,Giza,Greater Cairo,Silver,4/16/2022
CUS00703,Yasmin Abdallah,Female,,6/11/2002,1195138411,yasmin.abdallah86@outlook.com,Giza,Greater Cairo,Silver,1/7/2020
CUS01501,Youssef Farouk,Male,,24/01/1984,1087074737,youssef.farouk41@hotmail.com,Alexandria,Alexandria,Silver,11/8/2023
CUS01130,Ali Mahmoud,Male,,9/8/1978,1229236657,ali.mahmoud23@yahoo.com,Cairo,Greater Cairo,Platinum,10/24/2021
CUS02614,Osama Saad,Male,,2/2/2000,1116475229,osama.saad63@outlook.com,Zagazig,Nile Delta,Bronze,2/9/2021
CUS01022,Adel Hafez,Male,,5/24/1986,1051257395,adel.hafez16@outlook.com,Giza,Greater Cairo,Gold,10/8/2021
CUS01586,Fatima Mahmoud,Female,,6/10/2001,1146452326,fatima.mahmoud90@gmail.com,Cairo,Greater Cairo,Bronze,5/13/2020
CUS01956,Salma Bakr,Female,,18/04/1981,1223877852,salma.bakr49@yahoo.com,Port Said,Canal Zone,Silver,8/18/2021
CUS02254,Shaimaa Attia,Female,,5/24/1994,1119660505,shaimaa.attia78@yahoo.com,Aswan,Upper Egypt,Bronze,11/8/2023
CUS00035,Dina Khalil,Female,,12/23/1989,1215412975,dina.khalil46@outlook.com,Ismailia,Canal Zone,Bronze,11/10/2020
CUS00776,Nadia Khalil,Female,,11/9/1988,1131724678,No_Email,Cairo,Greater Cairo,Silver,5/18/2022
CUS02557,Hoda Abdallah,Female,,11/16/1980,1284946680,hoda.abdallah75@yahoo.com,Alexandria,Alexandria,Silver,12/17/2022
CUS01479,Ayman Hamdy,Male,,10/3/1988,1085433047,ayman.hamdy44@gmail.com,Hurghada,Red Sea,Bronze,5/7/2023
CUS01391,Akram Ramadan,Male,,2/19/1977,1273085393,akram.ramadan67@yahoo.com,Cairo,Greater Cairo,Bronze,3/14/2021
CUS02140,Reem Ahmed,Female,,7/17/1993,1184551091,reem.ahmed51@hotmail.com,Luxor,Upper Egypt,Gold,5/28/2021
CUS01364,Amr Mostafa,Male,,11/8/1992,1233634793,amr.mostafa1@outlook.com,Mansoura,Nile Delta,Bronze,3/27/2021
CUS02946,Ali Ismail,Male,,12/1/1971,1096328902,ali.ismail73@hotmail.com,Cairo,Greater Cairo,Platinum,4/18/2022
CUS02613,Samah Saad,Female,,18/01/1983,1113248190,samah.saad51@outlook.com,Cairo,Greater Cairo,Gold,4/5/2021
CUS02825,Magdy Mansour,Male,,8/10/2001,1233545030,magdy.mansour80@hotmail.com,Giza,Greater Cairo,Bronze,5/6/2022
CUS02042,Nader Rizk,Male,,7/3/1998,1127082399,nader.rizk72@gmail.com,Alexandria,Alexandria,Bronze,8/4/2022
CUS00242,Amr Attia,Male,,6/4/1978,1148851088,amr.attia39@outlook.com,Port Said,Canal Zone,Silver,4/1/2023
CUS02062,Adel Lotfy,Male,,9/2/1975,1178880796,adel.lotfy96@outlook.com,Alexandria,Alexandria,Silver,5/9/2021
CUS02364,Ayman Hafez,Male,,10/22/1978,1213231624,ayman.hafez57@gmail.com,Alexandria,Alexandria,Bronze,1/27/2021
CUS00601,Hoda Attia,Female,,9/26/1976,1052796441,hoda.attia61@yahoo.com,Cairo,Greater Cairo,Bronze,9/19/2020
CUS02436,Yasmin Ismail,Female,,1/19/1982,1113965137,yasmin.ismail60@outlook.com,Giza,Greater Cairo,Bronze,11/22/2020
CUS01298,Magdy Badawi,Male,,3/8/1973,1250607997,magdy.badawi34@outlook.com,Cairo,Greater Cairo,Bronze,10/26/2023
CUS02215,Youssef Wahba,Male,,2/15/1997,1299325851,youssef.wahba67@gmail.com,Zagazig,Nile Delta,Bronze,8/8/2022
CUS02889,Osama Hamdy,Male,,10/4/1994,1172993322,osama.hamdy45@outlook.com,Aswan,Upper Egypt,Bronze,4/16/2021
CUS02069,Sherif Wahba,Male,,2/12/2000,1051958630,No_Email,Cairo,Greater Cairo,Gold,11/2/2023
CUS00647,Heba Wahba,Female,,9/11/2000,1091079800,heba.wahba29@outlook.com,Alexandria,Alexandria,Bronze,10/27/2022
CUS01529,Rania Fathy,Female,,5/11/1997,1045999989,rania.fathy83@outlook.com,Hurghada,Red Sea,Bronze,2/20/2022
CUS02880,Nader Saad,Male,,20/09/1993,1083307962,nader.saad65@hotmail.com,Cairo,Greater Cairo,Bronze,7/19/2020
CUS01268,Lobna Nasser,Female,,3/24/1978,1089252562,lobna.nasser71@gmail.com,Alexandria,Alexandria,Bronze,6/20/2020
CUS01900,Khaled Saad,Male,,9/16/1994,1034929441,khaled.saad72@hotmail.com,Hurghada,Red Sea,Silver,7/22/2020
CUS00563,Hassan Mansour,Male,,10/21/1990,1032727871,No_Email,Cairo,Greater Cairo,Silver,5/27/2021
CUS01736,Sara Khalil,Female,,9/20/1988,1157278097,No_Email,Suez,Canal Zone,Silver,3/8/2023
CUS02735,Karim Rizk,Male,,7/20/1994,1080219375,karim.rizk6@yahoo.com,Port Said,Canal Zone,Bronze,6/8/2023
CUS02484,Sherif Younis,Male,,20/09/1980,1075866125,sherif.younis75@yahoo.com,Cairo,Greater Cairo,Silver,10/26/2020
CUS00190,Tarek Shaaban,Male,,12/22/1981,1153588695,tarek.shaaban60@yahoo.com,Cairo,Greater Cairo,Silver,6/20/2022
CUS01807,Mahmoud Nasser,Male,,5/14/1991,1249022112,mahmoud.nasser28@outlook.com,Mansoura,Nile Delta,Bronze,5/15/2023
CUS00976,Youssef Ibrahim,Male,,9/26/1992,1080095741,youssef.ibrahim13@outlook.com,Cairo,Greater Cairo,Bronze,2/17/2020
CUS02748,Fatima Ibrahim,Female,,7/25/1999,1291427314,fatima.ibrahim70@hotmail.com,Cairo,Greater Cairo,Bronze,9/15/2021
CUS02048,Fatima Ahmed,Female,,11/5/1999,1069248631,fatima.ahmed7@outlook.com,Tanta,Nile Delta,Bronze,11/16/2022
CUS02559,Hossam Zaki,Male,,8/6/1970,1143671926,No_Email,Cairo,Greater Cairo,Silver,7/16/2020
CUS01083,Sherif Bakr,Male,,8/26/1984,1216711227,sherif.bakr62@yahoo.com,Giza,Greater Cairo,Bronze,5/28/2022
CUS00475,Hossam Saad,Male,,12/16/1990,1022321103,hossam.saad32@yahoo.com,Alexandria,Alexandria,Bronze,2/16/2020
CUS02905,Omar Gouda,Male,,4/27/1992,1116616517,omar.gouda77@outlook.com,Alexandria,Alexandria,Platinum,4/8/2023
CUS00748,Ibrahim Attia,Male,,12/6/1993,1081626275,ibrahim.attia99@hotmail.com,Alexandria,Alexandria,Gold,9/17/2020
CUS02301,Rania Farouk,Female,,9/2/1999,1189851109,rania.farouk71@yahoo.com,Hurghada,Red Sea,Bronze,4/20/2023
CUS00022,Ibrahim Lotfy,Male,,7/11/1992,1043257324,ibrahim.lotfy78@hotmail.com,Cairo,Greater Cairo,Bronze,11/10/2020
CUS00460,Ahmed Salem,Male,,10/23/1971,1220572666,ahmed.salem82@hotmail.com,Cairo,Greater Cairo,Gold,4/21/2021
CUS01185,Walid Mansour,Male,,12/17/1971,1163405043,walid.mansour28@hotmail.com,Cairo,Greater Cairo,Silver,2/26/2022
CUS02325,Yasmin Ismail,Female,,1/3/1976,1121504486,yasmin.ismail60@hotmail.com,Aswan,Upper Egypt,Bronze,6/25/2020
CUS00956,Dina Wahba,Female,,9/23/1989,1149330568,dina.wahba53@yahoo.com,Giza,Greater Cairo,Silver,6/5/2023
CUS01216,Zeinab Ismail,Female,,5/9/1986,1053763511,zeinab.ismail43@outlook.com,Cairo,Greater Cairo,Bronze,2/6/2020
CUS02434,Yasmin Fathy,Female,,1/5/1971,1051652412,yasmin.fathy55@hotmail.com,Giza,Greater Cairo,Bronze,1/26/2023
CUS02854,Salma Ahmed,Female,,11/15/1998,1291558768,salma.ahmed51@hotmail.com,Suez,Canal Zone,Bronze,10/28/2020
CUS01516,Karim Khalil,Male,,1/2/1979,1298719014,karim.khalil95@yahoo.com,Cairo,Greater Cairo,Bronze,4/18/2022
CUS02392,Nadia Salem,Female,,10/10/1983,1084843081,nadia.salem96@hotmail.com,Cairo,Greater Cairo,Bronze,9/17/2021
CUS00770,Radwa Bakr,Female,,28/01/1981,1043635013,radwa.bakr18@yahoo.com,Aswan,Upper Egypt,Silver,5/7/2023
CUS01686,Amira Bakr,Female,,11/21/1971,1076025664,amira.bakr26@hotmail.com,Luxor,Upper Egypt,Gold,1/8/2022
CUS00131,Samir Saad,Male,,5/15/1995,1188775038,samir.saad17@yahoo.com,Giza,Greater Cairo,Silver,12/23/2022
CUS02920,Adel Badawi,Male,,5/26/1970,1155007832,adel.badawi89@gmail.com,Giza,Greater Cairo,Bronze,10/26/2022
CUS02136,Ayman Hafez,Male,,14/11/2002,1098760377,ayman.hafez9@gmail.com,Suez,Canal Zone,Silver,11/6/2020
CUS01483,Radwa Ahmed,Female,,5/20/1975,1121010615,radwa.ahmed92@outlook.com,Alexandria,Alexandria,Bronze,6/13/2020
CUS00331,Karim Hafez,Male,,10/26/1975,1040283277,karim.hafez22@hotmail.com,Giza,Greater Cairo,Silver,2/21/2022
CUS01239,Sherif Amin,Male,,14/12/1991,1036855295,sherif.amin3@gmail.com,Ismailia,Canal Zone,Silver,8/2/2023
CUS00467,Mahmoud Wahba,Male,,14/10/1986,1191051682,mahmoud.wahba4@gmail.com,Giza,Greater Cairo,Silver,6/14/2021
CUS02170,Manar Mansour,Female,,4/22/1992,1243649169,manar.mansour48@hotmail.com,Giza,Greater Cairo,Bronze,9/20/2020
CUS01639,Walid Ali,Male,,5/1/1994,1047701601,walid.ali72@outlook.com,Sharm El Sheikh,South Sinai,Silver,9/9/2022
CUS01096,Ola Gamal,Female,,2/13/1977,1143030893,ola.gamal66@yahoo.com,Cairo,Greater Cairo,Bronze,8/6/2023
CUS01131,Sara Gamal,Female,,3/1/1975,1245499509,sara.gamal56@hotmail.com,Zagazig,Nile Delta,Bronze,12/25/2021
CUS01295,Youssef Nasser,Male,,6/11/1976,1194842464,youssef.nasser5@hotmail.com,Hurghada,Red Sea,Silver,11/3/2021
CUS00861,Samah Khalil,Female,,7/19/1980,1039832632,No_Email,Hurghada,Red Sea,Bronze,9/23/2020
