order_id,order_date,date_id,customer_id,store_id,employee_id,payment_method,,order_status,total_revenue,total_cost
ORD0002861,1/1/2024,20240101,CUS00888,4,EMP0079,Credit Card,,Returned,5302,4310
ORD0006046,1/1/2024,20240101,CUS02416,1,EMP0009,InstaPay,,Completed,740,360
ORD0002658,1/1/2024,20240101,CUS02527,12,EMP0175,Cash,,Completed,1771,880
ORD0008080,1/1/2024,20240101,CUS00340,11,EMP0171,Cash,,Completed,3485,2010
ORD0009278,1/1/2024,20240101,CUS00906,6,EMP0116,Debit Card,,Completed,233,120
ORD0002226,1/1/2024,20240101,CUS00413,1,EMP0003,InstaPay,,Completed,700,420
ORD0004221,1/1/2024,20240101,CUS01601,14,EMP0200,Fawry,,Completed,1401,740
ORD0010575,1/1/2024,20240101,CUS01815,5,EMP0112,InstaPay,,Completed,81,40
ORD0007342,1/1/2024,20240101,CUS00211,6,EMP0116,InstaPay,,Completed,6100,4900
ORD0005282,1/1/2024,20240101,CUS02410,15,EMP0215,Debit Card,,Completed,1600,820
ORD0010236,1/1/2024,20240101,CUS02662,14,EMP0195,Vodafone Cash,,Completed,270,120
ORD0006390,1/1/2024,20240101,CUS02651,5,EMP0108,Debit Card,,Returned,980,530
ORD0002709,1/1/2024,20240101,CUS00542,7,EMP0136,InstaPay,,Completed,38857,32220
ORD0000761,1/2/2024,20240102,CUS01226,1,EMP0006,Cash,,Completed,1550.5,790
ORD0003933,1/2/2024,20240102,CUS01202,4,EMP0093,Cash,,Completed,153,90
ORD0009895,1/2/2024,20240102,CUS01703,3,EMP0067,Debit Card,,Returned,270,150
ORD0009548,1/2/2024,20240102,CUS00750,8,EMP0143,Vodafone Cash,,Completed,4712,2450
ORD0000288,1/2/2024,20240102,CUS00456,11,EMP0173,Credit Card,,Completed,90,40
ORD0005340,1/2/2024,20240102,CUS02563,10,EMP0152,Fawry,,Completed,190,90
ORD0004108,1/2/2024,20240102,CUS02130,2,EMP0030,Vodafone Cash,,Completed,629,360
ORD0009313,1/2/2024,20240102,CUS02353,3,EMP0070,Credit Card,,Completed,2322,1340
ORD0001844,1/2/2024,20240102,CUS02609,1,EMP0012,Cash,,Completed,749,350
ORD0010525,1/2/2024,20240102,CUS01199,6,EMP0117,InstaPay,,Completed,476,280
ORD0004372,1/2/2024,20240102,CUS00626,7,EMP0134,InstaPay,,Completed,20824,16420
ORD0006276,1/2/2024,20240102,CUS00282,3,EMP0059,Credit Card,,Completed,1000,500
ORD0010740,1/2/2024,20240102,CUS00709,12,no_employee_id,Debit Card,,Completed,320,140
ORD0005052,1/2/2024,20240102,CUS00386,2,EMP0039,Debit Card,,Completed,1863,1020
ORD0000328,1/3/2024,20240103,CUS01904,5,EMP0112,Vodafone Cash,,Completed,2220,1100
ORD0009612,1/3/2024,20240103,CUS01961,1,EMP0014,Credit Card,,Completed,616,320
ORD0000617,1/3/2024,20240103,CUS02928,6,EMP0115,InstaPay,,Completed,1159,600
ORD0000059,1/3/2024,20240103,CUS02318,1,EMP0022,Vodafone Cash,,Completed,411,210
ORD0006297,1/3/2024,20240103,CUS02038,12,EMP0184,Cash,,Completed,1923,1030
ORD0003648,1/3/2024,20240103,CUS00941,13,EMP0187,Debit Card,,Completed,630,310
ORD0004612,1/3/2024,20240103,CUS00678,2,EMP0029,Vodafone Cash,,Completed,472,290
ORD0003961,1/3/2024,20240103,CUS00735,5,EMP0108,Debit Card,,Completed,3094,1510
ORD0005003,1/3/2024,20240103,CUS02920,1,EMP0004,Debit Card,,Returned,513,260
ORD0006981,1/3/2024,20240103,CUS02592,3,EMP0069,Vodafone Cash,,Completed,270,170
ORD0004797,1/3/2024,20240103,CUS01716,14,EMP0198,Debit Card,,Completed,1056,660
ORD0007556,1/3/2024,20240103,CUS02521,5,EMP0105,Cash,,Cancelled,1894,1110
ORD0006034,1/3/2024,20240103,CUS02094,11,EMP0171,Cash,,Completed,1340,650
ORD0008310,1/3/2024,20240103,CUS02713,1,EMP0009,Cash,,Completed,982,490
ORD0005784,1/3/2024,20240103,CUS02758,7,EMP0130,Credit Card,,Completed,2203.5,1200
ORD0002825,1/4/2024,20240104,CUS00564,2,EMP0047,Vodafone Cash,,Completed,16266,15080
ORD0007388,1/4/2024,20240104,CUS01530,15,EMP0216,Fawry,,Completed,17170,13610
ORD0009398,1/4/2024,20240104,CUS01777,2,EMP0032,Credit Card,,Completed,683.5,360
ORD0008993,1/4/2024,20240104,CUS02012,14,EMP0202,Fawry,,Returned,9938,8780
ORD0001497,1/4/2024,20240104,CUS01082,5,EMP0106,Vodafone Cash,,Completed,893,570
ORD0002519,1/4/2024,20240104,CUS00367,1,EMP0013,Debit Card,,Completed,357,210
ORD0010249,1/4/2024,20240104,CUS02121,6,EMP0126,Vodafone Cash,,Completed,1220,590
ORD0010714,1/4/2024,20240104,CUS01735,1,EMP0003,Credit Card,,Completed,960,440
ORD0005909,1/4/2024,20240104,CUS00754,5,EMP0098,InstaPay,,Completed,432,210
ORD0006608,1/4/2024,20240104,CUS00079,5,EMP0111,Fawry,,Completed,27030,25400
ORD0006901,1/4/2024,20240104,CUS01962,1,EMP0013,InstaPay,,Completed,1261.5,670
ORD0003720,1/4/2024,20240104,CUS02981,3,EMP0063,Cash,,Completed,90,40
ORD0001797,1/4/2024,20240104,CUS00831,2,EMP0052,InstaPay,,Completed,756,400
ORD0005244,1/4/2024,20240104,CUS00807,4,EMP0090,Vodafone Cash,,Completed,434.5,250
ORD0008171,1/5/2024,20240105,CUS02684,12,EMP0174,InstaPay,,Completed,13784.5,10800
ORD0001219,1/5/2024,20240105,CUS01689,8,EMP0143,Cash,,Returned,627,320
ORD0006433,1/5/2024,20240105,CUS02972,8,EMP0138,Fawry,,Returned,306,160
ORD0008401,1/5/2024,20240105,CUS01426,2,EMP0037,Cash,,Completed,160,80
ORD0010559,1/5/2024,20240105,CUS00992,1,EMP0021,Cash,,Completed,664.5,340
ORD0007955,1/5/2024,20240105,CUS02570,12,EMP0184,Vodafone Cash,,Completed,127.5,70
ORD0003169,1/5/2024,20240105,CUS02904,1,EMP0011,Vodafone Cash,,Completed,209,100
ORD0008847,1/5/2024,20240105,CUS02664,13,EMP0185,Vodafone Cash,,Completed,730,360
ORD0010373,1/6/2024,20240106,CUS02885,1,EMP0024,Fawry,,Completed,3320,1640
ORD0010586,1/6/2024,20240106,CUS01200,1,EMP0017,InstaPay,,Completed,1231,620
ORD0008394,1/6/2024,20240106,CUS00843,6,EMP0126,Debit Card,,Returned,2281,1140
ORD0008844,1/6/2024,20240106,CUS02725,7,EMP0132,Vodafone Cash,,Completed,72,40
ORD0010980,1/6/2024,20240106,CUS00835,2,EMP0047,Vodafone Cash,,Completed,2090,1020
ORD0010684,1/6/2024,20240106,CUS00052,5,EMP0099,Credit Card,,Returned,669,330
ORD0006508,1/6/2024,20240106,CUS01037,6,EMP0113,Credit Card,,Completed,1928,1370
ORD0003517,1/6/2024,20240106,CUS00415,12,EMP0178,Fawry,,Completed,5363,5050
ORD0010303,1/6/2024,20240106,CUS00163,5,EMP0103,Debit Card,,Completed,1320,810
ORD0008132,1/6/2024,20240106,CUS00324,3,EMP0060,Fawry,,Completed,852.5,480
ORD0008750,1/6/2024,20240106,CUS02035,1,EMP0001,Vodafone Cash,,Completed,666,330
ORD0008348,1/6/2024,20240106,CUS00488,2,EMP0035,Fawry,,Returned,171,90
ORD0001329,1/6/2024,20240106,CUS02135,1,EMP0011,Cash,,Completed,7150,5670
ORD0010145,1/6/2024,20240106,CUS01703,1,EMP0022,Vodafone Cash,,Completed,1201,600
ORD0008351,1/6/2024,20240106,CUS01916,4,EMP0079,Vodafone Cash,,Completed,80,40
ORD0008402,1/7/2024,20240107,CUS02493,4,EMP0088,Debit Card,,Returned,749,350
ORD0008443,1/7/2024,20240107,CUS02434,2,EMP0045,Credit Card,,Completed,4880,4900
ORD0005625,1/7/2024,20240107,CUS01160,1,EMP0028,Fawry,,Completed,360,200
ORD0005899,1/7/2024,20240107,CUS00081,1,EMP0016,InstaPay,,Completed,300,140
ORD0007062,1/7/2024,20240107,CUS02642,1,EMP0023,Debit Card,,Completed,1234,610
ORD0009236,1/7/2024,20240107,CUS01095,14,EMP0195,Vodafone Cash,,Completed,152,80
ORD0006074,1/7/2024,20240107,CUS00070,5,EMP0095,Vodafone Cash,,Completed,3912,2020
ORD0008099,1/7/2024,20240107,CUS00574,9,EMP0146,Credit Card,,Returned,963,520
ORD0000213,1/7/2024,20240107,CUS02850,2,EMP0032,Cash,,Completed,3162,1590
ORD0007870,1/7/2024,20240107,CUS01576,3,EMP0062,Debit Card,,Completed,432,220
ORD0000710,1/7/2024,20240107,CUS00182,14,EMP0202,InstaPay,,Completed,800,400
ORD0006788,1/8/2024,20240108,CUS02021,2,EMP0046,InstaPay,,Completed,760,390
ORD0000008,1/8/2024,20240108,CUS00599,1,EMP0020,Vodafone Cash,,Completed,1710,910
ORD0010508,1/8/2024,20240108,CUS00571,11,EMP0168,Vodafone Cash,,Returned,1025,650
ORD0008974,1/8/2024,20240108,CUS02940,6,EMP0119,Fawry,,Completed,289,160
ORD0003951,1/8/2024,20240108,CUS00846,10,no_employee_id,Debit Card,,Completed,878.5,490
ORD0009662,1/8/2024,20240108,CUS01378,6,EMP0124,Vodafone Cash,,Completed,1701,910
ORD0001546,1/8/2024,20240108,CUS01653,11,EMP0171,Fawry,,Returned,578,310
ORD0005172,1/8/2024,20240108,CUS00677,11,EMP0167,Fawry,,Completed,10608.5,8210
ORD0002929,1/9/2024,20240109,CUS01155,6,EMP0118,Debit Card,,Completed,600,280
ORD0005759,1/9/2024,20240109,CUS00138,2,EMP0046,Credit Card,,Completed,1080,540
ORD0009366,1/9/2024,20240109,CUS02643,2,EMP0034,Debit Card,,Completed,872,480
ORD0008140,1/9/2024,20240109,CUS00331,15,EMP0205,InstaPay,,Returned,2310,1210
ORD0010272,1/9/2024,20240109,CUS02772,3,EMP0077,Credit Card,,Completed,1131,600
ORD0004806,1/9/2024,20240109,CUS00634,1,EMP0011,Cash,,Returned,437,220
ORD0003986,1/9/2024,20240109,CUS01621,3,EMP0064,Cash,,Completed,776,390
ORD0008427,1/9/2024,20240109,CUS02908,1,EMP0008,Cash,,Completed,30777.5,24540
ORD0001177,1/9/2024,20240109,CUS01745,6,EMP0125,Credit Card,,Completed,238,140
ORD0008199,1/9/2024,20240109,CUS02514,5,EMP0112,Fawry,,Completed,320,150
ORD0005852,1/9/2024,20240109,CUS01449,4,EMP0084,InstaPay,,Completed,10347.5,8260
ORD0010482,1/9/2024,20240109,CUS01609,1,EMP0010,Cash,,Completed,496,270
ORD0010768,1/9/2024,20240109,CUS01663,6,EMP0114,Debit Card,,Completed,1791,1060
ORD0004901,1/9/2024,20240109,CUS00013,6,EMP0118,Cash,,Completed,324,180
ORD0007428,1/9/2024,20240109,CUS00054,11,EMP0173,Vodafone Cash,,Completed,210,140
ORD0003719,1/10/2024,20240110,CUS02836,2,EMP0040,Vodafone Cash,,Completed,456,220
ORD0011830,1/10/2024,20240110,CUS02452,11,EMP0170,InstaPay,,Returned,1962,1000
ORD0010332,1/10/2024,20240110,CUS02475,3,EMP0063,Debit Card,,Completed,540,300
ORD0008185,1/10/2024,20240110,CUS00002,7,EMP0132,Cash,,Completed,190,90
ORD0004222,1/10/2024,20240110,CUS02120,2,EMP0031,Cash,,Completed,180.5,90
ORD0003545,1/10/2024,20240110,CUS01428,5,EMP0098,Fawry,,Completed,817,460
ORD0001813,1/10/2024,20240110,CUS00631,1,EMP0020,Debit Card,,Cancelled,54087,42690
ORD0007749,1/10/2024,20240110,CUS00936,4,EMP0080,Debit Card,,Completed,152,70
ORD0004058,1/10/2024,20240110,CUS02194,2,no_employee_id,Vodafone Cash,,Cancelled,1056,500
ORD0007631,1/10/2024,20240110,CUS01059,6,EMP0121,InstaPay,,Completed,12849,13160
ORD0000595,1/11/2024,20240111,CUS02946,5,EMP0098,Credit Card,,Returned,816,500
ORD0001754,1/11/2024,20240111,CUS02697,5,EMP0098,InstaPay,,Completed,270,120
ORD0007578,1/11/2024,20240111,CUS02561,13,EMP0190,Fawry,,Completed,370.5,180
ORD0001310,1/11/2024,20240111,CUS01366,10,EMP0155,Debit Card,,Completed,2110,1060
ORD0011624,1/11/2024,20240111,CUS00549,12,EMP0174,Credit Card,,Completed,1062,580
ORD0007742,1/11/2024,20240111,CUS00048,10,EMP0157,Fawry,,Completed,1168.5,700
ORD0011665,1/11/2024,20240111,CUS00588,1,EMP0007,Vodafone Cash,,Completed,160,70
ORD0008395,1/11/2024,20240111,CUS00988,10,EMP0161,Vodafone Cash,,Completed,580,280
ORD0007430,1/11/2024,20240111,CUS01221,11,EMP0165,Cash,,Completed,690,320
ORD0002293,1/11/2024,20240111,CUS00398,1,EMP0001,Vodafone Cash,,Completed,23940,21280
ORD0011102,1/12/2024,20240112,CUS02086,9,EMP0149,Cash,,Completed,2675,1280
ORD0011210,1/12/2024,20240112,CUS01060,1,EMP0004,Fawry,,Completed,162,80
ORD0006642,1/12/2024,20240112,CUS02150,5,EMP0097,Cash,,Completed,537,310
ORD0002753,1/12/2024,20240112,CUS00240,1,EMP0012,Cash,,Completed,36320,31820
ORD0001554,1/12/2024,20240112,CUS00567,12,EMP0177,Debit Card,,Completed,1140,560
ORD0009258,1/12/2024,20240112,CUS00284,6,EMP0119,Cash,,Completed,468,260
ORD0007309,1/12/2024,20240112,CUS00006,13,EMP0189,Credit Card,,Completed,360,240
ORD0006448,1/13/2024,20240113,CUS02869,9,EMP0146,Fawry,,Completed,2762,1380
ORD0009162,1/13/2024,20240113,CUS00030,7,EMP0135,Vodafone Cash,,Completed,718,380
ORD0001383,1/13/2024,20240113,CUS02544,6,EMP0125,Cash,,Completed,719,440
ORD0001739,1/13/2024,20240113,CUS02886,3,EMP0072,Vodafone Cash,,Completed,522,280
ORD0011752,1/13/2024,20240113,CUS00953,2,EMP0047,Cash,,Completed,960,500
ORD0000793,1/13/2024,20240113,CUS02267,6,EMP0122,InstaPay,,Completed,280,140
ORD0006291,1/13/2024,20240113,CUS02071,5,EMP0099,Debit Card,,Completed,1352,730
ORD0002740,1/13/2024,20240113,CUS00538,4,EMP0083,Debit Card,,Completed,500,250
ORD0007279,1/13/2024,20240113,CUS02185,3,EMP0069,Credit Card,,Cancelled,377.5,220
ORD0009772,1/13/2024,20240113,CUS01994,6,EMP0115,Credit Card,,Completed,707,350
ORD0001286,1/14/2024,20240114,CUS02823,6,EMP0120,Cash,,Completed,940.5,480
ORD0006798,1/14/2024,20240114,CUS02446,7,EMP0135,Debit Card,,Completed,1560,830
ORD0005639,1/14/2024,20240114,CUS02187,6,EMP0126,Vodafone Cash,,Completed,2112,1080
ORD0006060,1/14/2024,20240114,CUS01977,2,EMP0036,InstaPay,,Completed,2000,1050
ORD0007202,1/14/2024,20240114,CUS00166,2,EMP0054,Vodafone Cash,,Returned,1043,530
ORD0010124,1/14/2024,20240114,CUS00796,5,EMP0105,Vodafone Cash,,Completed,230,110
ORD0010608,1/14/2024,20240114,CUS00874,8,EMP0142,Fawry,,Completed,1056,490
ORD0000141,1/14/2024,20240114,CUS01474,3,EMP0066,Vodafone Cash,,Completed,2147,1620
ORD0003263,1/14/2024,20240114,CUS01842,2,EMP0054,Debit Card,,Cancelled,350,170
ORD0008312,1/14/2024,20240114,CUS01831,5,EMP0106,Cash,,Completed,815.5,430
ORD0003461,1/14/2024,20240114,CUS02190,2,EMP0033,Cash,,Completed,6980,5280
ORD0010661,1/14/2024,20240114,CUS02024,10,EMP0156,Vodafone Cash,,Completed,49313,48620
ORD0008141,1/14/2024,20240114,CUS00019,10,EMP0159,Vodafone Cash,,Cancelled,1963,940
ORD0005451,1/14/2024,20240114,CUS00183,8,EMP0143,Fawry,,Completed,1968,1080
ORD0002913,1/14/2024,20240114,CUS02274,8,EMP0138,Debit Card,,Completed,171,90
ORD0009849,1/15/2024,20240115,CUS02634,1,EMP0008,Vodafone Cash,,Completed,11880,10500
ORD0007833,1/15/2024,20240115,CUS00615,3,EMP0059,Credit Card,,Completed,6136,4560
ORD0003955,1/15/2024,20240115,CUS02842,11,EMP0171,Cash,,Completed,16390,12370
ORD0002082,1/15/2024,20240115,CUS00692,1,EMP0003,Credit Card,,Completed,234,130
ORD0006514,1/15/2024,20240115,CUS00112,8,EMP0142,Vodafone Cash,,Completed,14064,11010
ORD0001420,1/15/2024,20240115,CUS01353,2,EMP0032,Debit Card,,Completed,9440,9400
ORD0000075,1/15/2024,20240115,CUS00806,6,EMP0126,InstaPay,,Completed,140,70
ORD0008813,1/15/2024,20240115,CUS02049,2,EMP0040,Cash,,Completed,135,70
ORD0007357,1/15/2024,20240115,CUS02322,10,EMP0161,InstaPay,,Completed,171,80
ORD0005231,1/15/2024,20240115,CUS01805,2,EMP0030,Debit Card,,Completed,1840,1280
ORD0009181,1/15/2024,20240115,CUS02579,3,EMP0068,Vodafone Cash,,Cancelled,1962,1250
ORD0011141,1/15/2024,20240115,CUS02742,3,EMP0070,InstaPay,,Completed,484.5,240
ORD0002407,1/15/2024,20240115,CUS00937,14,EMP0194,Vodafone Cash,,Completed,1216,600
ORD0005797,1/15/2024,20240115,CUS02238,1,EMP0007,Fawry,,Completed,17519.5,13640
ORD0011831,1/15/2024,20240115,CUS02339,4,EMP0081,Debit Card,,Completed,100,40
ORD0001829,1/15/2024,20240115,CUS02888,3,EMP0059,Vodafone Cash,,Completed,2158,1100
ORD0009747,1/16/2024,20240116,CUS02179,1,EMP0006,Vodafone Cash,,Completed,450,300
ORD0008338,1/16/2024,20240116,CUS01651,2,EMP0034,Cash,,Completed,1140,600
ORD0010188,1/16/2024,20240116,CUS00093,14,EMP0197,Cash,,Completed,4239,3560
ORD0001510,1/16/2024,20240116,CUS02347,14,EMP0201,Fawry,,Completed,1698,1110
ORD0007836,1/16/2024,20240116,CUS01098,14,EMP0202,Debit Card,,Completed,991.5,520
ORD0004979,1/16/2024,20240116,CUS02468,9,EMP0151,Vodafone Cash,,Completed,230,110
ORD0001006,1/16/2024,20240116,CUS00502,3,EMP0067,Credit Card,,Completed,450,210
ORD0007312,1/16/2024,20240116,CUS00565,3,EMP0072,Debit Card,,Completed,807,430
ORD0000957,1/16/2024,20240116,CUS01105,13,EMP0186,Cash,,Returned,432,210
ORD0000943,1/16/2024,20240116,CUS02799,1,EMP0025,Debit Card,,Completed,332.5,160
ORD0005223,1/16/2024,20240116,CUS00287,1,EMP0012,Vodafone Cash,,Returned,592,360
ORD0008198,1/17/2024,20240117,CUS01940,3,EMP0067,InstaPay,,Completed,843,410
ORD0002248,1/17/2024,20240117,CUS02878,12,EMP0174,Cash,,Completed,537.5,270
ORD0008723,1/17/2024,20240117,CUS02392,5,EMP0099,Cash,,Completed,425,240
ORD0004194,1/17/2024,20240117,CUS01510,2,EMP0048,Cash,,Returned,21288,21750
ORD0011402,1/17/2024,20240117,CUS01629,4,EMP0090,Debit Card,,Completed,10100,8100
ORD0003486,1/17/2024,20240117,CUS00710,5,EMP0112,Debit Card,,Completed,1400,640
ORD0010919,1/17/2024,20240117,CUS02544,13,EMP0185,Credit Card,,Completed,1007,530
ORD0002496,1/17/2024,20240117,CUS01693,3,EMP0060,Fawry,,Completed,41980,39450
ORD0003393,1/17/2024,20240117,CUS01567,10,no_employee_id,InstaPay,,Completed,1885,1050
ORD0002500,1/17/2024,20240117,CUS02075,7,EMP0133,Credit Card,,Completed,12200,9800
ORD0000364,1/17/2024,20240117,CUS02981,2,EMP0035,InstaPay,,Completed,655,350
ORD0011872,1/17/2024,20240117,CUS00171,4,EMP0092,InstaPay,,Cancelled,430,210
ORD0008233,1/17/2024,20240117,CUS00423,1,EMP0005,Cash,,Completed,207,110
ORD0004902,1/17/2024,20240117,CUS02063,2,EMP0033,Cash,,Completed,210,100
ORD0004118,1/17/2024,20240117,CUS00370,1,EMP0024,Credit Card,,Completed,1037,520
ORD0000934,1/17/2024,20240117,CUS02784,2,EMP0044,Fawry,,Completed,27900,29800
ORD0004458,1/18/2024,20240118,CUS02638,4,EMP0092,Credit Card,,Completed,931,480
ORD0009818,1/18/2024,20240118,CUS00603,14,EMP0202,Debit Card,,Completed,799,470
ORD0005855,1/18/2024,20240118,CUS02181,5,EMP0107,Cash,,Completed,22368,18440
ORD0006496,1/18/2024,20240118,CUS00683,4,EMP0084,Credit Card,,Completed,297,160
ORD0002888,1/18/2024,20240118,CUS01021,13,EMP0188,Credit Card,,Completed,10640,9000
ORD0009901,1/18/2024,20240118,CUS00371,12,EMP0184,Cash,,Completed,772,370
ORD0005127,1/18/2024,20240118,CUS00526,1,EMP0006,Debit Card,,Completed,3070,1580
ORD0007444,1/18/2024,20240118,CUS00487,15,EMP0205,Debit Card,,Completed,714,400
ORD0010450,1/18/2024,20240118,CUS02987,2,EMP0045,Fawry,,Completed,980,500
ORD0008655,1/18/2024,20240118,CUS01155,12,EMP0182,Fawry,,Completed,27010,26520
ORD0003042,1/19/2024,20240119,CUS02772,1,EMP0019,Fawry,,Completed,607.5,390
ORD0002832,1/19/2024,20240119,CUS00370,4,EMP0084,InstaPay,,Returned,1581,900
ORD0011700,1/19/2024,20240119,CUS00004,7,EMP0133,InstaPay,,Completed,15832.5,12820
ORD0002784,1/19/2024,20240119,CUS01152,1,EMP0025,Debit Card,,Returned,140,70
ORD0009592,1/19/2024,20240119,CUS02666,7,EMP0129,Credit Card,,Returned,2131,1170
ORD0002176,1/19/2024,20240119,CUS02914,11,EMP0172,Fawry,,Completed,3409.5,1970
ORD0011255,1/19/2024,20240119,CUS00238,11,EMP0168,InstaPay,,Completed,456,240
ORD0002775,1/19/2024,20240119,CUS01589,1,EMP0018,Vodafone Cash,,Completed,854,440
ORD0004239,1/19/2024,20240119,CUS01018,7,EMP0128,Vodafone Cash,,Completed,297.5,170
ORD0010693,1/19/2024,20240119,CUS00139,10,no_employee_id,Credit Card,,Returned,368.5,200
ORD0006896,1/19/2024,20240119,CUS01277,1,EMP0018,Cash,,Cancelled,13200,10500
ORD0007190,1/19/2024,20240119,CUS02717,1,EMP0027,Debit Card,,Completed,855,440
ORD0011399,1/19/2024,20240119,CUS00729,10,EMP0152,Vodafone Cash,,Completed,1890,910
ORD0008808,1/19/2024,20240119,CUS02977,1,EMP0001,Fawry,,Completed,225,100
ORD0002245,1/19/2024,20240119,CUS01246,9,EMP0147,Credit Card,,Returned,1876,1030
ORD0006273,1/20/2024,20240120,CUS02925,7,EMP0135,InstaPay,,Completed,970.5,490
ORD0006869,1/20/2024,20240120,CUS02719,13,EMP0188,Credit Card,,Completed,220,110
ORD0008071,1/20/2024,20240120,CUS02309,3,EMP0078,Vodafone Cash,,Completed,425,240
ORD0005788,1/20/2024,20240120,CUS00789,9,EMP0149,Fawry,,Completed,450,240
ORD0004871,1/21/2024,20240121,CUS02558,11,EMP0169,Credit Card,,Cancelled,171,90
ORD0011254,1/21/2024,20240121,CUS01662,11,EMP0166,InstaPay,,Completed,184,110
ORD0000440,1/21/2024,20240121,CUS01598,13,EMP0189,Debit Card,,Completed,351.5,180
ORD0005775,1/21/2024,20240121,CUS01523,14,EMP0198,Cash,,Completed,29214,25040
ORD0009077,1/21/2024,20240121,CUS01853,2,EMP0035,InstaPay,,Completed,14024.5,11070
ORD0005310,1/21/2024,20240121,CUS00679,5,EMP0106,Vodafone Cash,,Completed,540,270
ORD0007676,1/21/2024,20240121,CUS02448,10,EMP0158,Fawry,,Completed,511.5,260
ORD0002931,1/21/2024,20240121,CUS00499,1,EMP0019,Vodafone Cash,,Returned,1180,590
ORD0010581,1/21/2024,20240121,CUS02924,2,EMP0044,Credit Card,,Completed,480,240
ORD0009353,1/21/2024,20240121,CUS00493,2,EMP0042,Cash,,Completed,1098,600
ORD0007435,1/21/2024,20240121,CUS00666,13,EMP0188,Fawry,,Completed,16175,14770
ORD0001730,1/21/2024,20240121,CUS01798,2,no_employee_id,Fawry,,Completed,573,300
ORD0006118,1/21/2024,20240121,CUS01093,15,EMP0209,Debit Card,,Completed,3528.5,1900
ORD0009589,1/22/2024,20240122,CUS00090,14,EMP0203,InstaPay,,Completed,765,420
ORD0001508,1/22/2024,20240122,CUS01216,1,no_employee_id,Fawry,,Completed,1748.5,950
ORD0004827,1/22/2024,20240122,CUS02221,14,EMP0200,InstaPay,,Completed,13515,12700
ORD0001160,1/22/2024,20240122,CUS01680,6,EMP0124,Cash,,Cancelled,864,480
ORD0007009,1/22/2024,20240122,CUS01714,10,EMP0162,Vodafone Cash,,Returned,1004,510
ORD0005348,1/22/2024,20240122,CUS02587,1,EMP0009,Vodafone Cash,,Completed,240,110
ORD0007173,1/22/2024,20240122,CUS02526,5,EMP0106,Debit Card,,Completed,640,280
ORD0005662,1/22/2024,20240122,CUS01667,4,EMP0084,Debit Card,,Completed,1461,720
ORD0006776,1/22/2024,20240122,CUS00705,4,EMP0087,InstaPay,,Completed,2221.5,1200
ORD0004486,1/23/2024,20240123,CUS00440,8,EMP0144,Debit Card,,Completed,3000,1540
ORD0005945,1/23/2024,20240123,CUS02104,3,EMP0063,Cash,,Completed,1936.5,1030
ORD0005881,1/23/2024,20240123,CUS01308,6,EMP0124,InstaPay,,Completed,863,430
ORD0008015,1/23/2024,20240123,CUS00014,12,EMP0181,Vodafone Cash,,Completed,1569,830
ORD0004491,1/23/2024,20240123,CUS00594,1,EMP0004,Vodafone Cash,,Completed,127.5,70
ORD0003754,1/23/2024,20240123,CUS02302,1,EMP0024,Credit Card,,Completed,199.5,100
ORD0009075,1/23/2024,20240123,CUS01836,4,EMP0091,Debit Card,,Completed,261,140
ORD0000233,1/24/2024,20240124,CUS00085,2,EMP0029,Fawry,,Returned,616,400
ORD0001303,1/24/2024,20240124,CUS01979,10,EMP0162,Credit Card,,Completed,1857,1030
ORD0009867,1/24/2024,20240124,CUS01918,3,EMP0059,Debit Card,,Completed,538,270
ORD0001662,1/24/2024,20240124,CUS02428,6,no_employee_id,Vodafone Cash,,Completed,701.5,350
ORD0009108,1/24/2024,20240124,CUS01590,3,no_employee_id,InstaPay,,Completed,832,420
ORD0001507,1/24/2024,20240124,CUS00586,9,EMP0148,Debit Card,,Completed,592.5,280
ORD0009723,1/24/2024,20240124,CUS01598,13,EMP0191,Debit Card,,Completed,13344,10620
ORD0001313,1/24/2024,20240124,CUS01936,1,EMP0015,Cash,,Completed,1150,550
ORD0002930,1/24/2024,20240124,CUS00375,13,EMP0187,Debit Card,,Completed,957,560
ORD0005570,1/24/2024,20240124,CUS02811,3,EMP0076,Credit Card,,Completed,15144,12070
ORD0004115,1/24/2024,20240124,CUS01438,5,EMP0108,Credit Card,,Completed,622,320
ORD0008336,1/24/2024,20240124,CUS02675,6,EMP0126,Fawry,,Completed,1995.5,1020
ORD0003781,1/24/2024,20240124,CUS00918,3,EMP0071,Cash,,Completed,230,110
ORD0006478,1/25/2024,20240125,CUS01724,12,EMP0179,Cash,,Completed,180,100
ORD0004031,1/25/2024,20240125,CUS01815,7,EMP0129,InstaPay,,Completed,652.5,360
ORD0001044,1/26/2024,20240126,CUS00646,6,EMP0121,Vodafone Cash,,Completed,859,450
ORD0002579,1/26/2024,20240126,CUS01548,13,EMP0189,Debit Card,,Completed,30162,31770
ORD0011904,1/26/2024,20240126,CUS00452,2,EMP0032,Cash,,Completed,2545,1810
ORD0011427,1/26/2024,20240126,CUS00588,8,EMP0144,Vodafone Cash,,Completed,1223.5,640
ORD0005249,1/26/2024,20240126,CUS02392,13,EMP0189,Fawry,,Completed,1872,1000
ORD0010243,1/26/2024,20240126,CUS01054,2,EMP0046,InstaPay,,Returned,126,70
ORD0008781,1/26/2024,20240126,CUS02339,3,EMP0072,InstaPay,,Completed,1777,970
ORD0011720,1/26/2024,20240126,CUS02394,3,EMP0064,Cash,,Completed,540,260
ORD0003211,1/26/2024,20240126,CUS01302,5,EMP0103,Cash,,Completed,648,360
ORD0007902,1/27/2024,20240127,CUS01869,6,EMP0119,Credit Card,,Returned,55146,43260
ORD0010361,1/27/2024,20240127,CUS02797,2,no_employee_id,Vodafone Cash,,Completed,440,200
ORD0005122,1/27/2024,20240127,CUS01823,7,no_employee_id,Vodafone Cash,,Returned,546,310
ORD0003967,1/27/2024,20240127,CUS00644,12,EMP0178,Cash,,Returned,2654.5,1420
ORD0001867,1/27/2024,20240127,CUS00769,3,EMP0056,Cash,,Completed,7002,5630
ORD0001375,1/27/2024,20240127,CUS02683,5,EMP0112,Vodafone Cash,,Completed,704,370
ORD0003606,1/27/2024,20240127,CUS00557,1,EMP0017,Fawry,,Completed,780,370
ORD0011013,1/28/2024,20240128,CUS01844,2,EMP0037,Cash,,Returned,40440,42430
ORD0011001,1/28/2024,20240128,CUS00161,1,EMP0028,Vodafone Cash,,Completed,15300,12000
ORD0007456,1/28/2024,20240128,CUS01718,4,EMP0082,Debit Card,,Completed,240,140
ORD0008751,1/28/2024,20240128,CUS02301,5,EMP0104,Debit Card,,Completed,240,120
ORD0010382,1/28/2024,20240128,CUS00017,2,EMP0036,Cash,,Completed,1179,560
ORD0000138,1/28/2024,20240128,CUS02336,9,EMP0147,InstaPay,,Completed,361,180
ORD0002766,1/28/2024,20240128,CUS01425,9,EMP0150,InstaPay,,Completed,243,120
ORD0004716,1/28/2024,20240128,CUS02636,14,EMP0197,Cash,,Completed,140,70
ORD0010117,1/28/2024,20240128,CUS02632,3,EMP0066,Cash,,Completed,285,140
ORD0001442,1/28/2024,20240128,CUS01657,11,EMP0168,InstaPay,,Completed,14310,12310
ORD0011083,1/28/2024,20240128,CUS00456,15,EMP0215,InstaPay,,Completed,1373,710
ORD0008278,1/29/2024,20240129,CUS02717,6,EMP0122,Cash,,Completed,180,80
ORD0006927,1/29/2024,20240129,CUS01006,4,EMP0087,Cash,,Completed,280,140
ORD0005969,1/29/2024,20240129,CUS00027,6,EMP0120,Credit Card,,Completed,324,180
ORD0010817,1/29/2024,20240129,CUS02655,2,EMP0054,Credit Card,,Completed,1054.5,540
ORD0007417,1/29/2024,20240129,CUS00922,8,EMP0143,Credit Card,,Completed,38110,33140
ORD0001094,1/29/2024,20240129,CUS00105,13,EMP0193,Credit Card,,Completed,880,440
ORD0002059,1/29/2024,20240129,CUS02007,6,EMP0115,InstaPay,,Completed,1943,1050
ORD0007658,1/29/2024,20240129,CUS02329,5,EMP0106,Debit Card,,Completed,1392,870
ORD0005109,1/29/2024,20240129,CUS01803,9,EMP0151,Fawry,,Completed,1134,620
ORD0002698,1/29/2024,20240129,CUS00442,4,EMP0083,Fawry,,Completed,13380,11800
ORD0011507,1/29/2024,20240129,CUS02531,12,EMP0176,InstaPay,,Completed,120,70
ORD0006968,1/30/2024,20240130,CUS00650,1,EMP0003,Fawry,,Completed,815,430
ORD0002581,1/30/2024,20240130,CUS02918,1,EMP0011,InstaPay,,Completed,4390,3680
ORD0010793,1/30/2024,20240130,CUS01018,7,EMP0136,Debit Card,,Completed,830,390
ORD0009410,1/30/2024,20240130,CUS01552,15,EMP0206,Fawry,,Returned,3693,1990
ORD0003280,1/30/2024,20240130,CUS00134,2,EMP0037,Cash,,Completed,1614,800
ORD0003863,1/30/2024,20240130,CUS02855,14,EMP0196,Debit Card,,Completed,750,370
ORD0009610,1/30/2024,20240130,CUS02473,12,EMP0180,Fawry,,Completed,15399,14800
ORD0001839,1/30/2024,20240130,CUS00548,1,EMP0006,Debit Card,,Completed,540,300
ORD0002242,1/30/2024,20240130,CUS00406,4,EMP0083,Vodafone Cash,,Completed,1160,550
ORD0003524,1/30/2024,20240130,CUS02500,2,EMP0037,Cash,,Completed,90,40
ORD0011063,1/30/2024,20240130,CUS00330,5,EMP0099,Fawry,,Returned,783,420
ORD0001239,1/30/2024,20240130,CUS02576,8,EMP0138,Cash,,Completed,957,490
ORD0011459,1/30/2024,20240130,CUS02474,9,EMP0147,Debit Card,,Completed,29374,24340
ORD0009263,1/30/2024,20240130,CUS02677,10,EMP0152,Fawry,,Completed,1058,640
ORD0010105,1/31/2024,20240131,CUS01411,8,EMP0138,Cash,,Completed,1173,680
ORD0000345,1/31/2024,20240131,CUS01264,4,EMP0094,Cash,,Completed,603.5,320
ORD0003923,1/31/2024,20240131,CUS00855,2,EMP0034,Vodafone Cash,,Completed,19760,18160
ORD0011810,1/31/2024,20240131,CUS00720,15,EMP0215,Cash,,Completed,130,60
ORD0011814,1/31/2024,20240131,CUS02523,2,EMP0036,Cash,,Completed,11590,9800
ORD0011011,1/31/2024,20240131,CUS01683,11,EMP0169,Cash,,Completed,342,180
ORD0005032,1/31/2024,20240131,CUS02531,7,EMP0131,Credit Card,,Completed,29550,23670
ORD0007740,1/31/2024,20240131,CUS01293,2,EMP0040,Cash,,Completed,119,70
ORD0010479,1/31/2024,20240131,CUS00750,4,EMP0092,InstaPay,,Completed,864,540
ORD0011334,1/31/2024,20240131,CUS00123,2,EMP0030,Fawry,,Completed,3541,2290
ORD0001671,1/31/2024,20240131,CUS01991,3,EMP0076,Vodafone Cash,,Completed,280,140
ORD0003003,1/31/2024,20240131,CUS01790,12,EMP0177,Fawry,,Completed,420,260
ORD0005686,1/31/2024,20240131,CUS00313,6,EMP0123,Fawry,,Completed,2120,1060
ORD0008683,1/31/2024,20240131,CUS00782,5,EMP0106,Debit Card,,Completed,4482,2330
ORD0008883,1/31/2024,20240131,CUS01292,2,EMP0054,Credit Card,,Completed,313.5,160
ORD0005243,1/31/2024,20240131,CUS01477,1,EMP0028,Fawry,,Completed,128,80
ORD0001100,2/1/2024,20240201,CUS02738,1,no_employee_id,Credit Card,,Completed,500,230
ORD0001282,2/1/2024,20240201,CUS00364,9,EMP0150,Cash,,Completed,243,120
ORD0008223,2/1/2024,20240201,CUS02639,10,EMP0162,Debit Card,,Completed,690,420
ORD0002426,2/1/2024,20240201,CUS02587,6,EMP0115,InstaPay,,Completed,920,760
ORD0006485,2/1/2024,20240201,CUS02648,13,EMP0186,Debit Card,,Completed,1164,660
ORD0008795,2/1/2024,20240201,CUS02637,4,EMP0094,Fawry,,Completed,180,80
ORD0002454,2/2/2024,20240202,CUS01226,4,EMP0089,Credit Card,,Completed,608,300
ORD0004711,2/2/2024,20240202,CUS01523,1,EMP0026,Cash,,Completed,360,180
ORD0002306,2/2/2024,20240202,CUS02883,5,EMP0108,Cash,,Completed,387,200
ORD0011286,2/2/2024,20240202,CUS00224,8,EMP0139,Fawry,,Completed,229.5,120
ORD0004078,2/2/2024,20240202,CUS01048,7,EMP0129,InstaPay,,Completed,675,360
ORD0004504,2/2/2024,20240202,CUS01005,1,EMP0001,Cash,,Completed,144,70
ORD0010299,2/2/2024,20240202,CUS00633,3,EMP0076,InstaPay,,Returned,220,100
ORD0006395,2/2/2024,20240202,CUS02260,3,EMP0072,Fawry,,Completed,11836,9050
ORD0006518,2/2/2024,20240202,CUS01451,9,EMP0147,Fawry,,Completed,1044,580
ORD0000379,2/2/2024,20240202,CUS00097,1,EMP0012,Credit Card,,Completed,11743,8760
ORD0007310,2/3/2024,20240203,CUS01375,3,EMP0067,InstaPay,,Completed,6954,5680
ORD0008037,2/3/2024,20240203,CUS00772,6,EMP0124,Fawry,,Completed,1240,600
ORD0001000,2/3/2024,20240203,CUS02016,2,EMP0031,Fawry,,Completed,300,150
ORD0011299,2/3/2024,20240203,CUS01232,5,EMP0097,InstaPay,,Completed,2435.5,1500
ORD0007029,2/3/2024,20240203,CUS01227,7,EMP0129,Credit Card,,Cancelled,3803,1920
ORD0011069,2/3/2024,20240203,CUS00979,11,EMP0171,Cash,,Completed,792,440
ORD0002273,2/3/2024,20240203,CUS00420,3,EMP0077,Cash,,Completed,11420,10640
ORD0001175,2/3/2024,20240203,CUS00989,12,EMP0175,Fawry,,Completed,40500,36000
ORD0007016,2/3/2024,20240203,CUS01781,1,EMP0025,Fawry,,Completed,1135,600
ORD0006300,2/3/2024,20240203,CUS00681,1,EMP0013,Cash,,Completed,1199,800
ORD0007260,2/3/2024,20240203,CUS02477,1,EMP0028,Fawry,,Completed,1024,500
ORD0006610,2/3/2024,20240203,CUS00617,9,EMP0149,Debit Card,,Completed,9175,8860
ORD0006266,2/4/2024,20240204,CUS01351,1,EMP0025,Vodafone Cash,,Completed,600,500
ORD0000081,2/4/2024,20240204,CUS02663,9,EMP0149,InstaPay,,Cancelled,1113,680
ORD0010584,2/4/2024,20240204,CUS02446,10,EMP0156,Credit Card,,Completed,747,410
ORD0011431,2/4/2024,20240204,CUS01584,15,EMP0207,Vodafone Cash,,Completed,190,90
ORD0010003,2/4/2024,20240204,CUS02236,14,EMP0200,InstaPay,,Completed,1323,720
ORD0011867,2/4/2024,20240204,CUS00574,8,EMP0143,Cash,,Completed,2360.5,1250
ORD0011398,2/4/2024,20240204,CUS02627,1,EMP0006,Vodafone Cash,,Completed,20025,21300
ORD0006618,2/4/2024,20240204,CUS01866,14,EMP0201,Debit Card,,Completed,23232,24280
ORD0008843,2/4/2024,20240204,CUS00120,12,no_employee_id,Vodafone Cash,,Completed,451,220
ORD0007377,2/4/2024,20240204,CUS00449,2,EMP0032,Fawry,,Completed,1194,600
ORD0004274,2/4/2024,20240204,CUS00235,1,EMP0028,Vodafone Cash,,Completed,117,60
ORD0000605,2/5/2024,20240205,CUS01201,2,EMP0033,Fawry,,Completed,2798,2000
ORD0000439,2/5/2024,20240205,CUS01260,13,EMP0189,Credit Card,,Completed,332.5,170
ORD0003994,2/5/2024,20240205,CUS02060,1,EMP0003,Cash,,Returned,270,140
ORD0011257,2/5/2024,20240205,CUS01398,3,EMP0059,Fawry,,Completed,1196.5,680
ORD0000147,2/5/2024,20240205,CUS02391,13,EMP0186,Fawry,,Completed,171,90
ORD0005103,2/5/2024,20240205,CUS02341,4,no_employee_id,Cash,,Cancelled,286,150
ORD0004451,2/5/2024,20240205,CUS01658,5,EMP0102,InstaPay,,Completed,57133,48070
ORD0006777,2/5/2024,20240205,CUS00622,5,EMP0100,Fawry,,Completed,15548,12220
ORD0000910,2/6/2024,20240206,CUS01225,3,EMP0070,Debit Card,,Completed,576,280
ORD0009840,2/6/2024,20240206,CUS02617,3,EMP0057,Debit Card,,Completed,738,380
ORD0003783,2/6/2024,20240206,CUS00159,5,EMP0098,Fawry,,Completed,470,230
ORD0011891,2/6/2024,20240206,CUS01708,8,EMP0142,Cash,,Cancelled,11590,9800
ORD0002616,2/6/2024,20240206,CUS00125,11,EMP0166,Cash,,Completed,133,70
ORD0006635,2/6/2024,20240206,CUS01514,3,no_employee_id,Debit Card,,Completed,646,340
ORD0008515,2/6/2024,20240206,CUS00505,9,EMP0146,Vodafone Cash,,Cancelled,787,390
ORD0002640,2/6/2024,20240206,CUS00752,1,EMP0026,InstaPay,,Completed,5000,4000
ORD0001782,2/7/2024,20240207,CUS00272,2,EMP0049,Vodafone Cash,,Completed,514.5,270
ORD0005580,2/7/2024,20240207,CUS00620,1,no_employee_id,Cash,,Completed,120,70
ORD0003582,2/7/2024,20240207,CUS03000,14,no_employee_id,Vodafone Cash,,Completed,14130,12220
ORD0005022,2/7/2024,20240207,CUS00047,12,EMP0175,Fawry,,Cancelled,3824.5,1880
ORD0005607,2/7/2024,20240207,CUS01355,8,EMP0140,Debit Card,,Completed,11567,9610
ORD0009638,2/7/2024,20240207,CUS00624,11,EMP0168,InstaPay,,Completed,2250,1190
ORD0008773,2/7/2024,20240207,CUS00896,2,EMP0038,Credit Card,,Returned,680,420
ORD0003167,2/7/2024,20240207,CUS02462,4,EMP0081,Credit Card,,Completed,160,70
ORD0004693,2/7/2024,20240207,CUS02689,2,EMP0040,Debit Card,,Completed,1025,560
ORD0006573,2/7/2024,20240207,CUS00002,1,EMP0022,Fawry,,Completed,105,70
ORD0004452,2/7/2024,20240207,CUS02045,4,EMP0082,Vodafone Cash,,Completed,460,220
ORD0009308,2/8/2024,20240208,CUS01532,14,no_employee_id,InstaPay,,Returned,541.5,270
ORD0008978,2/8/2024,20240208,CUS01755,13,EMP0191,Cash,,Returned,540,260
ORD0002033,2/8/2024,20240208,CUS02123,6,EMP0117,Debit Card,,Completed,942,470
ORD0004097,2/8/2024,20240208,CUS00276,11,EMP0167,Fawry,,Completed,23760,21000
ORD0009519,2/8/2024,20240208,CUS00431,4,EMP0083,Debit Card,,Completed,1914,1200
ORD0003322,2/8/2024,20240208,CUS02974,5,EMP0095,Fawry,,Returned,1520,1400
ORD0002486,2/8/2024,20240208,CUS01095,15,EMP0216,InstaPay,,Completed,1257,680
ORD0009271,2/8/2024,20240208,CUS00543,13,EMP0191,Debit Card,,Completed,52410,51500
ORD0000586,2/8/2024,20240208,CUS02029,3,EMP0077,Credit Card,,Completed,189,100
ORD0007723,2/8/2024,20240208,CUS02058,5,EMP0110,Debit Card,,Completed,10530.5,8500
ORD0008315,2/9/2024,20240209,CUS00451,14,EMP0195,Credit Card,,Completed,280,130
ORD0000689,2/9/2024,20240209,CUS00976,1,EMP0011,InstaPay,,Completed,256,140
ORD0004354,2/9/2024,20240209,CUS00446,5,EMP0095,Cash,,Completed,441,240
ORD0009827,2/9/2024,20240209,CUS00656,10,EMP0153,InstaPay,,Completed,119,70
ORD0000799,2/9/2024,20240209,CUS01098,2,EMP0050,Debit Card,,Completed,472.5,260
ORD0007693,2/9/2024,20240209,CUS01862,14,EMP0199,Cash,,Completed,50220,44700
ORD0010021,2/10/2024,20240210,CUS01655,6,EMP0116,Debit Card,,Completed,2089.5,1060
ORD0008721,2/10/2024,20240210,CUS02614,1,EMP0022,Debit Card,,Completed,171,90
ORD0005985,2/10/2024,20240210,CUS02960,1,EMP0023,Vodafone Cash,,Completed,352,220
ORD0008354,2/10/2024,20240210,CUS01720,6,EMP0121,Cash,,Completed,2429.5,1220
ORD0009675,2/10/2024,20240210,CUS00794,3,EMP0077,Fawry,,Completed,796,440
ORD0011264,2/11/2024,20240211,CUS02395,11,EMP0168,Vodafone Cash,,Completed,1176,660
ORD0004410,2/11/2024,20240211,CUS02282,6,EMP0116,Fawry,,Completed,960,450
ORD0007036,2/11/2024,20240211,CUS02418,3,EMP0055,Debit Card,,Completed,1506,760
ORD0010349,2/11/2024,20240211,CUS01524,4,EMP0080,Credit Card,,Completed,190,90
ORD0007143,2/11/2024,20240211,CUS02961,13,EMP0186,InstaPay,,Completed,2576.5,1380
ORD0002446,2/11/2024,20240211,CUS01410,2,EMP0053,Cash,,Completed,1350,640
ORD0007619,2/11/2024,20240211,CUS01265,1,EMP0008,Vodafone Cash,,Completed,90,40
ORD0005118,2/11/2024,20240211,CUS01116,2,EMP0042,Credit Card,,Completed,891,480
ORD0001592,2/11/2024,20240211,CUS01713,2,EMP0035,Cash,,Completed,509,280
ORD0005810,2/11/2024,20240211,CUS00569,1,EMP0001,Vodafone Cash,,Completed,324,180
ORD0002237,2/11/2024,20240211,CUS01554,8,EMP0142,Vodafone Cash,,Returned,288,160
ORD0008192,2/11/2024,20240211,CUS01007,2,EMP0037,Vodafone Cash,,Completed,480,230
ORD0009893,2/11/2024,20240211,CUS01560,2,EMP0053,Vodafone Cash,,Completed,350,170
ORD0007405,2/11/2024,20240211,CUS02903,15,EMP0208,Cash,,Completed,33603.5,29710
ORD0000020,2/12/2024,20240212,CUS02007,10,EMP0152,Cash,,Completed,576,340
ORD0003547,2/12/2024,20240212,CUS02398,6,EMP0126,Credit Card,,Completed,612,320
ORD0002449,2/12/2024,20240212,CUS01610,5,EMP0095,InstaPay,,Completed,770,380
ORD0009799,2/12/2024,20240212,CUS02384,8,EMP0140,InstaPay,,Completed,119,70
ORD0010427,2/12/2024,20240212,CUS02676,3,EMP0077,Vodafone Cash,,Completed,930,440
ORD0008752,2/12/2024,20240212,CUS01889,12,EMP0178,Credit Card,,Completed,1491,750
ORD0001159,2/12/2024,20240212,CUS00913,14,EMP0194,Cash,,Completed,447.5,240
ORD0009970,2/12/2024,20240212,CUS02966,2,EMP0039,Vodafone Cash,,Completed,1655,880
ORD0002305,2/12/2024,20240212,CUS01679,4,EMP0091,Vodafone Cash,,Completed,6374,7180
ORD0011933,2/12/2024,20240212,CUS01831,6,EMP0118,Fawry,,Completed,800,380
ORD0004934,2/12/2024,20240212,CUS01626,3,EMP0059,Vodafone Cash,,Completed,2253,1130
ORD0011438,2/12/2024,20240212,CUS02848,4,EMP0079,Fawry,,Completed,252,140
ORD0004271,2/12/2024,20240212,CUS02086,3,EMP0077,InstaPay,,Completed,1737,870
ORD0008367,2/12/2024,20240212,CUS00247,4,EMP0080,Vodafone Cash,,Completed,1950,930
ORD0009630,2/12/2024,20240212,CUS02707,9,EMP0145,Credit Card,,Completed,1110,550
ORD0001274,2/13/2024,20240213,CUS02120,5,EMP0097,Cash,,Completed,801.5,450
ORD0005553,2/13/2024,20240213,CUS01181,7,EMP0128,Vodafone Cash,,Cancelled,1323,680
ORD0000886,2/13/2024,20240213,CUS02004,14,EMP0198,Debit Card,,Completed,405,260
ORD0010858,2/14/2024,20240214,CUS01109,12,no_employee_id,Fawry,,Completed,1732,990
ORD0008247,2/14/2024,20240214,CUS01243,4,EMP0082,Vodafone Cash,,Completed,12200,9800
ORD0004435,2/14/2024,20240214,CUS01044,1,EMP0020,Vodafone Cash,,Completed,1759,920
ORD0001354,2/14/2024,20240214,CUS02937,14,EMP0195,InstaPay,,Completed,740,360
ORD0003727,2/14/2024,20240214,CUS01954,3,EMP0078,Cash,,Completed,1079.5,600
ORD0008783,2/14/2024,20240214,CUS00863,9,EMP0146,Vodafone Cash,,Completed,210,110
ORD0008830,2/14/2024,20240214,CUS00038,1,EMP0009,Vodafone Cash,,Completed,1251,670
ORD0000654,2/15/2024,20240215,CUS02651,2,EMP0034,Cash,,Completed,378,270
ORD0006796,2/15/2024,20240215,CUS01056,6,EMP0118,Vodafone Cash,,Completed,627,320
ORD0002905,2/15/2024,20240215,CUS01013,1,EMP0015,Credit Card,,Completed,15542,12360
ORD0009845,2/15/2024,20240215,CUS00508,4,EMP0092,InstaPay,,Returned,976,520
ORD0006738,2/15/2024,20240215,CUS00113,1,EMP0001,InstaPay,,Completed,2941,1780
ORD0001091,2/15/2024,20240215,CUS01815,9,EMP0150,Fawry,,Completed,300,200
ORD0005153,2/15/2024,20240215,CUS01664,1,EMP0005,InstaPay,,Completed,1136,580
ORD0011248,2/15/2024,20240215,CUS00423,10,EMP0154,Vodafone Cash,,Completed,1653,870
ORD0002942,2/15/2024,20240215,CUS00160,2,EMP0050,Debit Card,,Completed,5600,4500
ORD0002621,2/15/2024,20240215,CUS02705,1,EMP0027,InstaPay,,Completed,1900,1600
ORD0008599,2/15/2024,20240215,CUS01275,2,EMP0032,Debit Card,,Completed,869,440
ORD0000782,2/15/2024,20240215,CUS01528,3,EMP0067,InstaPay,,Completed,1041,570
ORD0002276,2/15/2024,20240215,CUS02151,2,EMP0054,Fawry,,Returned,2415.5,1190
ORD0010306,2/15/2024,20240215,CUS02960,7,EMP0133,Fawry,,Completed,900,490
ORD0001413,2/15/2024,20240215,CUS02209,7,EMP0128,InstaPay,,Completed,12600,11200
ORD0005380,2/15/2024,20240215,CUS01394,4,EMP0080,Fawry,,Completed,2657,1360
ORD0009698,2/16/2024,20240216,CUS01358,11,EMP0168,Debit Card,,Completed,98,70
ORD0000102,2/16/2024,20240216,CUS00807,10,EMP0155,InstaPay,,Completed,2090,1020
ORD0007809,2/16/2024,20240216,CUS01009,10,EMP0155,Vodafone Cash,,Completed,3322,1720
ORD0010577,2/16/2024,20240216,CUS02215,3,EMP0059,Fawry,,Returned,405,240
ORD0003797,2/16/2024,20240216,CUS00767,14,EMP0198,Fawry,,Completed,240,140
ORD0003222,2/16/2024,20240216,CUS01447,8,no_employee_id,Credit Card,,Completed,1026,560
ORD0009919,2/16/2024,20240216,CUS02290,1,EMP0012,Debit Card,,Completed,256.5,120
ORD0009949,2/16/2024,20240216,CUS01465,12,EMP0180,Debit Card,,Completed,430,210
ORD0001723,2/16/2024,20240216,CUS01079,2,EMP0044,Cash,,Completed,16065,12410
ORD0003970,2/16/2024,20240216,CUS01954,4,EMP0091,Cash,,Returned,510,250
ORD0002674,2/17/2024,20240217,CUS00354,3,EMP0067,Vodafone Cash,,Completed,180,80
ORD0003886,2/17/2024,20240217,CUS02858,14,EMP0197,Credit Card,,Completed,225,120
ORD0002241,2/17/2024,20240217,CUS00356,15,EMP0211,Cash,,Completed,990,610
ORD0004925,2/17/2024,20240217,CUS01738,14,EMP0202,Vodafone Cash,,Completed,144,70
ORD0005105,2/17/2024,20240217,CUS02470,11,EMP0165,Credit Card,,Cancelled,339.5,190
ORD0003202,2/17/2024,20240217,CUS00594,4,EMP0080,Cash,,Completed,2194,1200
ORD0000073,2/17/2024,20240217,CUS02065,3,EMP0055,InstaPay,,Completed,8990,6910
ORD0011380,2/17/2024,20240217,CUS01269,1,EMP0018,Credit Card,,Cancelled,1605.5,870
ORD0000594,2/17/2024,20240217,CUS01810,6,EMP0115,InstaPay,,Completed,484.5,250
ORD0000729,2/17/2024,20240217,CUS01800,2,EMP0041,Cash,,Completed,840,410
ORD0007121,2/17/2024,20240217,CUS01780,1,EMP0015,Cash,,Returned,936.5,550
ORD0004114,2/17/2024,20240217,CUS01804,2,EMP0036,Fawry,,Completed,360,240
ORD0004805,2/17/2024,20240217,CUS01119,1,EMP0025,Credit Card,,Completed,1120,560
ORD0011159,2/18/2024,20240218,CUS01126,12,EMP0182,Fawry,,Completed,1728,940
ORD0002030,2/18/2024,20240218,CUS01085,1,EMP0014,Cash,,Completed,2254,1120
ORD0007988,2/18/2024,20240218,CUS02379,1,EMP0028,InstaPay,,Completed,1162,600
ORD0000984,2/18/2024,20240218,CUS00424,2,EMP0037,Cash,,Completed,1541,860
ORD0002466,2/18/2024,20240218,CUS02789,5,EMP0102,Fawry,,Completed,1081.5,560
ORD0010171,2/18/2024,20240218,CUS02085,5,EMP0106,Vodafone Cash,,Completed,123.5,60
ORD0006730,2/18/2024,20240218,CUS02695,1,EMP0007,Cash,,Completed,1148,620
ORD0010232,2/18/2024,20240218,CUS02928,4,EMP0092,Vodafone Cash,,Completed,3495,1800
ORD0001827,2/18/2024,20240218,CUS01941,8,EMP0141,Debit Card,,Completed,6050,4510
ORD0003807,2/18/2024,20240218,CUS00121,9,no_employee_id,Cash,,Completed,351.5,180
ORD0005364,2/19/2024,20240219,CUS02329,4,EMP0089,Debit Card,,Completed,589,300
ORD0008786,2/19/2024,20240219,CUS01621,12,EMP0181,InstaPay,,Returned,520,260
ORD0010031,2/19/2024,20240219,CUS02523,3,EMP0072,Credit Card,,Completed,1082.5,640
ORD0004226,2/19/2024,20240219,CUS00719,15,EMP0208,InstaPay,,Completed,515,280
ORD0004625,2/19/2024,20240219,CUS01737,5,EMP0099,InstaPay,,Completed,1436,700
ORD0001432,2/19/2024,20240219,CUS01996,5,EMP0105,Credit Card,,Cancelled,130,60
ORD0009912,2/19/2024,20240219,CUS00092,14,EMP0198,Credit Card,,Completed,81,40
ORD0002589,2/19/2024,20240219,CUS00317,13,EMP0188,Vodafone Cash,,Completed,2269,1210
ORD0011526,2/19/2024,20240219,CUS02756,3,no_employee_id,InstaPay,,Completed,580,280
ORD0002021,2/19/2024,20240219,CUS02387,7,EMP0128,Debit Card,,Completed,20000,16000
ORD0002420,2/19/2024,20240219,CUS02854,3,EMP0073,Credit Card,,Completed,9000,8000
ORD0001256,2/19/2024,20240219,CUS00727,7,EMP0135,Fawry,,Completed,11520,10660
ORD0006454,2/20/2024,20240220,CUS00566,2,EMP0046,Debit Card,,Completed,2797,1460
ORD0009540,2/20/2024,20240220,CUS02109,1,EMP0027,Cash,,Completed,1449.5,770
ORD0000658,2/20/2024,20240220,CUS01612,5,EMP0103,InstaPay,,Completed,2334,1250
ORD0011513,2/20/2024,20240220,CUS00258,1,EMP0025,Vodafone Cash,,Completed,80,40
ORD0001631,2/20/2024,20240220,CUS00816,1,EMP0002,Debit Card,,Completed,357,200
ORD0004796,2/20/2024,20240220,CUS02087,1,EMP0027,Cash,,Completed,675,440
ORD0002597,2/20/2024,20240220,CUS01136,3,EMP0076,Debit Card,,Completed,590,280
ORD0007044,2/20/2024,20240220,CUS00122,6,EMP0125,Credit Card,,Completed,2388,1740
ORD0001479,2/20/2024,20240220,CUS00623,6,EMP0123,Debit Card,,Completed,1044,520
ORD0008636,2/21/2024,20240221,CUS00583,3,EMP0065,Cash,,Completed,304,140
ORD0004744,2/21/2024,20240221,CUS00800,3,EMP0065,Fawry,,Completed,130,60
ORD0006171,2/21/2024,20240221,CUS01483,3,no_employee_id,Fawry,,Completed,430,210
ORD0011896,2/21/2024,20240221,CUS01913,1,EMP0006,Fawry,,Completed,1413,770
ORD0005879,2/21/2024,20240221,CUS00798,3,EMP0067,Fawry,,Returned,756,390
ORD0003033,2/21/2024,20240221,CUS02537,10,EMP0152,Debit Card,,Completed,11004.5,9750
ORD0002928,2/21/2024,20240221,CUS00158,8,EMP0142,Fawry,,Completed,1288,670
ORD0001660,2/21/2024,20240221,CUS00624,9,EMP0148,Debit Card,,Cancelled,819,400
ORD0011738,2/21/2024,20240221,CUS00787,12,EMP0183,InstaPay,,Completed,61535,60460
ORD0005107,2/21/2024,20240221,CUS01806,2,no_employee_id,Fawry,,Completed,1178,590
ORD0008902,2/21/2024,20240221,CUS00447,15,EMP0205,Credit Card,,Completed,218.5,110
ORD0010281,2/21/2024,20240221,CUS01545,10,EMP0159,Debit Card,,Completed,882,480
ORD0003482,2/22/2024,20240222,CUS02151,5,EMP0104,Fawry,,Completed,980,480
ORD0002701,2/22/2024,20240222,CUS02611,3,EMP0070,Vodafone Cash,,Completed,4741,2390
ORD0003981,2/22/2024,20240222,CUS01527,2,EMP0047,Vodafone Cash,,Completed,9772,9040
ORD0003931,2/22/2024,20240222,CUS01357,3,EMP0069,Vodafone Cash,,Completed,6230,5740
ORD0000162,2/22/2024,20240222,CUS02295,1,EMP0012,Fawry,,Returned,629,370
ORD0011284,2/22/2024,20240222,CUS02993,7,EMP0130,Vodafone Cash,,Completed,3600,3200
ORD0002267,2/22/2024,20240222,CUS02118,3,EMP0069,Credit Card,,Completed,808,480
ORD0005681,2/22/2024,20240222,CUS02435,1,EMP0024,Debit Card,,Cancelled,1979,1090
ORD0008525,2/23/2024,20240223,CUS01872,6,EMP0125,Credit Card,,Returned,29600,29600
ORD0003982,2/23/2024,20240223,CUS01437,5,EMP0099,Cash,,Completed,1440,690
ORD0011936,2/23/2024,20240223,CUS02135,14,EMP0195,Debit Card,,Completed,6359,4940
ORD0008992,2/23/2024,20240223,CUS01953,2,EMP0033,Debit Card,,Completed,150,70
ORD0006208,2/23/2024,20240223,CUS01752,8,EMP0143,Fawry,,Completed,769.5,390
ORD0006484,2/23/2024,20240223,CUS00366,11,EMP0171,Vodafone Cash,,Completed,171,90
ORD0001687,2/23/2024,20240223,CUS02460,2,EMP0036,Vodafone Cash,,Completed,450,210
ORD0008061,2/23/2024,20240223,CUS02250,10,EMP0153,InstaPay,,Completed,170,80
ORD0003155,2/23/2024,20240223,CUS01486,2,EMP0035,Fawry,,Completed,1052,550
ORD0009099,2/23/2024,20240223,CUS01247,10,EMP0162,Vodafone Cash,,Completed,3554,2690
ORD0009247,2/23/2024,20240223,CUS01170,1,EMP0026,Debit Card,,Completed,671,380
ORD0011348,2/24/2024,20240224,CUS00428,4,EMP0088,Cash,,Cancelled,707,360
ORD0009351,2/24/2024,20240224,CUS00212,7,EMP0132,InstaPay,,Completed,2194.5,1140
ORD0000647,2/24/2024,20240224,CUS01455,5,EMP0108,Vodafone Cash,,Completed,1931,1040
ORD0000118,2/24/2024,20240224,CUS02004,1,EMP0010,Debit Card,,Completed,1444,740
ORD0003966,2/24/2024,20240224,CUS02258,1,EMP0024,Cash,,Completed,1520,740
ORD0011564,2/24/2024,20240224,CUS01579,11,EMP0173,InstaPay,,Completed,45052,35740
ORD0009184,2/24/2024,20240224,CUS01788,4,EMP0092,Cash,,Completed,703,360
ORD0002335,2/24/2024,20240224,CUS02482,14,EMP0194,Cash,,Cancelled,964,540
ORD0005913,2/24/2024,20240224,CUS01144,12,EMP0181,Cash,,Completed,5963.5,5040
ORD0007585,2/25/2024,20240225,CUS01706,5,EMP0104,InstaPay,,Completed,1127,640
ORD0010783,2/25/2024,20240225,CUS00934,3,EMP0073,Credit Card,,Completed,540,270
ORD0011888,2/25/2024,20240225,CUS01935,1,EMP0004,Vodafone Cash,,Cancelled,162,80
ORD0009425,2/25/2024,20240225,CUS01454,8,EMP0144,Debit Card,,Completed,480,220
ORD0007978,2/25/2024,20240225,CUS00850,9,EMP0149,InstaPay,,Completed,2125.5,1080
ORD0005566,2/25/2024,20240225,CUS00973,5,EMP0111,Cash,,Completed,3157.5,1630
ORD0007801,2/25/2024,20240225,CUS00062,3,EMP0058,Credit Card,,Completed,1320,800
ORD0002735,2/25/2024,20240225,CUS01662,8,EMP0141,Fawry,,Completed,2128,1070
ORD0006033,2/25/2024,20240225,CUS00563,3,EMP0068,InstaPay,,Completed,52725,44400
ORD0009812,2/26/2024,20240226,CUS00026,6,EMP0113,Debit Card,,Completed,1900,1600
ORD0001744,2/26/2024,20240226,CUS02492,15,EMP0206,Credit Card,,Returned,3148,1580
ORD0001458,2/26/2024,20240226,CUS00029,2,EMP0037,Fawry,,Completed,11025,11800
ORD0004691,2/26/2024,20240226,CUS01889,1,EMP0017,InstaPay,,Completed,2626,1380
ORD0010456,2/26/2024,20240226,CUS01441,11,EMP0167,Credit Card,,Completed,1210,590
ORD0003883,2/27/2024,20240227,CUS01056,3,EMP0056,Fawry,,Completed,1771.5,1010
ORD0011031,2/27/2024,20240227,CUS00545,4,EMP0093,Vodafone Cash,,Completed,560,350
ORD0008983,2/27/2024,20240227,CUS01701,5,EMP0095,Fawry,,Completed,172.5,110
ORD0010976,2/27/2024,20240227,CUS00762,2,no_employee_id,Credit Card,,Completed,1926,1060
ORD0000475,2/27/2024,20240227,CUS01354,11,EMP0167,Vodafone Cash,,Completed,810,390
ORD0010664,2/27/2024,20240227,CUS02258,8,EMP0138,Vodafone Cash,,Completed,801,400
ORD0008728,2/27/2024,20240227,CUS00352,10,EMP0154,Vodafone Cash,,Completed,40416,42800
ORD0000457,2/27/2024,20240227,CUS02972,5,EMP0103,Credit Card,,Completed,1060,510
ORD0003854,2/27/2024,20240227,CUS02537,10,EMP0159,InstaPay,,Completed,1176,640
ORD0004798,2/27/2024,20240227,CUS02901,2,EMP0043,Vodafone Cash,,Completed,1055,570
ORD0008675,2/27/2024,20240227,CUS01868,1,EMP0028,Debit Card,,Returned,920,450
ORD0003667,2/27/2024,20240227,CUS01466,3,EMP0072,InstaPay,,Completed,1319,670
ORD0002367,2/27/2024,20240227,CUS00857,6,EMP0117,Vodafone Cash,,Completed,1680,810
ORD0002185,2/27/2024,20240227,CUS02390,10,EMP0158,Vodafone Cash,,Returned,207,110
ORD0002518,2/28/2024,20240228,CUS02896,10,EMP0152,Cash,,Completed,1270.5,610
ORD0004369,2/28/2024,20240228,CUS01113,2,EMP0039,InstaPay,,Completed,150,70
ORD0007612,2/28/2024,20240228,CUS00109,10,EMP0160,InstaPay,,Completed,940,450
ORD0009154,2/28/2024,20240228,CUS02031,8,no_employee_id,Fawry,,Completed,13500,12000
ORD0002871,2/28/2024,20240228,CUS01672,2,EMP0052,Fawry,,Completed,420,180
ORD0009674,2/28/2024,20240228,CUS00581,1,EMP0016,InstaPay,,Completed,918,450
ORD0007424,2/28/2024,20240228,CUS00297,3,EMP0055,Debit Card,,Returned,2580,1530
ORD0007820,2/29/2024,20240229,CUS02388,4,EMP0091,Credit Card,,Completed,1229.5,580
ORD0010212,2/29/2024,20240229,CUS02965,2,EMP0049,Credit Card,,Completed,378,210
ORD0007183,2/29/2024,20240229,CUS00700,4,EMP0092,Fawry,,Completed,1410,690
ORD0003778,2/29/2024,20240229,CUS01408,4,EMP0083,InstaPay,,Returned,500,240
ORD0006221,2/29/2024,20240229,CUS00640,1,EMP0020,Vodafone Cash,,Completed,6102,5340
ORD0010348,2/29/2024,20240229,CUS00332,2,EMP0052,Vodafone Cash,,Completed,717,380
ORD0005028,2/29/2024,20240229,CUS01036,2,EMP0034,InstaPay,,Completed,535,260
ORD0000497,2/29/2024,20240229,CUS00627,12,EMP0182,Fawry,,Completed,14310,12700
ORD0004300,2/29/2024,20240229,CUS00374,7,EMP0132,Fawry,,Completed,1834,860
ORD0003388,2/29/2024,20240229,CUS01301,10,EMP0154,Fawry,,Completed,780,390
ORD0009782,2/29/2024,20240229,CUS01358,13,EMP0185,Credit Card,,Completed,606.5,350
ORD0004284,2/29/2024,20240229,CUS00422,6,EMP0114,Vodafone Cash,,Completed,45928,42580
ORD0006435,3/1/2024,20240301,CUS00861,3,EMP0069,Fawry,,Completed,1186,590
ORD0006481,3/1/2024,20240301,CUS00271,1,EMP0014,Cash,,Completed,1520,740
ORD0010222,3/1/2024,20240301,CUS02540,15,EMP0212,InstaPay,,Completed,11200,8900
ORD0006884,3/2/2024,20240302,CUS01026,14,EMP0199,Cash,,Completed,891,480
ORD0007981,3/2/2024,20240302,CUS02064,8,EMP0138,Debit Card,,Completed,120,70
ORD0006523,3/2/2024,20240302,CUS00628,14,EMP0203,Debit Card,,Completed,14425,12050
ORD0000855,3/2/2024,20240302,CUS02247,7,EMP0134,Cash,,Completed,280,140
ORD0002534,3/2/2024,20240302,CUS01654,11,EMP0170,Cash,,Completed,1010,580
ORD0010401,3/2/2024,20240302,CUS01522,15,EMP0214,Cash,,Completed,432,210
ORD0007969,3/2/2024,20240302,CUS01374,7,no_employee_id,Credit Card,,Completed,1220,590
ORD0009775,3/2/2024,20240302,CUS01366,4,EMP0079,Fawry,,Completed,7740,5870
ORD0006449,3/2/2024,20240302,CUS00022,3,EMP0065,Credit Card,,Cancelled,420,210
ORD0003683,3/2/2024,20240302,CUS00289,12,EMP0175,InstaPay,,Completed,1011,500
ORD0010345,3/2/2024,20240302,CUS01583,6,EMP0121,InstaPay,,Completed,9682.5,7630
ORD0002035,3/2/2024,20240302,CUS02468,2,EMP0030,Fawry,,Completed,965,540
ORD0000667,3/2/2024,20240302,CUS01152,11,EMP0172,Credit Card,,Completed,972,480
ORD0003403,3/2/2024,20240302,CUS01491,2,EMP0030,InstaPay,,Completed,550.5,270
ORD0007936,3/2/2024,20240302,CUS00939,2,EMP0050,Cash,,Completed,400,200
ORD0010527,3/2/2024,20240302,CUS01665,11,EMP0166,Vodafone Cash,,Completed,4859,3580
ORD0007998,3/2/2024,20240302,CUS02399,8,EMP0144,Vodafone Cash,,Returned,1767.5,1090
ORD0002586,3/2/2024,20240302,CUS00221,1,EMP0008,Vodafone Cash,,Completed,518.5,300
ORD0007894,3/3/2024,20240303,CUS00006,3,EMP0055,Debit Card,,Returned,3690,1810
ORD0003755,3/3/2024,20240303,CUS01766,1,EMP0006,Credit Card,,Cancelled,1365,780
ORD0008308,3/3/2024,20240303,CUS01457,2,EMP0049,Cash,,Completed,135,70
ORD0008299,3/3/2024,20240303,CUS02239,7,EMP0134,Debit Card,,Completed,31575,28900
ORD0006614,3/3/2024,20240303,CUS01549,1,EMP0019,Debit Card,,Completed,12080,9540
ORD0008839,3/3/2024,20240303,CUS01999,1,EMP0022,Fawry,,Returned,841.5,480
ORD0010700,3/3/2024,20240303,CUS02034,1,EMP0025,Cash,,Completed,266,140
ORD0005961,3/3/2024,20240303,CUS01162,2,EMP0049,Credit Card,,Completed,612,340
ORD0007408,3/3/2024,20240303,CUS02217,6,no_employee_id,Credit Card,,Completed,39011.5,36210
ORD0009984,3/3/2024,20240303,CUS00150,13,EMP0186,Debit Card,,Completed,540,300
ORD0002477,3/3/2024,20240303,CUS00650,3,EMP0060,Fawry,,Completed,6789,5360
ORD0000104,3/4/2024,20240304,CUS00752,4,no_employee_id,InstaPay,,Completed,2500,2000
ORD0000559,3/4/2024,20240304,CUS01997,1,EMP0015,Vodafone Cash,,Returned,525.5,280
ORD0011667,3/4/2024,20240304,CUS00811,2,EMP0046,Vodafone Cash,,Completed,243,130
ORD0009079,3/4/2024,20240304,CUS00980,1,EMP0017,Cash,,Completed,1790,900
ORD0000981,3/4/2024,20240304,CUS01333,11,EMP0168,InstaPay,,Completed,1596,840
ORD0002608,3/4/2024,20240304,CUS02414,12,EMP0182,Credit Card,,Completed,2039,1160
ORD0007333,3/4/2024,20240304,CUS01662,1,EMP0001,Fawry,,Completed,43011,36140
ORD0010973,3/4/2024,20240304,CUS02375,10,EMP0156,InstaPay,,Completed,14499,12800
ORD0010838,3/4/2024,20240304,CUS00142,11,EMP0166,Debit Card,,Completed,987,690
ORD0005341,3/4/2024,20240304,CUS01930,11,EMP0173,Fawry,,Completed,17380,14980
ORD0009018,3/4/2024,20240304,CUS00296,11,EMP0171,InstaPay,,Completed,520,240
ORD0004161,3/4/2024,20240304,CUS01359,9,EMP0146,Cash,,Completed,5605,4700
ORD0002630,3/5/2024,20240305,CUS02077,1,EMP0022,Debit Card,,Completed,370,200
ORD0011561,3/5/2024,20240305,CUS02439,9,EMP0147,Cash,,Completed,7340,5380
ORD0003019,3/5/2024,20240305,CUS00435,5,EMP0104,Vodafone Cash,,Completed,15886.5,11870
ORD0003659,3/5/2024,20240305,CUS01606,1,EMP0002,Fawry,,Completed,17029.5,14750
ORD0010288,3/5/2024,20240305,CUS01708,4,EMP0087,Cash,,Completed,168,100
ORD0010746,3/5/2024,20240305,CUS00732,3,EMP0057,Credit Card,,Completed,1062,880
ORD0007560,3/5/2024,20240305,CUS00188,15,EMP0213,Fawry,,Completed,6345,6000
ORD0005970,3/5/2024,20240305,CUS01631,1,EMP0004,InstaPay,,Completed,558,280
ORD0011574,3/6/2024,20240306,CUS02014,12,no_employee_id,Debit Card,,Completed,240,120
ORD0000445,3/6/2024,20240306,CUS01313,15,EMP0205,Debit Card,,Completed,8800.5,6800
ORD0011652,3/6/2024,20240306,CUS01212,5,EMP0097,Fawry,,Completed,430,210
ORD0011839,3/6/2024,20240306,CUS02918,2,EMP0029,Fawry,,Cancelled,13552.5,10690
ORD0011430,3/6/2024,20240306,CUS00989,1,EMP0010,Cash,,Completed,13515,10770
ORD0005082,3/6/2024,20240306,CUS01224,2,EMP0045,Fawry,,Cancelled,360,180
ORD0003252,3/6/2024,20240306,CUS00316,2,EMP0043,Cash,,Completed,2058,1100
ORD0008490,3/6/2024,20240306,CUS00675,5,EMP0100,Cash,,Completed,437,230
ORD0008892,3/6/2024,20240306,CUS02846,1,EMP0016,Credit Card,,Completed,8913,7770
ORD0005510,3/6/2024,20240306,CUS00371,3,EMP0057,Vodafone Cash,,Completed,1584,840
ORD0009894,3/6/2024,20240306,CUS01170,15,EMP0207,Vodafone Cash,,Returned,980,480
ORD0008714,3/6/2024,20240306,CUS02085,4,EMP0091,Debit Card,,Cancelled,864,460
ORD0003035,3/6/2024,20240306,CUS01923,7,EMP0136,Fawry,,Completed,9278,7310
ORD0002813,3/6/2024,20240306,CUS01349,11,EMP0168,Debit Card,,Completed,247.5,160
ORD0004875,3/6/2024,20240306,CUS01734,5,EMP0103,Fawry,,Completed,1167.5,690
ORD0007375,3/6/2024,20240306,CUS01897,15,EMP0214,InstaPay,,Returned,28688,24010
ORD0011741,3/6/2024,20240306,CUS01849,12,EMP0180,Debit Card,,Completed,790,400
ORD0003912,3/7/2024,20240307,CUS02573,15,EMP0212,Debit Card,,Completed,1997,980
ORD0003318,3/7/2024,20240307,CUS01699,6,EMP0116,Debit Card,,Returned,1310,980
ORD0001955,3/7/2024,20240307,CUS00554,4,EMP0080,Cash,,Completed,261,130
ORD0000005,3/7/2024,20240307,CUS00418,6,EMP0116,Fawry,,Completed,9530,7800
ORD0004613,3/7/2024,20240307,CUS00027,13,no_employee_id,Debit Card,,Completed,520,240
ORD0011911,3/7/2024,20240307,CUS02172,2,EMP0035,InstaPay,,Completed,1034,550
ORD0000717,3/7/2024,20240307,CUS02996,3,EMP0056,Debit Card,,Completed,12600,12300
ORD0011639,3/7/2024,20240307,CUS02516,8,EMP0140,Fawry,,Completed,876,450
ORD0009078,3/7/2024,20240307,CUS01422,5,EMP0110,Debit Card,,Completed,3458.5,2960
ORD0007409,3/8/2024,20240308,CUS01974,6,EMP0116,Vodafone Cash,,Completed,5000,4000
ORD0003503,3/8/2024,20240308,CUS00183,4,EMP0082,Debit Card,,Completed,450,220
ORD0003495,3/8/2024,20240308,CUS00955,14,EMP0194,Cash,,Cancelled,1843,920
ORD0007546,3/8/2024,20240308,CUS01487,4,EMP0079,Credit Card,,Completed,11208,9720
ORD0000098,3/8/2024,20240308,CUS00444,1,EMP0021,Credit Card,,Completed,965.5,520
ORD0000806,3/8/2024,20240308,CUS00001,14,EMP0196,InstaPay,,Completed,9594,8360
ORD0000656,3/8/2024,20240308,CUS02533,2,EMP0036,InstaPay,,Completed,441,220
ORD0007371,3/8/2024,20240308,CUS02934,3,EMP0076,Cash,,Completed,1895,990
ORD0003528,3/8/2024,20240308,CUS02123,11,EMP0171,Debit Card,,Completed,1644,810
ORD0009900,3/8/2024,20240308,CUS00224,1,EMP0007,Cash,,Completed,104,60
ORD0008985,3/8/2024,20240308,CUS01092,4,EMP0081,Debit Card,,Completed,202.5,130
ORD0008095,3/8/2024,20240308,CUS01409,4,EMP0089,Credit Card,,Completed,378,200
ORD0003768,3/9/2024,20240309,CUS02794,2,EMP0032,Fawry,,Completed,857,420
ORD0001429,3/9/2024,20240309,CUS00733,2,EMP0046,InstaPay,,Completed,400,250
ORD0005653,3/9/2024,20240309,CUS02099,2,EMP0035,InstaPay,,Completed,540,260
ORD0001294,3/9/2024,20240309,CUS01500,13,EMP0191,Fawry,,Completed,204,110
ORD0000468,3/9/2024,20240309,CUS02359,7,EMP0134,Debit Card,,Completed,1372,670
ORD0010516,3/9/2024,20240309,CUS02889,5,EMP0102,Vodafone Cash,,Completed,2516.5,1270
ORD0003190,3/9/2024,20240309,CUS01129,2,EMP0038,Cash,,Completed,1333,670
ORD0005977,3/9/2024,20240309,CUS02840,3,EMP0075,Vodafone Cash,,Completed,694,330
ORD0002702,3/10/2024,20240310,CUS00956,3,EMP0070,Credit Card,,Completed,130,60
ORD0006006,3/10/2024,20240310,CUS00466,3,EMP0057,Fawry,,Completed,856,470
ORD0010819,3/10/2024,20240310,CUS02407,7,EMP0132,Fawry,,Completed,490,230
ORD0001046,3/10/2024,20240310,CUS00006,4,EMP0081,Debit Card,,Completed,26631.5,21100
ORD0008716,3/10/2024,20240310,CUS01051,4,EMP0090,Debit Card,,Completed,1690,860
ORD0002877,3/10/2024,20240310,CUS01846,12,EMP0174,Debit Card,,Completed,230,110
ORD0008455,3/10/2024,20240310,CUS02244,15,EMP0213,Credit Card,,Completed,657,360
ORD0004987,3/11/2024,20240311,CUS00818,10,EMP0154,Vodafone Cash,,Completed,37794,32660
ORD0006595,3/11/2024,20240311,CUS02454,2,EMP0035,InstaPay,,Completed,1880,920
ORD0010378,3/11/2024,20240311,CUS02925,14,EMP0203,Credit Card,,Completed,300,150
ORD0001198,3/11/2024,20240311,CUS02506,3,EMP0073,Fawry,,Completed,300,150
ORD0009678,3/11/2024,20240311,CUS02413,10,EMP0156,Fawry,,Completed,30110.5,32000
ORD0010001,3/11/2024,20240311,CUS01842,15,EMP0206,Fawry,,Completed,449,290
ORD0010627,3/11/2024,20240311,CUS01436,5,no_employee_id,Fawry,,Completed,270,130
ORD0010758,3/11/2024,20240311,CUS02452,11,EMP0165,Vodafone Cash,,Completed,696,410
ORD0004488,3/11/2024,20240311,CUS00568,14,EMP0200,Fawry,,Completed,976.5,540
ORD0002208,3/11/2024,20240311,CUS01312,4,EMP0081,Debit Card,,Completed,860,420
ORD0005628,3/11/2024,20240311,CUS00461,12,EMP0181,InstaPay,,Completed,1720,840
ORD0008834,3/11/2024,20240311,CUS02790,13,EMP0193,Cash,,Completed,210,100
ORD0000641,3/12/2024,20240312,CUS00317,2,EMP0051,Vodafone Cash,,Completed,480,230
ORD0007160,3/12/2024,20240312,CUS00068,11,EMP0167,Fawry,,Completed,966,500
ORD0007208,3/12/2024,20240312,CUS00677,2,EMP0039,Vodafone Cash,,Completed,648,330
ORD0009317,3/12/2024,20240312,CUS00393,4,EMP0088,InstaPay,,Completed,2079.5,1100
ORD0006312,3/12/2024,20240312,CUS02844,3,EMP0072,InstaPay,,Completed,216,130
ORD0004954,3/12/2024,20240312,CUS00425,1,EMP0001,Cash,,Completed,740,360
ORD0005630,3/12/2024,20240312,CUS00822,8,EMP0139,InstaPay,,Completed,2690,1430
ORD0001318,3/12/2024,20240312,CUS01506,1,EMP0009,Vodafone Cash,,Cancelled,288,150
ORD0006292,3/12/2024,20240312,CUS00952,5,EMP0108,Cash,,Completed,870,460
ORD0009057,3/12/2024,20240312,CUS01261,11,EMP0166,Cash,,Completed,15704,12350
ORD0005229,3/12/2024,20240312,CUS02213,6,no_employee_id,Fawry,,Completed,475,240
ORD0010770,3/12/2024,20240312,CUS02281,2,EMP0047,Cash,,Completed,480,230
ORD0000360,3/13/2024,20240313,CUS00153,7,EMP0135,Vodafone Cash,,Cancelled,738,390
ORD0003043,3/13/2024,20240313,CUS01254,4,EMP0093,InstaPay,,Completed,1065,600
ORD0002830,3/13/2024,20240313,CUS02685,5,EMP0099,Cash,,Completed,126,70
ORD0003151,3/13/2024,20240313,CUS02154,6,EMP0120,InstaPay,,Completed,240,120
ORD0010384,3/13/2024,20240313,CUS00683,4,EMP0081,Debit Card,,Completed,1624.5,840
ORD0000017,3/13/2024,20240313,CUS01929,9,EMP0148,InstaPay,,Returned,8285,6540
ORD0011049,3/13/2024,20240313,CUS01227,13,EMP0185,Credit Card,,Completed,700,350
ORD0000335,3/13/2024,20240313,CUS02300,12,EMP0176,Vodafone Cash,,Returned,447,250
ORD0009656,3/13/2024,20240313,CUS02827,2,EMP0049,Cash,,Completed,150,70
ORD0011227,3/14/2024,20240314,CUS00642,5,EMP0096,InstaPay,,Cancelled,1800,1500
ORD0001775,3/14/2024,20240314,CUS00103,3,EMP0073,Credit Card,,Completed,1104,550
ORD0005155,3/14/2024,20240314,CUS01667,11,EMP0168,Debit Card,,Completed,520,250
ORD0011681,3/14/2024,20240314,CUS01335,5,EMP0110,Fawry,,Completed,932,470
ORD0002038,3/14/2024,20240314,CUS02565,14,EMP0199,Debit Card,,Completed,2622,1960
ORD0011419,3/14/2024,20240314,CUS01720,14,EMP0200,Debit Card,,Completed,1872,1000
ORD0009575,3/14/2024,20240314,CUS02383,6,EMP0118,Fawry,,Returned,2090,1020
ORD0011097,3/14/2024,20240314,CUS02867,6,EMP0120,Debit Card,,Completed,210,100
ORD0011164,3/14/2024,20240314,CUS02403,1,no_employee_id,Credit Card,,Completed,907,470
ORD0010276,3/14/2024,20240314,CUS01352,3,EMP0060,Fawry,,Completed,6634.5,5380
ORD0001431,3/15/2024,20240315,CUS01704,8,EMP0144,InstaPay,,Completed,221,120
ORD0010335,3/15/2024,20240315,CUS02155,4,EMP0092,Vodafone Cash,,Completed,1950,1380
ORD0000495,3/15/2024,20240315,CUS01170,7,EMP0135,Cash,,Completed,990,470
ORD0005354,3/15/2024,20240315,CUS01569,5,EMP0109,Fawry,,Completed,1030,490
ORD0010207,3/15/2024,20240315,CUS00285,7,EMP0128,Cash,,Completed,1746,880
ORD0003437,3/15/2024,20240315,CUS01183,5,EMP0098,Cash,,Completed,1200,590
ORD0011520,3/15/2024,20240315,CUS00926,4,EMP0091,Cash,,Completed,1398,740
ORD0006656,3/15/2024,20240315,CUS02254,6,EMP0120,InstaPay,,Completed,17789,13710
ORD0007003,3/15/2024,20240315,CUS01774,2,EMP0050,Cash,,Returned,698,340
ORD0006098,3/16/2024,20240316,CUS00774,1,EMP0019,Debit Card,,Completed,1226,610
ORD0008555,3/16/2024,20240316,CUS01612,6,EMP0122,Vodafone Cash,,Completed,684,360
ORD0010046,3/16/2024,20240316,CUS02306,7,EMP0130,InstaPay,,Completed,1040,520
ORD0005980,3/16/2024,20240316,CUS00563,3,no_employee_id,Vodafone Cash,,Completed,16620,14770
ORD0002642,3/16/2024,20240316,CUS02549,11,EMP0166,Debit Card,,Returned,1390,720
ORD0010599,3/16/2024,20240316,CUS01620,1,EMP0005,Fawry,,Completed,548.5,280
ORD0000012,3/16/2024,20240316,CUS01090,3,EMP0073,Debit Card,,Completed,2360,1160
ORD0003097,3/16/2024,20240316,CUS00466,1,EMP0011,Cash,,Completed,1051,530
ORD0003541,3/16/2024,20240316,CUS00543,2,EMP0029,Fawry,,Completed,1410,690
ORD0007267,3/16/2024,20240316,CUS01265,4,EMP0087,Cash,,Completed,330.5,160
ORD0006701,3/16/2024,20240316,CUS00187,10,EMP0163,Fawry,,Completed,470,220
ORD0001203,3/16/2024,20240316,CUS01925,1,EMP0020,Fawry,,Completed,850,420
ORD0011471,3/17/2024,20240317,CUS01309,12,EMP0175,Fawry,,Completed,872.5,420
ORD0005786,3/17/2024,20240317,CUS00391,4,no_employee_id,Cash,,Completed,380,180
ORD0008564,3/17/2024,20240317,CUS00571,4,EMP0080,InstaPay,,Completed,558.5,330
ORD0005806,3/17/2024,20240317,CUS01998,11,EMP0168,Cash,,Completed,1773,950
ORD0008856,3/17/2024,20240317,CUS01707,1,EMP0019,Cash,,Completed,4000,4000
ORD0004236,3/17/2024,20240317,CUS02583,4,EMP0084,Cash,,Completed,1232,630
ORD0008437,3/17/2024,20240317,CUS00662,5,EMP0108,Fawry,,Returned,11448,9680
ORD0003926,3/17/2024,20240317,CUS02043,1,EMP0014,Fawry,,Completed,13455.5,10630
ORD0005919,3/17/2024,20240317,CUS02653,4,EMP0090,Vodafone Cash,,Completed,3984,2000
ORD0009259,3/17/2024,20240317,CUS00027,5,EMP0112,Debit Card,,Completed,7740,8140
ORD0009897,3/17/2024,20240317,CUS01329,5,EMP0112,Credit Card,,Completed,19309,15330
ORD0002280,3/17/2024,20240317,CUS00407,3,EMP0058,Vodafone Cash,,Completed,747,410
ORD0000056,3/18/2024,20240318,CUS02933,14,EMP0202,Cash,,Completed,240,120
ORD0009335,3/18/2024,20240318,CUS01879,3,EMP0074,Fawry,,Completed,427.5,270
ORD0002325,3/18/2024,20240318,CUS00827,1,EMP0014,Debit Card,,Completed,610,300
ORD0008753,3/18/2024,20240318,CUS01180,9,EMP0146,Cash,,Completed,1869,960
ORD0001728,3/18/2024,20240318,CUS00437,12,EMP0179,Cash,,Completed,495,260
ORD0008604,3/18/2024,20240318,CUS01427,11,EMP0166,Debit Card,,Completed,98,60
ORD0006807,3/18/2024,20240318,CUS02089,9,EMP0151,Fawry,,Returned,1496,880
ORD0006722,3/18/2024,20240318,CUS02760,4,EMP0091,Debit Card,,Completed,220,100
ORD0000889,3/19/2024,20240319,CUS00242,7,EMP0135,Cash,,Completed,722,370
ORD0003070,3/19/2024,20240319,CUS01395,2,EMP0039,InstaPay,,Completed,39168.5,32810
ORD0010472,3/19/2024,20240319,CUS00004,6,EMP0117,Credit Card,,Completed,7273,8160
ORD0011217,3/19/2024,20240319,CUS01248,1,EMP0009,InstaPay,,Completed,192,120
ORD0009483,3/19/2024,20240319,CUS02503,2,EMP0033,Credit Card,,Completed,720,360
ORD0003287,3/19/2024,20240319,CUS00272,12,EMP0176,Debit Card,,Completed,1550,920
ORD0003374,3/19/2024,20240319,CUS00450,13,EMP0185,InstaPay,,Completed,631.5,340
ORD0006142,3/20/2024,20240320,CUS01433,2,EMP0046,Credit Card,,Completed,5497,4810
ORD0002114,3/20/2024,20240320,CUS02798,8,EMP0144,Debit Card,,Completed,416.5,230
ORD0008229,3/20/2024,20240320,CUS01603,2,EMP0033,Credit Card,,Completed,907,470
ORD0005195,3/20/2024,20240320,CUS01912,3,EMP0066,Fawry,,Completed,10900,11400
ORD0003352,3/20/2024,20240320,CUS00964,5,EMP0110,Vodafone Cash,,Completed,475,240
ORD0005329,3/20/2024,20240320,CUS01659,12,EMP0182,Cash,,Completed,1075.5,610
ORD0006081,3/20/2024,20240320,CUS01085,3,EMP0057,InstaPay,,Completed,1460,750
ORD0005995,3/20/2024,20240320,CUS00948,3,EMP0072,Cash,,Completed,2124,1400
ORD0008074,3/20/2024,20240320,CUS01271,1,EMP0011,Fawry,,Completed,6160,4820
ORD0007754,3/20/2024,20240320,CUS01014,7,EMP0132,Fawry,,Completed,1583,1140
ORD0002351,3/20/2024,20240320,CUS00177,9,EMP0146,Vodafone Cash,,Completed,16308,14340
ORD0010544,3/20/2024,20240320,CUS00445,12,EMP0174,Debit Card,,Returned,2193,1110
ORD0004915,3/20/2024,20240320,CUS01197,1,EMP0024,InstaPay,,Completed,618,330
ORD0009719,3/20/2024,20240320,CUS02848,8,EMP0144,Fawry,,Returned,504,280
ORD0001410,3/20/2024,20240320,CUS01638,6,EMP0115,InstaPay,,Completed,2683.5,1520
ORD0000621,3/20/2024,20240320,CUS00299,7,EMP0131,Credit Card,,Completed,3733,1850
ORD0010951,3/20/2024,20240320,CUS01684,15,EMP0208,Vodafone Cash,,Completed,2806,1400
ORD0003454,3/20/2024,20240320,CUS00796,3,EMP0076,Credit Card,,Completed,1371,670
ORD0007326,3/21/2024,20240321,CUS00788,2,EMP0047,Debit Card,,Completed,820,460
ORD0001572,3/21/2024,20240321,CUS02327,8,EMP0138,Credit Card,,Completed,243,120
ORD0004326,3/21/2024,20240321,CUS00081,2,EMP0038,Debit Card,,Completed,1408,1010
ORD0008143,3/21/2024,20240321,CUS00817,2,EMP0037,Debit Card,,Returned,12650,9780
ORD0001610,3/21/2024,20240321,CUS02486,3,EMP0068,InstaPay,,Completed,1499,870
ORD0008079,3/21/2024,20240321,CUS00856,1,EMP0019,Vodafone Cash,,Completed,1525,880
ORD0011581,3/21/2024,20240321,CUS02246,5,EMP0098,Fawry,,Returned,2822,1410
ORD0001747,3/21/2024,20240321,CUS02079,2,EMP0030,Credit Card,,Completed,1045.5,530
ORD0003345,3/21/2024,20240321,CUS01257,4,EMP0085,InstaPay,,Cancelled,7500,6000
ORD0002904,3/21/2024,20240321,CUS00889,3,EMP0073,Cash,,Completed,85.5,40
ORD0003790,3/21/2024,20240321,CUS02586,5,EMP0095,Debit Card,,Completed,960,460
ORD0001774,3/21/2024,20240321,CUS01602,11,EMP0164,Cash,,Cancelled,540,290
ORD0006275,3/22/2024,20240322,CUS00115,9,EMP0146,Credit Card,,Completed,2291,1800
ORD0000527,3/22/2024,20240322,CUS00584,15,EMP0207,Fawry,,Completed,1590,760
ORD0008797,3/22/2024,20240322,CUS02091,2,EMP0049,Vodafone Cash,,Completed,1319,720
ORD0005654,3/22/2024,20240322,CUS02414,6,EMP0115,Fawry,,Completed,983,550
ORD0005188,3/22/2024,20240322,CUS02325,14,EMP0200,Cash,,Cancelled,404,250
ORD0004679,3/22/2024,20240322,CUS00226,1,EMP0014,InstaPay,,Completed,33188,31260
ORD0001265,3/22/2024,20240322,CUS02059,7,EMP0131,Vodafone Cash,,Completed,14547,12110
ORD0001648,3/22/2024,20240322,CUS01630,2,EMP0044,Vodafone Cash,,Completed,1040,510
ORD0011363,3/22/2024,20240322,CUS01459,7,EMP0135,Debit Card,,Completed,726.5,390
ORD0009572,3/22/2024,20240322,CUS01510,11,EMP0171,Cash,,Completed,2538,1260
ORD0002163,3/22/2024,20240322,CUS02784,3,EMP0069,Fawry,,Completed,1278,660
ORD0001768,3/22/2024,20240322,CUS00436,1,EMP0019,InstaPay,,Completed,4500,4800
ORD0010938,3/22/2024,20240322,CUS01473,10,EMP0162,InstaPay,,Completed,16954,14960
ORD0008242,3/22/2024,20240322,CUS00618,12,EMP0183,Credit Card,,Returned,280,140
ORD0001106,3/22/2024,20240322,CUS01772,7,EMP0130,Credit Card,,Returned,28760,24130
ORD0000790,3/23/2024,20240323,CUS00292,15,EMP0208,Fawry,,Completed,130,60
ORD0010352,3/23/2024,20240323,CUS02941,2,EMP0037,InstaPay,,Completed,380,180
ORD0006866,3/23/2024,20240323,CUS02044,1,EMP0003,Credit Card,,Returned,2460,1190
ORD0008551,3/23/2024,20240323,CUS00790,2,EMP0054,Fawry,,Completed,1839,920
ORD0007469,3/23/2024,20240323,CUS02513,11,no_employee_id,Vodafone Cash,,Completed,1066,530
ORD0002986,3/23/2024,20240323,CUS00335,1,no_employee_id,Credit Card,,Completed,1782.5,930
ORD0006015,3/23/2024,20240323,CUS01401,2,EMP0046,Fawry,,Cancelled,1040,520
ORD0011796,3/23/2024,20240323,CUS02379,11,EMP0169,Vodafone Cash,,Completed,13501,12340
ORD0005250,3/23/2024,20240323,CUS01716,11,EMP0168,Debit Card,,Completed,260,130
ORD0011563,3/24/2024,20240324,CUS00204,4,EMP0085,Fawry,,Completed,9994,9930
ORD0007527,3/24/2024,20240324,CUS02841,6,EMP0120,Credit Card,,Returned,853,420
ORD0003716,3/24/2024,20240324,CUS00465,4,EMP0084,Fawry,,Completed,1416,870
ORD0003450,3/24/2024,20240324,CUS01972,5,EMP0104,Credit Card,,Completed,940,440
ORD0002528,3/24/2024,20240324,CUS02231,1,EMP0016,Debit Card,,Completed,2056,1060
ORD0006183,3/24/2024,20240324,CUS01278,1,no_employee_id,Cash,,Completed,833.5,410
ORD0005799,3/24/2024,20240324,CUS01327,1,EMP0013,Credit Card,,Completed,144,70
ORD0000494,3/24/2024,20240324,CUS01676,12,EMP0181,Fawry,,Completed,765,450
ORD0002959,3/24/2024,20240324,CUS02281,10,EMP0153,InstaPay,,Completed,120,70
ORD0001447,3/24/2024,20240324,CUS02521,2,EMP0039,Fawry,,Completed,2181.5,1160
ORD0003429,3/24/2024,20240324,CUS02418,3,EMP0077,InstaPay,,Completed,979,490
ORD0009884,3/25/2024,20240325,CUS01425,5,EMP0106,Cash,,Completed,1661.5,870
ORD0011542,3/25/2024,20240325,CUS02965,6,EMP0126,InstaPay,,Completed,17892,16570
ORD0005422,3/25/2024,20240325,CUS02211,2,EMP0043,Debit Card,,Completed,150,70
ORD0004828,3/25/2024,20240325,CUS02921,3,EMP0062,Credit Card,,Completed,736,400
ORD0000094,3/25/2024,20240325,CUS00052,11,EMP0166,Debit Card,,Completed,20250,19000
ORD0006560,3/25/2024,20240325,CUS01393,6,EMP0113,Cash,,Completed,24652,19630
ORD0006362,3/26/2024,20240326,CUS00555,11,EMP0172,Vodafone Cash,,Completed,530,260
ORD0007828,3/26/2024,20240326,CUS02716,13,EMP0185,Fawry,,Completed,1661.5,940
ORD0007859,3/26/2024,20240326,CUS00972,11,EMP0164,Vodafone Cash,,Completed,720,420
ORD0006335,3/26/2024,20240326,CUS02670,4,EMP0085,Vodafone Cash,,Completed,1915.5,940
ORD0005604,3/26/2024,20240326,CUS00551,2,EMP0036,InstaPay,,Completed,1273,700
ORD0009566,3/26/2024,20240326,CUS02519,10,EMP0160,Credit Card,,Completed,123.5,60
ORD0005124,3/26/2024,20240326,CUS02703,7,EMP0131,InstaPay,,Completed,36038,28720
ORD0010569,3/26/2024,20240326,CUS02550,14,EMP0201,InstaPay,,Completed,11905,9810
ORD0005951,3/26/2024,20240326,CUS01235,3,EMP0078,Cash,,Completed,320,160
ORD0003312,3/26/2024,20240326,CUS02056,5,EMP0104,Cash,,Completed,1656,840
ORD0003057,3/26/2024,20240326,CUS00421,4,EMP0087,InstaPay,,Completed,207,110
ORD0008190,3/26/2024,20240326,CUS01650,7,EMP0131,Fawry,,Completed,1677.5,830
ORD0011091,3/27/2024,20240327,CUS01772,14,EMP0199,Vodafone Cash,,Completed,11969.5,10550
ORD0000006,3/27/2024,20240327,CUS01574,11,EMP0172,Credit Card,,Completed,288,180
ORD0001606,3/27/2024,20240327,CUS02617,13,EMP0189,Credit Card,,Completed,6300,5600
ORD0001558,3/27/2024,20240327,CUS00440,8,EMP0142,Cash,,Cancelled,1089.5,610
ORD0010493,3/27/2024,20240327,CUS01373,2,EMP0044,Debit Card,,Completed,98,60
ORD0005636,3/27/2024,20240327,CUS00346,11,EMP0171,Credit Card,,Cancelled,1341,760
ORD0008644,3/27/2024,20240327,CUS00165,9,EMP0147,Vodafone Cash,,Completed,4064,2860
ORD0002957,3/27/2024,20240327,CUS00602,3,EMP0075,InstaPay,,Completed,739.5,420
ORD0010961,3/27/2024,20240327,CUS01277,3,EMP0057,Debit Card,,Completed,430,210
ORD0007319,3/27/2024,20240327,CUS01044,8,EMP0137,InstaPay,,Completed,1030,500
ORD0002985,3/27/2024,20240327,CUS02991,2,EMP0038,Credit Card,,Completed,247,130
ORD0010602,3/27/2024,20240327,CUS01968,2,EMP0047,Debit Card,,Completed,1260,650
ORD0000042,3/28/2024,20240328,CUS02171,15,EMP0216,InstaPay,,Completed,27270,24300
ORD0004391,3/28/2024,20240328,CUS00287,7,EMP0128,Credit Card,,Completed,830,410
ORD0011770,3/28/2024,20240328,CUS02841,1,EMP0001,InstaPay,,Completed,320,140
ORD0002166,3/28/2024,20240328,CUS02205,15,EMP0215,Fawry,,Completed,718,400
ORD0006143,3/28/2024,20240328,CUS02167,14,EMP0195,InstaPay,,Returned,280,120
ORD0004974,3/28/2024,20240328,CUS01968,13,EMP0190,Cash,,Returned,990,640
ORD0006445,3/28/2024,20240328,CUS00784,5,EMP0106,Credit Card,,Completed,90,40
ORD0005171,3/28/2024,20240328,CUS00225,11,EMP0168,Cash,,Completed,15582.5,11850
ORD0009125,3/28/2024,20240328,CUS01300,3,EMP0072,Credit Card,,Completed,617.5,300
ORD0001580,3/28/2024,20240328,CUS00476,7,EMP0136,Debit Card,,Completed,920,440
ORD0004514,3/29/2024,20240329,CUS02610,1,EMP0024,Credit Card,,Completed,230,110
ORD0001048,3/29/2024,20240329,CUS01765,6,EMP0125,Credit Card,,Completed,532,240
ORD0007881,3/29/2024,20240329,CUS01268,3,EMP0064,Credit Card,,Completed,1010,490
ORD0005281,3/29/2024,20240329,CUS01134,3,EMP0065,Vodafone Cash,,Completed,2547,1290
ORD0010767,3/29/2024,20240329,CUS01854,1,EMP0001,InstaPay,,Completed,351,180
ORD0008774,3/29/2024,20240329,CUS01828,2,EMP0030,Cash,,Completed,666,330
ORD0001455,3/29/2024,20240329,CUS01260,12,EMP0175,Debit Card,,Completed,119,60
ORD0004670,3/29/2024,20240329,CUS00321,3,EMP0075,Credit Card,,Completed,1461,810
ORD0001810,3/29/2024,20240329,CUS02782,12,EMP0175,Debit Card,,Completed,1584,830
ORD0010918,3/29/2024,20240329,CUS01410,9,EMP0149,Fawry,,Returned,900,800
ORD0003978,3/29/2024,20240329,CUS01446,11,EMP0171,Credit Card,,Completed,1065,520
ORD0006013,3/29/2024,20240329,CUS01586,1,EMP0001,Debit Card,,Returned,140,70
ORD0006846,3/29/2024,20240329,CUS00644,4,EMP0085,Vodafone Cash,,Cancelled,1112,620
ORD0006935,3/30/2024,20240330,CUS02405,3,EMP0062,InstaPay,,Completed,1577,820
ORD0005441,3/30/2024,20240330,CUS00051,3,EMP0059,Fawry,,Completed,1023.5,540
ORD0008212,3/30/2024,20240330,CUS01791,8,EMP0143,Debit Card,,Returned,333,180
ORD0004583,3/30/2024,20240330,CUS01560,1,EMP0023,Debit Card,,Completed,828,450
ORD0005280,3/30/2024,20240330,CUS00663,1,no_employee_id,Debit Card,,Completed,213,110
ORD0008873,3/30/2024,20240330,CUS01346,3,EMP0075,Cash,,Completed,360,210
ORD0010020,3/30/2024,20240330,CUS02089,15,EMP0215,Credit Card,,Completed,4009.5,3230
ORD0002729,3/30/2024,20240330,CUS02596,2,no_employee_id,Credit Card,,Completed,1345.5,760
ORD0008691,3/30/2024,20240330,CUS02063,3,EMP0063,Vodafone Cash,,Returned,800,430
ORD0002595,3/31/2024,20240331,CUS02261,3,EMP0058,Cash,,Completed,952,480
ORD0005935,3/31/2024,20240331,CUS01569,6,no_employee_id,InstaPay,,Completed,861,430
ORD0002294,3/31/2024,20240331,CUS00618,1,EMP0009,Cash,,Completed,1812,890
ORD0010362,3/31/2024,20240331,CUS02254,3,EMP0067,Fawry,,Completed,160,70
ORD0011750,3/31/2024,20240331,CUS01255,15,EMP0204,Debit Card,,Completed,2460.5,1340
ORD0007170,3/31/2024,20240331,CUS02345,4,EMP0081,Fawry,,Completed,2578,1390
ORD0011042,3/31/2024,20240331,CUS02661,2,EMP0034,Vodafone Cash,,Completed,119,70
ORD0007990,4/1/2024,20240401,CUS02895,8,EMP0144,Credit Card,,Completed,296,180
ORD0006141,4/1/2024,20240401,CUS00081,4,EMP0085,Vodafone Cash,,Completed,1448,740
ORD0002327,4/1/2024,20240401,CUS01316,1,EMP0011,Credit Card,,Completed,1009,500
ORD0008619,4/1/2024,20240401,CUS02106,13,EMP0185,Credit Card,,Completed,384,230
ORD0011921,4/1/2024,20240401,CUS02324,9,EMP0151,Credit Card,,Completed,788.5,410
ORD0004261,4/1/2024,20240401,CUS02037,2,EMP0038,InstaPay,,Completed,512.5,290
ORD0008174,4/1/2024,20240401,CUS01262,8,EMP0141,Credit Card,,Completed,90,40
ORD0005336,4/1/2024,20240401,CUS01036,4,no_employee_id,Vodafone Cash,,Completed,2261,1740
ORD0007320,4/2/2024,20240402,CUS01755,2,EMP0054,Fawry,,Completed,160,70
ORD0001512,4/2/2024,20240402,CUS00271,4,EMP0088,Debit Card,,Completed,712,380
ORD0000706,4/2/2024,20240402,CUS00084,12,EMP0182,Debit Card,,Returned,10560,10500
ORD0001674,4/2/2024,20240402,CUS02415,1,EMP0012,Debit Card,,Completed,512,260
ORD0008772,4/2/2024,20240402,CUS01088,1,EMP0009,Credit Card,,Completed,1749,950
ORD0000413,4/2/2024,20240402,CUS00992,1,EMP0025,Credit Card,,Completed,365.5,210
ORD0005554,4/2/2024,20240402,CUS02663,4,EMP0079,Fawry,,Completed,3223,1730
ORD0010764,4/2/2024,20240402,CUS01775,15,EMP0211,Cash,,Completed,15690,13430
ORD0005922,4/2/2024,20240402,CUS02343,1,no_employee_id,Vodafone Cash,,Completed,576,300
ORD0002617,4/2/2024,20240402,CUS01662,12,EMP0176,Cash,,Completed,324,180
ORD0002964,4/2/2024,20240402,CUS01933,10,EMP0152,Credit Card,,Completed,900,440
ORD0000404,4/2/2024,20240402,CUS00692,3,EMP0059,Vodafone Cash,,Completed,218.5,110
ORD0011841,4/2/2024,20240402,CUS01037,2,EMP0045,InstaPay,,Completed,142.5,70
ORD0009856,4/3/2024,20240403,CUS00557,2,EMP0045,InstaPay,,Completed,612,320
ORD0002677,4/3/2024,20240403,CUS00821,6,EMP0122,InstaPay,,Completed,1132,670
ORD0006334,4/3/2024,20240403,CUS02480,9,EMP0149,Fawry,,Completed,5372,5850
ORD0009044,4/3/2024,20240403,CUS00953,4,EMP0083,InstaPay,,Completed,1996,1040
ORD0001604,4/3/2024,20240403,CUS01841,3,EMP0069,Fawry,,Completed,1293,710
ORD0003371,4/3/2024,20240403,CUS00641,7,EMP0131,Vodafone Cash,,Completed,504,250
ORD0000567,4/3/2024,20240403,CUS00411,6,EMP0115,Debit Card,,Completed,472,290
ORD0009253,4/3/2024,20240403,CUS02402,10,EMP0155,Debit Card,,Completed,399,200
ORD0000818,4/3/2024,20240403,CUS02582,11,EMP0169,Fawry,,Completed,256.5,120
ORD0003551,4/3/2024,20240403,CUS02550,3,EMP0057,Credit Card,,Completed,1355,710
ORD0002614,4/4/2024,20240404,CUS02347,2,EMP0032,InstaPay,,Completed,225,120
ORD0009532,4/4/2024,20240404,CUS00981,7,EMP0130,InstaPay,,Returned,1699,900
ORD0005795,4/4/2024,20240404,CUS00541,4,EMP0085,InstaPay,,Returned,142.5,70
ORD0011815,4/4/2024,20240404,CUS02303,6,EMP0125,Cash,,Returned,1135,590
ORD0001789,4/4/2024,20240404,CUS00420,5,EMP0103,Credit Card,,Completed,392.5,200
ORD0002560,4/4/2024,20240404,CUS00837,7,EMP0127,Credit Card,,Completed,11350,8970
ORD0006765,4/4/2024,20240404,CUS01455,12,EMP0174,Vodafone Cash,,Cancelled,909,450
ORD0000021,4/4/2024,20240404,CUS00826,3,EMP0074,Fawry,,Completed,480,210
ORD0003575,4/4/2024,20240404,CUS01897,1,no_employee_id,Vodafone Cash,,Completed,161,110
ORD0002673,4/4/2024,20240404,CUS01708,7,EMP0132,InstaPay,,Completed,160,70
ORD0008116,4/4/2024,20240404,CUS00015,12,EMP0179,Debit Card,,Completed,1575,850
ORD0007866,4/4/2024,20240404,CUS01161,14,EMP0201,Credit Card,,Completed,549,300
ORD0004275,4/4/2024,20240404,CUS00302,4,EMP0084,Cash,,Completed,286,140
ORD0005486,4/4/2024,20240404,CUS02128,10,EMP0159,Cash,,Completed,240,110
ORD0007126,4/5/2024,20240405,CUS00402,11,EMP0166,Debit Card,,Completed,822,420
ORD0000851,4/5/2024,20240405,CUS02319,4,EMP0091,Fawry,,Completed,670,320
ORD0006749,4/5/2024,20240405,CUS00820,1,EMP0021,InstaPay,,Completed,1130,560
ORD0011161,4/5/2024,20240405,CUS01035,1,EMP0007,Debit Card,,Completed,306,180
ORD0007314,4/5/2024,20240405,CUS01469,1,EMP0026,InstaPay,,Completed,2944,1620
ORD0011910,4/5/2024,20240405,CUS01009,1,EMP0008,InstaPay,,Completed,4473,3310
ORD0009967,4/5/2024,20240405,CUS01444,4,EMP0094,Credit Card,,Completed,10803.5,8450
ORD0000496,4/5/2024,20240405,CUS02934,2,EMP0030,Debit Card,,Completed,437,220
ORD0000200,4/5/2024,20240405,CUS01320,4,EMP0090,InstaPay,,Returned,1470,690
ORD0001555,4/5/2024,20240405,CUS01550,4,EMP0086,Fawry,,Completed,1266,620
ORD0008422,4/5/2024,20240405,CUS02784,2,no_employee_id,Credit Card,,Returned,1192,590
ORD0010118,4/5/2024,20240405,CUS01218,5,EMP0112,Vodafone Cash,,Completed,812,420
ORD0004781,4/5/2024,20240405,CUS02624,4,EMP0083,Credit Card,,Completed,2273.5,1270
ORD0011885,4/6/2024,20240406,CUS01808,4,EMP0092,Fawry,,Completed,442,280
ORD0000757,4/6/2024,20240406,CUS00391,2,EMP0043,Fawry,,Completed,3895,2180
ORD0001779,4/6/2024,20240406,CUS01232,2,EMP0049,Debit Card,,Returned,105,70
ORD0003001,4/6/2024,20240406,CUS01675,7,EMP0135,Vodafone Cash,,Completed,3315,2000
ORD0011033,4/6/2024,20240406,CUS02186,12,EMP0177,Credit Card,,Completed,940,460
ORD0008784,4/6/2024,20240406,CUS01665,9,EMP0145,Fawry,,Completed,1884,1000
ORD0000302,4/6/2024,20240406,CUS00867,15,EMP0207,Debit Card,,Completed,1350,660
ORD0005076,4/6/2024,20240406,CUS00640,2,EMP0051,Debit Card,,Returned,140,60
ORD0005933,4/6/2024,20240406,CUS02558,2,EMP0048,Credit Card,,Completed,630,310
ORD0000569,4/6/2024,20240406,CUS02296,10,EMP0152,Debit Card,,Completed,249,140
ORD0000139,4/6/2024,20240406,CUS01599,5,no_employee_id,Vodafone Cash,,Returned,2880,2800
ORD0006580,4/6/2024,20240406,CUS01906,2,EMP0029,InstaPay,,Returned,18033,16580
ORD0006894,4/6/2024,20240406,CUS02932,9,EMP0145,Credit Card,,Completed,2667,2040
ORD0006763,4/7/2024,20240407,CUS02914,15,no_employee_id,Cash,,Completed,171,90
ORD0006003,4/7/2024,20240407,CUS00136,9,EMP0150,Vodafone Cash,,Completed,3540,2950
ORD0003571,4/7/2024,20240407,CUS00605,6,EMP0113,Cash,,Completed,39646,33930
ORD0001269,4/7/2024,20240407,CUS02043,11,no_employee_id,Fawry,,Completed,504,310
ORD0002762,4/7/2024,20240407,CUS00578,14,EMP0194,Cash,,Completed,396,220
ORD0003433,4/7/2024,20240407,CUS01067,12,EMP0180,Cash,,Completed,444,210
ORD0010324,4/7/2024,20240407,CUS01239,4,EMP0083,Vodafone Cash,,Completed,720,400
ORD0001293,4/7/2024,20240407,CUS00472,6,EMP0121,Cash,,Completed,1338,670
ORD0002395,4/7/2024,20240407,CUS02829,9,EMP0149,Debit Card,,Completed,484.5,250
ORD0000112,4/7/2024,20240407,CUS00081,2,EMP0031,Cash,,Completed,440,200
ORD0002543,4/7/2024,20240407,CUS01766,12,EMP0175,InstaPay,,Completed,11493,8800
ORD0011455,4/7/2024,20240407,CUS00336,3,EMP0059,Credit Card,,Completed,10090,8180
ORD0010194,4/8/2024,20240408,CUS02882,6,EMP0118,Credit Card,,Completed,1924,1150
ORD0009146,4/8/2024,20240408,CUS00909,7,EMP0127,Debit Card,,Completed,1197.5,610
ORD0010098,4/8/2024,20240408,CUS01883,1,no_employee_id,Vodafone Cash,,Completed,475,250
ORD0010501,4/8/2024,20240408,CUS00478,2,EMP0032,InstaPay,,Completed,5516,2840
ORD0004333,4/8/2024,20240408,CUS01208,14,EMP0195,Vodafone Cash,,Completed,1051,590
ORD0004281,4/8/2024,20240408,CUS02154,6,EMP0124,Vodafone Cash,,Completed,105,70
ORD0009457,4/8/2024,20240408,CUS02593,2,EMP0054,Credit Card,,Completed,105,70
ORD0007089,4/8/2024,20240408,CUS00519,10,EMP0159,Vodafone Cash,,Completed,694,390
ORD0011963,4/8/2024,20240408,CUS02198,12,EMP0177,Vodafone Cash,,Completed,992,550
ORD0006023,4/8/2024,20240408,CUS02082,5,EMP0097,Debit Card,,Completed,2167.5,1260
ORD0006356,4/8/2024,20240408,CUS01950,10,EMP0155,InstaPay,,Completed,736,410
ORD0007535,4/9/2024,20240409,CUS00488,6,EMP0120,Credit Card,,Completed,2585,1370
ORD0005450,4/9/2024,20240409,CUS01768,10,EMP0155,Cash,,Completed,400,240
ORD0001190,4/9/2024,20240409,CUS00746,8,EMP0144,Vodafone Cash,,Completed,275.5,130
ORD0005370,4/9/2024,20240409,CUS00143,1,no_employee_id,Debit Card,,Completed,3993.5,1990
ORD0010012,4/9/2024,20240409,CUS00509,7,EMP0133,Debit Card,,Returned,1607,860
ORD0002040,4/9/2024,20240409,CUS00410,13,EMP0187,Fawry,,Completed,1340,660
ORD0009977,4/9/2024,20240409,CUS01774,1,EMP0027,InstaPay,,Completed,5833,4820
ORD0001907,4/9/2024,20240409,CUS01657,14,EMP0196,Debit Card,,Completed,160,70
ORD0003067,4/9/2024,20240409,CUS02271,5,EMP0111,InstaPay,,Completed,312,180
ORD0006687,4/9/2024,20240409,CUS00395,3,EMP0069,Fawry,,Completed,820,410
ORD0001259,4/9/2024,20240409,CUS02118,3,EMP0059,Debit Card,,Completed,720,340
ORD0003090,4/9/2024,20240409,CUS01888,1,EMP0023,InstaPay,,Completed,274,130
ORD0009804,4/9/2024,20240409,CUS02612,1,EMP0011,InstaPay,,Completed,3337,1740
ORD0010597,4/10/2024,20240410,CUS02028,6,no_employee_id,Vodafone Cash,,Returned,430,210
ORD0004220,4/10/2024,20240410,CUS02909,13,EMP0191,Credit Card,,Completed,152,80
ORD0003902,4/10/2024,20240410,CUS00967,2,EMP0037,Debit Card,,Completed,17485.5,13370
ORD0005668,4/10/2024,20240410,CUS02427,2,EMP0053,Cash,,Completed,1438.5,760
ORD0004748,4/10/2024,20240410,CUS01401,9,EMP0151,Vodafone Cash,,Cancelled,430,210
ORD0006128,4/10/2024,20240410,CUS00778,6,EMP0121,Fawry,,Completed,1314,720
ORD0001433,4/10/2024,20240410,CUS00934,4,EMP0085,Fawry,,Completed,351.5,180
ORD0006282,4/10/2024,20240410,CUS00744,14,EMP0198,Vodafone Cash,,Completed,13118,12610
ORD0005034,4/10/2024,20240410,CUS01624,1,EMP0025,Debit Card,,Completed,1782,920
ORD0001932,4/11/2024,20240411,CUS00244,3,EMP0068,InstaPay,,Returned,306,160
ORD0011315,4/11/2024,20240411,CUS02814,10,EMP0162,Fawry,,Completed,654,310
ORD0006288,4/11/2024,20240411,CUS00628,11,EMP0173,Debit Card,,Completed,480,230
ORD0006296,4/11/2024,20240411,CUS01531,13,EMP0192,Cash,,Returned,764,390
ORD0006892,4/11/2024,20240411,CUS02651,1,EMP0021,Fawry,,Completed,3293,1700
ORD0004577,4/11/2024,20240411,CUS00025,6,EMP0118,Cash,,Completed,864.5,450
ORD0007863,4/11/2024,20240411,CUS02124,1,EMP0013,Cash,,Completed,510,300
ORD0010040,4/11/2024,20240411,CUS02003,11,EMP0165,Fawry,,Completed,11590,9800
ORD0010541,4/11/2024,20240411,CUS00013,4,EMP0082,Vodafone Cash,,Returned,1212,620
ORD0009361,4/12/2024,20240412,CUS01220,10,EMP0161,InstaPay,,Completed,1720,860
ORD0006228,4/12/2024,20240412,CUS02974,12,EMP0176,Fawry,,Completed,1405,740
ORD0000041,4/12/2024,20240412,CUS00092,2,EMP0033,InstaPay,,Completed,2332,1190
ORD0007645,4/12/2024,20240412,CUS01323,2,EMP0032,Fawry,,Completed,2040,1000
ORD0001868,4/12/2024,20240412,CUS00866,2,EMP0030,Credit Card,,Completed,1152,600
ORD0001634,4/12/2024,20240412,CUS00107,12,EMP0176,Credit Card,,Returned,822,440
ORD0005479,4/13/2024,20240413,CUS00865,7,EMP0128,Debit Card,,Completed,590,290
ORD0004605,4/13/2024,20240413,CUS00700,3,EMP0058,Credit Card,,Completed,184,110
ORD0001010,4/13/2024,20240413,CUS02089,1,EMP0006,Vodafone Cash,,Completed,855,420
ORD0005971,4/13/2024,20240413,CUS00330,1,EMP0008,Vodafone Cash,,Completed,8671,6300
ORD0000172,4/13/2024,20240413,CUS00199,2,EMP0052,InstaPay,,Completed,1222,610
ORD0004017,4/13/2024,20240413,CUS00210,2,EMP0051,Vodafone Cash,,Completed,610,300
ORD0006200,4/13/2024,20240413,CUS02965,6,EMP0116,Credit Card,,Returned,1052,560
ORD0007581,4/13/2024,20240413,CUS01226,4,EMP0079,Debit Card,,Completed,5351.5,4180
ORD0000377,4/13/2024,20240413,CUS02635,10,EMP0156,Vodafone Cash,,Completed,347.5,170
ORD0003537,4/13/2024,20240413,CUS02984,7,EMP0128,Fawry,,Completed,560,280
ORD0009676,4/13/2024,20240413,CUS01273,10,EMP0160,Vodafone Cash,,Completed,7070,8100
ORD0003136,4/13/2024,20240413,CUS01027,1,EMP0024,InstaPay,,Completed,1760,860
ORD0000047,4/14/2024,20240414,CUS00542,4,EMP0084,Debit Card,,Completed,750,480
ORD0005362,4/14/2024,20240414,CUS01003,1,EMP0011,Credit Card,,Completed,18475,13980
ORD0001529,4/14/2024,20240414,CUS00167,6,EMP0121,InstaPay,,Completed,19800,15800
ORD0011548,4/14/2024,20240414,CUS02126,6,EMP0115,Vodafone Cash,,Completed,947,550
ORD0009562,4/14/2024,20240414,CUS02220,2,EMP0033,Cash,,Completed,2375,2000
ORD0010132,4/14/2024,20240414,CUS02492,2,EMP0029,Cash,,Returned,517,270
ORD0006922,4/14/2024,20240414,CUS01273,12,EMP0184,Debit Card,,Returned,2253.5,1200
ORD0000930,4/14/2024,20240414,CUS00052,1,EMP0027,Fawry,,Completed,1848,910
ORD0011356,4/15/2024,20240415,CUS02377,4,EMP0084,Cash,,Completed,170,90
ORD0002887,4/15/2024,20240415,CUS00662,6,EMP0113,Cash,,Completed,2023,1090
ORD0011774,4/15/2024,20240415,CUS02409,5,EMP0105,Vodafone Cash,,Completed,940,440
ORD0010686,4/15/2024,20240415,CUS00331,2,EMP0046,Cash,,Completed,560,280
ORD0004253,4/15/2024,20240415,CUS02335,2,EMP0042,Fawry,,Cancelled,2269,1150
ORD0007244,4/15/2024,20240415,CUS02163,3,no_employee_id,Credit Card,,Completed,1852.5,950
ORD0003953,4/15/2024,20240415,CUS02479,4,EMP0091,Debit Card,,Completed,10770,8400
ORD0002068,4/15/2024,20240415,CUS00901,3,EMP0059,InstaPay,,Completed,637.5,360
ORD0000441,4/15/2024,20240415,CUS01653,3,EMP0063,Credit Card,,Completed,1432,730
ORD0001343,4/15/2024,20240415,CUS02862,11,EMP0168,InstaPay,,Cancelled,1920,930
ORD0007222,4/15/2024,20240415,CUS00454,9,EMP0146,Fawry,,Cancelled,21600,19200
ORD0005660,4/15/2024,20240415,CUS01879,12,EMP0174,InstaPay,,Completed,450,220
ORD0010928,4/15/2024,20240415,CUS02186,1,EMP0022,Cash,,Completed,700,340
ORD0004586,4/15/2024,20240415,CUS00120,8,EMP0139,Debit Card,,Completed,961,460
ORD0003679,4/16/2024,20240416,CUS02690,6,EMP0118,Fawry,,Completed,133,70
ORD0011416,4/16/2024,20240416,CUS01484,7,EMP0131,Cash,,Completed,2856,1890
ORD0004453,4/16/2024,20240416,CUS01017,3,EMP0073,Fawry,,Completed,42240,42000
ORD0001437,4/16/2024,20240416,CUS00570,3,EMP0067,Debit Card,,Completed,1072,640
ORD0001681,4/16/2024,20240416,CUS02269,3,EMP0074,Cash,,Completed,180,80
ORD0000384,4/16/2024,20240416,CUS00749,2,EMP0037,Cash,,Completed,622.5,280
ORD0004401,4/16/2024,20240416,CUS02251,1,EMP0010,Debit Card,,Completed,189,100
ORD0009300,4/16/2024,20240416,CUS00069,3,EMP0065,Vodafone Cash,,Completed,228,110
ORD0006762,4/16/2024,20240416,CUS00102,2,EMP0052,Cash,,Completed,706,380
ORD0004286,4/16/2024,20240416,CUS01657,5,EMP0095,Cash,,Returned,5640,4270
ORD0000423,4/16/2024,20240416,CUS01184,10,EMP0162,Vodafone Cash,,Cancelled,6925,4960
ORD0007689,4/16/2024,20240416,CUS02316,11,EMP0164,Cash,,Returned,15300,12000
ORD0001879,4/16/2024,20240416,CUS02327,3,EMP0061,Fawry,,Completed,1170,570
ORD0009514,4/16/2024,20240416,CUS02938,5,EMP0096,Credit Card,,Completed,952,470
ORD0010254,4/17/2024,20240417,CUS00368,3,EMP0071,Fawry,,Returned,10212,9000
ORD0006559,4/17/2024,20240417,CUS01023,8,no_employee_id,Cash,,Completed,16938,14960
ORD0001804,4/17/2024,20240417,CUS02353,2,EMP0036,Fawry,,Completed,1013,510
ORD0002605,4/17/2024,20240417,CUS00686,1,EMP0017,Vodafone Cash,,Completed,1440,700
ORD0001025,4/17/2024,20240417,CUS00450,7,EMP0132,InstaPay,,Returned,2114,1070
ORD0011098,4/17/2024,20240417,CUS00296,15,EMP0207,InstaPay,,Completed,95,40
ORD0002187,4/17/2024,20240417,CUS00636,8,EMP0137,Debit Card,,Completed,412,210
ORD0005383,4/17/2024,20240417,CUS00701,7,no_employee_id,InstaPay,,Completed,3604,1870
ORD0006789,4/17/2024,20240417,CUS00112,5,EMP0108,InstaPay,,Completed,3590,2370
ORD0011275,4/17/2024,20240417,CUS02731,2,EMP0033,Fawry,,Completed,2537,1860
ORD0008800,4/17/2024,20240417,CUS01621,4,EMP0093,Vodafone Cash,,Completed,1105,610
ORD0009691,4/17/2024,20240417,CUS00990,6,EMP0123,Debit Card,,Completed,4930,4210
ORD0010630,4/17/2024,20240417,CUS01010,15,EMP0208,InstaPay,,Completed,105,70
ORD0006732,4/17/2024,20240417,CUS02474,10,EMP0163,Debit Card,,Completed,940,460
ORD0011061,4/18/2024,20240418,CUS01399,10,EMP0155,Vodafone Cash,,Completed,38955,36280
ORD0011586,4/18/2024,20240418,CUS02936,3,EMP0077,InstaPay,,Completed,2700,2400
ORD0000314,4/18/2024,20240418,CUS01543,1,EMP0023,InstaPay,,Completed,2496,1590
ORD0005619,4/18/2024,20240418,CUS00410,1,EMP0024,Debit Card,,Completed,814,400
ORD0011509,4/18/2024,20240418,CUS02229,14,EMP0197,Fawry,,Completed,744.5,370
ORD0007720,4/18/2024,20240418,CUS00149,2,EMP0053,Cash,,Completed,1213,620
ORD0006084,4/18/2024,20240418,CUS01916,10,EMP0152,Cash,,Completed,530.5,290
ORD0010389,4/18/2024,20240418,CUS02084,7,EMP0135,Fawry,,Completed,76.5,40
ORD0001145,4/19/2024,20240419,CUS00662,13,EMP0191,Debit Card,,Completed,1548,940
ORD0011293,4/19/2024,20240419,CUS02195,2,EMP0033,Cash,,Completed,1501,790
ORD0002007,4/19/2024,20240419,CUS01856,10,EMP0158,InstaPay,,Completed,770,380
ORD0011304,4/19/2024,20240419,CUS00287,2,EMP0052,Fawry,,Returned,85,50
ORD0008837,4/19/2024,20240419,CUS02429,6,EMP0124,Cash,,Completed,490,250
ORD0008726,4/19/2024,20240419,CUS00028,4,EMP0094,InstaPay,,Completed,152,70
ORD0006085,4/19/2024,20240419,CUS02281,3,EMP0056,InstaPay,,Completed,85,40
ORD0001395,4/19/2024,20240419,CUS00965,14,EMP0197,Cash,,Completed,1070,530
ORD0009321,4/20/2024,20240420,CUS01035,4,EMP0085,Fawry,,Completed,230,110
ORD0001697,4/20/2024,20240420,CUS02700,5,EMP0098,Fawry,,Completed,24700,19340
ORD0000937,4/20/2024,20240420,CUS01650,4,no_employee_id,Debit Card,,Completed,5310,4700
ORD0003091,4/20/2024,20240420,CUS00967,4,EMP0092,Debit Card,,Completed,460,220
ORD0009962,4/20/2024,20240420,CUS00060,1,EMP0006,InstaPay,,Completed,432,230
ORD0010861,4/20/2024,20240420,CUS01936,3,EMP0071,Debit Card,,Returned,1031,520
ORD0005569,4/20/2024,20240420,CUS00688,4,EMP0086,Fawry,,Completed,1381.5,770
ORD0011925,4/20/2024,20240420,CUS00427,5,EMP0103,Credit Card,,Completed,683,350
ORD0011995,4/21/2024,20240421,CUS00496,10,EMP0153,Cash,,Completed,2774.5,1370
ORD0007526,4/21/2024,20240421,CUS01945,10,EMP0160,Vodafone Cash,,Returned,144,80
ORD0011247,4/21/2024,20240421,CUS02976,1,EMP0012,Fawry,,Completed,437,230
ORD0000989,4/21/2024,20240421,CUS00132,3,EMP0060,InstaPay,,Completed,12628,10000
ORD0010127,4/21/2024,20240421,CUS01519,2,EMP0033,Vodafone Cash,,Completed,330,160
ORD0003710,4/21/2024,20240421,CUS01954,13,EMP0188,Credit Card,,Returned,755,440
ORD0004927,4/21/2024,20240421,CUS01989,12,EMP0176,Credit Card,,Completed,5490,4900
ORD0010787,4/21/2024,20240421,CUS02013,8,EMP0137,Debit Card,,Completed,1115,560
ORD0001204,4/21/2024,20240421,CUS00652,14,EMP0194,Cash,,Completed,1912,970
ORD0004606,4/21/2024,20240421,CUS00911,7,EMP0130,Debit Card,,Cancelled,18276,15770
ORD0007057,4/22/2024,20240422,CUS00291,4,EMP0080,Credit Card,,Completed,774,370
ORD0010162,4/22/2024,20240422,CUS02571,6,EMP0123,Credit Card,,Completed,180,80
ORD0001795,4/22/2024,20240422,CUS00850,3,EMP0070,Cash,,Returned,1965.5,1440
ORD0002311,4/22/2024,20240422,CUS01307,3,EMP0057,Debit Card,,Completed,160,70
ORD0002264,4/22/2024,20240422,CUS00732,1,EMP0019,Credit Card,,Completed,1854,1060
ORD0008370,4/22/2024,20240422,CUS02341,13,EMP0189,Cash,,Completed,11200,9000
ORD0009954,4/22/2024,20240422,CUS00330,3,EMP0061,InstaPay,,Completed,180,80
ORD0004485,4/22/2024,20240422,CUS00679,4,EMP0079,Credit Card,,Completed,2046.5,1010
ORD0006392,4/22/2024,20240422,CUS01480,15,EMP0211,Fawry,,Completed,520,250
ORD0003671,4/22/2024,20240422,CUS00006,3,EMP0075,Vodafone Cash,,Completed,1713,960
ORD0010532,4/22/2024,20240422,CUS00949,4,EMP0086,Vodafone Cash,,Completed,230,110
ORD0000564,4/22/2024,20240422,CUS02261,4,EMP0080,Vodafone Cash,,Completed,2734,1470
ORD0004524,4/22/2024,20240422,CUS01953,9,EMP0148,Credit Card,,Completed,5200,4090
ORD0004968,4/22/2024,20240422,CUS02665,1,EMP0024,Fawry,,Cancelled,6070,4530
ORD0005436,4/23/2024,20240423,CUS02625,2,EMP0046,Credit Card,,Returned,615,280
ORD0011823,4/23/2024,20240423,CUS00099,3,EMP0062,InstaPay,,Completed,11060,9840
ORD0007463,4/23/2024,20240423,CUS00879,15,EMP0216,Cash,,Completed,171,80
ORD0000093,4/23/2024,20240423,CUS00755,4,EMP0089,Fawry,,Completed,240,120
ORD0010183,4/23/2024,20240423,CUS01645,1,EMP0015,Fawry,,Completed,71347,64720
ORD0008328,4/23/2024,20240423,CUS00714,1,EMP0002,Cash,,Returned,915,510
ORD0006121,4/23/2024,20240423,CUS02929,12,EMP0179,Debit Card,,Completed,1378,720
ORD0007197,4/23/2024,20240423,CUS01043,9,EMP0147,Credit Card,,Completed,130,60
ORD0011104,4/23/2024,20240423,CUS02128,3,EMP0061,Debit Card,,Completed,810,420
ORD0009397,4/23/2024,20240423,CUS01319,6,EMP0124,Vodafone Cash,,Completed,2490,1230
ORD0010800,4/23/2024,20240423,CUS00630,11,EMP0171,InstaPay,,Completed,961.5,530
ORD0001693,4/23/2024,20240423,CUS02822,3,no_employee_id,Credit Card,,Completed,5600,4500
ORD0001591,4/24/2024,20240424,CUS02161,6,EMP0116,Vodafone Cash,,Completed,225,150
ORD0011621,4/24/2024,20240424,CUS01450,12,EMP0176,Debit Card,,Completed,401,180
ORD0006422,4/24/2024,20240424,CUS00621,5,EMP0108,Fawry,,Completed,150,70
ORD0000190,4/24/2024,20240424,CUS00736,10,EMP0159,InstaPay,,Completed,53666,45130
ORD0007146,4/24/2024,20240424,CUS01267,10,EMP0162,Credit Card,,Completed,2930,1550
ORD0003945,4/24/2024,20240424,CUS00179,6,EMP0124,Fawry,,Completed,1890,1050
ORD0007406,4/24/2024,20240424,CUS01521,2,EMP0035,Debit Card,,Completed,1272,650
ORD0001136,4/25/2024,20240425,CUS00271,1,EMP0026,Cash,,Completed,272,170
ORD0002044,4/25/2024,20240425,CUS00373,7,EMP0134,Credit Card,,Completed,777,390
ORD0008903,4/25/2024,20240425,CUS00162,8,EMP0143,InstaPay,,Completed,708.5,430
ORD0004729,4/25/2024,20240425,CUS02997,14,EMP0195,Debit Card,,Returned,260,120
ORD0008197,4/25/2024,20240425,CUS01205,11,EMP0170,Debit Card,,Completed,960,480
ORD0006547,4/25/2024,20240425,CUS00418,2,EMP0053,Cash,,Completed,912,480
ORD0011524,4/25/2024,20240425,CUS02518,2,EMP0034,Fawry,,Completed,750,380
ORD0006100,4/25/2024,20240425,CUS00072,3,EMP0073,Vodafone Cash,,Completed,133,70
ORD0005708,4/25/2024,20240425,CUS00195,5,EMP0106,Credit Card,,Completed,16822,14340
ORD0002936,4/26/2024,20240426,CUS00959,9,EMP0149,Debit Card,,Completed,13523,10660
ORD0008038,4/26/2024,20240426,CUS02648,2,EMP0046,InstaPay,,Completed,387,210
ORD0001783,4/26/2024,20240426,CUS02134,6,EMP0121,Vodafone Cash,,Completed,18221,14370
ORD0004192,4/26/2024,20240426,CUS02331,5,EMP0098,Fawry,,Completed,450,210
ORD0010242,4/26/2024,20240426,CUS01598,1,EMP0027,Fawry,,Completed,405,270
ORD0005376,4/26/2024,20240426,CUS01533,4,EMP0081,Fawry,,Returned,300,150
ORD0011405,4/26/2024,20240426,CUS00423,5,no_employee_id,InstaPay,,Completed,1836,1020
ORD0010759,4/26/2024,20240426,CUS00093,2,EMP0035,Fawry,,Cancelled,2151,1180
ORD0001587,4/26/2024,20240426,CUS02013,4,no_employee_id,Debit Card,,Completed,13420,11270
ORD0000728,4/26/2024,20240426,CUS01599,1,EMP0002,Credit Card,,Completed,240,140
ORD0003249,4/26/2024,20240426,CUS01565,9,EMP0149,Vodafone Cash,,Completed,376,230
ORD0010051,4/26/2024,20240426,CUS02443,13,EMP0186,Credit Card,,Completed,1408,720
ORD0009875,4/26/2024,20240426,CUS01137,14,EMP0195,Debit Card,,Completed,2123,1080
ORD0003723,4/26/2024,20240426,CUS01482,11,no_employee_id,Cash,,Completed,1051.5,510
ORD0005170,4/26/2024,20240426,CUS01057,2,EMP0045,Vodafone Cash,,Completed,380,180
ORD0007050,4/26/2024,20240426,CUS00301,15,EMP0215,Credit Card,,Completed,426,210
ORD0010478,4/26/2024,20240426,CUS01260,8,EMP0138,Fawry,,Completed,536,300
ORD0007886,4/27/2024,20240427,CUS01864,8,EMP0138,Vodafone Cash,,Completed,3400,1660
ORD0008948,4/27/2024,20240427,CUS01252,3,no_employee_id,Debit Card,,Completed,140,70
ORD0005293,4/27/2024,20240427,CUS01581,1,EMP0017,Cash,,Returned,144,70
ORD0011418,4/27/2024,20240427,CUS02896,6,EMP0116,InstaPay,,Completed,1682,940
ORD0000820,4/27/2024,20240427,CUS00863,5,EMP0106,Fawry,,Completed,1502,730
ORD0011152,4/27/2024,20240427,CUS00166,12,EMP0182,Vodafone Cash,,Completed,236.5,110
ORD0006724,4/27/2024,20240427,CUS02958,9,EMP0148,Debit Card,,Completed,268,130
ORD0006079,4/27/2024,20240427,CUS00953,9,EMP0145,Debit Card,,Completed,446.5,230
ORD0004205,4/27/2024,20240427,CUS01208,14,EMP0203,Cash,,Completed,659,360
ORD0002728,4/27/2024,20240427,CUS00919,1,EMP0016,Vodafone Cash,,Completed,11830,9460
ORD0004006,4/28/2024,20240428,CUS01657,3,EMP0076,Credit Card,,Completed,3852,2810
ORD0007030,4/28/2024,20240428,CUS01307,7,EMP0133,Debit Card,,Completed,1344,670
ORD0003238,4/28/2024,20240428,CUS01144,7,EMP0131,Vodafone Cash,,Completed,2089,1050
ORD0005233,4/28/2024,20240428,CUS02899,11,EMP0171,Credit Card,,Completed,2380,1160
ORD0002474,4/28/2024,20240428,CUS01363,8,EMP0137,Credit Card,,Completed,1299,650
ORD0000580,4/28/2024,20240428,CUS02561,5,EMP0112,Cash,,Completed,370,180
ORD0006784,4/28/2024,20240428,CUS02804,14,EMP0202,InstaPay,,Completed,1152,650
ORD0007401,4/28/2024,20240428,CUS01636,2,EMP0054,InstaPay,,Completed,2552,1390
ORD0008727,4/28/2024,20240428,CUS00542,2,no_employee_id,Cash,,Completed,140,70
ORD0003047,4/28/2024,20240428,CUS01404,1,EMP0010,Cash,,Returned,15900,12700
ORD0005126,4/28/2024,20240428,CUS02419,1,EMP0017,InstaPay,,Completed,351.5,180
ORD0010063,4/28/2024,20240428,CUS00663,2,EMP0046,Cash,,Completed,1428,1000
ORD0009795,4/29/2024,20240429,CUS01087,4,EMP0092,Fawry,,Completed,18360,16000
ORD0009109,4/29/2024,20240429,CUS02195,4,EMP0084,InstaPay,,Returned,703,360
ORD0001530,4/29/2024,20240429,CUS02911,2,EMP0036,InstaPay,,Completed,4340,2350
ORD0005671,4/29/2024,20240429,CUS01831,14,EMP0203,InstaPay,,Completed,312,180
ORD0010034,4/29/2024,20240429,CUS00521,1,EMP0006,Fawry,,Completed,1642.5,1090
ORD0010366,4/29/2024,20240429,CUS00264,6,EMP0126,InstaPay,,Completed,3483.5,1800
ORD0002067,4/29/2024,20240429,CUS00103,4,EMP0079,InstaPay,,Completed,616,380
ORD0001684,4/29/2024,20240429,CUS01524,3,EMP0069,Cash,,Completed,539,270
ORD0000304,4/29/2024,20240429,CUS02413,3,EMP0071,InstaPay,,Completed,300,140
ORD0010545,4/30/2024,20240430,CUS01132,2,EMP0037,InstaPay,,Completed,1296,680
ORD0003894,4/30/2024,20240430,CUS01163,3,EMP0063,Credit Card,,Completed,357,210
ORD0011783,4/30/2024,20240430,CUS01552,12,EMP0175,InstaPay,,Completed,1080,680
ORD0001647,4/30/2024,20240430,CUS01924,8,EMP0144,Debit Card,,Returned,3220,2090
ORD0004463,4/30/2024,20240430,CUS01994,13,EMP0190,Vodafone Cash,,Completed,1150,550
ORD0003134,4/30/2024,20240430,CUS00262,1,EMP0003,Credit Card,,Completed,10000,8000
ORD0002353,4/30/2024,20240430,CUS01784,3,EMP0058,Cash,,Completed,1221,620
ORD0002000,4/30/2024,20240430,CUS00363,6,EMP0122,Debit Card,,Completed,3790,2960
ORD0010036,5/1/2024,20240501,CUS00926,8,EMP0143,Debit Card,,Returned,900,450
ORD0003567,5/1/2024,20240501,CUS01220,8,EMP0143,Cash,,Completed,4129.5,2030
ORD0005156,5/1/2024,20240501,CUS02059,2,EMP0048,Vodafone Cash,,Returned,1051,550
ORD0007394,5/1/2024,20240501,CUS01058,5,EMP0102,Fawry,,Completed,256,160
ORD0011117,5/1/2024,20240501,CUS02429,3,EMP0069,Debit Card,,Completed,3171.5,1670
ORD0001436,5/1/2024,20240501,CUS01332,3,EMP0062,Fawry,,Completed,480,230
ORD0007939,5/1/2024,20240501,CUS01767,1,EMP0018,Debit Card,,Completed,25290,21750
ORD0006461,5/1/2024,20240501,CUS01431,8,EMP0139,Vodafone Cash,,Completed,304,140
ORD0004522,5/2/2024,20240502,CUS02969,5,EMP0112,Debit Card,,Completed,1440,720
ORD0006160,5/2/2024,20240502,CUS01410,4,EMP0092,Fawry,,Completed,5576,4490
ORD0007361,5/2/2024,20240502,CUS02789,12,EMP0178,Vodafone Cash,,Completed,320,160
ORD0010203,5/2/2024,20240502,CUS00445,6,EMP0121,Debit Card,,Completed,11800,9400
ORD0007961,5/2/2024,20240502,CUS01258,3,EMP0072,Fawry,,Completed,10323,10730
ORD0001054,5/2/2024,20240502,CUS01605,6,EMP0125,Credit Card,,Completed,948,510
ORD0000142,5/3/2024,20240503,CUS02112,13,EMP0190,InstaPay,,Completed,701.5,350
ORD0001656,5/3/2024,20240503,CUS00817,2,EMP0050,Cash,,Completed,13638,10940
ORD0008329,5/3/2024,20240503,CUS00607,11,EMP0173,Credit Card,,Completed,2081,1160
ORD0002554,5/3/2024,20240503,CUS01908,6,EMP0122,InstaPay,,Completed,1992,1040
ORD0001615,5/3/2024,20240503,CUS00710,2,EMP0044,Cash,,Returned,612,350
ORD0011103,5/3/2024,20240503,CUS02132,3,EMP0061,Debit Card,,Completed,800,390
ORD0001939,5/3/2024,20240503,CUS02517,10,EMP0160,Cash,,Completed,433.5,250
ORD0002316,5/3/2024,20240503,CUS01257,4,EMP0092,Cash,,Completed,1120,560
ORD0002951,5/3/2024,20240503,CUS02437,2,EMP0045,Debit Card,,Completed,140,70
ORD0004525,5/3/2024,20240503,CUS01108,3,EMP0066,Cash,,Completed,813,380
ORD0010015,5/3/2024,20240503,CUS01725,14,EMP0197,Cash,,Completed,323,180
ORD0009631,5/3/2024,20240503,CUS02163,5,EMP0102,Debit Card,,Cancelled,765,420
ORD0011237,5/3/2024,20240503,CUS02550,14,EMP0201,Vodafone Cash,,Completed,234,120
ORD0000182,5/3/2024,20240503,CUS00368,3,EMP0068,Debit Card,,Completed,2197,1340
ORD0005724,5/3/2024,20240503,CUS02318,4,EMP0085,Debit Card,,Completed,2304,1240
ORD0003040,5/4/2024,20240504,CUS00490,12,EMP0178,Credit Card,,Completed,176,100
ORD0001954,5/4/2024,20240504,CUS01644,8,EMP0140,Fawry,,Completed,692,400
ORD0011391,5/4/2024,20240504,CUS00219,1,EMP0021,Debit Card,,Completed,13578,10510
ORD0007427,5/4/2024,20240504,CUS02833,3,EMP0071,Cash,,Completed,360,180
ORD0006816,5/4/2024,20240504,CUS02395,8,EMP0143,Vodafone Cash,,Completed,600,280
ORD0010451,5/4/2024,20240504,CUS00574,10,EMP0160,Fawry,,Cancelled,588.5,330
ORD0004359,5/5/2024,20240505,CUS02442,2,EMP0051,Fawry,,Completed,12309,9300
ORD0002130,5/5/2024,20240505,CUS01427,12,EMP0178,InstaPay,,Completed,724,380
ORD0005853,5/5/2024,20240505,CUS01848,1,EMP0026,Debit Card,,Completed,480,240
ORD0001683,5/5/2024,20240505,CUS01368,14,EMP0198,Credit Card,,Completed,864,480
ORD0004850,5/5/2024,20240505,CUS01029,1,EMP0013,InstaPay,,Completed,27911,27320
ORD0004217,5/5/2024,20240505,CUS02716,6,EMP0118,Debit Card,,Completed,126,60
ORD0001778,5/5/2024,20240505,CUS00633,3,EMP0065,Debit Card,,Completed,23294,18890
ORD0004811,5/5/2024,20240505,CUS01798,2,EMP0041,Debit Card,,Completed,380,180
ORD0011339,5/5/2024,20240505,CUS01385,3,EMP0065,Vodafone Cash,,Completed,14665,12240
ORD0002219,5/5/2024,20240505,CUS01210,2,EMP0043,Debit Card,,Completed,230,110
ORD0000585,5/5/2024,20240505,CUS00770,4,EMP0088,Fawry,,Completed,1429.5,840
ORD0011620,5/5/2024,20240505,CUS00214,5,EMP0100,Vodafone Cash,,Completed,1440,710
ORD0005694,5/5/2024,20240505,CUS01983,1,EMP0011,Cash,,Completed,688,360
ORD0002927,5/5/2024,20240505,CUS02069,10,no_employee_id,InstaPay,,Completed,520,240
ORD0005091,5/5/2024,20240505,CUS00514,12,EMP0176,Vodafone Cash,,Completed,871.5,470
ORD0002846,5/5/2024,20240505,CUS02571,2,EMP0053,InstaPay,,Returned,1600,1400
ORD0008949,5/5/2024,20240505,CUS02139,5,EMP0095,Cash,,Completed,189,100
ORD0004563,5/6/2024,20240506,CUS00812,1,EMP0002,Fawry,,Completed,18524,15310
ORD0000298,5/6/2024,20240506,CUS00466,1,EMP0028,Vodafone Cash,,Completed,513,260
ORD0007781,5/6/2024,20240506,CUS02368,14,EMP0203,InstaPay,,Completed,1615,1290
ORD0009873,5/6/2024,20240506,CUS02657,3,EMP0074,InstaPay,,Completed,230,110
ORD0009131,5/6/2024,20240506,CUS01488,6,EMP0115,InstaPay,,Completed,180,80
ORD0002598,5/6/2024,20240506,CUS02392,8,EMP0143,InstaPay,,Completed,905,470
ORD0009906,5/6/2024,20240506,CUS00536,6,EMP0125,Debit Card,,Completed,1463,1110
ORD0001340,5/6/2024,20240506,CUS00657,2,EMP0053,Vodafone Cash,,Completed,2534,1370
ORD0007615,5/6/2024,20240506,CUS01068,4,EMP0093,InstaPay,,Completed,392,240
ORD0009304,5/6/2024,20240506,CUS02102,7,EMP0130,InstaPay,,Completed,250,120
ORD0003052,5/6/2024,20240506,CUS02446,14,EMP0194,Vodafone Cash,,Completed,960,480
ORD0011111,5/6/2024,20240506,CUS02605,11,EMP0172,Cash,,Cancelled,382.5,220
ORD0005711,5/6/2024,20240506,CUS00445,11,EMP0171,Debit Card,,Completed,300,140
ORD0010039,5/6/2024,20240506,CUS00299,7,EMP0135,Credit Card,,Completed,39600,31500
ORD0007555,5/6/2024,20240506,CUS02500,10,EMP0155,Vodafone Cash,,Completed,630,350
ORD0000561,5/7/2024,20240507,CUS00562,3,EMP0057,Cash,,Completed,837,440
ORD0008878,5/7/2024,20240507,CUS00816,4,EMP0083,Cash,,Completed,1752,870
ORD0010716,5/7/2024,20240507,CUS02059,2,EMP0037,Debit Card,,Completed,775.5,420
ORD0010959,5/7/2024,20240507,CUS02235,7,EMP0135,Cash,,Completed,342,180
ORD0009649,5/7/2024,20240507,CUS01254,8,EMP0138,Vodafone Cash,,Completed,1005.5,650
ORD0011320,5/7/2024,20240507,CUS02777,1,EMP0002,Fawry,,Cancelled,536,320
ORD0008944,5/7/2024,20240507,CUS02323,12,EMP0178,Vodafone Cash,,Returned,1562,1440
ORD0002639,5/7/2024,20240507,CUS02751,1,EMP0006,Credit Card,,Completed,1639,990
ORD0010121,5/7/2024,20240507,CUS00993,7,EMP0134,InstaPay,,Completed,452,230
ORD0000166,5/7/2024,20240507,CUS00191,5,EMP0111,Vodafone Cash,,Completed,16518,12740
ORD0009234,5/7/2024,20240507,CUS00311,2,EMP0054,Vodafone Cash,,Completed,3999,2100
ORD0003656,5/7/2024,20240507,CUS01079,4,EMP0081,InstaPay,,Completed,1271.5,670
ORD0006044,5/7/2024,20240507,CUS02662,2,EMP0034,Fawry,,Completed,836,410
ORD0011300,5/7/2024,20240507,CUS00494,8,EMP0141,Cash,,Completed,363,200
ORD0005941,5/7/2024,20240507,CUS00487,4,EMP0085,Cash,,Returned,2717.5,1470
ORD0001974,5/8/2024,20240508,CUS01013,8,EMP0144,Debit Card,,Completed,771.5,450
ORD0004707,5/8/2024,20240508,CUS02634,5,EMP0107,Credit Card,,Cancelled,128,80
ORD0010732,5/8/2024,20240508,CUS00942,3,EMP0061,InstaPay,,Completed,680,360
ORD0005304,5/8/2024,20240508,CUS02106,2,EMP0048,Debit Card,,Completed,2858.5,1750
ORD0008407,5/8/2024,20240508,CUS01291,2,EMP0040,InstaPay,,Completed,790,390
ORD0010677,5/8/2024,20240508,CUS01610,3,EMP0058,Fawry,,Returned,5920,5040
ORD0006486,5/8/2024,20240508,CUS02054,6,EMP0118,Credit Card,,Returned,828,450
ORD0004971,5/8/2024,20240508,CUS02068,15,EMP0216,InstaPay,,Completed,2768,1570
ORD0002156,5/8/2024,20240508,CUS02973,3,EMP0056,Credit Card,,Returned,828,430
ORD0000344,5/8/2024,20240508,CUS00784,2,EMP0032,InstaPay,,Returned,6000,4800
ORD0001986,5/9/2024,20240509,CUS00334,2,EMP0048,InstaPay,,Returned,342,170
ORD0000831,5/9/2024,20240509,CUS01560,3,no_employee_id,Cash,,Completed,880,440
ORD0004497,5/9/2024,20240509,CUS02048,1,EMP0026,Vodafone Cash,,Completed,5252,4140
ORD0003838,5/9/2024,20240509,CUS02622,6,EMP0123,Vodafone Cash,,Returned,50397,40030
ORD0009122,5/9/2024,20240509,CUS02901,4,EMP0086,Fawry,,Completed,700,390
ORD0000698,5/9/2024,20240509,CUS00453,7,EMP0132,InstaPay,,Completed,1850,1000
ORD0003349,5/9/2024,20240509,CUS01123,6,EMP0118,Cash,,Completed,4504,2210
ORD0011701,5/9/2024,20240509,CUS01185,15,EMP0216,Debit Card,,Completed,4513,3230
ORD0003660,5/9/2024,20240509,CUS02699,3,EMP0074,Credit Card,,Completed,600,280
ORD0005435,5/9/2024,20240509,CUS02306,14,EMP0195,Cash,,Completed,576,340
ORD0010831,5/10/2024,20240510,CUS00973,4,EMP0083,Vodafone Cash,,Completed,437,220
ORD0009965,5/10/2024,20240510,CUS01703,1,EMP0017,Credit Card,,Completed,999,540
ORD0007258,5/10/2024,20240510,CUS01490,5,EMP0099,Credit Card,,Completed,229.5,120
ORD0008539,5/10/2024,20240510,CUS01174,6,EMP0117,Debit Card,,Completed,488,300
ORD0003845,5/10/2024,20240510,CUS00671,13,EMP0186,Debit Card,,Completed,729,390
ORD0004227,5/10/2024,20240510,CUS02716,12,EMP0176,Credit Card,,Returned,2154,1190
ORD0001467,5/10/2024,20240510,CUS02152,1,EMP0022,Fawry,,Returned,280,120
ORD0005777,5/10/2024,20240510,CUS00967,15,no_employee_id,Credit Card,,Completed,2922,1450
ORD0006107,5/10/2024,20240510,CUS01937,2,EMP0048,Credit Card,,Completed,1287,630
ORD0006328,5/11/2024,20240511,CUS01573,2,EMP0051,Debit Card,,Completed,873,480
ORD0000505,5/11/2024,20240511,CUS01427,13,EMP0190,Vodafone Cash,,Completed,189,100
ORD0004469,5/11/2024,20240511,CUS01743,6,EMP0123,Cash,,Completed,940,460
ORD0011010,5/11/2024,20240511,CUS01033,15,EMP0214,Fawry,,Completed,160,70
ORD0006058,5/11/2024,20240511,CUS02523,2,no_employee_id,Vodafone Cash,,Completed,10314,10720
ORD0010903,5/11/2024,20240511,CUS00123,6,EMP0119,Fawry,,Completed,720,340
ORD0010689,5/11/2024,20240511,CUS01307,3,EMP0078,Debit Card,,Completed,550,270
ORD0007006,5/11/2024,20240511,CUS02763,12,EMP0175,Cash,,Completed,1454,770
ORD0011274,5/11/2024,20240511,CUS01847,3,EMP0067,Debit Card,,Completed,434,250
ORD0002246,5/12/2024,20240512,CUS01483,6,EMP0126,Vodafone Cash,,Completed,662,310
ORD0010977,5/12/2024,20240512,CUS02961,6,EMP0120,Fawry,,Completed,270,130
ORD0002746,5/12/2024,20240512,CUS02006,8,EMP0139,Vodafone Cash,,Completed,20559,18010
ORD0009738,5/12/2024,20240512,CUS01638,6,EMP0118,InstaPay,,Completed,1950,990
ORD0009095,5/12/2024,20240512,CUS00883,6,EMP0126,Debit Card,,Completed,144,70
ORD0005979,5/12/2024,20240512,CUS00583,7,EMP0133,InstaPay,,Completed,300,140
ORD0006942,5/12/2024,20240512,CUS00968,1,EMP0026,Cash,,Completed,1472.5,810
ORD0005226,5/12/2024,20240512,CUS00912,5,EMP0097,Fawry,,Completed,12200,9800
ORD0006516,5/12/2024,20240512,CUS00316,2,EMP0031,Vodafone Cash,,Completed,396,220
ORD0003903,5/12/2024,20240512,CUS00008,1,EMP0022,Fawry,,Completed,2615,1470
ORD0006408,5/12/2024,20240512,CUS01227,5,EMP0098,Credit Card,,Completed,161.5,90
ORD0007478,5/12/2024,20240512,CUS01841,1,EMP0028,Fawry,,Returned,936,500
ORD0005198,5/12/2024,20240512,CUS02719,3,EMP0073,Debit Card,,Completed,960,460
ORD0004956,5/12/2024,20240512,CUS02945,5,EMP0112,Vodafone Cash,,Completed,8981.5,8540
ORD0005347,5/12/2024,20240512,CUS00894,11,EMP0168,Debit Card,,Completed,646,360
ORD0006234,5/12/2024,20240512,CUS00710,4,EMP0084,Vodafone Cash,,Completed,557,320
ORD0004544,5/12/2024,20240512,CUS01281,15,EMP0206,Debit Card,,Returned,690,330
ORD0010754,5/13/2024,20240513,CUS00863,2,EMP0039,Debit Card,,Completed,943,470
ORD0006921,5/13/2024,20240513,CUS00145,3,EMP0055,InstaPay,,Completed,237.5,120
ORD0009520,5/13/2024,20240513,CUS01922,6,EMP0114,Debit Card,,Cancelled,20200,16200
ORD0005946,5/13/2024,20240513,CUS02984,12,EMP0178,Fawry,,Completed,980,480
ORD0009053,5/14/2024,20240514,CUS01858,7,EMP0132,InstaPay,,Completed,1128,580
ORD0009116,5/14/2024,20240514,CUS00740,1,EMP0018,Debit Card,,Completed,2016,1090
ORD0003394,5/14/2024,20240514,CUS01342,8,EMP0141,Fawry,,Completed,908,530
ORD0005883,5/14/2024,20240514,CUS00025,1,EMP0022,Credit Card,,Cancelled,30557.5,24280
ORD0007769,5/14/2024,20240514,CUS01975,5,EMP0101,Credit Card,,Completed,470,240
ORD0008062,5/14/2024,20240514,CUS00977,1,EMP0005,Cash,,Completed,1399,710
ORD0008280,5/14/2024,20240514,CUS00221,10,EMP0155,Credit Card,,Completed,1596,830
ORD0005675,5/15/2024,20240515,CUS01575,1,EMP0002,Fawry,,Returned,3705,1860
ORD0004843,5/15/2024,20240515,CUS00505,1,EMP0010,Fawry,,Completed,11479.5,9000
ORD0008934,5/15/2024,20240515,CUS02400,2,EMP0031,InstaPay,,Completed,1728,920
ORD0005030,5/15/2024,20240515,CUS02119,11,EMP0172,Debit Card,,Completed,738,390
ORD0002664,5/15/2024,20240515,CUS02615,6,EMP0119,Fawry,,Completed,541.5,280
ORD0009722,5/15/2024,20240515,CUS02427,1,EMP0012,InstaPay,,Completed,1759.5,970
ORD0000878,5/15/2024,20240515,CUS00742,12,EMP0182,Credit Card,,Completed,1350,1130
ORD0003449,5/15/2024,20240515,CUS00478,1,EMP0006,Vodafone Cash,,Completed,1189,650
ORD0011944,5/16/2024,20240516,CUS01846,3,EMP0071,Credit Card,,Completed,1470,830
ORD0003525,5/16/2024,20240516,CUS01752,1,EMP0004,Credit Card,,Completed,3614,2140
ORD0004362,5/16/2024,20240516,CUS02664,4,EMP0080,Vodafone Cash,,Completed,624,300
ORD0005389,5/16/2024,20240516,CUS00256,6,EMP0126,Cash,,Completed,485,270
ORD0006069,5/16/2024,20240516,CUS02929,1,EMP0019,Cash,,Completed,570,270
ORD0009166,5/16/2024,20240516,CUS02995,6,EMP0122,Vodafone Cash,,Completed,2393,1200
ORD0004352,5/16/2024,20240516,CUS00912,1,EMP0017,Debit Card,,Completed,342,180
ORD0004276,5/16/2024,20240516,CUS00191,12,EMP0178,Vodafone Cash,,Completed,460,220
ORD0003473,5/16/2024,20240516,CUS02933,7,no_employee_id,Vodafone Cash,,Completed,225,120
ORD0001008,5/16/2024,20240516,CUS02474,4,EMP0080,Credit Card,,Completed,674,380
ORD0003767,5/16/2024,20240516,CUS01211,15,EMP0204,Cash,,Completed,29820,24620
ORD0011897,5/16/2024,20240516,CUS02567,5,EMP0097,Vodafone Cash,,Completed,1323,720
ORD0000280,5/16/2024,20240516,CUS00309,10,EMP0156,Credit Card,,Completed,774,400
ORD0007418,5/16/2024,20240516,CUS00321,1,EMP0016,Debit Card,,Completed,44508,35650
ORD0011295,5/17/2024,20240517,CUS02037,10,EMP0155,Debit Card,,Completed,280,130
ORD0010815,5/17/2024,20240517,CUS02281,6,EMP0114,Vodafone Cash,,Completed,1728,920
ORD0001699,5/17/2024,20240517,CUS01847,1,EMP0016,Fawry,,Completed,280,120
ORD0009785,5/17/2024,20240517,CUS02447,5,EMP0108,Cash,,Completed,216,110
ORD0007628,5/17/2024,20240517,CUS02984,5,EMP0098,Vodafone Cash,,Completed,5824,4520
ORD0007348,5/17/2024,20240517,CUS01742,13,EMP0193,Debit Card,,Completed,1404,760
ORD0001808,5/17/2024,20240517,CUS02016,14,EMP0199,Fawry,,Cancelled,1170,1000
ORD0001400,5/17/2024,20240517,CUS00422,1,no_employee_id,Vodafone Cash,,Completed,140,70
ORD0005260,5/17/2024,20240517,CUS02046,11,EMP0169,Credit Card,,Completed,816,460
ORD0009097,5/17/2024,20240517,CUS02200,2,EMP0043,Cash,,Completed,142.5,70
ORD0007719,5/18/2024,20240518,CUS02841,1,EMP0003,Cash,,Completed,144,70
ORD0002205,5/18/2024,20240518,CUS02409,15,EMP0216,Fawry,,Completed,1632,920
ORD0006054,5/18/2024,20240518,CUS02699,3,EMP0063,Fawry,,Completed,621,300
ORD0001217,5/18/2024,20240518,CUS02896,1,EMP0006,Fawry,,Completed,833,480
ORD0011028,5/18/2024,20240518,CUS01360,1,EMP0022,InstaPay,,Completed,2100,1120
ORD0011233,5/18/2024,20240518,CUS00566,2,EMP0053,Fawry,,Completed,7806,6010
ORD0006174,5/18/2024,20240518,CUS00023,1,EMP0012,Vodafone Cash,,Completed,595,340
ORD0006597,5/18/2024,20240518,CUS01261,5,no_employee_id,Fawry,,Cancelled,1439.5,760
ORD0007165,5/18/2024,20240518,CUS00116,13,EMP0188,Debit Card,,Completed,869.5,470
ORD0011263,5/19/2024,20240519,CUS02132,4,EMP0092,Debit Card,,Completed,10648,10270
ORD0008818,5/19/2024,20240519,CUS02379,2,EMP0034,Credit Card,,Completed,1740,990
ORD0010151,5/19/2024,20240519,CUS01133,2,EMP0041,Cash,,Completed,270,130
ORD0002378,5/19/2024,20240519,CUS00834,3,EMP0068,Debit Card,,Completed,3024.5,1550
ORD0001393,5/19/2024,20240519,CUS00893,7,EMP0136,Cash,,Completed,1020,850
ORD0004697,5/19/2024,20240519,CUS00866,4,EMP0088,Fawry,,Completed,904,440
ORD0006681,5/19/2024,20240519,CUS01334,5,EMP0109,InstaPay,,Completed,2690.5,1880
ORD0008335,5/19/2024,20240519,CUS00383,2,EMP0038,InstaPay,,Completed,245,170
ORD0009303,5/19/2024,20240519,CUS01799,3,EMP0070,Vodafone Cash,,Returned,150,70
ORD0008361,5/20/2024,20240520,CUS00660,10,EMP0155,Cash,,Completed,701,370
ORD0000612,5/20/2024,20240520,CUS01763,2,EMP0040,InstaPay,,Completed,12974,11050
ORD0001423,5/20/2024,20240520,CUS00301,6,no_employee_id,Cash,,Completed,1349,790
ORD0008867,5/20/2024,20240520,CUS02602,1,EMP0015,InstaPay,,Completed,127.5,70
ORD0010185,5/20/2024,20240520,CUS01001,5,EMP0110,Credit Card,,Completed,2000,1600
ORD0004675,5/20/2024,20240520,CUS02102,5,EMP0101,Credit Card,,Completed,828,440
ORD0005928,5/20/2024,20240520,CUS02215,2,no_employee_id,InstaPay,,Completed,999,500
ORD0006639,5/20/2024,20240520,CUS02150,4,EMP0086,Fawry,,Completed,1350,690
ORD0005556,5/20/2024,20240520,CUS01449,8,EMP0137,InstaPay,,Completed,1332,720
ORD0003385,5/20/2024,20240520,CUS01498,4,EMP0085,Credit Card,,Completed,890,440
ORD0002842,5/21/2024,20240521,CUS01925,2,EMP0034,Cash,,Completed,370,180
ORD0003274,5/21/2024,20240521,CUS01589,5,EMP0103,Credit Card,,Completed,1005.5,590
ORD0003698,5/21/2024,20240521,CUS00956,3,EMP0062,InstaPay,,Completed,2321,1150
ORD0001509,5/21/2024,20240521,CUS00281,6,EMP0118,Fawry,,Completed,496,260
ORD0008326,5/21/2024,20240521,CUS01765,3,EMP0070,Cash,,Completed,6601.5,5610
ORD0009499,5/21/2024,20240521,CUS02416,10,EMP0161,Credit Card,,Completed,1230,590
ORD0002799,5/21/2024,20240521,CUS00048,14,EMP0200,Vodafone Cash,,Completed,20026,16160
ORD0007934,5/21/2024,20240521,CUS02621,10,EMP0157,Debit Card,,Completed,1524,790
ORD0005317,5/21/2024,20240521,CUS01256,12,EMP0177,InstaPay,,Completed,133,60
ORD0011119,5/21/2024,20240521,CUS02058,15,EMP0207,Fawry,,Completed,280,140
ORD0010208,5/21/2024,20240521,CUS02429,11,EMP0170,InstaPay,,Completed,2019,1060
ORD0003298,5/21/2024,20240521,CUS02637,1,EMP0007,Vodafone Cash,,Completed,323,160
ORD0005256,5/21/2024,20240521,CUS02997,12,EMP0179,Cash,,Completed,648,360
ORD0000714,5/22/2024,20240522,CUS02416,6,EMP0117,Debit Card,,Completed,270,140
ORD0000400,5/22/2024,20240522,CUS00382,6,EMP0120,Vodafone Cash,,Completed,292.5,180
ORD0001045,5/22/2024,20240522,CUS02141,4,EMP0093,Cash,,Completed,517.5,270
ORD0007355,5/22/2024,20240522,CUS01000,4,EMP0087,Fawry,,Completed,1352,650
ORD0001951,5/22/2024,20240522,CUS00747,4,EMP0088,InstaPay,,Completed,2172,1160
ORD0002689,5/22/2024,20240522,CUS01833,2,EMP0046,Debit Card,,Completed,570,270
ORD0008560,5/22/2024,20240522,CUS00554,12,EMP0182,Cash,,Returned,1185,680
ORD0000991,5/22/2024,20240522,CUS01375,1,EMP0013,Fawry,,Completed,856,500
ORD0010593,5/22/2024,20240522,CUS02752,13,EMP0192,Fawry,,Completed,2708,1420
ORD0002386,5/22/2024,20240522,CUS00775,5,EMP0101,Fawry,,Completed,100,40
ORD0002514,5/22/2024,20240522,CUS02066,8,EMP0144,Fawry,,Completed,380,180
ORD0011777,5/22/2024,20240522,CUS00418,2,EMP0045,Debit Card,,Completed,3200,1700
ORD0008324,5/22/2024,20240522,CUS02611,1,EMP0026,Debit Card,,Completed,460,220
ORD0003704,5/22/2024,20240522,CUS00085,3,EMP0067,Cash,,Completed,130,60
ORD0007250,5/23/2024,20240523,CUS02190,1,EMP0020,InstaPay,,Completed,1562,820
ORD0009885,5/23/2024,20240523,CUS00847,1,EMP0002,Fawry,,Returned,620.5,360
ORD0002631,5/23/2024,20240523,CUS02321,10,EMP0157,Credit Card,,Completed,2605,1360
ORD0004024,5/23/2024,20240523,CUS00361,11,EMP0171,Debit Card,,Completed,442,250
ORD0001459,5/23/2024,20240523,CUS01326,4,EMP0090,Credit Card,,Returned,1200,560
ORD0001114,5/23/2024,20240523,CUS01439,1,EMP0004,Cash,,Completed,6794,5540
ORD0011285,5/23/2024,20240523,CUS02154,4,EMP0082,Debit Card,,Completed,1913,1020
ORD0007621,5/23/2024,20240523,CUS02334,3,EMP0074,Credit Card,,Completed,2200,1050
ORD0006002,5/23/2024,20240523,CUS02788,5,EMP0098,Cash,,Completed,60,40
ORD0000275,5/23/2024,20240523,CUS00513,11,EMP0169,Debit Card,,Cancelled,20612,17500
ORD0002428,5/23/2024,20240523,CUS02175,2,EMP0047,Credit Card,,Returned,1627,910
ORD0005655,5/23/2024,20240523,CUS00464,3,EMP0072,Fawry,,Completed,10532,9350
ORD0003895,5/23/2024,20240523,CUS02359,5,EMP0105,Vodafone Cash,,Completed,1509,870
ORD0004100,5/23/2024,20240523,CUS02686,12,EMP0179,Cash,,Completed,280,140
ORD0008063,5/23/2024,20240523,CUS00325,12,EMP0175,Credit Card,,Completed,520,240
ORD0008296,5/24/2024,20240524,CUS00806,1,EMP0013,Vodafone Cash,,Completed,180,80
ORD0002495,5/24/2024,20240524,CUS00976,4,EMP0094,InstaPay,,Completed,32884,28800
ORD0009661,5/24/2024,20240524,CUS01910,2,EMP0045,Vodafone Cash,,Completed,965,500
ORD0003188,5/24/2024,20240524,CUS00258,3,EMP0058,InstaPay,,Completed,875,520
ORD0011991,5/24/2024,20240524,CUS02117,14,EMP0199,InstaPay,,Completed,180,80
ORD0003973,5/24/2024,20240524,CUS01095,1,no_employee_id,Fawry,,Completed,324,170
ORD0009302,5/24/2024,20240524,CUS00871,6,EMP0115,Debit Card,,Completed,1125.5,600
ORD0004689,5/24/2024,20240524,CUS00798,3,EMP0066,Fawry,,Completed,1232,760
ORD0011689,5/24/2024,20240524,CUS00029,14,EMP0197,Cash,,Completed,980,550
ORD0007242,5/25/2024,20240525,CUS00194,2,EMP0034,Debit Card,,Completed,1185,570
ORD0000640,5/25/2024,20240525,CUS01009,2,EMP0047,Debit Card,,Completed,280,140
ORD0004032,5/25/2024,20240525,CUS02819,3,EMP0057,Debit Card,,Completed,2441,1260
ORD0010895,5/25/2024,20240525,CUS02627,5,EMP0095,Credit Card,,Completed,19287,17360
ORD0010164,5/25/2024,20240525,CUS01794,1,EMP0023,InstaPay,,Returned,1478,820
ORD0005291,5/25/2024,20240525,CUS00621,14,EMP0197,Fawry,,Completed,427.5,270
ORD0000252,5/25/2024,20240525,CUS02978,1,EMP0025,Vodafone Cash,,Completed,2600,2000
ORD0007092,5/25/2024,20240525,CUS01844,2,EMP0035,Fawry,,Completed,2032,1020
ORD0007948,5/26/2024,20240526,CUS02420,13,EMP0192,Debit Card,,Completed,5620,4250
ORD0002011,5/26/2024,20240526,CUS00085,2,EMP0054,InstaPay,,Completed,1030,660
ORD0000716,5/26/2024,20240526,CUS00579,3,EMP0071,Debit Card,,Completed,13410,11900
ORD0001032,5/26/2024,20240526,CUS00662,3,EMP0071,Credit Card,,Completed,14900,11900
ORD0011344,5/26/2024,20240526,CUS00761,14,no_employee_id,Fawry,,Completed,396,220
ORD0002620,5/26/2024,20240526,CUS02571,2,EMP0037,Cash,,Completed,35807,33340
ORD0005292,5/26/2024,20240526,CUS02594,8,EMP0144,Cash,,Completed,926,440
ORD0004619,5/26/2024,20240526,CUS00479,15,EMP0207,Cash,,Completed,1418,700
ORD0002667,5/26/2024,20240526,CUS00658,8,EMP0144,Fawry,,Returned,1888,920
ORD0009055,5/26/2024,20240526,CUS02917,10,EMP0161,Debit Card,,Completed,1018,540
ORD0005537,5/26/2024,20240526,CUS00338,1,no_employee_id,InstaPay,,Completed,133,60
ORD0010721,5/26/2024,20240526,CUS01805,4,EMP0079,Credit Card,,Completed,680,320
ORD0000693,5/26/2024,20240526,CUS00704,10,EMP0159,Credit Card,,Completed,5271,4080
ORD0000124,5/26/2024,20240526,CUS02172,4,EMP0082,Credit Card,,Completed,19679.5,15140
ORD0008416,5/26/2024,20240526,CUS00203,3,EMP0067,InstaPay,,Completed,1128,590
ORD0005269,5/26/2024,20240526,CUS01673,6,EMP0119,Credit Card,,Completed,1978,1020
ORD0009635,5/26/2024,20240526,CUS01238,9,EMP0149,Credit Card,,Completed,352,220
ORD0003056,5/26/2024,20240526,CUS01794,5,EMP0098,InstaPay,,Completed,272,170
ORD0010224,5/26/2024,20240526,CUS02912,13,no_employee_id,Credit Card,,Completed,478,220
ORD0005332,5/27/2024,20240527,CUS00563,6,EMP0114,InstaPay,,Completed,916,490
ORD0003147,5/27/2024,20240527,CUS01718,5,EMP0101,Fawry,,Returned,408,250
ORD0011655,5/27/2024,20240527,CUS02570,5,EMP0103,Vodafone Cash,,Completed,2822,1550
ORD0001928,5/27/2024,20240527,CUS00258,2,EMP0049,Debit Card,,Completed,1340,620
ORD0004295,5/27/2024,20240527,CUS02991,2,EMP0050,Credit Card,,Completed,5500,4840
ORD0010116,5/27/2024,20240527,CUS02817,5,EMP0103,Debit Card,,Completed,970,480
ORD0003857,5/27/2024,20240527,CUS02521,7,EMP0131,Vodafone Cash,,Completed,1140,560
ORD0010213,5/27/2024,20240527,CUS02988,2,EMP0042,Vodafone Cash,,Completed,2308,1220
ORD0007922,5/27/2024,20240527,CUS02525,6,EMP0125,Debit Card,,Completed,594,390
ORD0000256,5/28/2024,20240528,CUS02795,2,EMP0050,Vodafone Cash,,Completed,12800,10300
ORD0006706,5/28/2024,20240528,CUS00627,2,EMP0039,Cash,,Completed,540,280
ORD0006808,5/28/2024,20240528,CUS02194,7,EMP0130,Debit Card,,Completed,570,270
ORD0007338,5/28/2024,20240528,CUS00055,4,EMP0084,Vodafone Cash,,Completed,1200,1000
ORD0008161,5/28/2024,20240528,CUS01628,2,EMP0037,Debit Card,,Completed,2030,1080
ORD0000549,5/28/2024,20240528,CUS01595,3,EMP0072,Fawry,,Completed,370,180
ORD0005518,5/28/2024,20240528,CUS01886,13,EMP0190,Cash,,Completed,2910,1400
ORD0010616,5/28/2024,20240528,CUS01687,10,EMP0158,InstaPay,,Returned,423,230
ORD0002903,5/28/2024,20240528,CUS02448,1,no_employee_id,Fawry,,Completed,946,500
ORD0003009,5/28/2024,20240528,CUS01697,7,EMP0135,InstaPay,,Completed,1640,790
ORD0006862,5/28/2024,20240528,CUS02171,5,EMP0109,Credit Card,,Completed,5016,4960
ORD0005150,5/29/2024,20240529,CUS01974,2,EMP0049,Cash,,Completed,1278.5,640
ORD0007753,5/29/2024,20240529,CUS02956,6,EMP0119,Vodafone Cash,,Completed,189,100
ORD0006669,5/29/2024,20240529,CUS00997,8,EMP0140,Credit Card,,Completed,306,160
ORD0006691,5/29/2024,20240529,CUS02238,14,EMP0196,Fawry,,Completed,549,300
ORD0004448,5/29/2024,20240529,CUS02482,2,EMP0031,InstaPay,,Completed,144,70
ORD0003554,5/29/2024,20240529,CUS02803,1,EMP0009,Cash,,Returned,18637,15570
ORD0009716,5/29/2024,20240529,CUS00318,1,EMP0004,Credit Card,,Returned,477,230
ORD0010744,5/29/2024,20240529,CUS01476,7,EMP0133,Credit Card,,Completed,676,380
ORD0001257,5/29/2024,20240529,CUS01263,15,EMP0213,Fawry,,Completed,2004,1030
ORD0005008,5/30/2024,20240530,CUS00626,2,EMP0047,Debit Card,,Completed,531,280
ORD0006660,5/30/2024,20240530,CUS00448,11,EMP0169,Credit Card,,Completed,2600,1290
ORD0002297,5/30/2024,20240530,CUS02030,4,EMP0085,Credit Card,,Completed,1740,840
ORD0003376,5/30/2024,20240530,CUS01225,1,EMP0015,Debit Card,,Completed,1506,820
ORD0009729,5/30/2024,20240530,CUS00874,6,no_employee_id,Debit Card,,Completed,13724,11200
ORD0006397,5/30/2024,20240530,CUS01025,1,EMP0012,Fawry,,Completed,39835,45170
ORD0003291,5/30/2024,20240530,CUS00846,2,EMP0047,Debit Card,,Completed,45172.5,35950
ORD0009482,5/30/2024,20240530,CUS02120,12,EMP0175,Credit Card,,Completed,1780.5,930
ORD0002884,5/30/2024,20240530,CUS02336,15,EMP0208,Fawry,,Completed,480,270
ORD0008845,5/31/2024,20240531,CUS02546,15,EMP0207,Cash,,Completed,2156,1100
ORD0001746,5/31/2024,20240531,CUS02350,1,EMP0002,Cash,,Completed,1472,720
ORD0009409,5/31/2024,20240531,CUS00816,15,EMP0210,InstaPay,,Completed,84,60
ORD0007159,6/1/2024,20240601,CUS01128,13,EMP0188,Vodafone Cash,,Completed,266,140
ORD0001464,6/1/2024,20240601,CUS01835,1,EMP0009,Credit Card,,Completed,1411,690
ORD0001298,6/1/2024,20240601,CUS00232,2,no_employee_id,Debit Card,,Completed,510,240
ORD0003904,6/1/2024,20240601,CUS02398,7,EMP0130,Vodafone Cash,,Completed,2022,1060
ORD0005158,6/1/2024,20240601,CUS00060,3,EMP0065,InstaPay,,Completed,768,410
ORD0000186,6/1/2024,20240601,CUS00001,5,EMP0104,InstaPay,,Returned,217.5,140
ORD0005374,6/1/2024,20240601,CUS00366,10,EMP0161,Credit Card,,Completed,17140,19160
ORD0006094,6/1/2024,20240601,CUS01307,8,EMP0144,Credit Card,,Returned,2535,1290
ORD0010027,6/1/2024,20240601,CUS01300,1,EMP0027,InstaPay,,Completed,7500,8000
ORD0005931,6/1/2024,20240601,CUS00785,4,EMP0094,Debit Card,,Completed,1846,950
ORD0005790,6/1/2024,20240601,CUS00358,7,EMP0136,Fawry,,Completed,234,130
ORD0004618,6/1/2024,20240601,CUS01600,10,EMP0162,InstaPay,,Completed,52800,42000
ORD0001161,6/1/2024,20240601,CUS02565,5,EMP0106,Fawry,,Cancelled,1890,930
ORD0004924,6/1/2024,20240601,CUS01259,1,EMP0015,InstaPay,,Completed,13107,10460
ORD0003178,6/1/2024,20240601,CUS00345,2,EMP0029,Debit Card,,Cancelled,384,230
ORD0003674,6/1/2024,20240601,CUS00168,1,EMP0026,Vodafone Cash,,Completed,2845.5,1690
ORD0002557,6/1/2024,20240601,CUS00932,1,EMP0010,Vodafone Cash,,Completed,1414.5,770
ORD0007925,6/2/2024,20240602,CUS00430,10,EMP0158,InstaPay,,Completed,629,370
ORD0011735,6/2/2024,20240602,CUS00004,5,EMP0109,Credit Card,,Completed,1269,650
ORD0011144,6/2/2024,20240602,CUS02932,4,EMP0088,Fawry,,Returned,2409,1340
ORD0010181,6/2/2024,20240602,CUS02578,1,EMP0005,Debit Card,,Completed,210,100
ORD0010370,6/2/2024,20240602,CUS00801,5,EMP0101,InstaPay,,Completed,966,520
ORD0002932,6/2/2024,20240602,CUS02929,3,EMP0065,Credit Card,,Completed,1387,710
ORD0007352,6/2/2024,20240602,CUS02465,8,EMP0143,Cash,,Completed,33578,29180
ORD0006583,6/2/2024,20240602,CUS02370,2,EMP0033,Vodafone Cash,,Completed,112.5,70
ORD0001877,6/2/2024,20240602,CUS02274,6,EMP0113,Credit Card,,Completed,216,120
ORD0010435,6/2/2024,20240602,CUS02662,4,EMP0088,Cash,,Completed,2210,2000
ORD0000429,6/2/2024,20240602,CUS02642,12,EMP0179,Fawry,,Completed,2058,1090
ORD0009925,6/3/2024,20240603,CUS02949,4,EMP0081,Vodafone Cash,,Completed,5310,4700
ORD0010271,6/3/2024,20240603,CUS02351,2,EMP0041,Vodafone Cash,,Completed,1700,820
ORD0009511,6/3/2024,20240603,CUS00150,3,EMP0065,InstaPay,,Returned,420,230
ORD0000332,6/3/2024,20240603,CUS00770,9,EMP0148,Vodafone Cash,,Completed,592,360
ORD0007106,6/3/2024,20240603,CUS01457,2,EMP0052,InstaPay,,Completed,15270,12080
ORD0009903,6/3/2024,20240603,CUS01162,1,EMP0001,Cash,,Completed,712,350
ORD0002103,6/3/2024,20240603,CUS00244,6,EMP0114,Debit Card,,Returned,40500,36000
ORD0008457,6/3/2024,20240603,CUS00535,4,EMP0083,Debit Card,,Completed,280,130
ORD0009286,6/3/2024,20240603,CUS01783,10,EMP0156,Credit Card,,Completed,18491,15240
ORD0005831,6/3/2024,20240603,CUS02414,3,EMP0055,Cash,,Cancelled,545.5,340
ORD0004839,6/3/2024,20240603,CUS00981,3,EMP0068,Cash,,Completed,1800,920
ORD0008969,6/3/2024,20240603,CUS01787,2,EMP0040,InstaPay,,Completed,740.5,420
ORD0000095,6/4/2024,20240604,CUS00095,2,EMP0029,Vodafone Cash,,Returned,657.5,340
ORD0008717,6/4/2024,20240604,CUS00085,1,EMP0004,Debit Card,,Completed,37620,31800
ORD0005222,6/4/2024,20240604,CUS00228,2,EMP0035,Cash,,Completed,140,70
ORD0006992,6/4/2024,20240604,CUS00384,3,EMP0064,Cash,,Completed,710,350
ORD0004840,6/4/2024,20240604,CUS01870,12,EMP0183,Vodafone Cash,,Completed,340,150
ORD0009874,6/4/2024,20240604,CUS00504,1,EMP0018,Credit Card,,Completed,1773.5,940
ORD0009025,6/4/2024,20240604,CUS02822,4,EMP0085,Fawry,,Completed,436.5,220
ORD0007979,6/4/2024,20240604,CUS01967,4,no_employee_id,Credit Card,,Completed,128,70
ORD0007994,6/4/2024,20240604,CUS00952,5,EMP0101,InstaPay,,Completed,2240,1130
ORD0001108,6/4/2024,20240604,CUS02828,1,no_employee_id,Vodafone Cash,,Completed,90,40
ORD0010502,6/4/2024,20240604,CUS02677,7,EMP0131,InstaPay,,Completed,1224,590
ORD0006943,6/4/2024,20240604,CUS02852,1,EMP0002,Cash,,Completed,1600,780
ORD0009479,6/4/2024,20240604,CUS02420,3,EMP0068,Credit Card,,Returned,1584,880
ORD0008304,6/4/2024,20240604,CUS02225,1,EMP0020,Credit Card,,Completed,280,140
ORD0007083,6/5/2024,20240605,CUS02911,7,EMP0133,InstaPay,,Completed,1182.5,630
ORD0000474,6/5/2024,20240605,CUS00031,8,EMP0140,Credit Card,,Completed,152,70
ORD0004291,6/5/2024,20240605,CUS02278,9,EMP0147,InstaPay,,Completed,314.5,180
ORD0000503,6/5/2024,20240605,CUS02123,15,EMP0207,Vodafone Cash,,Completed,576,280
ORD0010081,6/5/2024,20240605,CUS01581,3,no_employee_id,Vodafone Cash,,Completed,2801.5,1450
ORD0005247,6/5/2024,20240605,CUS01775,2,EMP0030,Cash,,Returned,15725,14800
ORD0001132,6/5/2024,20240605,CUS00677,2,EMP0054,Fawry,,Returned,957,480
ORD0007481,6/5/2024,20240605,CUS01418,2,EMP0050,Credit Card,,Completed,1694.5,870
ORD0002315,6/5/2024,20240605,CUS00659,5,EMP0111,Fawry,,Completed,252,120
ORD0004853,6/5/2024,20240605,CUS00040,10,EMP0158,Debit Card,,Completed,6500,5200
ORD0002141,6/5/2024,20240605,CUS00953,6,EMP0124,Cash,,Completed,846,470
ORD0009734,6/6/2024,20240606,CUS01357,2,EMP0031,Vodafone Cash,,Completed,1564.5,930
ORD0004895,6/6/2024,20240606,CUS02346,5,EMP0110,Vodafone Cash,,Returned,12025,9320
ORD0002330,6/6/2024,20240606,CUS00885,5,no_employee_id,Vodafone Cash,,Completed,888,430
ORD0005384,6/6/2024,20240606,CUS00152,12,EMP0178,Cash,,Completed,7337,5140
ORD0005932,6/6/2024,20240606,CUS02818,2,EMP0050,Credit Card,,Completed,119,70
ORD0006096,6/6/2024,20240606,CUS00411,12,EMP0178,Fawry,,Completed,2585,1300
ORD0001243,6/6/2024,20240606,CUS01303,10,EMP0157,Debit Card,,Completed,13200,11140
ORD0003133,6/6/2024,20240606,CUS02775,5,EMP0106,Fawry,,Completed,943.5,540
ORD0011645,6/6/2024,20240606,CUS01521,10,EMP0154,Fawry,,Completed,1956,1070
ORD0000108,6/6/2024,20240606,CUS01043,1,EMP0013,InstaPay,,Completed,1872,960
ORD0008371,6/6/2024,20240606,CUS02718,14,EMP0202,Fawry,,Cancelled,711,360
ORD0006726,6/6/2024,20240606,CUS01775,14,EMP0194,Debit Card,,Returned,864,480
ORD0002363,6/6/2024,20240606,CUS01659,5,EMP0099,Vodafone Cash,,Completed,684,350
ORD0006281,6/7/2024,20240607,CUS00431,4,EMP0094,Cash,,Completed,170,80
ORD0001225,6/7/2024,20240607,CUS00603,6,EMP0114,Debit Card,,Completed,90,40
ORD0000278,6/7/2024,20240607,CUS02282,5,EMP0098,Fawry,,Returned,500,230
ORD0004288,6/7/2024,20240607,CUS02112,3,EMP0062,Credit Card,,Completed,1011,500
ORD0010143,6/7/2024,20240607,CUS00240,3,EMP0061,InstaPay,,Completed,288,150
ORD0007491,6/7/2024,20240607,CUS02111,2,EMP0041,Vodafone Cash,,Cancelled,896,550
ORD0000504,6/7/2024,20240607,CUS02425,1,EMP0027,Credit Card,,Completed,897,480
ORD0008778,6/7/2024,20240607,CUS01891,5,EMP0099,Credit Card,,Completed,14472,10590
ORD0006893,6/7/2024,20240607,CUS02194,11,EMP0169,Debit Card,,Completed,600,300
ORD0009443,6/7/2024,20240607,CUS01531,13,EMP0186,Debit Card,,Completed,362,220
ORD0000964,6/8/2024,20240608,CUS01833,6,no_employee_id,Cash,,Completed,58610.5,51480
ORD0006091,6/8/2024,20240608,CUS00160,4,EMP0083,Cash,,Completed,2035,1490
ORD0011135,6/8/2024,20240608,CUS00051,8,EMP0143,Fawry,,Completed,10310,8950
ORD0008244,6/8/2024,20240608,CUS02510,4,EMP0093,Credit Card,,Completed,972,480
ORD0010372,6/8/2024,20240608,CUS00509,2,EMP0051,InstaPay,,Completed,1620,780
ORD0000748,6/8/2024,20240608,CUS02770,4,EMP0094,Cash,,Completed,1762,950
ORD0002505,6/8/2024,20240608,CUS02288,3,EMP0070,Debit Card,,Completed,885,530
ORD0004029,6/8/2024,20240608,CUS00709,3,EMP0064,Cash,,Completed,927,480
ORD0001901,6/8/2024,20240608,CUS02425,1,EMP0018,InstaPay,,Completed,304,180
ORD0002047,6/8/2024,20240608,CUS00412,5,EMP0109,Fawry,,Completed,252,140
ORD0002786,6/8/2024,20240608,CUS02584,13,no_employee_id,InstaPay,,Completed,31900,29810
ORD0010591,6/8/2024,20240608,CUS00801,2,EMP0048,Debit Card,,Completed,810,400
ORD0005476,6/9/2024,20240609,CUS00067,8,EMP0144,Credit Card,,Completed,2480,1220
ORD0002313,6/9/2024,20240609,CUS00921,13,EMP0186,Credit Card,,Returned,247,120
ORD0006497,6/9/2024,20240609,CUS01269,5,EMP0107,Cash,,Completed,2695.5,1460
ORD0001307,6/9/2024,20240609,CUS02512,5,EMP0106,Debit Card,,Completed,696,360
ORD0007373,6/9/2024,20240609,CUS00879,5,EMP0106,Vodafone Cash,,Completed,337.5,210
ORD0006010,6/9/2024,20240609,CUS00541,6,EMP0116,Fawry,,Completed,1590,780
ORD0000365,6/9/2024,20240609,CUS00104,14,EMP0199,Vodafone Cash,,Completed,515.5,290
ORD0006066,6/9/2024,20240609,CUS00849,4,EMP0086,Fawry,,Completed,460,230
ORD0003468,6/9/2024,20240609,CUS00717,1,EMP0002,Credit Card,,Completed,9804.5,8960
ORD0004528,6/9/2024,20240609,CUS00040,5,no_employee_id,Vodafone Cash,,Completed,504,300
ORD0005895,6/9/2024,20240609,CUS01851,1,EMP0004,Credit Card,,Completed,5697,4380
ORD0010173,6/9/2024,20240609,CUS02557,4,EMP0081,InstaPay,,Completed,2539.5,1400
ORD0000188,6/9/2024,20240609,CUS01342,3,EMP0078,Debit Card,,Completed,18369,16300
ORD0005251,6/9/2024,20240609,CUS02611,13,EMP0191,Vodafone Cash,,Completed,1041,580
ORD0002890,6/10/2024,20240610,CUS03000,4,EMP0090,InstaPay,,Completed,1707,870
ORD0010159,6/10/2024,20240610,CUS01224,13,EMP0191,InstaPay,,Completed,1190,680
ORD0007669,6/10/2024,20240610,CUS00245,8,EMP0137,Fawry,,Completed,668,360
ORD0001079,6/10/2024,20240610,CUS01775,10,EMP0154,InstaPay,,Completed,660,300
ORD0010290,6/10/2024,20240610,CUS02722,2,EMP0051,InstaPay,,Completed,399,200
ORD0001417,6/10/2024,20240610,CUS02524,4,EMP0086,Cash,,Completed,1350,980
ORD0000246,6/10/2024,20240610,CUS00090,2,EMP0054,Fawry,,Completed,11129.5,8830
ORD0007790,6/10/2024,20240610,CUS02701,3,EMP0068,Debit Card,,Completed,996,530
ORD0010405,6/10/2024,20240610,CUS00136,2,EMP0034,Vodafone Cash,,Completed,270,130
ORD0005576,6/10/2024,20240610,CUS02171,1,EMP0021,Fawry,,Completed,2464.5,1240
ORD0011225,6/10/2024,20240610,CUS01159,5,EMP0109,Credit Card,,Returned,380,180
ORD0011960,6/10/2024,20240610,CUS01195,4,EMP0085,Cash,,Completed,11642,9050
ORD0002222,6/10/2024,20240610,CUS02642,4,EMP0082,Vodafone Cash,,Completed,1120,560
ORD0010440,6/10/2024,20240610,CUS02921,4,EMP0083,Fawry,,Completed,660,440
ORD0008700,6/10/2024,20240610,CUS02680,1,EMP0005,Fawry,,Returned,1333,870
ORD0004133,6/10/2024,20240610,CUS01258,7,EMP0134,Vodafone Cash,,Completed,1983,1020
ORD0007985,6/10/2024,20240610,CUS02518,3,EMP0075,Debit Card,,Completed,144,70
ORD0004179,6/10/2024,20240610,CUS02464,2,EMP0053,Debit Card,,Completed,216,120
ORD0009357,6/10/2024,20240610,CUS02488,11,EMP0164,Debit Card,,Completed,1535.5,750
ORD0005313,6/10/2024,20240610,CUS00222,1,EMP0007,Cash,,Completed,645,330
ORD0007763,6/10/2024,20240610,CUS00416,8,EMP0137,Debit Card,,Completed,990.5,520
ORD0007639,6/11/2024,20240611,CUS01918,10,EMP0162,Cash,,Completed,1064,530
ORD0008816,6/11/2024,20240611,CUS02167,5,EMP0096,Cash,,Completed,351.5,180
ORD0004737,6/11/2024,20240611,CUS01726,13,EMP0188,InstaPay,,Completed,11590,9800
ORD0005145,6/11/2024,20240611,CUS00444,14,EMP0202,InstaPay,,Completed,126,60
ORD0002529,6/11/2024,20240611,CUS01766,4,EMP0086,Vodafone Cash,,Returned,2333,1240
ORD0003381,6/11/2024,20240611,CUS00500,6,no_employee_id,Credit Card,,Completed,332.5,170
ORD0011387,6/11/2024,20240611,CUS02239,11,EMP0167,Debit Card,,Completed,232,120
ORD0011763,6/11/2024,20240611,CUS01338,1,EMP0014,Credit Card,,Cancelled,215,120
ORD0009955,6/11/2024,20240611,CUS00398,4,EMP0089,Fawry,,Cancelled,37705.5,31840
ORD0003028,6/11/2024,20240611,CUS01459,1,EMP0015,Credit Card,,Completed,2328,1280
ORD0009721,6/12/2024,20240612,CUS01865,6,EMP0116,Cash,,Completed,840,410
ORD0005344,6/12/2024,20240612,CUS00067,4,EMP0092,Debit Card,,Completed,127.5,70
ORD0007072,6/12/2024,20240612,CUS00832,11,EMP0171,Credit Card,,Completed,420,210
ORD0002783,6/12/2024,20240612,CUS00754,6,no_employee_id,InstaPay,,Completed,838.5,420
ORD0004117,6/12/2024,20240612,CUS01090,11,EMP0171,Fawry,,Completed,1409,860
ORD0011543,6/12/2024,20240612,CUS02339,2,EMP0035,Credit Card,,Returned,204,120
ORD0006119,6/12/2024,20240612,CUS01767,14,EMP0200,Debit Card,,Completed,160,80
ORD0004199,6/12/2024,20240612,CUS00559,14,EMP0202,Cash,,Completed,71276.5,59700
ORD0010672,6/12/2024,20240612,CUS02422,1,EMP0010,Debit Card,,Completed,17170,16200
ORD0000970,6/12/2024,20240612,CUS01312,4,EMP0086,Fawry,,Completed,4857,2870
ORD0009776,6/12/2024,20240612,CUS02435,4,EMP0085,Fawry,,Completed,5900,4700
ORD0004507,6/12/2024,20240612,CUS00568,4,EMP0080,Credit Card,,Completed,1278,700
ORD0001072,6/12/2024,20240612,CUS01903,8,EMP0142,Vodafone Cash,,Completed,12000,12800
ORD0003204,6/12/2024,20240612,CUS01835,7,EMP0131,InstaPay,,Cancelled,390,180
ORD0011882,6/12/2024,20240612,CUS02430,2,EMP0029,Debit Card,,Completed,396,200
ORD0005670,6/12/2024,20240612,CUS01027,11,EMP0166,Vodafone Cash,,Completed,61424.5,48530
ORD0011006,6/12/2024,20240612,CUS01322,13,EMP0188,Credit Card,,Completed,595.5,320
ORD0007625,6/12/2024,20240612,CUS02662,14,EMP0203,Cash,,Completed,1984,990
ORD0011361,6/13/2024,20240613,CUS01930,14,EMP0199,Debit Card,,Cancelled,248,130
ORD0000520,6/13/2024,20240613,CUS02029,2,EMP0050,Cash,,Completed,2629.5,1600
ORD0008684,6/13/2024,20240613,CUS00765,3,EMP0068,Cash,,Completed,969,510
ORD0005012,6/13/2024,20240613,CUS01295,4,EMP0087,Debit Card,,Completed,2151,1470
ORD0008822,6/13/2024,20240613,CUS01952,7,EMP0128,Credit Card,,Completed,31567,25410
ORD0006190,6/13/2024,20240613,CUS02738,11,EMP0169,Cash,,Cancelled,570,270
ORD0006189,6/13/2024,20240613,CUS00565,14,EMP0198,Credit Card,,Completed,26209,22000
ORD0005733,6/14/2024,20240614,CUS02658,2,EMP0044,Credit Card,,Completed,189,100
ORD0011670,6/14/2024,20240614,CUS00544,4,EMP0079,Vodafone Cash,,Completed,342,160
ORD0009021,6/14/2024,20240614,CUS01865,4,EMP0094,Credit Card,,Completed,1851,900
ORD0004820,6/14/2024,20240614,CUS00597,6,EMP0119,Fawry,,Completed,1406,780
ORD0011916,6/14/2024,20240614,CUS01338,1,EMP0024,Vodafone Cash,,Completed,390,180
ORD0011321,6/14/2024,20240614,CUS02539,2,EMP0033,Debit Card,,Completed,4250,4000
ORD0006294,6/14/2024,20240614,CUS02117,6,EMP0123,Vodafone Cash,,Cancelled,2985,1590
ORD0003989,6/14/2024,20240614,CUS00360,2,EMP0045,Debit Card,,Completed,720,390
ORD0005588,6/14/2024,20240614,CUS02469,10,EMP0157,Vodafone Cash,,Completed,1089,530
ORD0011832,6/14/2024,20240614,CUS01211,5,EMP0112,Fawry,,Completed,414,220
ORD0006064,6/14/2024,20240614,CUS02561,4,EMP0086,Cash,,Completed,979,530
ORD0008650,6/14/2024,20240614,CUS02264,11,EMP0167,Fawry,,Completed,5138,2680
ORD0003941,6/14/2024,20240614,CUS00721,11,EMP0170,InstaPay,,Completed,695,390
ORD0002471,6/15/2024,20240615,CUS00885,8,EMP0142,Vodafone Cash,,Completed,300,200
ORD0003365,6/15/2024,20240615,CUS01199,4,EMP0082,Vodafone Cash,,Completed,720,350
ORD0011497,6/15/2024,20240615,CUS00245,10,EMP0157,Credit Card,,Completed,765,420
ORD0005140,6/15/2024,20240615,CUS00348,3,EMP0077,Credit Card,,Completed,588,310
ORD0008632,6/15/2024,20240615,CUS00416,13,EMP0191,Vodafone Cash,,Completed,770,440
ORD0009841,6/15/2024,20240615,CUS02701,12,EMP0184,Vodafone Cash,,Completed,12599.5,10000
ORD0003721,6/15/2024,20240615,CUS02451,10,no_employee_id,Debit Card,,Completed,160,70
ORD0004020,6/15/2024,20240615,CUS01964,10,EMP0155,Vodafone Cash,,Completed,7200,5600
ORD0004193,6/15/2024,20240615,CUS01666,5,EMP0105,Credit Card,,Completed,2204,1110
ORD0008048,6/16/2024,20240616,CUS00049,4,EMP0094,Cash,,Completed,1989,1140
ORD0006878,6/16/2024,20240616,CUS01378,3,EMP0078,InstaPay,,Completed,1720,840
ORD0002643,6/16/2024,20240616,CUS01332,3,EMP0057,Fawry,,Cancelled,3050,1520
ORD0001583,6/16/2024,20240616,CUS02054,10,EMP0160,Vodafone Cash,,Completed,440,220
ORD0005596,6/16/2024,20240616,CUS01490,5,EMP0096,Credit Card,,Completed,360,220
ORD0000191,6/16/2024,20240616,CUS02906,3,EMP0058,Debit Card,,Completed,1920,950
ORD0004062,6/16/2024,20240616,CUS01928,5,EMP0099,Fawry,,Completed,2263,1220
ORD0005502,6/16/2024,20240616,CUS01969,3,EMP0068,InstaPay,,Completed,653,340
ORD0002488,6/16/2024,20240616,CUS00406,7,EMP0130,Cash,,Completed,21280,17800
ORD0009642,6/16/2024,20240616,CUS00863,8,EMP0142,Debit Card,,Completed,2080,1000
ORD0007460,6/16/2024,20240616,CUS01238,5,EMP0096,InstaPay,,Completed,1248,780
ORD0006509,6/16/2024,20240616,CUS02633,3,EMP0078,Credit Card,,Completed,1140,570
ORD0011772,6/16/2024,20240616,CUS00554,12,EMP0182,Fawry,,Completed,3240,1810
ORD0005257,6/16/2024,20240616,CUS01886,2,EMP0036,Cash,,Returned,1200,590
ORD0004795,6/17/2024,20240617,CUS00163,9,EMP0147,Debit Card,,Completed,5241,4180
ORD0008030,6/17/2024,20240617,CUS01514,1,EMP0008,InstaPay,,Completed,855,410
ORD0011236,6/17/2024,20240617,CUS02053,15,EMP0207,Vodafone Cash,,Completed,1600,780
ORD0007031,6/17/2024,20240617,CUS01549,1,EMP0023,Cash,,Completed,590,290
ORD0009731,6/17/2024,20240617,CUS02896,2,EMP0050,Vodafone Cash,,Completed,608,280
ORD0003095,6/17/2024,20240617,CUS00315,2,EMP0038,Vodafone Cash,,Completed,897,550
ORD0005120,6/17/2024,20240617,CUS01109,5,EMP0110,Debit Card,,Completed,1152,630
ORD0001047,6/17/2024,20240617,CUS02333,3,EMP0058,Debit Card,,Completed,114,60
ORD0008761,6/17/2024,20240617,CUS01821,8,EMP0139,Vodafone Cash,,Cancelled,536,280
ORD0004159,6/17/2024,20240617,CUS00773,3,EMP0057,Fawry,,Completed,475,280
ORD0009124,6/17/2024,20240617,CUS02346,15,EMP0204,Vodafone Cash,,Completed,680,600
ORD0001040,6/17/2024,20240617,CUS01569,6,EMP0117,Vodafone Cash,,Completed,300,140
ORD0001271,6/17/2024,20240617,CUS00861,7,EMP0127,InstaPay,,Cancelled,90,60
ORD0001696,6/17/2024,20240617,CUS00200,12,EMP0176,Cash,,Completed,1674,920
ORD0007454,6/17/2024,20240617,CUS02113,13,EMP0190,Vodafone Cash,,Completed,74932,59880
ORD0000195,6/17/2024,20240617,CUS02509,3,EMP0071,Vodafone Cash,,Completed,1728,1080
ORD0003487,6/17/2024,20240617,CUS01750,14,EMP0197,Credit Card,,Completed,140,70
ORD0003064,6/18/2024,20240618,CUS02206,6,EMP0116,Debit Card,,Completed,528,280
ORD0008975,6/18/2024,20240618,CUS02620,2,EMP0032,Vodafone Cash,,Completed,494,240
ORD0002715,6/18/2024,20240618,CUS02079,8,EMP0140,Debit Card,,Completed,16142,12670
ORD0001733,6/18/2024,20240618,CUS00822,9,EMP0151,Vodafone Cash,,Completed,10530,7840
ORD0002056,6/18/2024,20240618,CUS02383,7,EMP0135,Fawry,,Completed,19500,20020
ORD0000258,6/18/2024,20240618,CUS02121,2,EMP0051,Credit Card,,Completed,240,140
ORD0006797,6/18/2024,20240618,CUS01991,13,EMP0190,Vodafone Cash,,Completed,690,330
ORD0008566,6/18/2024,20240618,CUS00063,2,EMP0050,Cash,,Completed,18525,15600
ORD0010652,6/18/2024,20240618,CUS00834,2,EMP0033,Debit Card,,Completed,300,150
ORD0011797,6/18/2024,20240618,CUS02025,3,EMP0058,Fawry,,Completed,740,360
ORD0011326,6/18/2024,20240618,CUS00551,12,EMP0179,InstaPay,,Completed,142.5,70
ORD0001476,6/18/2024,20240618,CUS01771,5,EMP0105,Credit Card,,Completed,826,430
ORD0007221,6/18/2024,20240618,CUS01456,8,EMP0143,Debit Card,,Completed,150,70
ORD0005058,6/19/2024,20240619,CUS00427,2,EMP0034,Fawry,,Completed,1962.5,980
ORD0006109,6/19/2024,20240619,CUS02003,2,EMP0043,Vodafone Cash,,Returned,1356,740
ORD0007045,6/19/2024,20240619,CUS01651,10,EMP0160,Fawry,,Completed,600,500
ORD0003166,6/19/2024,20240619,CUS02740,5,EMP0112,Vodafone Cash,,Completed,1542,780
ORD0011417,6/19/2024,20240619,CUS02185,9,EMP0145,Vodafone Cash,,Completed,302,150
ORD0002856,6/19/2024,20240619,CUS00684,10,EMP0159,Cash,,Completed,5000,4000
ORD0006111,6/19/2024,20240619,CUS01642,14,no_employee_id,InstaPay,,Completed,742,440
ORD0011976,6/19/2024,20240619,CUS00005,6,EMP0121,Debit Card,,Completed,1340,670
ORD0002070,6/20/2024,20240620,CUS02114,1,EMP0026,Debit Card,,Completed,440,210
ORD0000399,6/20/2024,20240620,CUS02780,2,EMP0041,InstaPay,,Completed,2000,960
ORD0004800,6/20/2024,20240620,CUS02194,2,EMP0054,Debit Card,,Completed,171,90
ORD0000381,6/20/2024,20240620,CUS02937,3,EMP0056,Vodafone Cash,,Completed,11561.5,9580
ORD0005217,6/20/2024,20240620,CUS00086,6,EMP0116,Vodafone Cash,,Completed,22680,17630
ORD0002682,6/20/2024,20240620,CUS02315,5,EMP0104,Debit Card,,Completed,2507.5,1680
ORD0007841,6/20/2024,20240620,CUS02775,12,EMP0174,Debit Card,,Completed,2113,1160
ORD0008445,6/20/2024,20240620,CUS02062,5,EMP0095,Fawry,,Completed,1555.5,1360
ORD0007623,6/20/2024,20240620,CUS00501,6,EMP0121,Vodafone Cash,,Completed,844,420
ORD0001535,6/20/2024,20240620,CUS02034,6,EMP0123,Cash,,Completed,266,120
ORD0011773,6/21/2024,20240621,CUS00317,4,no_employee_id,Credit Card,,Completed,390,240
ORD0000856,6/21/2024,20240621,CUS01089,1,EMP0004,Credit Card,,Completed,10200,8100
ORD0003685,6/21/2024,20240621,CUS00617,8,no_employee_id,Fawry,,Cancelled,1868.5,940
ORD0007414,6/21/2024,20240621,CUS01227,3,EMP0075,Credit Card,,Completed,1797,960
ORD0009614,6/21/2024,20240621,CUS01162,3,EMP0066,Vodafone Cash,,Completed,765,420
ORD0008008,6/21/2024,20240621,CUS02746,12,EMP0184,Fawry,,Completed,313.5,160
ORD0000294,6/21/2024,20240621,CUS00083,5,EMP0106,Cash,,Cancelled,324,180
ORD0005779,6/21/2024,20240621,CUS01345,10,EMP0156,Debit Card,,Completed,595,350
ORD0008667,6/21/2024,20240621,CUS00456,6,EMP0125,Cash,,Completed,210,100
ORD0007551,6/21/2024,20240621,CUS01754,4,EMP0090,Debit Card,,Completed,740,400
ORD0003540,6/21/2024,20240621,CUS02164,6,EMP0123,InstaPay,,Completed,1404,750
ORD0009637,6/21/2024,20240621,CUS02441,9,EMP0145,InstaPay,,Completed,1200,580
ORD0002817,6/21/2024,20240621,CUS01837,1,EMP0009,InstaPay,,Completed,480,230
ORD0005856,6/22/2024,20240622,CUS00976,1,EMP0027,Credit Card,,Completed,1452,830
ORD0004856,6/22/2024,20240622,CUS00679,4,EMP0082,Debit Card,,Completed,238,170
ORD0002943,6/22/2024,20240622,CUS02359,1,EMP0024,Vodafone Cash,,Completed,460,220
ORD0002590,6/22/2024,20240622,CUS00746,7,EMP0128,Debit Card,,Completed,5479,4280
ORD0009952,6/22/2024,20240622,CUS02568,12,EMP0178,Cash,,Completed,9320,8140
ORD0006326,6/22/2024,20240622,CUS00513,14,EMP0196,InstaPay,,Returned,11740,11160
ORD0007098,6/22/2024,20240622,CUS00789,9,EMP0150,InstaPay,,Completed,680,320
ORD0011873,6/22/2024,20240622,CUS00496,3,EMP0071,Debit Card,,Completed,719,390
ORD0009029,6/23/2024,20240623,CUS01608,4,EMP0087,InstaPay,,Completed,795,510
ORD0008507,6/23/2024,20240623,CUS02296,12,EMP0183,Credit Card,,Completed,710,340
ORD0007387,6/23/2024,20240623,CUS02345,1,EMP0019,Debit Card,,Completed,4760,4080
ORD0007290,6/23/2024,20240623,CUS00169,2,EMP0032,Credit Card,,Completed,1040,560
ORD0001909,6/23/2024,20240623,CUS00956,9,no_employee_id,InstaPay,,Returned,350,170
ORD0001364,6/23/2024,20240623,CUS01071,5,EMP0102,InstaPay,,Cancelled,41268,32650
ORD0006936,6/23/2024,20240623,CUS01180,1,EMP0017,Fawry,,Completed,1912,960
ORD0002341,6/23/2024,20240623,CUS02849,11,EMP0165,Fawry,,Completed,2592.5,1300
ORD0006745,6/23/2024,20240623,CUS01194,2,EMP0039,Credit Card,,Completed,1040,490
ORD0010410,6/23/2024,20240623,CUS02769,11,EMP0172,Vodafone Cash,,Completed,450.5,230
ORD0003323,6/23/2024,20240623,CUS00100,5,EMP0109,InstaPay,,Completed,2064.5,1190
ORD0001870,6/24/2024,20240624,CUS02609,11,EMP0170,InstaPay,,Cancelled,1353,670
ORD0008871,6/24/2024,20240624,CUS01447,15,EMP0210,Debit Card,,Completed,33660,31500
ORD0009618,6/24/2024,20240624,CUS00391,1,EMP0026,Credit Card,,Completed,1010,500
ORD0008571,6/24/2024,20240624,CUS00143,3,no_employee_id,Credit Card,,Returned,136,70
ORD0003294,6/24/2024,20240624,CUS01085,3,EMP0075,Cash,,Returned,408,210
ORD0001976,6/24/2024,20240624,CUS01129,4,EMP0089,Credit Card,,Completed,853,440
ORD0006604,6/24/2024,20240624,CUS02652,1,EMP0011,Debit Card,,Completed,272,140
ORD0006673,6/24/2024,20240624,CUS02122,4,EMP0093,Fawry,,Completed,16296,12680
ORD0010658,6/24/2024,20240624,CUS01951,4,EMP0093,InstaPay,,Completed,823.5,450
ORD0009196,6/24/2024,20240624,CUS00645,4,EMP0079,Vodafone Cash,,Completed,370,180
ORD0005745,6/24/2024,20240624,CUS02370,5,EMP0097,Cash,,Cancelled,2619.5,1380
ORD0006759,6/24/2024,20240624,CUS00694,2,EMP0035,Vodafone Cash,,Completed,4590,4000
ORD0011489,6/24/2024,20240624,CUS02904,2,EMP0038,Credit Card,,Completed,1833,900
ORD0010665,6/25/2024,20240625,CUS01143,4,EMP0079,Fawry,,Completed,437,230
ORD0001095,6/25/2024,20240625,CUS00455,3,EMP0057,Debit Card,,Completed,130,60
ORD0002089,6/25/2024,20240625,CUS01278,6,EMP0120,Vodafone Cash,,Completed,10434,8120
ORD0008673,6/25/2024,20240625,CUS02887,2,EMP0042,Credit Card,,Completed,2000,1600
ORD0011035,6/25/2024,20240625,CUS02465,6,EMP0119,Debit Card,,Completed,465.5,240
ORD0001427,6/25/2024,20240625,CUS00589,2,EMP0031,Credit Card,,Completed,1243,620
ORD0004247,6/25/2024,20240625,CUS00700,7,no_employee_id,InstaPay,,Cancelled,513,260
ORD0003186,6/26/2024,20240626,CUS02398,11,EMP0166,Credit Card,,Completed,958,510
ORD0007344,6/26/2024,20240626,CUS01416,8,EMP0138,Fawry,,Completed,1920,1020
ORD0008356,6/26/2024,20240626,CUS00811,1,EMP0006,Fawry,,Completed,1391.5,730
ORD0010123,6/26/2024,20240626,CUS01724,1,EMP0006,InstaPay,,Completed,306,160
ORD0002914,6/26/2024,20240626,CUS01151,4,EMP0090,Vodafone Cash,,Completed,144,80
ORD0006407,6/26/2024,20240626,CUS01542,2,EMP0044,Fawry,,Completed,790,390
ORD0004911,6/26/2024,20240626,CUS00408,12,EMP0183,InstaPay,,Completed,11393,10440
ORD0007819,6/26/2024,20240626,CUS02754,2,EMP0034,Fawry,,Completed,513,280
ORD0004381,6/26/2024,20240626,CUS00439,4,EMP0080,Vodafone Cash,,Cancelled,690,340
ORD0007360,6/26/2024,20240626,CUS01065,7,EMP0127,Vodafone Cash,,Completed,1568,780
ORD0009941,6/26/2024,20240626,CUS02760,3,EMP0073,Vodafone Cash,,Completed,9128.5,8320
ORD0011699,6/26/2024,20240626,CUS01152,2,EMP0044,Cash,,Completed,900,440
ORD0007047,6/26/2024,20240626,CUS00697,2,EMP0051,Cash,,Returned,408,220
ORD0004441,6/26/2024,20240626,CUS02497,7,EMP0133,Credit Card,,Completed,1580.5,1160
ORD0007465,6/26/2024,20240626,CUS02647,2,no_employee_id,Debit Card,,Completed,1908,1080
ORD0002530,6/27/2024,20240627,CUS02216,3,EMP0078,Fawry,,Returned,1846,980
ORD0010147,6/27/2024,20240627,CUS00163,14,EMP0195,Fawry,,Completed,31684,27580
ORD0006556,6/27/2024,20240627,CUS00394,11,EMP0171,Credit Card,,Completed,1066.5,620
ORD0007480,6/27/2024,20240627,CUS01847,3,no_employee_id,Vodafone Cash,,Completed,16923,13460
ORD0005934,6/27/2024,20240627,CUS01036,7,EMP0133,Debit Card,,Completed,150,70
ORD0011807,6/27/2024,20240627,CUS02950,3,EMP0069,Debit Card,,Completed,1280,780
ORD0009767,6/27/2024,20240627,CUS01252,7,EMP0135,InstaPay,,Completed,2108.5,1040
ORD0004324,6/27/2024,20240627,CUS01980,8,EMP0141,Cash,,Completed,1020,480
ORD0009063,6/27/2024,20240627,CUS02142,6,EMP0121,Credit Card,,Completed,1780,880
ORD0010113,6/27/2024,20240627,CUS01356,1,EMP0028,Debit Card,,Completed,260,130
ORD0004016,6/27/2024,20240627,CUS00902,12,EMP0184,Credit Card,,Completed,414,220
ORD0006494,6/27/2024,20240627,CUS00645,2,EMP0054,Cash,,Completed,420,210
ORD0000871,6/28/2024,20240628,CUS02515,4,EMP0090,InstaPay,,Completed,3708,2160
ORD0004351,6/28/2024,20240628,CUS01381,3,EMP0072,Cash,,Completed,2000,1600
ORD0005739,6/28/2024,20240628,CUS02917,1,EMP0024,Debit Card,,Completed,2174,1140
ORD0007574,6/28/2024,20240628,CUS02363,3,EMP0065,Credit Card,,Completed,682,370
ORD0011158,6/28/2024,20240628,CUS00484,6,no_employee_id,Vodafone Cash,,Completed,1008,600
ORD0002479,6/28/2024,20240628,CUS00799,10,EMP0154,Cash,,Completed,738,400
ORD0007226,6/28/2024,20240628,CUS02212,5,EMP0106,Vodafone Cash,,Completed,360,170
ORD0005361,6/28/2024,20240628,CUS02824,11,EMP0170,Debit Card,,Cancelled,770,380
ORD0010283,6/28/2024,20240628,CUS00393,6,EMP0124,Credit Card,,Returned,720,600
ORD0004008,6/28/2024,20240628,CUS01820,1,no_employee_id,Fawry,,Returned,285,140
ORD0010996,6/28/2024,20240628,CUS01463,4,EMP0084,Debit Card,,Completed,379,190
ORD0006782,6/28/2024,20240628,CUS00620,4,EMP0082,InstaPay,,Completed,850,420
ORD0001463,6/28/2024,20240628,CUS02167,15,EMP0205,Vodafone Cash,,Completed,10900,8700
ORD0000815,6/29/2024,20240629,CUS00516,2,EMP0031,Vodafone Cash,,Completed,15416,13200
ORD0005258,6/29/2024,20240629,CUS02708,15,EMP0205,InstaPay,,Returned,117,60
ORD0006474,6/29/2024,20240629,CUS02521,2,EMP0051,Cash,,Completed,1200,600
ORD0007591,6/29/2024,20240629,CUS01706,10,EMP0155,Debit Card,,Completed,12989,11780
ORD0000528,6/29/2024,20240629,CUS02881,10,EMP0162,InstaPay,,Completed,153,80
ORD0006004,6/30/2024,20240630,CUS00182,4,EMP0085,Credit Card,,Completed,374,220
ORD0000759,6/30/2024,20240630,CUS02753,4,EMP0085,Cash,,Completed,969,500
ORD0010533,6/30/2024,20240630,CUS00389,4,EMP0084,Credit Card,,Returned,11132.5,10810
ORD0003266,6/30/2024,20240630,CUS01849,5,EMP0112,Vodafone Cash,,Cancelled,270,130
ORD0010070,6/30/2024,20240630,CUS02107,8,EMP0143,Debit Card,,Completed,1192.5,580
ORD0004136,6/30/2024,20240630,CUS00720,9,EMP0145,Credit Card,,Completed,309,180
ORD0008016,6/30/2024,20240630,CUS00441,13,EMP0188,InstaPay,,Completed,474,270
ORD0001146,6/30/2024,20240630,CUS00555,7,EMP0135,InstaPay,,Completed,480,230
ORD0004739,6/30/2024,20240630,CUS02467,7,EMP0130,InstaPay,,Completed,382.5,240
ORD0004732,6/30/2024,20240630,CUS02400,2,EMP0042,Debit Card,,Returned,3216,2260
ORD0007656,6/30/2024,20240630,CUS01159,14,EMP0200,Credit Card,,Completed,4122.5,3250
ORD0000779,6/30/2024,20240630,CUS02776,7,EMP0131,Cash,,Completed,648,360
ORD0009203,7/1/2024,20240701,CUS00009,1,EMP0005,Fawry,,Completed,3348,2460
ORD0010788,7/1/2024,20240701,CUS01435,1,EMP0008,Credit Card,,Completed,937.5,540
ORD0011518,7/1/2024,20240701,CUS02719,4,EMP0087,Vodafone Cash,,Completed,288,150
ORD0009491,7/1/2024,20240701,CUS02503,11,EMP0173,Cash,,Completed,195.5,110
ORD0011827,7/1/2024,20240701,CUS00289,5,EMP0102,Cash,,Completed,519,300
ORD0007594,7/1/2024,20240701,CUS00009,2,EMP0040,InstaPay,,Completed,1057.5,570
ORD0002866,7/1/2024,20240701,CUS02100,4,EMP0089,Fawry,,Completed,288,140
ORD0010984,7/1/2024,20240701,CUS01825,3,EMP0070,Debit Card,,Completed,1380,690
ORD0008177,7/1/2024,20240701,CUS02372,6,EMP0116,Debit Card,,Completed,2580,1810
ORD0004994,7/1/2024,20240701,CUS01077,3,no_employee_id,Credit Card,,Completed,364,200
ORD0009961,7/1/2024,20240701,CUS00353,1,EMP0027,Vodafone Cash,,Completed,6022,4760
ORD0010941,7/1/2024,20240701,CUS00310,2,EMP0032,Credit Card,,Completed,7424,5590
ORD0006561,7/1/2024,20240701,CUS01714,11,EMP0173,Credit Card,,Returned,32885,26020
ORD0007975,7/1/2024,20240701,CUS00232,9,EMP0145,Vodafone Cash,,Completed,906,540
ORD0007545,7/1/2024,20240701,CUS00242,13,EMP0191,Fawry,,Completed,2963.5,1550
ORD0004935,7/2/2024,20240702,CUS01283,2,EMP0034,Cash,,Completed,2347,1980
ORD0002572,7/2/2024,20240702,CUS00388,1,EMP0028,Credit Card,,Completed,630,300
ORD0009269,7/2/2024,20240702,CUS00116,6,EMP0120,InstaPay,,Completed,323,160
ORD0002787,7/2/2024,20240702,CUS00118,3,EMP0062,Credit Card,,Returned,1367.5,700
ORD0005492,7/2/2024,20240702,CUS00351,1,EMP0016,Fawry,,Completed,675,360
ORD0010093,7/2/2024,20240702,CUS00592,2,EMP0029,Credit Card,,Returned,9044.5,7010
ORD0011197,7/2/2024,20240702,CUS01026,2,EMP0040,Credit Card,,Returned,11626,10140
ORD0002485,7/2/2024,20240702,CUS00501,8,EMP0139,Fawry,,Completed,3572,3020
ORD0001694,7/2/2024,20240702,CUS00364,5,EMP0100,Fawry,,Completed,640,320
ORD0011660,7/2/2024,20240702,CUS00873,15,EMP0210,Debit Card,,Cancelled,14937,12710
ORD0004380,7/2/2024,20240702,CUS00781,1,EMP0005,Credit Card,,Completed,243,130
ORD0009694,7/2/2024,20240702,CUS00729,11,EMP0164,Cash,,Completed,756,400
ORD0008425,7/2/2024,20240702,CUS02351,11,EMP0170,InstaPay,,Completed,225,140
ORD0011906,7/2/2024,20240702,CUS00178,11,EMP0167,Cash,,Completed,3260,2520
ORD0009724,7/3/2024,20240703,CUS01153,13,EMP0185,Cash,,Completed,1244,690
ORD0009390,7/3/2024,20240703,CUS02805,2,EMP0030,InstaPay,,Returned,2413,1870
ORD0006279,7/3/2024,20240703,CUS00455,1,EMP0020,Credit Card,,Returned,231,140
ORD0003738,7/3/2024,20240703,CUS01178,1,EMP0026,Vodafone Cash,,Returned,252,140
ORD0004141,7/3/2024,20240703,CUS00671,14,EMP0198,Debit Card,,Returned,587,290
ORD0008451,7/3/2024,20240703,CUS01471,2,EMP0051,InstaPay,,Completed,432,230
ORD0007131,7/3/2024,20240703,CUS01020,15,EMP0205,InstaPay,,Completed,76,40
ORD0006207,7/3/2024,20240703,CUS02193,5,EMP0105,Credit Card,,Completed,1348,650
ORD0003497,7/3/2024,20240703,CUS02948,3,EMP0066,Credit Card,,Completed,648,360
ORD0007471,7/4/2024,20240704,CUS02238,6,EMP0113,Credit Card,,Completed,1064,570
ORD0003792,7/4/2024,20240704,CUS02233,3,EMP0059,Cash,,Completed,4471,3890
ORD0008965,7/4/2024,20240704,CUS01473,5,EMP0109,Cash,,Completed,19405,17290
ORD0011977,7/4/2024,20240704,CUS00787,5,EMP0108,Vodafone Cash,,Completed,25750,22940
ORD0007369,7/4/2024,20240704,CUS02171,6,EMP0121,Cash,,Completed,1789,930
ORD0008676,7/4/2024,20240704,CUS01393,2,EMP0048,InstaPay,,Completed,1571.5,800
ORD0005215,7/4/2024,20240704,CUS01862,3,EMP0071,InstaPay,,Completed,457.5,300
ORD0001435,7/4/2024,20240704,CUS02063,1,EMP0026,Cash,,Completed,1232,760
ORD0002281,7/4/2024,20240704,CUS00673,15,EMP0212,InstaPay,,Completed,2002,1130
ORD0009946,7/4/2024,20240704,CUS00271,3,EMP0073,Fawry,,Completed,608,280
ORD0005646,7/4/2024,20240704,CUS01421,4,EMP0094,Cash,,Returned,1288.5,810
ORD0011894,7/4/2024,20240704,CUS00223,10,EMP0156,Fawry,,Completed,243,120
ORD0008686,7/5/2024,20240705,CUS00577,4,EMP0088,Cash,,Completed,14560,11490
ORD0011994,7/5/2024,20240705,CUS01538,4,EMP0090,Credit Card,,Returned,17246,13310
ORD0006309,7/5/2024,20240705,CUS01817,2,EMP0037,Cash,,Returned,190,90
ORD0010656,7/5/2024,20240705,CUS01134,15,EMP0205,Fawry,,Completed,1385.5,700
ORD0006778,7/5/2024,20240705,CUS00444,15,EMP0205,Cash,,Completed,43642,44140
ORD0003972,7/5/2024,20240705,CUS01213,6,EMP0121,Fawry,,Completed,342,160
ORD0000299,7/5/2024,20240705,CUS02771,3,EMP0065,Debit Card,,Returned,865,490
ORD0010777,7/5/2024,20240705,CUS00494,4,EMP0085,Credit Card,,Completed,540,280
ORD0002712,7/5/2024,20240705,CUS02765,14,EMP0197,Debit Card,,Completed,622,300
ORD0010833,7/5/2024,20240705,CUS00384,8,EMP0143,Vodafone Cash,,Completed,1915,1100
ORD0001922,7/5/2024,20240705,CUS01435,9,EMP0145,Debit Card,,Returned,1000,800
ORD0010888,7/5/2024,20240705,CUS01574,1,EMP0028,Credit Card,,Completed,1150,570
ORD0007097,7/5/2024,20240705,CUS00495,6,EMP0120,InstaPay,,Cancelled,285,140
ORD0009802,7/6/2024,20240706,CUS02783,1,EMP0002,Fawry,,Completed,359,170
ORD0006416,7/6/2024,20240706,CUS00286,1,EMP0003,Debit Card,,Cancelled,820,360
ORD0010625,7/6/2024,20240706,CUS01716,4,EMP0082,Cash,,Returned,126,70
ORD0011928,7/6/2024,20240706,CUS00955,4,EMP0091,InstaPay,,Cancelled,1518,790
ORD0000573,7/6/2024,20240706,CUS01894,11,EMP0170,InstaPay,,Returned,280,130
ORD0001174,7/6/2024,20240706,CUS02627,5,EMP0097,Cash,,Completed,14832,13830
ORD0008164,7/7/2024,20240707,CUS01549,10,EMP0155,Cash,,Completed,13187,9910
ORD0009423,7/7/2024,20240707,CUS01005,2,EMP0046,Cash,,Completed,27432,21680
ORD0003392,7/7/2024,20240707,CUS01726,4,EMP0090,Fawry,,Completed,924,640
ORD0002747,7/7/2024,20240707,CUS02098,8,EMP0140,Debit Card,,Completed,1548,880
ORD0008597,7/7/2024,20240707,CUS02470,5,EMP0111,Fawry,,Completed,399.5,230
ORD0008385,7/7/2024,20240707,CUS02611,3,EMP0065,Cash,,Completed,324,170
ORD0010430,7/7/2024,20240707,CUS01512,3,EMP0074,InstaPay,,Completed,2094,1150
ORD0000264,7/7/2024,20240707,CUS02293,1,EMP0009,Vodafone Cash,,Completed,1396,700
ORD0011302,7/7/2024,20240707,CUS00586,7,EMP0134,Credit Card,,Cancelled,142.5,70
ORD0006299,7/7/2024,20240707,CUS02049,14,EMP0196,Fawry,,Completed,717,410
ORD0000416,7/7/2024,20240707,CUS02791,6,EMP0113,Vodafone Cash,,Completed,600,280
ORD0011942,7/7/2024,20240707,CUS01151,2,EMP0053,Fawry,,Completed,25080,21000
ORD0009249,7/7/2024,20240707,CUS01187,2,EMP0045,Debit Card,,Returned,600,270
ORD0008925,7/7/2024,20240707,CUS00508,3,EMP0069,Debit Card,,Completed,90,40
ORD0006851,7/7/2024,20240707,CUS02204,7,EMP0135,Credit Card,,Returned,160,70
ORD0009736,7/7/2024,20240707,CUS02799,4,EMP0088,Credit Card,,Completed,507,340
ORD0000563,7/7/2024,20240707,CUS01569,1,EMP0015,Fawry,,Completed,1045,540
ORD0009325,7/8/2024,20240708,CUS02207,2,EMP0035,Credit Card,,Completed,548,280
ORD0001379,7/8/2024,20240708,CUS00797,2,no_employee_id,Fawry,,Completed,3077.5,1520
ORD0010863,7/8/2024,20240708,CUS01648,3,EMP0077,Vodafone Cash,,Completed,698.5,390
ORD0008514,7/8/2024,20240708,CUS02488,3,EMP0075,Credit Card,,Completed,204,120
ORD0010645,7/8/2024,20240708,CUS01083,7,EMP0132,Fawry,,Completed,2704,1340
ORD0005178,7/8/2024,20240708,CUS01228,9,EMP0149,Vodafone Cash,,Completed,119,70
ORD0009024,7/8/2024,20240708,CUS00891,15,EMP0209,InstaPay,,Cancelled,1156,680
ORD0000722,7/9/2024,20240709,CUS00110,11,EMP0173,Cash,,Completed,357,250
ORD0006558,7/9/2024,20240709,CUS02341,5,EMP0108,Debit Card,,Completed,9476,8630
ORD0006690,7/9/2024,20240709,CUS00700,11,EMP0167,Debit Card,,Completed,960,480
ORD0004349,7/9/2024,20240709,CUS01303,8,EMP0139,Fawry,,Completed,135,70
ORD0009529,7/9/2024,20240709,CUS00238,6,EMP0123,Debit Card,,Completed,2231.5,1440
ORD0009475,7/9/2024,20240709,CUS01866,8,no_employee_id,InstaPay,,Completed,2640,2380
ORD0008078,7/9/2024,20240709,CUS01171,3,EMP0060,Credit Card,,Completed,531,260
ORD0004339,7/9/2024,20240709,CUS01986,7,EMP0127,InstaPay,,Cancelled,1047,540
ORD0009228,7/9/2024,20240709,CUS02767,1,EMP0013,Cash,,Completed,17384,15150
ORD0008340,7/9/2024,20240709,CUS01774,4,EMP0083,Debit Card,,Returned,285,140
ORD0003295,7/9/2024,20240709,CUS01731,12,EMP0181,Debit Card,,Completed,720,360
ORD0007015,7/9/2024,20240709,CUS01980,5,EMP0109,Fawry,,Completed,700,340
ORD0011802,7/9/2024,20240709,CUS01907,11,EMP0166,Cash,,Completed,2412,1280
ORD0008082,7/10/2024,20240710,CUS00895,3,EMP0065,Vodafone Cash,,Completed,1678,1290
ORD0010414,7/10/2024,20240710,CUS02368,2,EMP0048,Credit Card,,Completed,2550,1270
ORD0001208,7/10/2024,20240710,CUS00309,5,EMP0111,InstaPay,,Completed,300,150
ORD0000230,7/10/2024,20240710,CUS00998,2,EMP0039,Vodafone Cash,,Completed,660,310
ORD0000442,7/10/2024,20240710,CUS00820,5,EMP0100,Fawry,,Completed,7440.5,5520
ORD0002797,7/10/2024,20240710,CUS00998,1,EMP0015,InstaPay,,Completed,776,400
ORD0004857,7/10/2024,20240710,CUS00792,4,EMP0084,Vodafone Cash,,Completed,440,210
ORD0006785,7/11/2024,20240711,CUS01711,5,EMP0111,Fawry,,Returned,20628,16310
ORD0001495,7/11/2024,20240711,CUS02447,9,EMP0148,Cash,,Completed,243,120
ORD0002046,7/11/2024,20240711,CUS01949,6,EMP0118,Debit Card,,Completed,672,420
ORD0009188,7/11/2024,20240711,CUS02355,6,EMP0122,Debit Card,,Completed,1593,850
ORD0004187,7/11/2024,20240711,CUS01112,6,EMP0119,Cash,,Completed,144,80
ORD0007791,7/11/2024,20240711,CUS02683,10,EMP0152,Debit Card,,Completed,405,260
ORD0009023,7/11/2024,20240711,CUS02851,12,no_employee_id,Vodafone Cash,,Completed,261,140
ORD0003048,7/11/2024,20240711,CUS00240,5,EMP0103,Credit Card,,Completed,22410,19800
ORD0008470,7/11/2024,20240711,CUS00172,12,EMP0183,Vodafone Cash,,Completed,3208,1700
ORD0003476,7/11/2024,20240711,CUS02473,13,EMP0186,Credit Card,,Cancelled,108,60
ORD0011666,7/11/2024,20240711,CUS00989,5,EMP0101,Debit Card,,Completed,990,470
ORD0010247,7/11/2024,20240711,CUS01451,3,EMP0061,Vodafone Cash,,Completed,1291,880
ORD0011441,7/11/2024,20240711,CUS00283,3,no_employee_id,Cash,,Completed,1568,790
ORD0003382,7/11/2024,20240711,CUS02972,5,no_employee_id,Debit Card,,Completed,752,360
ORD0005657,7/11/2024,20240711,CUS02920,5,EMP0108,Debit Card,,Completed,477,260
ORD0005337,7/12/2024,20240712,CUS01027,14,EMP0199,InstaPay,,Completed,2267,1160
ORD0000163,7/12/2024,20240712,CUS01875,3,EMP0060,Vodafone Cash,,Returned,1366,700
ORD0005544,7/12/2024,20240712,CUS02266,7,EMP0136,InstaPay,,Completed,150,70
ORD0003329,7/12/2024,20240712,CUS02657,4,EMP0087,Fawry,,Cancelled,160,70
ORD0005131,7/12/2024,20240712,CUS01924,10,EMP0158,Credit Card,,Completed,732,390
ORD0003049,7/12/2024,20240712,CUS00537,11,no_employee_id,Cash,,Completed,350,170
ORD0009805,7/12/2024,20240712,CUS02211,11,EMP0168,Cash,,Completed,3240,2800
ORD0008921,7/12/2024,20240712,CUS01715,11,EMP0166,Cash,,Completed,606,320
ORD0008162,7/12/2024,20240712,CUS01624,3,EMP0069,Vodafone Cash,,Returned,119,70
ORD0003971,7/12/2024,20240712,CUS01389,2,EMP0032,Fawry,,Completed,12460,14200
ORD0004627,7/12/2024,20240712,CUS01772,12,EMP0184,Vodafone Cash,,Completed,545,330
ORD0006286,7/13/2024,20240713,CUS02544,9,EMP0145,Debit Card,,Completed,3080,1520
ORD0007070,7/13/2024,20240713,CUS00748,13,EMP0187,InstaPay,,Completed,874.5,510
ORD0010752,7/13/2024,20240713,CUS01192,3,EMP0066,Debit Card,,Completed,498,240
ORD0008982,7/13/2024,20240713,CUS00701,1,EMP0028,Credit Card,,Completed,300,140
ORD0002257,7/13/2024,20240713,CUS01345,1,EMP0020,InstaPay,,Completed,14826,12280
ORD0011515,7/14/2024,20240714,CUS00894,4,EMP0081,Fawry,,Completed,170,100
ORD0004034,7/14/2024,20240714,CUS00201,6,EMP0120,Vodafone Cash,,Returned,1962,950
ORD0008000,7/14/2024,20240714,CUS01395,6,EMP0125,InstaPay,,Returned,24768,25880
ORD0007554,7/14/2024,20240714,CUS00694,6,EMP0117,Credit Card,,Completed,360,170
ORD0000880,7/14/2024,20240714,CUS02810,2,EMP0047,InstaPay,,Completed,1090,530
ORD0009770,7/14/2024,20240714,CUS01758,3,EMP0069,InstaPay,,Completed,1595.5,800
ORD0001649,7/14/2024,20240714,CUS00733,12,EMP0182,Fawry,,Returned,14775,12190
ORD0001120,7/14/2024,20240714,CUS01502,9,no_employee_id,InstaPay,,Completed,790,380
ORD0002247,7/14/2024,20240714,CUS00124,11,no_employee_id,InstaPay,,Completed,826,420
ORD0009764,7/14/2024,20240714,CUS02633,6,EMP0119,Cash,,Cancelled,1641,820
ORD0001254,7/15/2024,20240715,CUS00817,5,EMP0097,Vodafone Cash,,Completed,3816,3320
ORD0009090,7/15/2024,20240715,CUS00692,5,EMP0109,Debit Card,,Completed,11880,10500
ORD0010900,7/15/2024,20240715,CUS02506,1,no_employee_id,Fawry,,Completed,2986,1470
ORD0004267,7/15/2024,20240715,CUS01415,2,EMP0040,InstaPay,,Cancelled,432,260
ORD0008701,7/15/2024,20240715,CUS01378,1,EMP0027,Credit Card,,Completed,459,240
ORD0011798,7/15/2024,20240715,CUS01348,2,EMP0034,Vodafone Cash,,Completed,1590,790
ORD0004219,7/15/2024,20240715,CUS00371,14,EMP0196,Fawry,,Completed,936,500
ORD0010385,7/15/2024,20240715,CUS00281,4,EMP0083,Credit Card,,Completed,3900,3000
ORD0000326,7/15/2024,20240715,CUS02741,10,EMP0152,Cash,,Completed,140,70
ORD0009082,7/15/2024,20240715,CUS00835,7,EMP0134,Debit Card,,Completed,380,180
ORD0005893,7/15/2024,20240715,CUS00789,15,EMP0206,InstaPay,,Completed,52910.5,42060
ORD0007609,7/15/2024,20240715,CUS01283,10,EMP0159,InstaPay,,Completed,1500,1200
ORD0009850,7/15/2024,20240715,CUS00948,5,EMP0097,Vodafone Cash,,Completed,1062,580
ORD0005214,7/15/2024,20240715,CUS00695,6,EMP0125,InstaPay,,Completed,1660.5,880
ORD0004667,7/15/2024,20240715,CUS02445,7,EMP0130,Credit Card,,Completed,8224,6550
ORD0010517,7/15/2024,20240715,CUS02906,4,EMP0090,Vodafone Cash,,Completed,2337,1260
ORD0001770,7/16/2024,20240716,CUS00268,3,EMP0075,Fawry,,Completed,952,550
ORD0009374,7/16/2024,20240716,CUS00802,3,EMP0074,Debit Card,,Completed,412,210
ORD0004623,7/16/2024,20240716,CUS02845,2,EMP0030,Debit Card,,Completed,7863,7760
ORD0009726,7/16/2024,20240716,CUS02355,13,EMP0185,InstaPay,,Completed,760,360
ORD0009789,7/16/2024,20240716,CUS02318,4,EMP0087,Cash,,Completed,921,520
ORD0003032,7/16/2024,20240716,CUS02288,3,EMP0063,Debit Card,,Completed,1573,730
ORD0005572,7/16/2024,20240716,CUS01147,4,EMP0087,Credit Card,,Completed,52800,42000
ORD0011208,7/17/2024,20240717,CUS01407,12,EMP0184,Debit Card,,Completed,1277,670
ORD0005953,7/17/2024,20240717,CUS01008,1,EMP0005,Fawry,,Completed,90,40
ORD0003197,7/17/2024,20240717,CUS02514,2,EMP0042,Cash,,Completed,320,140
ORD0000933,7/18/2024,20240718,CUS01659,6,EMP0116,Credit Card,,Completed,1923,970
ORD0008382,7/18/2024,20240718,CUS02213,10,EMP0160,InstaPay,,Completed,855,440
ORD0006498,7/18/2024,20240718,CUS02196,4,EMP0083,Fawry,,Completed,721,410
ORD0001461,7/18/2024,20240718,CUS01510,4,EMP0085,Fawry,,Returned,15494,12200
ORD0010432,7/18/2024,20240718,CUS00426,14,EMP0195,InstaPay,,Completed,1425,1200
ORD0011528,7/18/2024,20240718,CUS00879,3,EMP0072,Fawry,,Completed,8585,8100
ORD0006703,7/18/2024,20240718,CUS00356,9,EMP0145,Debit Card,,Completed,340,160
ORD0004949,7/18/2024,20240718,CUS00097,14,EMP0199,Debit Card,,Completed,305,180
ORD0008298,7/18/2024,20240718,CUS01700,1,EMP0024,Cash,,Cancelled,420,200
ORD0010802,7/18/2024,20240718,CUS00148,1,EMP0017,Debit Card,,Completed,1188,640
ORD0005309,7/18/2024,20240718,CUS02429,4,EMP0088,Fawry,,Completed,3936,2970
ORD0003566,7/19/2024,20240719,CUS02861,3,EMP0069,Credit Card,,Completed,1730,910
ORD0003184,7/19/2024,20240719,CUS00396,14,EMP0195,Credit Card,,Completed,6105,4940
ORD0004162,7/19/2024,20240719,CUS00413,4,EMP0094,Cash,,Completed,33970,31650
ORD0003527,7/19/2024,20240719,CUS01636,1,EMP0001,Cash,,Completed,1403.5,790
ORD0011892,7/19/2024,20240719,CUS01299,4,EMP0092,InstaPay,,Completed,614,350
ORD0011615,7/19/2024,20240719,CUS02078,5,EMP0095,InstaPay,,Completed,204,120
ORD0003515,7/19/2024,20240719,CUS00406,5,EMP0111,Debit Card,,Completed,72,40
ORD0011269,7/19/2024,20240719,CUS01573,13,EMP0189,Vodafone Cash,,Returned,33133.5,26350
ORD0000492,7/19/2024,20240719,CUS02342,6,EMP0118,Credit Card,,Completed,578,320
ORD0003488,7/19/2024,20240719,CUS02133,3,EMP0071,Vodafone Cash,,Completed,1056,510
ORD0002181,7/20/2024,20240720,CUS02797,4,EMP0083,Cash,,Completed,570,270
ORD0004921,7/20/2024,20240720,CUS02310,7,EMP0134,Fawry,,Completed,924,510
ORD0009670,7/20/2024,20240720,CUS00018,1,EMP0007,Debit Card,,Completed,680,320
ORD0004113,7/20/2024,20240720,CUS01032,4,EMP0089,InstaPay,,Completed,2495,1820
ORD0000927,7/20/2024,20240720,CUS02169,6,EMP0116,Cash,,Completed,683,350
ORD0008998,7/20/2024,20240720,CUS02234,3,no_employee_id,Fawry,,Completed,1540,760
ORD0009356,7/20/2024,20240720,CUS02592,2,EMP0029,InstaPay,,Completed,510,280
ORD0009598,7/21/2024,20240721,CUS01252,4,EMP0094,Vodafone Cash,,Completed,14565,11230
ORD0008464,7/21/2024,20240721,CUS01743,3,EMP0072,Vodafone Cash,,Completed,630,310
ORD0004656,7/21/2024,20240721,CUS02633,10,EMP0159,Debit Card,,Returned,3049,1830
ORD0002290,7/21/2024,20240721,CUS02191,9,EMP0149,InstaPay,,Completed,7607.5,5800
ORD0010691,7/21/2024,20240721,CUS01270,5,EMP0102,Vodafone Cash,,Completed,60374,48020
ORD0000901,7/21/2024,20240721,CUS01389,4,EMP0082,Fawry,,Completed,365,190
ORD0006320,7/21/2024,20240721,CUS00553,9,EMP0146,Fawry,,Completed,326,150
ORD0010687,7/21/2024,20240721,CUS01509,6,EMP0113,InstaPay,,Completed,1362,690
ORD0005461,7/21/2024,20240721,CUS00784,14,EMP0195,Debit Card,,Returned,2927,1470
ORD0006542,7/21/2024,20240721,CUS02481,3,EMP0060,Fawry,,Completed,1147.5,570
ORD0006001,7/21/2024,20240721,CUS01734,13,EMP0191,Credit Card,,Completed,818.5,390
ORD0010109,7/21/2024,20240721,CUS01227,14,EMP0196,Vodafone Cash,,Completed,500,250
ORD0009705,7/21/2024,20240721,CUS00036,2,EMP0052,InstaPay,,Completed,480,230
ORD0007484,7/21/2024,20240721,CUS01917,2,EMP0047,Fawry,,Completed,992.5,870
ORD0003006,7/21/2024,20240721,CUS02202,14,EMP0194,Vodafone Cash,,Completed,778.5,450
ORD0010084,7/22/2024,20240722,CUS02280,8,EMP0139,Debit Card,,Returned,1890,1230
ORD0009739,7/22/2024,20240722,CUS01548,13,EMP0189,InstaPay,,Completed,288,140
ORD0011310,7/22/2024,20240722,CUS01228,2,EMP0036,Vodafone Cash,,Completed,680,600
ORD0003173,7/22/2024,20240722,CUS01576,1,EMP0017,Cash,,Cancelled,2399,1700
ORD0006431,7/22/2024,20240722,CUS01700,11,EMP0166,Debit Card,,Returned,17575,14800
ORD0004103,7/22/2024,20240722,CUS02437,14,EMP0200,Vodafone Cash,,Completed,468,250
ORD0006251,7/22/2024,20240722,CUS00891,1,EMP0028,InstaPay,,Completed,740,360
ORD0004026,7/22/2024,20240722,CUS01417,5,EMP0103,InstaPay,,Completed,204,120
ORD0007957,7/22/2024,20240722,CUS00086,4,EMP0087,InstaPay,,Cancelled,468,260
ORD0009461,7/22/2024,20240722,CUS02601,2,EMP0041,Cash,,Completed,352,210
ORD0009584,7/22/2024,20240722,CUS01424,11,EMP0166,Vodafone Cash,,Completed,775,380
ORD0007992,7/23/2024,20240723,CUS02076,6,EMP0118,Debit Card,,Completed,25080,21000
ORD0000892,7/23/2024,20240723,CUS02323,5,EMP0105,Cash,,Completed,1804,970
ORD0007019,7/23/2024,20240723,CUS02573,1,EMP0009,Vodafone Cash,,Completed,1080,530
ORD0001189,7/23/2024,20240723,CUS01985,8,EMP0138,Cash,,Completed,351.5,180
ORD0008108,7/23/2024,20240723,CUS00493,5,EMP0107,Debit Card,,Completed,342,170
ORD0007764,7/23/2024,20240723,CUS02666,2,EMP0031,Vodafone Cash,,Completed,3243,1710
ORD0000449,7/23/2024,20240723,CUS01042,6,EMP0124,Credit Card,,Completed,2695,2160
ORD0009428,7/23/2024,20240723,CUS01319,6,EMP0114,InstaPay,,Completed,15725,16440
ORD0001755,7/23/2024,20240723,CUS01875,12,EMP0180,InstaPay,,Completed,297.5,150
ORD0010282,7/23/2024,20240723,CUS00598,1,EMP0018,Fawry,,Completed,714,360
ORD0004658,7/23/2024,20240723,CUS01543,7,EMP0132,Cash,,Completed,360,180
ORD0010245,7/24/2024,20240724,CUS00107,9,EMP0149,Cash,,Completed,468,260
ORD0003083,7/24/2024,20240724,CUS01106,3,EMP0063,Fawry,,Completed,1040,520
ORD0004813,7/24/2024,20240724,CUS01663,1,EMP0012,Cash,,Completed,780,390
ORD0009769,7/24/2024,20240724,CUS02287,3,EMP0076,Cash,,Returned,10640,8900
ORD0000711,7/24/2024,20240724,CUS01568,1,EMP0004,Fawry,,Completed,1310,700
ORD0009400,7/24/2024,20240724,CUS01998,2,EMP0054,Vodafone Cash,,Returned,1449.5,850
ORD0003707,7/24/2024,20240724,CUS00368,13,EMP0187,Debit Card,,Completed,558,300
ORD0008988,7/24/2024,20240724,CUS02481,2,EMP0029,InstaPay,,Completed,135,80
ORD0010246,7/25/2024,20240725,CUS02212,8,no_employee_id,Vodafone Cash,,Completed,1888,1030
ORD0011980,7/25/2024,20240725,CUS01631,9,EMP0148,Debit Card,,Completed,357,180
ORD0004648,7/25/2024,20240725,CUS01202,2,EMP0046,Credit Card,,Completed,2080,1020
ORD0002538,7/25/2024,20240725,CUS01933,12,no_employee_id,InstaPay,,Completed,870,440
ORD0003561,7/25/2024,20240725,CUS02562,2,EMP0054,InstaPay,,Completed,432,200
ORD0008240,7/25/2024,20240725,CUS01835,3,EMP0055,InstaPay,,Completed,150,70
ORD0002922,7/25/2024,20240725,CUS01915,14,EMP0198,Cash,,Completed,889.5,460
ORD0009498,7/25/2024,20240725,CUS00362,5,EMP0106,InstaPay,,Completed,3624,1910
ORD0009702,7/25/2024,20240725,CUS02987,2,EMP0031,Debit Card,,Completed,280,140
ORD0010158,7/25/2024,20240725,CUS02424,1,EMP0022,Cash,,Returned,207,110
ORD0006959,7/25/2024,20240725,CUS02885,7,EMP0132,Fawry,,Completed,1110,540
ORD0007810,7/25/2024,20240725,CUS00182,6,EMP0114,Fawry,,Completed,238,140
ORD0003618,7/26/2024,20240726,CUS01211,3,EMP0060,Cash,,Completed,1080,720
ORD0003509,7/26/2024,20240726,CUS01101,12,EMP0180,Cash,,Completed,229.5,130
ORD0000558,7/26/2024,20240726,CUS00981,5,EMP0109,Debit Card,,Completed,1930,980
ORD0006447,7/26/2024,20240726,CUS02323,15,EMP0212,Fawry,,Completed,2963.5,1800
ORD0005352,7/26/2024,20240726,CUS00435,1,EMP0018,InstaPay,,Completed,16120,12810
ORD0008248,7/26/2024,20240726,CUS02555,3,EMP0073,InstaPay,,Completed,699,390
ORD0009753,7/26/2024,20240726,CUS00075,2,EMP0035,Vodafone Cash,,Completed,140,70
ORD0003386,7/26/2024,20240726,CUS00482,7,EMP0136,InstaPay,,Completed,1427.5,750
ORD0001331,7/26/2024,20240726,CUS01253,3,EMP0074,Vodafone Cash,,Returned,456,230
ORD0009322,7/26/2024,20240726,CUS02323,14,EMP0198,Vodafone Cash,,Completed,26641,20830
ORD0001670,7/26/2024,20240726,CUS01156,8,EMP0138,Debit Card,,Completed,230,110
ORD0010255,7/26/2024,20240726,CUS00286,2,EMP0052,Debit Card,,Returned,153,80
ORD0000229,7/26/2024,20240726,CUS02660,1,EMP0022,Vodafone Cash,,Completed,1089,630
ORD0000117,7/26/2024,20240726,CUS01168,9,EMP0149,InstaPay,,Completed,700,330
ORD0010328,7/27/2024,20240727,CUS01869,3,EMP0065,Cash,,Completed,256,150
ORD0002104,7/27/2024,20240727,CUS02591,3,EMP0072,Vodafone Cash,,Completed,240,120
ORD0004719,7/27/2024,20240727,CUS00978,4,EMP0093,Credit Card,,Returned,8010,7100
ORD0002457,7/27/2024,20240727,CUS02469,3,EMP0066,InstaPay,,Completed,21240,18800
ORD0004565,7/27/2024,20240727,CUS02166,5,EMP0098,Cash,,Completed,3970.5,2060
ORD0001737,7/27/2024,20240727,CUS00727,5,EMP0108,Vodafone Cash,,Completed,2419,1210
ORD0007158,7/27/2024,20240727,CUS01279,2,EMP0036,Credit Card,,Completed,902.5,470
ORD0003788,7/27/2024,20240727,CUS01088,11,EMP0168,Cash,,Completed,673.5,340
ORD0008208,7/27/2024,20240727,CUS00386,2,EMP0029,Debit Card,,Completed,402,250
ORD0000704,7/27/2024,20240727,CUS01122,12,EMP0174,Vodafone Cash,,Completed,795,440
ORD0000063,7/27/2024,20240727,CUS00747,6,EMP0113,Fawry,,Completed,280,170
ORD0004515,7/27/2024,20240727,CUS01522,6,EMP0120,Cash,,Completed,7841,5490
ORD0000649,7/28/2024,20240728,CUS00766,6,EMP0119,Vodafone Cash,,Completed,1080,510
ORD0006685,7/28/2024,20240728,CUS02144,5,EMP0105,Vodafone Cash,,Completed,13410,11900
ORD0011767,7/28/2024,20240728,CUS02192,4,EMP0085,Vodafone Cash,,Completed,540,260
ORD0009515,7/28/2024,20240728,CUS01162,11,EMP0171,Cash,,Completed,184,110
ORD0005787,7/28/2024,20240728,CUS00973,5,EMP0110,Vodafone Cash,,Completed,1200,600
ORD0002304,7/28/2024,20240728,CUS02659,13,EMP0186,Credit Card,,Completed,2288,1170
ORD0006204,7/28/2024,20240728,CUS02627,5,EMP0106,Vodafone Cash,,Completed,533,270
ORD0005141,7/29/2024,20240729,CUS02104,1,EMP0001,Fawry,,Completed,2725.5,1430
ORD0006341,7/29/2024,20240729,CUS01015,8,EMP0141,Vodafone Cash,,Cancelled,1914,1050
ORD0011288,7/29/2024,20240729,CUS01618,12,EMP0180,Credit Card,,Completed,18180.5,13920
ORD0004251,7/29/2024,20240729,CUS02785,12,EMP0177,Vodafone Cash,,Completed,210,100
ORD0010953,7/29/2024,20240729,CUS00362,15,EMP0212,Cash,,Completed,891,510
ORD0011668,7/29/2024,20240729,CUS01672,5,EMP0095,Cash,,Returned,1612,880
ORD0003327,7/29/2024,20240729,CUS00920,14,EMP0202,Vodafone Cash,,Returned,1088,570
ORD0007155,7/29/2024,20240729,CUS02027,11,EMP0167,Fawry,,Completed,360,180
ORD0011200,7/29/2024,20240729,CUS02684,6,no_employee_id,Vodafone Cash,,Completed,333,180
ORD0001069,7/29/2024,20240729,CUS01759,8,EMP0141,Vodafone Cash,,Completed,4680,4100
ORD0008908,7/29/2024,20240729,CUS02735,5,EMP0100,InstaPay,,Completed,1338,700
ORD0004135,7/29/2024,20240729,CUS00572,5,EMP0110,InstaPay,,Completed,387,220
ORD0008259,7/30/2024,20240730,CUS01442,13,EMP0193,Credit Card,,Completed,328,180
ORD0000131,7/30/2024,20240730,CUS01362,11,EMP0173,Credit Card,,Completed,1639.5,860
ORD0007521,7/30/2024,20240730,CUS00766,5,EMP0100,InstaPay,,Completed,2080,1000
ORD0010429,7/30/2024,20240730,CUS02173,2,no_employee_id,InstaPay,,Cancelled,120,80
ORD0005690,7/30/2024,20240730,CUS02081,2,EMP0053,Vodafone Cash,,Completed,10310,9420
ORD0003734,7/30/2024,20240730,CUS02413,3,EMP0067,Credit Card,,Completed,1494,820
ORD0002091,7/30/2024,20240730,CUS00825,1,EMP0027,Credit Card,,Cancelled,2820,1390
ORD0006805,7/30/2024,20240730,CUS01610,6,EMP0114,Vodafone Cash,,Completed,606,310
ORD0001689,7/30/2024,20240730,CUS02031,5,EMP0096,Vodafone Cash,,Completed,1632,820
ORD0010849,7/30/2024,20240730,CUS02377,5,EMP0109,Vodafone Cash,,Returned,480,220
ORD0009200,7/30/2024,20240730,CUS02427,8,EMP0139,Credit Card,,Completed,15133,12400
ORD0008148,7/30/2024,20240730,CUS01470,3,EMP0071,Cash,,Cancelled,1443,830
ORD0003481,7/30/2024,20240730,CUS00315,6,EMP0119,Cash,,Completed,465,240
ORD0003975,7/30/2024,20240730,CUS01538,5,EMP0101,Vodafone Cash,,Returned,2744,1430
ORD0004356,7/31/2024,20240731,CUS02159,10,EMP0155,Credit Card,,Completed,772,400
ORD0000255,7/31/2024,20240731,CUS02042,3,EMP0064,Debit Card,,Completed,882,420
ORD0000987,7/31/2024,20240731,CUS00618,1,EMP0025,Cash,,Completed,144,70
ORD0002524,7/31/2024,20240731,CUS01134,4,EMP0094,Credit Card,,Completed,44202,35110
ORD0003611,7/31/2024,20240731,CUS01600,12,EMP0174,InstaPay,,Completed,530,280
ORD0010418,7/31/2024,20240731,CUS00149,14,EMP0203,Cash,,Completed,1080,540
ORD0007726,7/31/2024,20240731,CUS02251,4,EMP0084,Fawry,,Completed,2047.5,1020
ORD0011955,7/31/2024,20240731,CUS00582,6,EMP0123,Fawry,,Completed,11175,11900
ORD0009748,8/1/2024,20240801,CUS00189,10,EMP0156,Vodafone Cash,,Completed,13480,10670
ORD0011553,8/1/2024,20240801,CUS00683,10,EMP0160,InstaPay,,Completed,450,240
ORD0009284,8/1/2024,20240801,CUS02896,4,EMP0083,InstaPay,,Completed,10982,9000
ORD0006863,8/1/2024,20240801,CUS01958,14,EMP0200,Credit Card,,Completed,610,300
ORD0007851,8/1/2024,20240801,CUS02256,5,EMP0104,Debit Card,,Completed,1117,590
ORD0003700,8/1/2024,20240801,CUS01583,3,EMP0064,Cash,,Completed,1351.5,770
ORD0005015,8/1/2024,20240801,CUS02196,8,EMP0141,Debit Card,,Completed,85.5,40
ORD0004961,8/1/2024,20240801,CUS00186,12,EMP0182,Cash,,Completed,400,200
ORD0007520,8/1/2024,20240801,CUS00479,8,EMP0139,Cash,,Completed,1140,600
ORD0007771,8/2/2024,20240802,CUS02714,4,EMP0090,InstaPay,,Completed,1410,750
ORD0008260,8/2/2024,20240802,CUS02380,3,EMP0078,Vodafone Cash,,Completed,1204,640
ORD0010329,8/2/2024,20240802,CUS01947,3,EMP0065,Debit Card,,Completed,2295,1210
ORD0004478,8/2/2024,20240802,CUS00780,1,EMP0024,Credit Card,,Completed,948,540
ORD0006971,8/2/2024,20240802,CUS00111,1,EMP0023,Cash,,Completed,15515,12460
ORD0001441,8/2/2024,20240802,CUS02643,12,EMP0175,Debit Card,,Completed,288,140
ORD0004087,8/2/2024,20240802,CUS02158,7,EMP0134,Cash,,Completed,18870,15500
ORD0004093,8/2/2024,20240802,CUS02818,8,EMP0142,Debit Card,,Completed,680,390
ORD0007683,8/2/2024,20240802,CUS00161,2,EMP0042,Credit Card,,Completed,1660,820
ORD0008789,8/2/2024,20240802,CUS01168,4,EMP0094,Vodafone Cash,,Completed,4815,2410
ORD0001001,8/2/2024,20240802,CUS01113,6,EMP0126,Vodafone Cash,,Completed,3207,1770
ORD0004649,8/2/2024,20240802,CUS01080,3,EMP0076,Debit Card,,Completed,22603.5,17840
ORD0002750,8/2/2024,20240802,CUS02948,8,EMP0140,Cash,,Completed,756,420
ORD0001050,8/2/2024,20240802,CUS01202,2,EMP0043,Cash,,Completed,11100,9900
ORD0000150,8/2/2024,20240802,CUS01493,4,EMP0087,InstaPay,,Completed,498,280
ORD0007835,8/3/2024,20240803,CUS02634,5,EMP0105,Fawry,,Completed,195.5,110
ORD0000397,8/3/2024,20240803,CUS02158,11,EMP0172,InstaPay,,Completed,16568,13800
ORD0001182,8/3/2024,20240803,CUS01438,7,EMP0134,Vodafone Cash,,Completed,1158.5,580
ORD0009580,8/3/2024,20240803,CUS02771,1,EMP0008,Cash,,Completed,81,40
ORD0000625,8/3/2024,20240803,CUS01383,2,EMP0048,Debit Card,,Completed,520.5,290
ORD0009727,8/3/2024,20240803,CUS00014,11,EMP0173,Fawry,,Completed,960,530
ORD0010480,8/4/2024,20240804,CUS01868,12,EMP0180,Credit Card,,Completed,608,280
ORD0000231,8/4/2024,20240804,CUS01994,5,no_employee_id,InstaPay,,Returned,720,360
ORD0009640,8/4/2024,20240804,CUS01810,10,EMP0161,Vodafone Cash,,Returned,4425,4700
ORD0009944,8/4/2024,20240804,CUS02699,10,EMP0161,Cash,,Completed,629,360
ORD0006016,8/4/2024,20240804,CUS02477,1,EMP0013,Vodafone Cash,,Completed,723,370
ORD0003791,8/4/2024,20240804,CUS01554,11,EMP0164,Debit Card,,Returned,1934,950
ORD0011964,8/4/2024,20240804,CUS02248,1,EMP0016,Cash,,Completed,406.5,210
ORD0006237,8/4/2024,20240804,CUS01152,1,EMP0023,Vodafone Cash,,Completed,12070,10330
ORD0003215,8/4/2024,20240804,CUS00375,10,EMP0163,Vodafone Cash,,Completed,1302,790
ORD0011371,8/5/2024,20240805,CUS02726,12,EMP0177,Cash,,Completed,420,200
ORD0005726,8/5/2024,20240805,CUS02114,9,EMP0151,Debit Card,,Completed,1437,710
ORD0003113,8/5/2024,20240805,CUS02224,13,EMP0192,InstaPay,,Completed,490,230
ORD0006263,8/5/2024,20240805,CUS02989,8,EMP0139,Fawry,,Completed,370,180
ORD0002106,8/5/2024,20240805,CUS01377,1,EMP0005,Vodafone Cash,,Completed,2192,2180
ORD0003616,8/5/2024,20240805,CUS01475,9,EMP0146,Cash,,Completed,170,80
ORD0011464,8/5/2024,20240805,CUS00575,1,EMP0024,Cash,,Completed,180,80
ORD0005813,8/5/2024,20240805,CUS00191,12,no_employee_id,Fawry,,Returned,11071,8790
ORD0001534,8/5/2024,20240805,CUS01765,3,EMP0068,Debit Card,,Completed,270,140
ORD0008360,8/5/2024,20240805,CUS01232,6,EMP0126,Cash,,Completed,504,330
ORD0000849,8/6/2024,20240806,CUS02910,9,EMP0147,Credit Card,,Completed,1174.5,580
ORD0008990,8/6/2024,20240806,CUS00554,14,no_employee_id,Cash,,Completed,1210.5,760
ORD0001096,8/6/2024,20240806,CUS00539,4,EMP0092,Vodafone Cash,,Completed,548,310
ORD0004232,8/6/2024,20240806,CUS02422,4,EMP0084,Fawry,,Completed,16840,15470
ORD0003841,8/6/2024,20240806,CUS01495,13,EMP0191,Debit Card,,Completed,2836.5,1400
ORD0000176,8/6/2024,20240806,CUS01956,2,EMP0035,Fawry,,Completed,300,140
ORD0008461,8/6/2024,20240806,CUS01414,2,EMP0039,Credit Card,,Completed,1958,1000
ORD0001915,8/6/2024,20240806,CUS01635,2,EMP0051,Vodafone Cash,,Completed,140,60
ORD0007108,8/6/2024,20240806,CUS02135,5,EMP0108,InstaPay,,Completed,500,250
ORD0008467,8/6/2024,20240806,CUS01926,1,EMP0025,Debit Card,,Completed,884,440
ORD0001608,8/6/2024,20240806,CUS02854,2,no_employee_id,Cash,,Completed,420,200
ORD0003756,8/6/2024,20240806,CUS01687,4,EMP0085,Debit Card,,Completed,144,70
ORD0002881,8/6/2024,20240806,CUS01149,2,no_employee_id,InstaPay,,Completed,360,160
ORD0009058,8/6/2024,20240806,CUS02975,4,EMP0094,InstaPay,,Completed,756,400
ORD0004011,8/7/2024,20240807,CUS01847,2,EMP0036,InstaPay,,Completed,11699,11110
ORD0008947,8/7/2024,20240807,CUS00144,3,EMP0070,Cash,,Returned,480,240
ORD0009437,8/7/2024,20240807,CUS02236,5,EMP0095,Fawry,,Completed,2128,1570
ORD0004067,8/7/2024,20240807,CUS01790,1,EMP0025,Debit Card,,Completed,550,320
ORD0007537,8/7/2024,20240807,CUS02033,3,EMP0069,Credit Card,,Completed,576,320
ORD0011743,8/7/2024,20240807,CUS00997,11,EMP0173,Debit Card,,Returned,1322.5,730
ORD0002277,8/7/2024,20240807,CUS02064,2,EMP0046,InstaPay,,Completed,1332,740
ORD0010153,8/8/2024,20240808,CUS02332,1,EMP0021,Cash,,Completed,140,60
ORD0004018,8/8/2024,20240808,CUS02519,1,EMP0001,Credit Card,,Completed,260,120
ORD0005179,8/8/2024,20240808,CUS00914,1,EMP0010,Cash,,Completed,1416,870
ORD0009330,8/8/2024,20240808,CUS02766,2,no_employee_id,InstaPay,,Completed,1640,790
ORD0011073,8/8/2024,20240808,CUS00814,3,EMP0057,Vodafone Cash,,Completed,1297,660
ORD0011842,8/8/2024,20240808,CUS02995,3,EMP0060,Credit Card,,Completed,2880,2800
ORD0005789,8/8/2024,20240808,CUS02431,1,EMP0002,InstaPay,,Returned,19800,21200
ORD0008610,8/8/2024,20240808,CUS00230,3,EMP0058,Cash,,Completed,716.5,440
ORD0004287,8/8/2024,20240808,CUS02481,5,EMP0101,Cash,,Cancelled,443.5,200
ORD0009364,8/9/2024,20240809,CUS00879,1,EMP0017,Credit Card,,Completed,990,500
ORD0007004,8/9/2024,20240809,CUS02244,6,EMP0116,Credit Card,,Completed,150,70
ORD0001843,8/9/2024,20240809,CUS00336,3,EMP0076,InstaPay,,Completed,480,220
ORD0002343,8/9/2024,20240809,CUS01281,1,EMP0020,Fawry,,Completed,256.5,130
ORD0006043,8/9/2024,20240809,CUS00137,15,EMP0211,Cash,,Completed,2187,1200
ORD0006982,8/9/2024,20240809,CUS00288,6,EMP0121,Vodafone Cash,,Completed,350,170
ORD0007644,8/10/2024,20240810,CUS01621,14,EMP0198,InstaPay,,Completed,142.5,70
ORD0007321,8/10/2024,20240810,CUS00749,5,EMP0102,Vodafone Cash,,Completed,290,140
ORD0002924,8/10/2024,20240810,CUS02506,7,EMP0135,Debit Card,,Completed,470,230
ORD0011474,8/10/2024,20240810,CUS02138,12,EMP0174,Fawry,,Completed,2553,1320
ORD0003243,8/10/2024,20240810,CUS01541,5,EMP0107,Debit Card,,Completed,285,140
ORD0006987,8/10/2024,20240810,CUS00553,3,EMP0056,Vodafone Cash,,Completed,680,320
ORD0009976,8/10/2024,20240810,CUS02717,8,EMP0142,InstaPay,,Completed,150,70
ORD0009068,8/10/2024,20240810,CUS01418,15,EMP0211,InstaPay,,Completed,19940,15580
ORD0010812,8/10/2024,20240810,CUS00836,1,EMP0004,InstaPay,,Completed,102,60
ORD0000380,8/10/2024,20240810,CUS00027,8,EMP0141,InstaPay,,Completed,2592,1600
ORD0009144,8/11/2024,20240811,CUS00082,2,EMP0037,Fawry,,Completed,414,220
ORD0010273,8/11/2024,20240811,CUS00949,2,EMP0043,Debit Card,,Returned,7983,7320
ORD0009450,8/11/2024,20240811,CUS00614,3,EMP0062,Credit Card,,Completed,6597.5,5770
ORD0002037,8/11/2024,20240811,CUS00600,6,EMP0125,Credit Card,,Completed,288,170
ORD0011330,8/11/2024,20240811,CUS02220,2,EMP0037,Cash,,Completed,1130,550
ORD0006734,8/11/2024,20240811,CUS02655,10,EMP0153,Credit Card,,Completed,852.5,470
ORD0010540,8/11/2024,20240811,CUS02009,3,EMP0070,Credit Card,,Completed,666,330
ORD0009096,8/11/2024,20240811,CUS00096,2,EMP0039,Vodafone Cash,,Cancelled,2862,1670
ORD0006254,8/11/2024,20240811,CUS02911,3,EMP0056,Fawry,,Completed,673,400
ORD0011659,8/11/2024,20240811,CUS02232,2,EMP0029,InstaPay,,Completed,17418,15180
ORD0007195,8/11/2024,20240811,CUS00908,2,EMP0036,Vodafone Cash,,Completed,1462.5,760
ORD0000431,8/11/2024,20240811,CUS00791,6,EMP0117,Fawry,,Completed,1747,1020
ORD0002275,8/11/2024,20240811,CUS00917,4,EMP0091,InstaPay,,Cancelled,26700,21300
ORD0005470,8/12/2024,20240812,CUS00995,1,EMP0016,Cash,,Cancelled,740,360
ORD0009813,8/12/2024,20240812,CUS01312,3,EMP0068,Vodafone Cash,,Completed,1387,720
ORD0001332,8/12/2024,20240812,CUS00288,1,EMP0011,Cash,,Completed,681,350
ORD0003565,8/12/2024,20240812,CUS02005,2,EMP0035,InstaPay,,Completed,1738.5,900
ORD0003221,8/12/2024,20240812,CUS00316,11,EMP0164,InstaPay,,Completed,655.5,340
ORD0009546,8/12/2024,20240812,CUS01388,1,EMP0010,Debit Card,,Completed,1197.5,580
ORD0010394,8/12/2024,20240812,CUS01403,12,EMP0177,Vodafone Cash,,Completed,1214,590
ORD0009645,8/12/2024,20240812,CUS00033,3,EMP0063,Cash,,Completed,1459,730
ORD0004825,8/12/2024,20240812,CUS02666,4,EMP0088,Fawry,,Completed,24525,26100
ORD0008125,8/12/2024,20240812,CUS02785,1,EMP0023,Cash,,Completed,306,160
ORD0007875,8/12/2024,20240812,CUS02926,13,EMP0191,Vodafone Cash,,Completed,2080.5,1210
ORD0010205,8/13/2024,20240813,CUS00586,5,EMP0109,Credit Card,,Completed,160,70
ORD0005700,8/13/2024,20240813,CUS02154,6,EMP0125,InstaPay,,Returned,494,240
ORD0009250,8/13/2024,20240813,CUS00474,14,EMP0195,Debit Card,,Completed,4850,3630
ORD0004665,8/13/2024,20240813,CUS01234,3,no_employee_id,Cash,,Completed,492,280
ORD0002961,8/13/2024,20240813,CUS02296,4,EMP0083,Credit Card,,Completed,1281,900
ORD0006403,8/13/2024,20240813,CUS01181,6,EMP0123,Debit Card,,Completed,18732.5,14950
ORD0006154,8/13/2024,20240813,CUS00189,5,EMP0101,Cash,,Completed,598,360
ORD0011450,8/13/2024,20240813,CUS00731,14,EMP0201,Vodafone Cash,,Completed,816,440
ORD0003619,8/13/2024,20240813,CUS01450,5,EMP0105,InstaPay,,Completed,100,40
ORD0000401,8/13/2024,20240813,CUS02364,1,EMP0020,Fawry,,Completed,152,70
ORD0008858,8/13/2024,20240813,CUS01973,3,EMP0060,Cash,,Completed,510.5,270
ORD0001629,8/14/2024,20240814,CUS01633,7,no_employee_id,InstaPay,,Completed,1440,880
ORD0003360,8/14/2024,20240814,CUS02423,8,EMP0138,Credit Card,,Completed,2433.5,1250
ORD0002001,8/14/2024,20240814,CUS00898,4,EMP0089,Debit Card,,Completed,1412,700
ORD0009890,8/14/2024,20240814,CUS01115,10,EMP0162,Fawry,,Completed,1970,980
ORD0006414,8/14/2024,20240814,CUS00142,1,EMP0003,Vodafone Cash,,Completed,900,450
ORD0007699,8/14/2024,20240814,CUS01878,9,EMP0148,InstaPay,,Completed,262.5,170
ORD0004534,8/14/2024,20240814,CUS01757,5,no_employee_id,Cash,,Completed,1600,940
ORD0002958,8/14/2024,20240814,CUS01135,3,EMP0078,Credit Card,,Completed,306,170
ORD0006203,8/14/2024,20240814,CUS02768,6,EMP0118,Credit Card,,Completed,440,200
ORD0007227,8/14/2024,20240814,CUS00406,8,EMP0137,InstaPay,,Completed,322,220
ORD0000707,8/14/2024,20240814,CUS00823,9,EMP0148,Cash,,Completed,510,280
ORD0006674,8/14/2024,20240814,CUS02921,2,EMP0039,Fawry,,Completed,470,230
ORD0003207,8/14/2024,20240814,CUS00098,2,EMP0046,Fawry,,Completed,607.5,350
ORD0002100,8/15/2024,20240815,CUS00725,1,EMP0009,Cash,,Completed,18810,14950
ORD0003816,8/15/2024,20240815,CUS02724,1,EMP0016,Vodafone Cash,,Completed,300,140
ORD0005723,8/15/2024,20240815,CUS00442,2,EMP0039,Debit Card,,Returned,2932,2260
ORD0008151,8/15/2024,20240815,CUS01163,1,EMP0004,Cash,,Completed,90,40
ORD0006521,8/15/2024,20240815,CUS00363,3,EMP0067,Cash,,Completed,360,170
ORD0006441,8/15/2024,20240815,CUS02460,2,EMP0054,Fawry,,Completed,819,420
ORD0010916,8/15/2024,20240815,CUS02948,10,EMP0158,Credit Card,,Completed,238,140
ORD0006574,8/15/2024,20240815,CUS02568,1,EMP0007,Debit Card,,Completed,1920,930
ORD0007529,8/15/2024,20240815,CUS00401,13,EMP0192,Credit Card,,Completed,418,200
ORD0001971,8/15/2024,20240815,CUS02108,4,EMP0088,InstaPay,,Completed,1050,540
ORD0005943,8/15/2024,20240815,CUS02953,12,EMP0176,Vodafone Cash,,Completed,4131,3330
ORD0008410,8/15/2024,20240815,CUS01399,4,EMP0087,Credit Card,,Completed,260,120
ORD0007511,8/15/2024,20240815,CUS02313,1,EMP0021,Fawry,,Completed,15000,12000
ORD0006209,8/15/2024,20240815,CUS01489,10,EMP0153,Credit Card,,Completed,12165.5,10640
ORD0003411,8/15/2024,20240815,CUS01634,1,EMP0013,Debit Card,,Completed,456,230
ORD0010551,8/15/2024,20240815,CUS01118,3,EMP0055,Cash,,Completed,365,170
ORD0007240,8/15/2024,20240815,CUS02198,3,EMP0063,Debit Card,,Completed,2482,1270
ORD0002954,8/15/2024,20240815,CUS02252,6,EMP0126,InstaPay,,Cancelled,8945,6730
ORD0005867,8/16/2024,20240816,CUS02436,4,EMP0094,Credit Card,,Completed,476,280
ORD0009794,8/16/2024,20240816,CUS01591,14,no_employee_id,Vodafone Cash,,Returned,480,210
ORD0007684,8/16/2024,20240816,CUS00397,9,EMP0147,Debit Card,,Completed,420,200
ORD0000513,8/16/2024,20240816,CUS00807,15,EMP0212,Vodafone Cash,,Completed,28461,23890
ORD0007082,8/16/2024,20240816,CUS01256,6,EMP0116,InstaPay,,Completed,16855,13900
ORD0010071,8/16/2024,20240816,CUS01349,4,EMP0091,Vodafone Cash,,Completed,3792,1980
ORD0001952,8/16/2024,20240816,CUS02775,1,EMP0013,Credit Card,,Completed,10822,8470
ORD0000444,8/16/2024,20240816,CUS00700,15,EMP0204,Fawry,,Returned,150,70
ORD0010377,8/16/2024,20240816,CUS02634,13,EMP0188,Credit Card,,Completed,3489,1860
ORD0005912,8/16/2024,20240816,CUS01336,10,EMP0163,Fawry,,Completed,360,160
ORD0000212,8/16/2024,20240816,CUS02642,8,EMP0137,InstaPay,,Completed,221,130
ORD0009299,8/16/2024,20240816,CUS02202,1,EMP0011,Debit Card,,Completed,630,300
ORD0005541,8/17/2024,20240817,CUS02714,6,EMP0118,Debit Card,,Completed,3257.5,1810
ORD0008585,8/17/2024,20240817,CUS02238,7,EMP0133,Vodafone Cash,,Completed,224,140
ORD0002883,8/17/2024,20240817,CUS00007,3,EMP0057,Debit Card,,Returned,9045,7320
ORD0002224,8/17/2024,20240817,CUS01282,3,EMP0069,Fawry,,Completed,951,500
ORD0007796,8/17/2024,20240817,CUS01831,3,EMP0059,Cash,,Completed,1928,960
ORD0004076,8/17/2024,20240817,CUS02911,2,EMP0049,Fawry,,Completed,5038,4150
ORD0007601,8/17/2024,20240817,CUS00175,2,no_employee_id,Cash,,Completed,241.5,140
ORD0010264,8/18/2024,20240818,CUS02154,9,EMP0145,InstaPay,,Completed,640,320
ORD0004963,8/18/2024,20240818,CUS00223,1,EMP0023,Debit Card,,Completed,189,100
ORD0004190,8/18/2024,20240818,CUS01818,6,EMP0125,Vodafone Cash,,Completed,14156.5,12650
ORD0009347,8/18/2024,20240818,CUS00889,2,no_employee_id,InstaPay,,Completed,130,60
ORD0005248,8/18/2024,20240818,CUS02667,6,EMP0113,Credit Card,,Returned,20689,16700
ORD0008967,8/18/2024,20240818,CUS00008,12,EMP0184,Vodafone Cash,,Completed,750.5,380
ORD0001625,8/18/2024,20240818,CUS00012,14,EMP0196,Vodafone Cash,,Completed,2210,1130
ORD0007436,8/18/2024,20240818,CUS01863,3,EMP0058,Cash,,Completed,140,60
ORD0007584,8/18/2024,20240818,CUS01617,5,EMP0107,Cash,,Completed,640,280
ORD0005967,8/18/2024,20240818,CUS02010,6,EMP0118,InstaPay,,Completed,228,120
ORD0004446,8/18/2024,20240818,CUS00128,8,no_employee_id,Credit Card,,Completed,1700,830
ORD0008279,8/18/2024,20240818,CUS02681,11,EMP0165,Cash,,Returned,238,120
ORD0004474,8/18/2024,20240818,CUS01042,5,EMP0096,InstaPay,,Completed,931,510
ORD0007549,8/18/2024,20240818,CUS00821,3,EMP0057,Credit Card,,Completed,1260,680
ORD0008207,8/18/2024,20240818,CUS02747,10,EMP0158,Cash,,Completed,480,220
ORD0009110,8/18/2024,20240818,CUS01720,2,EMP0052,InstaPay,,Completed,430,200
ORD0010701,8/19/2024,20240819,CUS02625,14,EMP0195,InstaPay,,Completed,1320.5,670
ORD0008848,8/19/2024,20240819,CUS01356,11,EMP0171,Vodafone Cash,,Completed,4546.5,2300
ORD0006050,8/19/2024,20240819,CUS01611,5,EMP0109,Vodafone Cash,,Completed,560,390
ORD0004784,8/19/2024,20240819,CUS02626,1,EMP0028,Cash,,Cancelled,634.5,360
ORD0000850,8/19/2024,20240819,CUS02792,1,EMP0026,InstaPay,,Completed,90,40
ORD0005343,8/19/2024,20240819,CUS02272,2,EMP0046,Fawry,,Completed,1440,1400
ORD0000080,8/19/2024,20240819,CUS00702,14,EMP0196,Fawry,,Completed,1870.5,1070
ORD0011393,8/19/2024,20240819,CUS02006,1,EMP0023,Vodafone Cash,,Completed,229.5,120
ORD0001826,8/19/2024,20240819,CUS00880,2,EMP0047,Cash,,Completed,461.5,230
ORD0004684,8/19/2024,20240819,CUS02066,5,EMP0101,Credit Card,,Returned,468,260
ORD0011021,8/19/2024,20240819,CUS02138,11,EMP0168,Fawry,,Completed,675,360
ORD0004645,8/19/2024,20240819,CUS00362,2,EMP0037,Vodafone Cash,,Completed,12540,10500
ORD0009570,8/19/2024,20240819,CUS01226,1,EMP0018,Cash,,Returned,5414.5,4930
ORD0001620,8/19/2024,20240819,CUS01923,12,EMP0182,Cash,,Completed,8799,6800
ORD0010141,8/19/2024,20240819,CUS02364,14,EMP0194,Vodafone Cash,,Returned,747,410
ORD0011262,8/19/2024,20240819,CUS02046,11,EMP0167,Debit Card,,Completed,8339.5,6260
ORD0003262,8/20/2024,20240820,CUS00467,12,EMP0177,Credit Card,,Completed,306,170
ORD0003132,8/20/2024,20240820,CUS02243,10,EMP0162,Vodafone Cash,,Completed,408,220
ORD0000277,8/20/2024,20240820,CUS02363,12,EMP0174,Debit Card,,Completed,396,220
ORD0003684,8/20/2024,20240820,CUS01983,3,EMP0058,Debit Card,,Completed,396,220
ORD0001997,8/20/2024,20240820,CUS01758,1,EMP0026,Cash,,Completed,306,160
ORD0000947,8/20/2024,20240820,CUS02717,7,EMP0134,InstaPay,,Completed,112,70
ORD0002440,8/20/2024,20240820,CUS00488,12,EMP0177,Credit Card,,Completed,437,230
ORD0008896,8/20/2024,20240820,CUS01491,3,no_employee_id,Cash,,Completed,2322,1460
ORD0006675,8/20/2024,20240820,CUS00362,4,EMP0094,Cash,,Completed,1271.5,630
ORD0002507,8/20/2024,20240820,CUS01927,5,EMP0104,Cash,,Completed,28920,25540
ORD0001018,8/20/2024,20240820,CUS02311,13,EMP0193,InstaPay,,Returned,1112,670
ORD0001800,8/21/2024,20240821,CUS00813,7,EMP0130,Cash,,Completed,230,110
ORD0006193,8/21/2024,20240821,CUS02559,14,EMP0197,Cash,,Completed,1280,780
ORD0010300,8/21/2024,20240821,CUS02950,1,EMP0012,Credit Card,,Returned,351.5,180
ORD0002115,8/21/2024,20240821,CUS02890,3,EMP0064,Debit Card,,Completed,19230,15240
ORD0007748,8/21/2024,20240821,CUS02045,12,EMP0183,Debit Card,,Completed,640,280
ORD0008647,8/21/2024,20240821,CUS01001,3,EMP0074,Vodafone Cash,,Completed,263.5,150
ORD0004013,8/21/2024,20240821,CUS00821,3,EMP0077,Cash,,Completed,234,130
ORD0004106,8/21/2024,20240821,CUS00373,1,EMP0005,Credit Card,,Completed,1900,960
ORD0004325,8/21/2024,20240821,CUS02859,1,EMP0016,Cash,,Completed,1632,900
ORD0009765,8/21/2024,20240821,CUS01302,10,EMP0160,Debit Card,,Completed,747,390
ORD0006837,8/21/2024,20240821,CUS00813,12,EMP0177,Fawry,,Completed,714,420
ORD0007654,8/21/2024,20240821,CUS00410,6,EMP0126,Vodafone Cash,,Completed,810,390
ORD0007317,8/22/2024,20240822,CUS01759,5,EMP0100,InstaPay,,Completed,200,100
ORD0004661,8/22/2024,20240822,CUS00720,1,EMP0027,InstaPay,,Completed,250,120
ORD0001743,8/22/2024,20240822,CUS01382,1,EMP0011,InstaPay,,Completed,7435,6360
ORD0010737,8/22/2024,20240822,CUS02202,13,EMP0190,Credit Card,,Completed,860,420
ORD0007351,8/22/2024,20240822,CUS00214,6,EMP0120,Fawry,,Completed,228,120
ORD0006602,8/22/2024,20240822,CUS02923,10,EMP0153,Credit Card,,Completed,900,450
ORD0009314,8/22/2024,20240822,CUS00594,3,EMP0063,Debit Card,,Completed,1285,760
ORD0009376,8/22/2024,20240822,CUS02394,10,EMP0159,Fawry,,Completed,527,300
ORD0004487,8/22/2024,20240822,CUS01996,4,EMP0080,Credit Card,,Completed,351,180
ORD0004548,8/22/2024,20240822,CUS00201,2,EMP0035,Cash,,Cancelled,140,70
ORD0009003,8/22/2024,20240822,CUS01137,2,EMP0041,Debit Card,,Completed,2525,1340
ORD0009309,8/22/2024,20240822,CUS01000,2,EMP0046,Debit Card,,Completed,171,80
ORD0005598,8/22/2024,20240822,CUS02531,3,EMP0067,Vodafone Cash,,Completed,840,410
ORD0000736,8/22/2024,20240822,CUS00303,4,EMP0088,Cash,,Cancelled,1521,880
ORD0001347,8/23/2024,20240823,CUS01824,11,EMP0168,Credit Card,,Completed,345,190
ORD0011511,8/23/2024,20240823,CUS01798,14,EMP0201,Cash,,Completed,530,250
ORD0007637,8/23/2024,20240823,CUS02427,4,EMP0084,Credit Card,,Completed,1142,920
ORD0001311,8/23/2024,20240823,CUS02442,3,no_employee_id,Credit Card,,Completed,1004,540
ORD0011442,8/23/2024,20240823,CUS01840,4,EMP0079,Cash,,Completed,546.5,260
ORD0007805,8/23/2024,20240823,CUS02533,15,EMP0215,Fawry,,Completed,152,90
ORD0003491,8/23/2024,20240823,CUS00610,6,EMP0117,InstaPay,,Completed,13361.5,10580
ORD0009149,8/23/2024,20240823,CUS01040,1,EMP0014,Debit Card,,Completed,1982,1060
ORD0002149,8/23/2024,20240823,CUS00192,6,EMP0115,InstaPay,,Completed,691.5,380
ORD0002972,8/23/2024,20240823,CUS00155,2,EMP0029,Credit Card,,Completed,320,140
ORD0003795,8/23/2024,20240823,CUS01379,4,EMP0094,InstaPay,,Returned,473,220
ORD0004102,8/23/2024,20240823,CUS00201,2,EMP0052,InstaPay,,Completed,330,160
ORD0008640,8/24/2024,20240824,CUS01174,4,EMP0094,Fawry,,Completed,1700,960
ORD0010319,8/24/2024,20240824,CUS02368,12,EMP0184,Debit Card,,Completed,140,60
ORD0005992,8/24/2024,20240824,CUS00607,2,EMP0047,Credit Card,,Completed,984,570
ORD0006409,8/24/2024,20240824,CUS01859,2,EMP0042,Debit Card,,Completed,1835,910
ORD0007765,8/24/2024,20240824,CUS00805,11,EMP0167,Fawry,,Completed,1011.5,540
ORD0001448,8/24/2024,20240824,CUS01348,11,EMP0167,Cash,,Returned,551,280
ORD0011282,8/24/2024,20240824,CUS01802,7,EMP0136,Vodafone Cash,,Completed,597,310
ORD0006767,8/24/2024,20240824,CUS01451,7,EMP0127,InstaPay,,Completed,24047,19620
ORD0004986,8/24/2024,20240824,CUS02733,10,EMP0155,Credit Card,,Completed,140,70
ORD0009860,8/24/2024,20240824,CUS00845,2,no_employee_id,InstaPay,,Completed,535.5,290
ORD0001022,8/24/2024,20240824,CUS01767,2,EMP0050,Debit Card,,Completed,171,90
ORD0006768,8/24/2024,20240824,CUS00559,10,EMP0159,Cash,,Completed,345,220
ORD0006885,8/24/2024,20240824,CUS00223,1,EMP0027,Credit Card,,Completed,131.5,80
ORD0008311,8/24/2024,20240824,CUS02356,1,EMP0013,Credit Card,,Completed,2256,1170
ORD0009667,8/24/2024,20240824,CUS02279,11,EMP0164,Debit Card,,Completed,642,360
ORD0010988,8/24/2024,20240824,CUS00213,3,EMP0066,Debit Card,,Completed,882,480
ORD0005898,8/25/2024,20240825,CUS01041,6,EMP0116,Debit Card,,Returned,1967,1020
ORD0005829,8/25/2024,20240825,CUS02496,4,EMP0080,Credit Card,,Cancelled,936,500
ORD0010486,8/25/2024,20240825,CUS02063,15,EMP0210,InstaPay,,Completed,430,210
ORD0006716,8/25/2024,20240825,CUS00608,5,EMP0105,Debit Card,,Completed,1530.5,820
ORD0003158,8/25/2024,20240825,CUS00685,9,EMP0145,Fawry,,Completed,14065.5,10940
ORD0009458,8/25/2024,20240825,CUS01220,4,EMP0090,InstaPay,,Completed,9336,7330
ORD0003907,8/25/2024,20240825,CUS01043,2,EMP0054,Debit Card,,Returned,1504,770
ORD0008476,8/26/2024,20240826,CUS00344,2,EMP0044,Debit Card,,Completed,366,190
ORD0002777,8/26/2024,20240826,CUS00488,7,EMP0129,Cash,,Completed,1180,660
ORD0002526,8/26/2024,20240826,CUS01241,1,EMP0022,Fawry,,Completed,16805,12900
ORD0003602,8/26/2024,20240826,CUS02981,6,EMP0119,Fawry,,Completed,240,120
ORD0009803,8/26/2024,20240826,CUS02317,8,EMP0142,Debit Card,,Completed,3117.5,2080
ORD0009402,8/26/2024,20240826,CUS02834,5,EMP0104,Vodafone Cash,,Completed,1206,680
ORD0006825,8/26/2024,20240826,CUS00272,5,EMP0095,Credit Card,,Completed,263.5,150
ORD0000826,8/26/2024,20240826,CUS01528,1,EMP0021,Credit Card,,Completed,2080,1000
ORD0005642,8/26/2024,20240826,CUS01744,4,no_employee_id,Debit Card,,Completed,690,330
ORD0002215,8/26/2024,20240826,CUS02479,4,EMP0094,InstaPay,,Completed,320,140
ORD0001851,8/26/2024,20240826,CUS01279,15,EMP0215,Fawry,,Completed,1224,620
ORD0002610,8/27/2024,20240827,CUS00527,4,EMP0089,Credit Card,,Completed,1840,880
ORD0010455,8/27/2024,20240827,CUS02880,4,EMP0093,Credit Card,,Completed,1860,1020
ORD0005872,8/27/2024,20240827,CUS01783,1,EMP0027,Credit Card,,Completed,19920,15560
ORD0009552,8/27/2024,20240827,CUS01348,1,EMP0017,Credit Card,,Completed,42775,35520
ORD0011318,8/27/2024,20240827,CUS00601,1,EMP0005,Cash,,Completed,14849,12690
ORD0005185,8/27/2024,20240827,CUS02213,3,EMP0067,Debit Card,,Completed,1254,640
ORD0010315,8/27/2024,20240827,CUS02397,5,EMP0108,Fawry,,Returned,926,520
ORD0006007,8/27/2024,20240827,CUS02392,3,no_employee_id,Cash,,Returned,581,410
ORD0004905,8/27/2024,20240827,CUS00100,1,EMP0001,InstaPay,,Completed,1939,980
ORD0006791,8/27/2024,20240827,CUS01189,2,EMP0035,Debit Card,,Completed,595,290
ORD0006643,8/27/2024,20240827,CUS00788,3,EMP0069,Fawry,,Completed,324,170
ORD0007889,8/27/2024,20240827,CUS02046,11,EMP0173,Fawry,,Returned,270,130
ORD0008838,8/27/2024,20240827,CUS02799,10,EMP0158,Fawry,,Completed,708,390
ORD0011635,8/27/2024,20240827,CUS02348,6,EMP0115,Fawry,,Completed,762,390
ORD0009524,8/27/2024,20240827,CUS00633,4,EMP0080,InstaPay,,Completed,33338,27630
ORD0011296,8/27/2024,20240827,CUS01432,10,EMP0162,Credit Card,,Completed,2154,1070
ORD0007144,8/27/2024,20240827,CUS00463,4,EMP0079,Fawry,,Completed,788,420
ORD0001590,8/27/2024,20240827,CUS00352,9,EMP0145,Fawry,,Completed,1555.5,900
ORD0009834,8/27/2024,20240827,CUS01055,4,EMP0086,Cash,,Returned,1687.5,830
ORD0009553,8/27/2024,20240827,CUS01541,3,EMP0066,Cash,,Completed,7607,5620
ORD0005987,8/28/2024,20240828,CUS01868,3,EMP0057,Fawry,,Cancelled,259,180
ORD0004898,8/28/2024,20240828,CUS02220,5,EMP0109,InstaPay,,Completed,22765,20030
ORD0000895,8/28/2024,20240828,CUS02527,9,EMP0147,InstaPay,,Completed,468,260
ORD0009472,8/28/2024,20240828,CUS00946,8,EMP0141,Fawry,,Completed,424,220
ORD0005621,8/28/2024,20240828,CUS01515,15,EMP0210,InstaPay,,Returned,270,130
ORD0009815,8/28/2024,20240828,CUS01577,1,no_employee_id,Cash,,Completed,1259,660
ORD0009240,8/28/2024,20240828,CUS02485,15,EMP0204,Credit Card,,Completed,44935.5,37610
ORD0001349,8/28/2024,20240828,CUS00290,11,EMP0170,Cash,,Completed,127.5,70
ORD0006479,8/28/2024,20240828,CUS02606,3,EMP0067,Credit Card,,Returned,855,420
ORD0010935,8/28/2024,20240828,CUS01402,6,EMP0126,Vodafone Cash,,Returned,29460,23130
ORD0011562,8/28/2024,20240828,CUS01272,1,EMP0006,InstaPay,,Completed,18420,14700
ORD0003594,8/28/2024,20240828,CUS01447,12,EMP0182,Fawry,,Completed,1015,520
ORD0000452,8/28/2024,20240828,CUS02760,8,EMP0144,Debit Card,,Cancelled,290,140
ORD0007761,8/29/2024,20240829,CUS01468,1,EMP0026,InstaPay,,Completed,1534.5,840
ORD0008854,8/29/2024,20240829,CUS00150,10,EMP0155,Debit Card,,Completed,920,460
ORD0011174,8/29/2024,20240829,CUS02328,11,EMP0167,Debit Card,,Completed,18237,15200
ORD0004165,8/29/2024,20240829,CUS02627,8,EMP0142,InstaPay,,Completed,1434,710
ORD0001632,8/29/2024,20240829,CUS00762,3,EMP0065,Vodafone Cash,,Completed,2824,1520
ORD0006467,8/29/2024,20240829,CUS00962,13,EMP0187,Debit Card,,Completed,200,90
ORD0006688,8/29/2024,20240829,CUS02785,3,EMP0067,Fawry,,Completed,20729,15640
ORD0011584,8/29/2024,20240829,CUS01492,4,EMP0087,Cash,,Completed,546,260
ORD0010462,8/29/2024,20240829,CUS01916,2,EMP0033,Debit Card,,Completed,640,300
ORD0009277,8/29/2024,20240829,CUS01844,9,EMP0147,Credit Card,,Completed,7313.5,5150
ORD0008893,8/29/2024,20240829,CUS01358,1,EMP0014,Fawry,,Completed,212,110
ORD0001626,8/29/2024,20240829,CUS01237,8,EMP0142,InstaPay,,Completed,590,290
ORD0005550,8/29/2024,20240829,CUS02323,1,EMP0023,Fawry,,Completed,1680,1080
ORD0000420,8/29/2024,20240829,CUS01760,1,no_employee_id,InstaPay,,Completed,2610,1280
ORD0005437,8/30/2024,20240830,CUS01394,4,EMP0082,InstaPay,,Completed,910.5,460
ORD0000398,8/30/2024,20240830,CUS02021,12,EMP0178,Fawry,,Completed,20456.5,17810
ORD0010818,8/30/2024,20240830,CUS00820,5,EMP0112,Credit Card,,Completed,970,480
ORD0002867,8/30/2024,20240830,CUS02214,9,EMP0150,Cash,,Completed,1190.5,650
ORD0011420,8/30/2024,20240830,CUS02627,2,EMP0041,Fawry,,Returned,1225.5,630
ORD0008612,8/30/2024,20240830,CUS00747,2,EMP0045,Vodafone Cash,,Completed,1952,1200
ORD0001900,8/31/2024,20240831,CUS02661,13,EMP0190,Debit Card,,Completed,870,420
ORD0003142,8/31/2024,20240831,CUS02276,3,EMP0059,InstaPay,,Completed,514,240
ORD0007000,8/31/2024,20240831,CUS02224,2,EMP0054,Vodafone Cash,,Completed,16986.5,15040
ORD0007759,8/31/2024,20240831,CUS00414,3,no_employee_id,Cash,,Completed,540,300
ORD0010890,8/31/2024,20240831,CUS00737,8,EMP0137,Vodafone Cash,,Returned,976,480
ORD0006492,8/31/2024,20240831,CUS02735,1,EMP0004,Cash,,Completed,26356,20610
ORD0003632,8/31/2024,20240831,CUS01162,1,EMP0006,Debit Card,,Returned,2193,1120
ORD0005805,8/31/2024,20240831,CUS00657,8,EMP0143,Debit Card,,Completed,4138.5,2060
ORD0007523,8/31/2024,20240831,CUS02222,12,EMP0183,Debit Card,,Completed,640,280
ORD0001122,8/31/2024,20240831,CUS01290,5,EMP0106,Cash,,Completed,728,520
ORD0011893,9/1/2024,20240901,CUS00171,1,EMP0023,Credit Card,,Completed,1117.5,640
ORD0007826,9/1/2024,20240901,CUS02830,5,EMP0108,Debit Card,,Completed,1062,560
ORD0010757,9/1/2024,20240901,CUS01268,3,EMP0069,Debit Card,,Completed,593,330
ORD0004629,9/1/2024,20240901,CUS02470,13,EMP0187,InstaPay,,Completed,900,440
ORD0009754,9/1/2024,20240901,CUS00187,1,EMP0006,Credit Card,,Completed,792,390
ORD0009828,9/1/2024,20240901,CUS00999,1,EMP0002,Fawry,,Completed,450,200
ORD0000019,9/2/2024,20240902,CUS00817,1,EMP0020,InstaPay,,Completed,2346,1200
ORD0009535,9/2/2024,20240902,CUS02182,2,EMP0049,Cash,,Returned,838,410
ORD0003102,9/2/2024,20240902,CUS01235,9,EMP0146,Debit Card,,Completed,11843,9560
ORD0009033,9/2/2024,20240902,CUS02970,10,EMP0163,Debit Card,,Completed,1804,1100
ORD0003806,9/2/2024,20240902,CUS02744,11,EMP0170,Debit Card,,Completed,22946,18280
ORD0001418,9/2/2024,20240902,CUS01310,1,EMP0005,Credit Card,,Completed,3644,1810
ORD0009127,9/2/2024,20240902,CUS02242,3,EMP0064,Cash,,Returned,10094,8320
ORD0008706,9/2/2024,20240902,CUS02322,7,EMP0132,Debit Card,,Completed,238,140
ORD0011609,9/2/2024,20240902,CUS02888,5,EMP0107,Cash,,Completed,160,70
ORD0004426,9/2/2024,20240902,CUS00567,3,EMP0058,Vodafone Cash,,Returned,10392,8800
ORD0000049,9/3/2024,20240903,CUS00366,4,EMP0092,Cash,,Completed,432,230
ORD0005629,9/3/2024,20240903,CUS01776,3,EMP0075,Credit Card,,Completed,510,310
ORD0011958,9/3/2024,20240903,CUS01519,11,EMP0168,Fawry,,Completed,10563.5,8290
ORD0009013,9/3/2024,20240903,CUS01355,12,EMP0178,Cash,,Completed,600,280
ORD0000519,9/3/2024,20240903,CUS02708,1,no_employee_id,Credit Card,,Completed,272,150
ORD0004184,9/3/2024,20240903,CUS00833,10,EMP0154,Cash,,Completed,1300,640
ORD0002760,9/3/2024,20240903,CUS02328,3,EMP0069,Vodafone Cash,,Completed,2718,1400
ORD0010852,9/3/2024,20240903,CUS01958,6,EMP0126,Debit Card,,Completed,1350,1200
ORD0005246,9/3/2024,20240903,CUS01984,7,EMP0133,Debit Card,,Completed,929,510
ORD0007735,9/3/2024,20240903,CUS01619,3,EMP0078,Fawry,,Completed,9830,8160
ORD0004246,9/3/2024,20240903,CUS02850,1,EMP0025,Fawry,,Completed,468,240
ORD0004357,9/3/2024,20240903,CUS01660,15,EMP0213,Debit Card,,Completed,216,110
ORD0001759,9/3/2024,20240903,CUS00250,4,EMP0085,InstaPay,,Completed,4775,3840
ORD0010530,9/3/2024,20240903,CUS01078,1,EMP0005,Cash,,Completed,1660,820
ORD0011740,9/3/2024,20240903,CUS01602,3,EMP0056,InstaPay,,Completed,1138,620
ORD0008497,9/3/2024,20240903,CUS01960,1,EMP0025,Vodafone Cash,,Completed,69930,55650
ORD0004150,9/4/2024,20240904,CUS01101,6,EMP0113,Vodafone Cash,,Completed,232,140
ORD0005295,9/4/2024,20240904,CUS00621,10,EMP0157,Credit Card,,Completed,782,480
ORD0010835,9/4/2024,20240904,CUS01003,4,EMP0093,Fawry,,Cancelled,195,120
ORD0004591,9/4/2024,20240904,CUS01509,2,EMP0044,Cash,,Completed,2509.5,1280
ORD0010784,9/4/2024,20240904,CUS02432,3,EMP0063,Fawry,,Completed,36040,32250
ORD0007967,9/4/2024,20240904,CUS00182,2,EMP0030,Vodafone Cash,,Cancelled,322,220
ORD0011327,9/4/2024,20240904,CUS01307,4,EMP0081,Credit Card,,Completed,126,60
ORD0010317,9/4/2024,20240904,CUS02324,2,no_employee_id,Debit Card,,Completed,824,450
ORD0010296,9/4/2024,20240904,CUS01069,2,EMP0054,Vodafone Cash,,Completed,40140,32060
ORD0008043,9/4/2024,20240904,CUS00629,13,EMP0188,InstaPay,,Returned,766.5,460
ORD0009505,9/4/2024,20240904,CUS02369,3,EMP0070,Cash,,Completed,150,70
ORD0010572,9/4/2024,20240904,CUS01848,1,EMP0005,Debit Card,,Returned,747.5,430
ORD0004653,9/4/2024,20240904,CUS01654,1,EMP0016,Cash,,Completed,136,80
ORD0005577,9/4/2024,20240904,CUS02114,8,EMP0142,Cash,,Completed,576.5,270
ORD0011142,9/4/2024,20240904,CUS02775,8,EMP0144,Credit Card,,Completed,324,180
ORD0006794,9/5/2024,20240905,CUS02401,2,EMP0044,Credit Card,,Completed,171,80
ORD0000342,9/5/2024,20240905,CUS02060,6,EMP0116,Cash,,Completed,967,480
ORD0009703,9/5/2024,20240905,CUS02197,10,EMP0158,Cash,,Completed,800,490
ORD0005420,9/5/2024,20240905,CUS00776,2,EMP0054,Fawry,,Completed,1692,1000
ORD0003897,9/5/2024,20240905,CUS01871,11,EMP0168,Cash,,Completed,504,310
ORD0004560,9/5/2024,20240905,CUS01403,11,EMP0172,Vodafone Cash,,Completed,147,100
ORD0002816,9/5/2024,20240905,CUS02630,1,EMP0003,Vodafone Cash,,Completed,16020,14200
ORD0003641,9/5/2024,20240905,CUS00868,10,EMP0156,Debit Card,,Completed,1600,1400
ORD0006607,9/5/2024,20240905,CUS02836,11,EMP0169,Credit Card,,Completed,570,280
ORD0006549,9/5/2024,20240905,CUS00711,4,EMP0094,Debit Card,,Completed,1352,700
ORD0004742,9/5/2024,20240905,CUS00621,2,EMP0054,Cash,,Completed,3508.5,2510
ORD0009876,9/5/2024,20240905,CUS02045,4,EMP0087,InstaPay,,Completed,874,420
ORD0000363,9/6/2024,20240906,CUS01625,8,EMP0141,Vodafone Cash,,Completed,26603,21050
ORD0007094,9/6/2024,20240906,CUS02634,12,EMP0183,Credit Card,,Completed,1431,760
ORD0008205,9/6/2024,20240906,CUS01534,13,no_employee_id,Vodafone Cash,,Completed,1020,530
ORD0004521,9/6/2024,20240906,CUS00770,3,EMP0056,Debit Card,,Completed,1752,1080
ORD0010603,9/6/2024,20240906,CUS02428,4,EMP0084,Cash,,Completed,1768.5,900
ORD0011630,9/6/2024,20240906,CUS01252,1,EMP0013,Vodafone Cash,,Completed,360,170
ORD0001416,9/6/2024,20240906,CUS00726,5,EMP0105,Credit Card,,Completed,423,200
ORD0007883,9/6/2024,20240906,CUS02588,4,EMP0079,InstaPay,,Completed,6275,5130
ORD0002312,9/6/2024,20240906,CUS02072,6,EMP0120,Cash,,Completed,1280.5,630
ORD0004090,9/6/2024,20240906,CUS00512,1,EMP0009,Credit Card,,Completed,9166,7240
ORD0011328,9/6/2024,20240906,CUS00782,3,EMP0060,Cash,,Completed,152,90
ORD0000169,9/6/2024,20240906,CUS00587,10,EMP0156,InstaPay,,Completed,1815,960
ORD0003730,9/6/2024,20240906,CUS02667,11,EMP0165,Vodafone Cash,,Completed,1609,800
ORD0004336,9/6/2024,20240906,CUS01527,2,EMP0038,InstaPay,,Completed,315,170
ORD0000727,9/6/2024,20240906,CUS01800,1,EMP0010,Credit Card,,Completed,1750,910
ORD0001080,9/6/2024,20240906,CUS01640,2,EMP0031,InstaPay,,Completed,1098,590
ORD0005595,9/6/2024,20240906,CUS00126,9,EMP0150,Credit Card,,Completed,2080,1000
ORD0010061,9/7/2024,20240907,CUS01040,11,EMP0168,Cash,,Cancelled,1824,920
ORD0000465,9/7/2024,20240907,CUS01116,2,EMP0038,Debit Card,,Completed,1070,510
ORD0011207,9/7/2024,20240907,CUS02349,4,EMP0086,InstaPay,,Completed,242,120
ORD0010392,9/7/2024,20240907,CUS00344,3,EMP0071,Cash,,Completed,85.5,40
ORD0008690,9/7/2024,20240907,CUS01428,7,EMP0133,Fawry,,Cancelled,3309,1850
ORD0009396,9/8/2024,20240908,CUS00749,3,EMP0069,Credit Card,,Completed,240,110
ORD0003148,9/8/2024,20240908,CUS00788,5,EMP0099,Credit Card,,Cancelled,15000,12000
ORD0008042,9/8/2024,20240908,CUS02301,8,EMP0138,Cash,,Completed,314.5,180
ORD0003505,9/8/2024,20240908,CUS00738,1,EMP0009,Cash,,Completed,570,280
ORD0001262,9/8/2024,20240908,CUS02730,12,EMP0181,Cash,,Completed,26997,27690
ORD0009342,9/9/2024,20240909,CUS00426,3,EMP0056,Vodafone Cash,,Completed,1062,550
ORD0004615,9/9/2024,20240909,CUS00199,2,EMP0038,Cash,,Completed,4500,4000
ORD0002077,9/9/2024,20240909,CUS02039,6,EMP0122,Vodafone Cash,,Completed,2150,1050
ORD0002652,9/9/2024,20240909,CUS01617,8,no_employee_id,Vodafone Cash,,Completed,417,250
ORD0010077,9/9/2024,20240909,CUS00458,11,EMP0167,InstaPay,,Completed,3534,1730
ORD0006511,9/9/2024,20240909,CUS02586,5,EMP0105,InstaPay,,Completed,514.5,290
ORD0004053,9/9/2024,20240909,CUS02385,13,EMP0192,Credit Card,,Completed,11172,9120
ORD0008168,9/9/2024,20240909,CUS00519,2,EMP0040,Vodafone Cash,,Completed,2485,1350
ORD0000319,9/9/2024,20240909,CUS01641,11,EMP0173,Cash,,Completed,1780,910
ORD0000308,9/9/2024,20240909,CUS02992,1,EMP0021,InstaPay,,Cancelled,31800,25400
ORD0005039,9/9/2024,20240909,CUS01244,3,EMP0076,Credit Card,,Completed,112.5,70
ORD0003085,9/10/2024,20240910,CUS02938,2,EMP0040,Fawry,,Completed,1578,810
ORD0005551,9/10/2024,20240910,CUS01854,13,EMP0188,Fawry,,Completed,3816,2740
ORD0005482,9/10/2024,20240910,CUS01650,2,EMP0041,Cash,,Completed,171,80
ORD0005464,9/10/2024,20240910,CUS01499,11,EMP0167,Vodafone Cash,,Completed,1062,540
ORD0009386,9/10/2024,20240910,CUS02229,2,EMP0036,Debit Card,,Completed,8940,8240
ORD0004218,9/10/2024,20240910,CUS00189,9,EMP0148,Cash,,Returned,1246.5,740
ORD0010074,9/10/2024,20240910,CUS00411,5,EMP0112,InstaPay,,Completed,576,280
ORD0001861,9/10/2024,20240910,CUS00527,7,EMP0133,Credit Card,,Returned,2500,1720
ORD0001102,9/11/2024,20240911,CUS00706,4,EMP0092,Debit Card,,Completed,477.5,260
ORD0005305,9/11/2024,20240911,CUS01217,1,EMP0019,Cash,,Returned,420,210
ORD0002291,9/11/2024,20240911,CUS02626,3,EMP0060,Debit Card,,Completed,374,210
ORD0000330,9/11/2024,20240911,CUS00156,7,EMP0131,Vodafone Cash,,Completed,17700,14100
ORD0009307,9/11/2024,20240911,CUS01482,5,EMP0100,Cash,,Completed,585,320
ORD0005613,9/11/2024,20240911,CUS01998,15,EMP0210,Credit Card,,Completed,18528.5,15800
ORD0010137,9/11/2024,20240911,CUS02425,14,EMP0198,InstaPay,,Completed,1732,890
ORD0008826,9/11/2024,20240911,CUS01762,3,EMP0074,Debit Card,,Completed,22795,20690
ORD0002796,9/11/2024,20240911,CUS02566,11,EMP0173,Vodafone Cash,,Completed,880,440
ORD0008269,9/12/2024,20240912,CUS00532,14,EMP0199,Debit Card,,Completed,180,110
ORD0011704,9/12/2024,20240912,CUS02849,6,EMP0120,Fawry,,Completed,843,460
ORD0002300,9/12/2024,20240912,CUS02457,1,EMP0009,InstaPay,,Completed,350,250
ORD0006220,9/12/2024,20240912,CUS00209,1,EMP0021,InstaPay,,Cancelled,1864,1000
ORD0006468,9/12/2024,20240912,CUS02311,13,EMP0188,Vodafone Cash,,Completed,135,70
ORD0002025,9/12/2024,20240912,CUS01910,13,EMP0188,Cash,,Completed,1370,670
ORD0002820,9/12/2024,20240912,CUS02566,5,EMP0100,Credit Card,,Completed,620,310
ORD0009758,9/12/2024,20240912,CUS02389,12,no_employee_id,Vodafone Cash,,Completed,990,480
ORD0002792,9/12/2024,20240912,CUS01097,7,EMP0133,Cash,,Completed,2440,1220
ORD0008363,9/12/2024,20240912,CUS01888,10,EMP0155,Vodafone Cash,,Completed,1437.5,760
ORD0010148,9/12/2024,20240912,CUS00708,6,EMP0120,Cash,,Completed,520,250
ORD0003126,9/12/2024,20240912,CUS00134,10,EMP0154,Cash,,Returned,765,420
ORD0007189,9/12/2024,20240912,CUS02103,2,EMP0031,Vodafone Cash,,Completed,380,180
ORD0010487,9/12/2024,20240912,CUS02236,5,EMP0098,Cash,,Completed,21960,19600
ORD0008284,9/13/2024,20240913,CUS02472,1,EMP0007,Cash,,Completed,27451.5,22040
ORD0000674,9/13/2024,20240913,CUS00554,1,EMP0019,InstaPay,,Cancelled,520,310
ORD0007476,9/13/2024,20240913,CUS02643,4,EMP0079,InstaPay,,Completed,1158.5,590
ORD0000357,9/13/2024,20240913,CUS00467,8,EMP0139,Fawry,,Completed,693,380
ORD0004776,9/13/2024,20240913,CUS01838,1,EMP0017,Debit Card,,Completed,855,450
ORD0005697,9/13/2024,20240913,CUS00396,14,EMP0198,Cash,,Completed,976,490
ORD0007946,9/14/2024,20240914,CUS01779,8,EMP0144,Credit Card,,Completed,2157,1110
ORD0005119,9/14/2024,20240914,CUS01801,2,EMP0050,Debit Card,,Completed,10046,8610
ORD0003881,9/14/2024,20240914,CUS02362,10,EMP0157,Cash,,Completed,782,400
ORD0006037,9/14/2024,20240914,CUS01053,1,EMP0009,Vodafone Cash,,Completed,189,100
ORD0004196,9/14/2024,20240914,CUS00780,5,EMP0111,Cash,,Returned,263.5,120
ORD0006596,9/14/2024,20240914,CUS01745,3,EMP0057,InstaPay,,Completed,13200,10600
ORD0003751,9/14/2024,20240914,CUS02477,3,EMP0059,Fawry,,Completed,450,210
ORD0006714,9/14/2024,20240914,CUS01578,2,EMP0054,Vodafone Cash,,Cancelled,33908,29910
ORD0006950,9/14/2024,20240914,CUS02351,4,EMP0079,Cash,,Completed,720,330
ORD0002112,9/14/2024,20240914,CUS00694,12,EMP0175,Cash,,Completed,872,480
ORD0005557,9/14/2024,20240914,CUS00768,1,EMP0010,Cash,,Completed,3468,1740
ORD0009733,9/14/2024,20240914,CUS01735,7,EMP0130,Credit Card,,Completed,1046,590
ORD0010830,9/14/2024,20240914,CUS00106,4,EMP0085,Debit Card,,Completed,437,220
ORD0007181,9/14/2024,20240914,CUS01171,8,EMP0142,Vodafone Cash,,Completed,152,80
ORD0002460,9/14/2024,20240914,CUS00174,14,EMP0198,Vodafone Cash,,Cancelled,1260,620
ORD0009233,9/15/2024,20240915,CUS00865,1,EMP0001,Fawry,,Completed,2742.5,1490
ORD0004420,9/15/2024,20240915,CUS02181,9,no_employee_id,Debit Card,,Completed,470,230
ORD0008439,9/15/2024,20240915,CUS00655,12,EMP0183,Vodafone Cash,,Completed,3680,2870
ORD0002015,9/15/2024,20240915,CUS02212,2,EMP0050,Fawry,,Completed,878,480
ORD0010899,9/15/2024,20240915,CUS00446,14,no_employee_id,Credit Card,,Completed,60000,48000
ORD0011541,9/15/2024,20240915,CUS00826,3,EMP0063,Vodafone Cash,,Returned,288,140
ORD0007943,9/15/2024,20240915,CUS02877,3,EMP0069,Fawry,,Completed,1422,870
ORD0001133,9/15/2024,20240915,CUS00840,7,EMP0128,Debit Card,,Completed,337.5,220
ORD0006658,9/15/2024,20240915,CUS02621,2,EMP0037,Vodafone Cash,,Completed,5944,4670
ORD0006325,9/15/2024,20240915,CUS00294,2,EMP0040,Fawry,,Returned,720,360
ORD0010850,9/15/2024,20240915,CUS01975,2,EMP0046,InstaPay,,Completed,1096.5,630
ORD0003445,9/15/2024,20240915,CUS01873,6,EMP0122,Vodafone Cash,,Returned,530,250
ORD0003319,9/15/2024,20240915,CUS00348,7,EMP0136,Cash,,Returned,360,200
ORD0005415,9/16/2024,20240916,CUS01659,1,EMP0013,InstaPay,,Completed,1840,880
ORD0001933,9/16/2024,20240916,CUS02404,14,EMP0196,Fawry,,Completed,1679,820
ORD0010228,9/16/2024,20240916,CUS01384,9,EMP0150,Fawry,,Completed,1320,640
ORD0002376,9/16/2024,20240916,CUS00355,11,EMP0173,Cash,,Completed,480,280
ORD0010964,9/16/2024,20240916,CUS02461,1,EMP0011,Credit Card,,Completed,720,350
ORD0011381,9/16/2024,20240916,CUS00042,14,EMP0203,Credit Card,,Completed,10880,10300
ORD0007410,9/16/2024,20240916,CUS02156,2,EMP0044,Vodafone Cash,,Completed,5100,4800
ORD0007674,9/17/2024,20240917,CUS02306,2,EMP0039,Debit Card,,Returned,1435.5,910
ORD0007632,9/17/2024,20240917,CUS02176,9,EMP0149,Fawry,,Completed,251.5,120
ORD0003139,9/17/2024,20240917,CUS00514,7,EMP0136,InstaPay,,Completed,280,140
ORD0011706,9/17/2024,20240917,CUS01570,5,EMP0110,Cash,,Cancelled,1842,900
ORD0006571,9/17/2024,20240917,CUS01822,4,EMP0087,Debit Card,,Completed,840,400
ORD0011539,9/17/2024,20240917,CUS01256,12,EMP0176,Vodafone Cash,,Completed,30738,24450
ORD0002302,9/17/2024,20240917,CUS02103,1,EMP0008,InstaPay,,Completed,1920,920
ORD0009822,9/17/2024,20240917,CUS01416,5,EMP0107,Debit Card,,Completed,1500,850
ORD0005148,9/17/2024,20240917,CUS01506,13,EMP0189,Fawry,,Completed,690,340
ORD0005360,9/17/2024,20240917,CUS01963,2,EMP0047,Fawry,,Completed,14729,11370
ORD0001676,9/17/2024,20240917,CUS02514,12,EMP0179,InstaPay,,Completed,270,140
ORD0001481,9/17/2024,20240917,CUS00429,2,EMP0034,Fawry,,Completed,1752,900
ORD0000173,9/18/2024,20240918,CUS02266,2,no_employee_id,Fawry,,Completed,1381,700
ORD0002823,9/18/2024,20240918,CUS02479,8,EMP0138,InstaPay,,Completed,136,80
ORD0001064,9/18/2024,20240918,CUS01750,2,EMP0045,Cash,,Completed,756,460
ORD0005783,9/18/2024,20240918,CUS01110,3,EMP0076,InstaPay,,Completed,1110,540
ORD0007721,9/18/2024,20240918,CUS01966,8,EMP0139,Credit Card,,Completed,33438,27020
ORD0003447,9/18/2024,20240918,CUS00252,14,EMP0203,Cash,,Completed,730,350
ORD0003084,9/18/2024,20240918,CUS02695,2,EMP0048,Cash,,Completed,1620,880
ORD0006729,9/18/2024,20240918,CUS01059,2,EMP0049,Credit Card,,Completed,1571,810
ORD0009216,9/18/2024,20240918,CUS01640,4,no_employee_id,Vodafone Cash,,Completed,300,140
ORD0004692,9/18/2024,20240918,CUS00372,12,EMP0181,InstaPay,,Completed,2400,1260
ORD0011178,9/18/2024,20240918,CUS00874,6,EMP0123,Credit Card,,Completed,26702,21120
ORD0008906,9/18/2024,20240918,CUS01339,10,EMP0162,Fawry,,Completed,300,140
ORD0000676,9/18/2024,20240918,CUS00147,3,EMP0074,InstaPay,,Completed,48549,45280
ORD0008703,9/19/2024,20240919,CUS01767,1,EMP0004,Vodafone Cash,,Completed,2241,1230
ORD0008583,9/19/2024,20240919,CUS00110,13,EMP0189,Credit Card,,Completed,16079,13220
ORD0000882,9/19/2024,20240919,CUS02230,9,EMP0146,Credit Card,,Completed,1077,520
ORD0009028,9/19/2024,20240919,CUS01582,6,EMP0114,Cash,,Completed,1750,840
ORD0006185,9/20/2024,20240920,CUS02370,8,EMP0141,InstaPay,,Completed,340,160
ORD0001864,9/20/2024,20240920,CUS01503,3,EMP0076,Vodafone Cash,,Completed,1365,700
ORD0005751,9/20/2024,20240920,CUS01414,6,EMP0120,InstaPay,,Completed,634,330
ORD0008432,9/20/2024,20240920,CUS01591,7,EMP0133,Credit Card,,Returned,16783,16200
ORD0011716,9/20/2024,20240920,CUS01982,1,EMP0011,Fawry,,Completed,1230,580
ORD0002012,9/20/2024,20240920,CUS02907,8,no_employee_id,Fawry,,Completed,760,360
ORD0004698,9/20/2024,20240920,CUS00741,8,EMP0143,Cash,,Completed,11109,9450
ORD0007780,9/20/2024,20240920,CUS02375,2,EMP0030,Debit Card,,Completed,792,420
ORD0011153,9/21/2024,20240921,CUS00477,4,EMP0091,Fawry,,Completed,2086.5,1210
ORD0006383,9/21/2024,20240921,CUS01946,6,EMP0116,Vodafone Cash,,Completed,210,100
ORD0000922,9/21/2024,20240921,CUS01514,4,EMP0082,Vodafone Cash,,Completed,1220,820
ORD0008835,9/21/2024,20240921,CUS00469,5,EMP0108,Fawry,,Completed,8466,7410
ORD0011089,9/21/2024,20240921,CUS00896,1,EMP0027,InstaPay,,Returned,11326.5,8730
ORD0009866,9/21/2024,20240921,CUS01456,10,EMP0160,Fawry,,Completed,246.5,140
ORD0002373,9/21/2024,20240921,CUS02787,4,EMP0094,Vodafone Cash,,Completed,150,70
ORD0001214,9/21/2024,20240921,CUS02287,2,EMP0037,Debit Card,,Returned,1380,670
ORD0001129,9/21/2024,20240921,CUS01524,3,EMP0055,Fawry,,Completed,552,330
ORD0010659,9/22/2024,20240922,CUS02732,2,EMP0041,Cash,,Returned,1372,700
ORD0005289,9/22/2024,20240922,CUS02391,1,EMP0020,Cash,,Returned,14700,11800
ORD0010624,9/22/2024,20240922,CUS01817,6,EMP0113,Credit Card,,Completed,252,140
ORD0003500,9/22/2024,20240922,CUS00718,10,EMP0158,Credit Card,,Completed,332,180
ORD0006827,9/22/2024,20240922,CUS00522,5,EMP0095,Vodafone Cash,,Completed,1904,940
ORD0000418,9/22/2024,20240922,CUS02803,7,EMP0129,Fawry,,Completed,246.5,140
ORD0001999,9/22/2024,20240922,CUS01635,11,EMP0165,Fawry,,Completed,449,230
ORD0007599,9/22/2024,20240922,CUS00735,1,EMP0011,Credit Card,,Completed,994,530
ORD0003870,9/22/2024,20240922,CUS00515,14,EMP0194,Cash,,Completed,1266.5,630
ORD0009310,9/22/2024,20240922,CUS02273,9,EMP0149,Vodafone Cash,,Completed,14228.5,11820
ORD0003239,9/22/2024,20240922,CUS01218,12,EMP0177,Fawry,,Completed,967.5,520
ORD0009381,9/22/2024,20240922,CUS00743,3,EMP0060,Vodafone Cash,,Completed,480,230
ORD0003310,9/22/2024,20240922,CUS01410,11,EMP0164,Debit Card,,Completed,665,350
ORD0008045,9/22/2024,20240922,CUS01879,3,no_employee_id,Fawry,,Completed,1008,620
ORD0007397,9/22/2024,20240922,CUS01803,5,EMP0104,Cash,,Completed,1140,580
ORD0006617,9/22/2024,20240922,CUS02406,8,EMP0140,Vodafone Cash,,Completed,610,290
ORD0002574,9/22/2024,20240922,CUS01656,7,EMP0131,InstaPay,,Cancelled,10100,8100
ORD0000211,9/23/2024,20240923,CUS01254,2,EMP0047,Credit Card,,Completed,840,420
ORD0004176,9/23/2024,20240923,CUS02502,5,EMP0095,InstaPay,,Completed,90,40
ORD0008652,9/23/2024,20240923,CUS02373,6,EMP0117,Vodafone Cash,,Completed,1513,1160
ORD0004046,9/23/2024,20240923,CUS01224,3,EMP0068,Vodafone Cash,,Completed,12070.5,11070
ORD0011191,9/23/2024,20240923,CUS00373,4,EMP0091,Credit Card,,Completed,976,520
ORD0004432,9/23/2024,20240923,CUS02617,4,EMP0087,Credit Card,,Completed,260,120
ORD0008231,9/23/2024,20240923,CUS02352,11,EMP0172,Fawry,,Completed,939,520
ORD0004536,9/23/2024,20240923,CUS00053,8,EMP0143,Debit Card,,Completed,779,420
ORD0009760,9/23/2024,20240923,CUS02864,3,EMP0061,Cash,,Returned,28377.5,23840
ORD0007210,9/23/2024,20240923,CUS00376,7,no_employee_id,Vodafone Cash,,Completed,218.5,110
ORD0009607,9/23/2024,20240923,CUS01695,6,EMP0117,Debit Card,,Completed,2365.5,1230
ORD0001642,9/24/2024,20240924,CUS02675,3,EMP0061,Vodafone Cash,,Completed,308,180
ORD0011349,9/24/2024,20240924,CUS00823,2,EMP0041,Vodafone Cash,,Completed,637.5,420
ORD0009836,9/24/2024,20240924,CUS02571,7,EMP0133,Vodafone Cash,,Completed,2157.5,1150
ORD0006095,9/24/2024,20240924,CUS02120,5,EMP0107,Debit Card,,Completed,12100,9520
ORD0010580,9/24/2024,20240924,CUS00593,7,EMP0136,Debit Card,,Completed,708,360
ORD0000210,9/24/2024,20240924,CUS01604,6,no_employee_id,Cash,,Completed,127.5,70
ORD0000907,9/24/2024,20240924,CUS01440,5,EMP0100,Cash,,Completed,842,460
ORD0006755,9/24/2024,20240924,CUS01592,2,EMP0042,Fawry,,Completed,6853,6020
ORD0004995,9/24/2024,20240924,CUS02439,1,EMP0015,Credit Card,,Completed,1868,1000
ORD0001244,9/24/2024,20240924,CUS01472,4,EMP0083,Fawry,,Completed,127.5,70
ORD0009360,9/24/2024,20240924,CUS02515,4,EMP0084,Fawry,,Completed,27116,21380
ORD0006458,9/24/2024,20240924,CUS00396,12,EMP0182,Cash,,Completed,21441,21340
ORD0002771,9/24/2024,20240924,CUS00449,7,no_employee_id,Cash,,Completed,1266,610
ORD0006133,9/24/2024,20240924,CUS00622,5,EMP0109,Debit Card,,Completed,607.5,290
ORD0000055,9/24/2024,20240924,CUS00808,7,EMP0134,Fawry,,Completed,2302,1220
ORD0009728,9/24/2024,20240924,CUS00759,11,EMP0173,Credit Card,,Completed,3933.5,2010
ORD0011428,9/24/2024,20240924,CUS00267,1,EMP0020,Cash,,Completed,1010,480
ORD0011130,9/24/2024,20240924,CUS00467,3,EMP0072,Credit Card,,Returned,22820,21180
ORD0010826,9/24/2024,20240924,CUS02135,2,no_employee_id,Fawry,,Completed,1952.5,1020
ORD0009261,9/24/2024,20240924,CUS01726,15,EMP0209,Vodafone Cash,,Completed,819,430
ORD0003436,9/24/2024,20240924,CUS00507,6,EMP0126,InstaPay,,Completed,10240,10300
ORD0010821,9/24/2024,20240924,CUS02580,2,EMP0040,Cash,,Completed,120,70
ORD0011517,9/24/2024,20240924,CUS02260,5,EMP0111,Fawry,,Completed,1240,630
ORD0004345,9/25/2024,20240925,CUS00173,5,EMP0098,Credit Card,,Completed,216,110
ORD0004328,9/25/2024,20240925,CUS02866,9,EMP0149,InstaPay,,Completed,306,170
ORD0007253,9/25/2024,20240925,CUS01371,1,EMP0005,Debit Card,,Completed,1620,810
ORD0011918,9/25/2024,20240925,CUS02096,3,EMP0069,Fawry,,Completed,19741,16400
ORD0000226,9/25/2024,20240925,CUS02080,12,EMP0184,Vodafone Cash,,Completed,14384,14280
ORD0005543,9/25/2024,20240925,CUS00552,11,EMP0166,Cash,,Completed,13050,11290
ORD0008624,9/25/2024,20240925,CUS00998,1,EMP0010,InstaPay,,Completed,776,380
ORD0005068,9/25/2024,20240925,CUS00816,3,EMP0064,Fawry,,Completed,718,410
ORD0001953,9/25/2024,20240925,CUS00354,4,EMP0082,Cash,,Completed,130,60
ORD0010538,9/25/2024,20240925,CUS02881,11,EMP0170,Debit Card,,Completed,1471,760
ORD0000685,9/25/2024,20240925,CUS00904,8,EMP0137,Vodafone Cash,,Completed,288,140
ORD0004393,9/25/2024,20240925,CUS00266,11,EMP0166,Debit Card,,Cancelled,1609,950
ORD0001296,9/25/2024,20240925,CUS02864,3,EMP0058,Debit Card,,Completed,240,120
ORD0004384,9/26/2024,20240926,CUS00419,6,EMP0119,Credit Card,,Completed,900,600
ORD0003761,9/26/2024,20240926,CUS00432,3,EMP0071,Credit Card,,Completed,1528,780
ORD0010558,9/26/2024,20240926,CUS01517,10,EMP0159,Vodafone Cash,,Completed,1600,1600
ORD0001633,9/26/2024,20240926,CUS00968,11,EMP0168,Cash,,Returned,2235,1240
ORD0001698,9/26/2024,20240926,CUS01002,5,EMP0110,InstaPay,,Returned,2340,1140
ORD0001187,9/26/2024,20240926,CUS00396,1,EMP0018,Debit Card,,Completed,243,130
ORD0001193,9/26/2024,20240926,CUS01674,5,EMP0097,InstaPay,,Cancelled,460,230
ORD0010943,9/26/2024,20240926,CUS01728,1,EMP0009,Debit Card,,Completed,5000,4000
ORD0008403,9/26/2024,20240926,CUS02090,12,EMP0180,Vodafone Cash,,Cancelled,3100,1580
ORD0006931,9/26/2024,20240926,CUS01242,11,EMP0170,Vodafone Cash,,Completed,3060,1610
ORD0000096,9/26/2024,20240926,CUS02677,7,EMP0136,InstaPay,,Returned,200,80
ORD0002204,9/26/2024,20240926,CUS02640,9,EMP0146,Debit Card,,Completed,2440,1260
ORD0000830,9/26/2024,20240926,CUS02539,2,EMP0043,Cash,,Completed,933,500
ORD0011757,9/26/2024,20240926,CUS01548,5,EMP0096,Debit Card,,Completed,1395,730
ORD0011547,9/26/2024,20240926,CUS00169,5,EMP0107,Vodafone Cash,,Completed,70354,56570
ORD0002645,9/26/2024,20240926,CUS01534,6,EMP0123,Fawry,,Completed,799,450
ORD0008803,9/26/2024,20240926,CUS00091,3,EMP0066,Credit Card,,Completed,2072,1720
ORD0010654,9/26/2024,20240926,CUS02047,6,EMP0120,Vodafone Cash,,Completed,24234,20270
ORD0011834,9/26/2024,20240926,CUS01305,4,EMP0090,Fawry,,Returned,3582.5,1810
ORD0001959,9/26/2024,20240926,CUS02827,2,EMP0047,Debit Card,,Completed,1645,860
ORD0008189,9/26/2024,20240926,CUS02711,3,EMP0060,Debit Card,,Completed,360,180
ORD0007286,9/27/2024,20240927,CUS01293,1,EMP0015,Debit Card,,Completed,848.5,430
ORD0010496,9/27/2024,20240927,CUS00321,3,EMP0061,Fawry,,Cancelled,561,280
ORD0002359,9/27/2024,20240927,CUS01387,12,EMP0181,Vodafone Cash,,Completed,147,100
ORD0010557,9/27/2024,20240927,CUS02340,2,EMP0036,Debit Card,,Completed,192,120
ORD0001466,9/27/2024,20240927,CUS00153,4,EMP0088,InstaPay,,Completed,1078.5,520
ORD0003379,9/27/2024,20240927,CUS01905,14,EMP0199,Debit Card,,Completed,600,280
ORD0001767,9/27/2024,20240927,CUS01876,12,EMP0175,Vodafone Cash,,Completed,382.5,220
ORD0000185,9/27/2024,20240927,CUS01042,5,no_employee_id,Vodafone Cash,,Cancelled,1110,550
ORD0002934,9/27/2024,20240927,CUS00175,15,EMP0214,InstaPay,,Completed,3766,2600
ORD0011812,9/27/2024,20240927,CUS02912,5,EMP0105,Debit Card,,Completed,1388,700
ORD0009141,9/28/2024,20240928,CUS01894,6,no_employee_id,Debit Card,,Cancelled,704,350
ORD0002539,9/28/2024,20240928,CUS02705,5,EMP0105,Credit Card,,Completed,24466,20480
ORD0011188,9/28/2024,20240928,CUS00606,14,EMP0200,Debit Card,,Completed,10900,8700
ORD0002063,9/28/2024,20240928,CUS02539,5,EMP0099,Fawry,,Completed,1360,680
ORD0001902,9/28/2024,20240928,CUS00813,5,EMP0110,Credit Card,,Completed,1540,770
ORD0001835,9/28/2024,20240928,CUS00565,5,EMP0106,Fawry,,Completed,630,300
ORD0002161,9/28/2024,20240928,CUS00974,6,EMP0126,Debit Card,,Completed,385,210
ORD0000608,9/29/2024,20240929,CUS00835,3,no_employee_id,Vodafone Cash,,Completed,324,160
ORD0008287,9/29/2024,20240929,CUS02885,14,EMP0195,Debit Card,,Completed,784.5,380
ORD0005129,9/29/2024,20240929,CUS01007,12,EMP0179,Credit Card,,Cancelled,133,70
ORD0008364,9/29/2024,20240929,CUS02962,3,EMP0068,Fawry,,Completed,1734,910
ORD0002086,9/29/2024,20240929,CUS02114,5,EMP0107,Cash,,Completed,263,130
ORD0005096,9/29/2024,20240929,CUS01195,13,EMP0185,Cash,,Completed,2504,1310
ORD0010376,9/29/2024,20240929,CUS02561,6,EMP0117,InstaPay,,Completed,1130.5,580
ORD0006947,9/29/2024,20240929,CUS00995,3,EMP0074,Vodafone Cash,,Completed,1045,530
ORD0009373,9/29/2024,20240929,CUS00142,3,EMP0064,Debit Card,,Completed,612,340
ORD0006699,9/29/2024,20240929,CUS02992,5,EMP0099,Vodafone Cash,,Completed,1716,900
ORD0003579,9/29/2024,20240929,CUS00255,3,EMP0073,Debit Card,,Completed,123.5,60
ORD0006057,9/29/2024,20240929,CUS01009,12,EMP0178,Vodafone Cash,,Returned,13080,10760
ORD0005144,9/29/2024,20240929,CUS01853,3,EMP0070,Debit Card,,Completed,178.5,100
ORD0005306,9/29/2024,20240929,CUS01977,2,EMP0030,Debit Card,,Completed,430,210
ORD0011729,9/29/2024,20240929,CUS02329,14,EMP0197,Vodafone Cash,,Completed,2724,2060
ORD0011728,9/29/2024,20240929,CUS02032,5,EMP0108,Fawry,,Cancelled,270,130
ORD0002031,9/29/2024,20240929,CUS02387,3,EMP0056,Cash,,Returned,1150,570
ORD0006048,9/29/2024,20240929,CUS02835,6,EMP0124,Fawry,,Completed,1670,830
ORD0002662,9/29/2024,20240929,CUS00274,1,EMP0026,Debit Card,,Completed,140,90
ORD0005165,9/30/2024,20240930,CUS01398,3,EMP0073,Vodafone Cash,,Completed,2725,2170
ORD0000422,9/30/2024,20240930,CUS00270,6,EMP0113,Fawry,,Completed,800,390
ORD0007238,9/30/2024,20240930,CUS02417,3,EMP0073,InstaPay,,Completed,14114,9730
ORD0001528,9/30/2024,20240930,CUS01289,13,EMP0193,InstaPay,,Completed,5400,4800
ORD0008426,9/30/2024,20240930,CUS00937,3,EMP0059,Debit Card,,Completed,306,150
ORD0008999,9/30/2024,20240930,CUS00042,14,EMP0198,Debit Card,,Returned,729,390
ORD0005040,9/30/2024,20240930,CUS01075,15,EMP0213,Fawry,,Returned,437,220
ORD0001471,9/30/2024,20240930,CUS00901,13,EMP0186,Fawry,,Completed,1596.5,800
ORD0002490,9/30/2024,20240930,CUS01291,13,EMP0189,Credit Card,,Completed,3040,1470
ORD0001894,9/30/2024,20240930,CUS01560,2,EMP0043,Debit Card,,Completed,1194,610
ORD0006956,9/30/2024,20240930,CUS01858,3,EMP0059,Fawry,,Completed,810,370
ORD0000590,10/1/2024,20241001,CUS02727,2,EMP0036,Credit Card,,Completed,44935.5,44680
ORD0009430,10/1/2024,20241001,CUS01136,7,EMP0133,Credit Card,,Completed,20710,17400
ORD0007330,10/1/2024,20241001,CUS02003,12,EMP0179,InstaPay,,Completed,4040,1960
ORD0010149,10/1/2024,20241001,CUS01803,9,no_employee_id,InstaPay,,Completed,1209,650
ORD0005635,10/1/2024,20241001,CUS02086,3,EMP0065,Credit Card,,Completed,282,140
ORD0000616,10/1/2024,20241001,CUS02909,1,EMP0008,InstaPay,,Completed,8365,6990
ORD0008570,10/1/2024,20241001,CUS01191,10,EMP0157,Fawry,,Completed,7501.5,5730
ORD0006900,10/1/2024,20241001,CUS00816,1,EMP0013,Fawry,,Completed,720,340
ORD0009995,10/1/2024,20241001,CUS00092,3,EMP0066,Vodafone Cash,,Returned,456,240
ORD0004323,10/2/2024,20241002,CUS02842,5,EMP0095,Vodafone Cash,,Completed,535,300
ORD0000371,10/2/2024,20241002,CUS00762,2,EMP0044,Fawry,,Completed,1368,820
ORD0005606,10/2/2024,20241002,CUS01084,4,EMP0083,Debit Card,,Completed,6832,5590
ORD0007977,10/2/2024,20241002,CUS01792,14,EMP0196,Credit Card,,Completed,1260,620
ORD0008022,10/2/2024,20241002,CUS01024,1,EMP0025,Credit Card,,Completed,67.5,40
ORD0009551,10/2/2024,20241002,CUS02329,5,EMP0108,Cash,,Completed,300,140
ORD0008941,10/2/2024,20241002,CUS02791,1,EMP0027,Debit Card,,Completed,144,70
ORD0011169,10/2/2024,20241002,CUS00924,2,EMP0044,Fawry,,Completed,1112,530
ORD0009045,10/2/2024,20241002,CUS01979,9,EMP0147,InstaPay,,Completed,184,110
ORD0011990,10/3/2024,20241003,CUS00438,12,EMP0184,InstaPay,,Completed,13725,11760
ORD0007660,10/3/2024,20241003,CUS02750,6,EMP0118,InstaPay,,Completed,3202,1690
ORD0007148,10/3/2024,20241003,CUS00747,5,EMP0100,Fawry,,Completed,1360,640
ORD0008406,10/3/2024,20241003,CUS00680,6,EMP0113,Credit Card,,Completed,142.5,90
ORD0006821,10/3/2024,20241003,CUS02290,7,EMP0128,Debit Card,,Completed,17257.5,15090
ORD0007913,10/3/2024,20241003,CUS02731,2,EMP0035,Credit Card,,Completed,693,380
ORD0007629,10/3/2024,20241003,CUS01072,2,EMP0051,Fawry,,Completed,1350.5,750
ORD0004508,10/3/2024,20241003,CUS01806,3,EMP0066,InstaPay,,Cancelled,81,40
ORD0001732,10/3/2024,20241003,CUS00392,1,EMP0007,InstaPay,,Returned,520,260
ORD0008237,10/3/2024,20241003,CUS01014,5,EMP0102,Credit Card,,Completed,1595.5,820
ORD0005718,10/4/2024,20241004,CUS02486,8,EMP0144,InstaPay,,Completed,365.5,210
ORD0002301,10/4/2024,20241004,CUS02828,10,EMP0158,Vodafone Cash,,Completed,144,70
ORD0002811,10/4/2024,20241004,CUS02672,2,EMP0035,Debit Card,,Completed,1500,720
ORD0005378,10/4/2024,20241004,CUS01445,2,EMP0045,Debit Card,,Completed,648,320
ORD0004125,10/4/2024,20241004,CUS00766,4,EMP0087,Vodafone Cash,,Completed,2537,1540
ORD0001899,10/4/2024,20241004,CUS02355,1,EMP0025,Vodafone Cash,,Completed,594,320
ORD0000237,10/4/2024,20241004,CUS02297,2,EMP0043,Cash,,Completed,1635,770
ORD0006425,10/4/2024,20241004,CUS01144,14,EMP0195,Credit Card,,Completed,1708.5,940
ORD0006819,10/5/2024,20241005,CUS00898,3,EMP0077,Fawry,,Completed,24475,18840
ORD0006752,10/5/2024,20241005,CUS01304,1,EMP0007,Credit Card,,Completed,1263,610
ORD0010234,10/5/2024,20241005,CUS02464,1,EMP0002,Cash,,Completed,136,70
ORD0007570,10/5/2024,20241005,CUS01975,6,EMP0120,InstaPay,,Completed,849,500
ORD0009877,10/5/2024,20241005,CUS01076,6,EMP0114,Credit Card,,Completed,1647,900
ORD0003998,10/5/2024,20241005,CUS01601,13,EMP0192,Cash,,Completed,1055,570
ORD0005586,10/6/2024,20241006,CUS01011,4,EMP0084,InstaPay,,Completed,150,70
ORD0000623,10/6/2024,20241006,CUS01404,2,EMP0054,Credit Card,,Completed,922,510
ORD0010007,10/6/2024,20241006,CUS01620,15,EMP0211,Fawry,,Completed,2736,1400
ORD0011085,10/6/2024,20241006,CUS02185,2,no_employee_id,Cash,,Completed,19100,15150
ORD0008804,10/6/2024,20241006,CUS01272,15,EMP0207,Credit Card,,Completed,486,260
ORD0011604,10/6/2024,20241006,CUS00002,3,EMP0056,InstaPay,,Completed,989,700
ORD0005375,10/6/2024,20241006,CUS00907,6,EMP0121,Fawry,,Completed,2406.5,1640
ORD0007368,10/6/2024,20241006,CUS00713,3,EMP0060,Cash,,Completed,6076,4940
ORD0006914,10/6/2024,20241006,CUS01233,6,EMP0118,Cash,,Completed,272,160
ORD0002704,10/6/2024,20241006,CUS01790,2,EMP0048,Credit Card,,Returned,144,80
ORD0001403,10/6/2024,20241006,CUS01538,2,EMP0042,InstaPay,,Returned,504,280
ORD0010592,10/6/2024,20241006,CUS02073,4,no_employee_id,Fawry,,Completed,315,200
ORD0010685,10/6/2024,20241006,CUS02471,10,EMP0158,InstaPay,,Completed,799,400
ORD0000070,10/6/2024,20241006,CUS00295,8,EMP0141,Credit Card,,Completed,221,130
ORD0001134,10/6/2024,20241006,CUS01818,7,EMP0127,Vodafone Cash,,Completed,549,300
ORD0011731,10/6/2024,20241006,CUS02941,14,EMP0195,Credit Card,,Completed,14608,11500
ORD0008268,10/6/2024,20241006,CUS02006,2,EMP0033,Cash,,Completed,660,350
ORD0002805,10/6/2024,20241006,CUS02140,3,EMP0058,Credit Card,,Completed,2953,1560
ORD0009217,10/7/2024,20241007,CUS01978,5,no_employee_id,Debit Card,,Completed,473,230
ORD0009887,10/7/2024,20241007,CUS00198,3,EMP0062,Debit Card,,Completed,19405,16030
ORD0000769,10/7/2024,20241007,CUS02115,2,EMP0050,Fawry,,Completed,474.5,250
ORD0006470,10/7/2024,20241007,CUS01934,3,no_employee_id,Debit Card,,Completed,324,160
ORD0009118,10/7/2024,20241007,CUS01296,11,EMP0166,Credit Card,,Completed,29070,24300
ORD0006257,10/7/2024,20241007,CUS02189,2,EMP0041,InstaPay,,Completed,68,40
ORD0010622,10/7/2024,20241007,CUS01854,3,EMP0065,Cash,,Cancelled,3046,1500
ORD0004119,10/7/2024,20241007,CUS01430,8,EMP0143,Debit Card,,Completed,458,260
ORD0008743,10/7/2024,20241007,CUS02508,3,EMP0059,InstaPay,,Completed,1076,530
ORD0005458,10/7/2024,20241007,CUS02897,3,EMP0057,Vodafone Cash,,Returned,693,380
ORD0004283,10/7/2024,20241007,CUS02146,2,EMP0040,Credit Card,,Completed,812.5,380
ORD0005753,10/7/2024,20241007,CUS00216,2,EMP0035,Credit Card,,Completed,780,360
ORD0000334,10/8/2024,20241008,CUS00786,2,no_employee_id,Debit Card,,Completed,2516,1640
ORD0005701,10/8/2024,20241008,CUS02270,13,EMP0190,Fawry,,Completed,450,250
ORD0009590,10/8/2024,20241008,CUS01733,9,EMP0146,Cash,,Completed,801,460
ORD0004788,10/8/2024,20241008,CUS00538,13,EMP0192,Credit Card,,Completed,2255,1170
ORD0000253,10/8/2024,20241008,CUS00385,6,EMP0120,InstaPay,,Completed,851,390
ORD0010129,10/8/2024,20241008,CUS01002,8,no_employee_id,Vodafone Cash,,Completed,1290,650
ORD0010565,10/8/2024,20241008,CUS02704,4,no_employee_id,Cash,,Completed,1960.5,1060
ORD0004156,10/8/2024,20241008,CUS00822,11,EMP0172,Cash,,Completed,2158,1060
ORD0008399,10/8/2024,20241008,CUS01408,3,EMP0063,InstaPay,,Completed,490,240
ORD0009994,10/8/2024,20241008,CUS02530,1,EMP0022,InstaPay,,Completed,10800,8300
ORD0011058,10/8/2024,20241008,CUS00963,11,EMP0173,Cash,,Completed,255,140
ORD0000297,10/8/2024,20241008,CUS00791,7,EMP0132,Vodafone Cash,,Completed,2370,1200
ORD0003313,10/8/2024,20241008,CUS02872,7,EMP0134,Vodafone Cash,,Returned,459.5,230
ORD0004639,10/8/2024,20241008,CUS02160,1,EMP0026,Cash,,Completed,18150,14320
ORD0011871,10/8/2024,20241008,CUS01689,2,EMP0030,Credit Card,,Completed,378,210
ORD0005312,10/8/2024,20241008,CUS00538,3,EMP0068,Credit Card,,Completed,30220,29840
ORD0003017,10/9/2024,20241009,CUS02979,1,EMP0023,Debit Card,,Completed,256,160
ORD0010917,10/9/2024,20241009,CUS02722,11,EMP0172,InstaPay,,Completed,3260,2220
ORD0003373,10/9/2024,20241009,CUS02620,14,EMP0198,Vodafone Cash,,Completed,1330,700
ORD0002019,10/9/2024,20241009,CUS01494,6,EMP0114,Cash,,Completed,1482,760
ORD0005526,10/9/2024,20241009,CUS02950,1,EMP0008,Debit Card,,Completed,2004,1000
ORD0003307,10/9/2024,20241009,CUS00778,3,EMP0077,Credit Card,,Completed,1176,720
ORD0001561,10/9/2024,20241009,CUS00623,9,EMP0145,Debit Card,,Completed,441,240
ORD0003010,10/9/2024,20241009,CUS00222,2,EMP0033,Debit Card,,Completed,1834,980
ORD0010842,10/9/2024,20241009,CUS02098,5,EMP0104,Credit Card,,Completed,72,40
ORD0006849,10/9/2024,20241009,CUS02404,6,EMP0115,InstaPay,,Completed,340,170
ORD0001128,10/10/2024,20241010,CUS00905,14,EMP0197,Cash,,Completed,150,70
ORD0006855,10/10/2024,20241010,CUS00928,12,EMP0178,Debit Card,,Completed,3871.5,2200
ORD0000924,10/10/2024,20241010,CUS02090,2,EMP0040,Credit Card,,Completed,9160,8070
ORD0001338,10/10/2024,20241010,CUS02848,13,EMP0193,Credit Card,,Completed,90,40
ORD0000581,10/10/2024,20241010,CUS01617,5,EMP0102,Fawry,,Completed,10402.5,8470
ORD0010563,10/10/2024,20241010,CUS01452,6,EMP0122,Vodafone Cash,,Completed,327,170
ORD0004481,10/10/2024,20241010,CUS00137,3,EMP0064,Credit Card,,Completed,1020,500
ORD0010537,10/11/2024,20241011,CUS00653,3,EMP0075,Fawry,,Completed,1838,1050
ORD0000130,10/11/2024,20241011,CUS01591,11,EMP0166,InstaPay,,Completed,821,480
ORD0002352,10/11/2024,20241011,CUS02818,15,EMP0207,InstaPay,,Completed,314,180
ORD0002541,10/11/2024,20241011,CUS02843,1,EMP0020,InstaPay,,Completed,1946,990
ORD0006071,10/11/2024,20241011,CUS00030,12,EMP0183,InstaPay,,Completed,430,210
ORD0004792,10/11/2024,20241011,CUS00200,2,EMP0054,Cash,,Completed,715,370
ORD0002879,10/11/2024,20241011,CUS00709,4,EMP0087,Fawry,,Completed,352,190
ORD0005508,10/11/2024,20241011,CUS00611,6,EMP0115,Credit Card,,Completed,934,510
ORD0000087,10/11/2024,20241011,CUS00125,4,EMP0085,Fawry,,Cancelled,951,500
ORD0001411,10/12/2024,20241012,CUS00304,1,EMP0026,InstaPay,,Completed,450,220
ORD0008642,10/12/2024,20241012,CUS02232,11,EMP0172,Cash,,Returned,432,240
ORD0011199,10/12/2024,20241012,CUS01222,9,EMP0148,Debit Card,,Returned,608,300
ORD0007234,10/12/2024,20241012,CUS02923,4,EMP0084,Vodafone Cash,,Completed,1406,650
ORD0001353,10/12/2024,20241012,CUS02191,4,EMP0087,Cash,,Completed,133,70
ORD0005065,10/12/2024,20241012,CUS02063,14,EMP0198,InstaPay,,Completed,735.5,380
ORD0008397,10/12/2024,20241012,CUS01044,10,EMP0158,Vodafone Cash,,Completed,9399,8490
ORD0003737,10/12/2024,20241012,CUS00157,14,EMP0194,Cash,,Completed,19572,16750
ORD0000526,10/12/2024,20241012,CUS01535,2,EMP0051,Credit Card,,Completed,315,210
ORD0002979,10/12/2024,20241012,CUS01884,5,EMP0110,Fawry,,Completed,2350,2080
ORD0005478,10/12/2024,20241012,CUS01622,7,EMP0130,Fawry,,Completed,2248.5,1210
ORD0009930,10/12/2024,20241012,CUS00342,11,EMP0172,InstaPay,,Cancelled,81,40
ORD0003666,10/12/2024,20241012,CUS00365,10,EMP0152,Cash,,Completed,14028,11470
ORD0011536,10/12/2024,20241012,CUS00199,2,EMP0050,InstaPay,,Cancelled,3852,2700
ORD0002400,10/12/2024,20241012,CUS01990,12,EMP0174,Fawry,,Completed,64797,51390
ORD0000510,10/12/2024,20241012,CUS02585,1,EMP0009,InstaPay,,Completed,266,140
ORD0006049,10/12/2024,20241012,CUS00860,14,EMP0195,Fawry,,Completed,32440,31870
ORD0008102,10/13/2024,20241013,CUS00242,12,EMP0183,Cash,,Completed,940,470
ORD0010466,10/13/2024,20241013,CUS02275,6,EMP0121,Cash,,Completed,630,300
ORD0008828,10/13/2024,20241013,CUS00356,14,EMP0197,Vodafone Cash,,Completed,15692,13440
ORD0008919,10/13/2024,20241013,CUS01299,2,EMP0053,Debit Card,,Completed,1330,1040
ORD0004601,10/13/2024,20241013,CUS00443,7,EMP0130,Fawry,,Completed,1224,690
ORD0004634,10/13/2024,20241013,CUS02235,15,EMP0207,Vodafone Cash,,Completed,4226,2310
ORD0002443,10/13/2024,20241013,CUS01394,1,EMP0002,Cash,,Completed,392.5,210
ORD0005824,10/14/2024,20241014,CUS00703,1,EMP0020,Debit Card,,Completed,480,220
ORD0001545,10/14/2024,20241014,CUS02130,4,EMP0080,Debit Card,,Completed,13722.5,10800
ORD0008966,10/14/2024,20241014,CUS02923,4,no_employee_id,Fawry,,Cancelled,1615,940
ORD0008973,10/14/2024,20241014,CUS02265,4,EMP0094,Cash,,Completed,18133.5,14340
ORD0005018,10/14/2024,20241014,CUS01991,6,EMP0120,InstaPay,,Completed,620,290
ORD0009081,10/14/2024,20241014,CUS01999,6,no_employee_id,Fawry,,Completed,2040,1260
ORD0006694,10/14/2024,20241014,CUS00987,12,EMP0184,Credit Card,,Returned,3994,2120
ORD0005886,10/15/2024,20241015,CUS01281,8,EMP0142,Credit Card,,Completed,1477,860
ORD0011985,10/15/2024,20241015,CUS02678,10,EMP0153,Vodafone Cash,,Returned,180,80
ORD0005833,10/15/2024,20241015,CUS00966,9,EMP0147,Credit Card,,Completed,462,250
ORD0008922,10/15/2024,20241015,CUS00222,2,EMP0029,Vodafone Cash,,Completed,12015,10040
ORD0005925,10/15/2024,20241015,CUS00977,2,EMP0048,Cash,,Completed,228,120
ORD0008153,10/15/2024,20241015,CUS01235,3,EMP0063,Debit Card,,Completed,622.5,350
ORD0000490,10/15/2024,20241015,CUS01624,4,EMP0094,Cash,,Completed,100,40
ORD0010791,10/15/2024,20241015,CUS00095,2,EMP0031,Debit Card,,Completed,918,500
ORD0006978,10/16/2024,20241016,CUS00778,11,EMP0172,Debit Card,,Completed,252,140
ORD0006747,10/16/2024,20241016,CUS02202,11,EMP0166,Credit Card,,Completed,280,140
ORD0009857,10/16/2024,20241016,CUS00050,11,EMP0167,Cash,,Completed,120,70
ORD0002697,10/16/2024,20241016,CUS00381,4,EMP0082,InstaPay,,Returned,2360,1140
ORD0004439,10/16/2024,20241016,CUS01765,3,EMP0063,Vodafone Cash,,Completed,1498,780
ORD0011571,10/16/2024,20241016,CUS01732,2,EMP0048,Fawry,,Completed,10752.5,9190
ORD0006906,10/16/2024,20241016,CUS02866,4,EMP0091,Vodafone Cash,,Completed,1124,570
ORD0005142,10/16/2024,20241016,CUS00913,8,EMP0137,Vodafone Cash,,Completed,1710,850
ORD0002138,10/16/2024,20241016,CUS01747,1,EMP0019,Vodafone Cash,,Completed,5549,4420
ORD0000508,10/16/2024,20241016,CUS01403,4,EMP0093,Vodafone Cash,,Completed,39600,31500
ORD0004207,10/16/2024,20241016,CUS02196,2,EMP0049,InstaPay,,Completed,846,420
ORD0005047,10/16/2024,20241016,CUS01980,8,EMP0143,Vodafone Cash,,Completed,12520,9280
ORD0003087,10/17/2024,20241017,CUS01424,10,EMP0158,InstaPay,,Completed,85.5,40
ORD0011853,10/17/2024,20241017,CUS02614,10,EMP0154,Credit Card,,Returned,1530.5,750
ORD0005193,10/17/2024,20241017,CUS01925,3,EMP0075,Vodafone Cash,,Completed,1330,680
ORD0010662,10/17/2024,20241017,CUS02832,2,EMP0030,Cash,,Completed,270,140
ORD0003326,10/17/2024,20241017,CUS02311,2,EMP0054,Cash,,Cancelled,826,530
ORD0008113,10/17/2024,20241017,CUS01052,1,EMP0021,InstaPay,,Completed,384,240
ORD0004470,10/17/2024,20241017,CUS01150,3,EMP0063,Debit Card,,Completed,800,600
ORD0008568,10/17/2024,20241017,CUS02519,5,EMP0098,Cash,,Completed,909.5,460
ORD0003892,10/17/2024,20241017,CUS02631,13,EMP0189,Cash,,Completed,720,360
ORD0009654,10/17/2024,20241017,CUS01762,4,EMP0094,Vodafone Cash,,Completed,1220,610
ORD0007818,10/17/2024,20241017,CUS00062,8,EMP0144,Debit Card,,Cancelled,294.5,150
ORD0003642,10/18/2024,20241018,CUS01350,11,EMP0173,Debit Card,,Completed,171,90
ORD0011569,10/18/2024,20241018,CUS01814,10,EMP0153,Cash,,Completed,15000,12000
ORD0003458,10/18/2024,20241018,CUS00856,4,EMP0084,Cash,,Completed,687.5,400
ORD0008613,10/18/2024,20241018,CUS02302,2,EMP0049,Debit Card,,Completed,23583,20870
ORD0011074,10/18/2024,20241018,CUS00474,14,EMP0203,Credit Card,,Completed,12780,13190
ORD0010186,10/18/2024,20241018,CUS01215,12,EMP0179,Credit Card,,Completed,1539,770
ORD0004455,10/18/2024,20241018,CUS01366,12,EMP0178,Cash,,Completed,25809,19920
ORD0003608,10/18/2024,20241018,CUS00221,5,EMP0110,Cash,,Completed,1512,800
ORD0007345,10/19/2024,20241019,CUS02609,13,EMP0185,InstaPay,,Completed,297.5,150
ORD0003861,10/19/2024,20241019,CUS00433,1,EMP0022,Cash,,Completed,1350,680
ORD0001362,10/19/2024,20241019,CUS02644,6,EMP0119,InstaPay,,Completed,3232.5,1590
ORD0000552,10/19/2024,20241019,CUS01269,1,EMP0002,Vodafone Cash,,Completed,364,220
ORD0004059,10/19/2024,20241019,CUS00365,13,EMP0187,InstaPay,,Completed,304,180
ORD0009060,10/19/2024,20241019,CUS00706,6,EMP0123,Vodafone Cash,,Completed,9963,10250
ORD0003354,10/19/2024,20241019,CUS00114,6,EMP0120,Cash,,Completed,1820,960
ORD0009408,10/19/2024,20241019,CUS02302,2,EMP0043,Debit Card,,Completed,140,70
ORD0010085,10/19/2024,20241019,CUS00210,2,EMP0036,Fawry,,Completed,1764,960
ORD0008888,10/19/2024,20241019,CUS01200,3,EMP0056,InstaPay,,Returned,30010,23900
ORD0003969,10/20/2024,20241020,CUS00260,7,EMP0128,Vodafone Cash,,Completed,13982,10940
ORD0010991,10/20/2024,20241020,CUS01493,1,EMP0018,Fawry,,Completed,19180,16620
ORD0011025,10/20/2024,20241020,CUS00779,6,EMP0118,Vodafone Cash,,Completed,770,370
ORD0008860,10/20/2024,20241020,CUS00206,10,EMP0163,Vodafone Cash,,Completed,5760.5,5060
ORD0000329,10/20/2024,20241020,CUS00482,2,EMP0054,Vodafone Cash,,Returned,784,360
ORD0008759,10/20/2024,20241020,CUS01992,13,EMP0190,InstaPay,,Completed,25961,22820
ORD0000752,10/20/2024,20241020,CUS01767,13,EMP0193,InstaPay,,Returned,972,540
ORD0008465,10/20/2024,20241020,CUS02458,7,EMP0133,Vodafone Cash,,Completed,13116,11210
ORD0005326,10/20/2024,20241020,CUS00770,11,EMP0168,Credit Card,,Completed,210,100
ORD0003277,10/20/2024,20241020,CUS00567,2,EMP0044,Credit Card,,Completed,1504,720
ORD0011036,10/20/2024,20241020,CUS01140,10,no_employee_id,Vodafone Cash,,Completed,1458.5,790
ORD0004023,10/20/2024,20241020,CUS00779,14,EMP0201,Debit Card,,Completed,524,290
ORD0000456,10/20/2024,20241020,CUS02965,2,EMP0032,Credit Card,,Completed,3002,1460
ORD0003963,10/21/2024,20241021,CUS01953,14,EMP0203,Vodafone Cash,,Completed,882.5,510
ORD0008876,10/21/2024,20241021,CUS00758,14,EMP0197,Cash,,Completed,9579,9300
ORD0004552,10/21/2024,20241021,CUS01265,4,EMP0085,InstaPay,,Completed,1268,820
ORD0006629,10/21/2024,20241021,CUS00071,1,EMP0017,Credit Card,,Completed,673,340
ORD0011222,10/21/2024,20241021,CUS02055,15,EMP0214,Cash,,Completed,5421,2810
ORD0001711,10/21/2024,20241021,CUS01282,4,EMP0082,Credit Card,,Completed,1435,750
ORD0002372,10/21/2024,20241021,CUS02160,3,EMP0065,Credit Card,,Completed,243,130
ORD0001836,10/21/2024,20241021,CUS02913,1,EMP0017,Fawry,,Completed,700,340
ORD0006339,10/21/2024,20241021,CUS00659,3,EMP0070,Fawry,,Completed,378,190
ORD0010261,10/21/2024,20241021,CUS01409,10,EMP0162,Cash,,Completed,272,160
ORD0002685,10/21/2024,20241021,CUS01668,2,no_employee_id,InstaPay,,Completed,25815,21520
ORD0003283,10/22/2024,20241022,CUS00078,10,no_employee_id,Debit Card,,Completed,280,140
ORD0011721,10/22/2024,20241022,CUS01793,6,EMP0124,Vodafone Cash,,Completed,2650,1820
ORD0002659,10/22/2024,20241022,CUS00284,14,EMP0197,Cash,,Completed,5281,5240
ORD0010347,10/22/2024,20241022,CUS00477,5,EMP0101,Credit Card,,Completed,600,270
ORD0000857,10/22/2024,20241022,CUS00212,3,EMP0072,Debit Card,,Completed,5126,4420
ORD0000160,10/22/2024,20241022,CUS00691,3,EMP0068,Cash,,Completed,1060,530
ORD0006378,10/22/2024,20241022,CUS00411,4,EMP0094,Fawry,,Completed,2396,1310
ORD0002098,10/22/2024,20241022,CUS02233,2,EMP0039,Vodafone Cash,,Completed,240,120
ORD0008188,10/23/2024,20241023,CUS00286,7,EMP0132,Fawry,,Completed,3710,1830
ORD0004587,10/23/2024,20241023,CUS02107,4,EMP0089,Cash,,Completed,41545,40320
ORD0008462,10/23/2024,20241023,CUS00225,1,EMP0001,Vodafone Cash,,Completed,1368,720
ORD0001838,10/23/2024,20241023,CUS00273,4,EMP0079,Vodafone Cash,,Returned,1860,1110
ORD0004039,10/23/2024,20241023,CUS00019,5,EMP0107,Cash,,Completed,1099,560
ORD0009910,10/23/2024,20241023,CUS02048,12,EMP0183,Credit Card,,Completed,234,120
ORD0011249,10/23/2024,20241023,CUS01775,4,EMP0085,Credit Card,,Completed,200,100
ORD0011857,10/23/2024,20241023,CUS01948,5,EMP0106,Cash,,Completed,330,160
ORD0002840,10/23/2024,20241023,CUS01616,7,EMP0127,Debit Card,,Returned,1040,620
ORD0010660,10/23/2024,20241023,CUS02982,1,EMP0022,Vodafone Cash,,Completed,4000,3200
ORD0008633,10/23/2024,20241023,CUS00320,9,EMP0149,Fawry,,Completed,2399,1430
ORD0010219,10/23/2024,20241023,CUS00109,11,EMP0164,Vodafone Cash,,Completed,944,530
ORD0009513,10/23/2024,20241023,CUS01929,2,no_employee_id,Fawry,,Completed,768,440
ORD0000482,10/23/2024,20241023,CUS02662,6,EMP0116,Fawry,,Completed,345,170
ORD0003620,10/23/2024,20241023,CUS02241,9,EMP0145,Vodafone Cash,,Completed,1368,690
ORD0001041,10/24/2024,20241024,CUS00314,12,EMP0179,InstaPay,,Completed,1300,640
ORD0004785,10/24/2024,20241024,CUS02677,14,EMP0199,InstaPay,,Completed,2078,1350
ORD0003406,10/24/2024,20241024,CUS00262,12,no_employee_id,Debit Card,,Completed,1645,860
ORD0010474,10/24/2024,20241024,CUS01148,3,EMP0067,Cash,,Completed,123.5,60
ORD0010110,10/24/2024,20241024,CUS01774,2,EMP0048,Vodafone Cash,,Cancelled,6279.5,5590
ORD0005583,10/24/2024,20241024,CUS01905,12,EMP0178,InstaPay,,Completed,380,180
ORD0003577,10/25/2024,20241025,CUS02075,13,EMP0186,InstaPay,,Completed,22464,18380
ORD0009256,10/25/2024,20241025,CUS01605,6,no_employee_id,Credit Card,,Completed,1096,510
ORD0007541,10/25/2024,20241025,CUS01582,1,EMP0017,Cash,,Completed,350,170
ORD0006259,10/25/2024,20241025,CUS01120,10,EMP0162,InstaPay,,Completed,144,80
ORD0000266,10/25/2024,20241025,CUS02343,1,EMP0017,Credit Card,,Completed,279,150
ORD0011452,10/25/2024,20241025,CUS01405,2,EMP0033,InstaPay,,Completed,289,160
ORD0000838,10/25/2024,20241025,CUS00962,1,EMP0021,Fawry,,Returned,1272.5,660
ORD0001012,10/25/2024,20241025,CUS02838,4,EMP0079,Credit Card,,Completed,240,120
ORD0002912,10/25/2024,20241025,CUS01878,13,EMP0188,Cash,,Completed,2540,1600
ORD0002876,10/25/2024,20241025,CUS02897,2,EMP0050,Debit Card,,Completed,1607.5,860
ORD0010438,10/25/2024,20241025,CUS02549,10,EMP0160,Vodafone Cash,,Completed,655,320
ORD0011559,10/25/2024,20241025,CUS00440,7,EMP0127,Debit Card,,Completed,74782.5,59810
ORD0002592,10/26/2024,20241026,CUS01087,5,EMP0111,InstaPay,,Returned,1904.5,1150
ORD0006599,10/26/2024,20241026,CUS02865,2,EMP0048,Vodafone Cash,,Returned,2240,1560
ORD0010571,10/26/2024,20241026,CUS00973,2,EMP0051,Fawry,,Completed,9140.5,8670
ORD0011270,10/26/2024,20241026,CUS01100,3,EMP0055,InstaPay,,Completed,573,350
ORD0001130,10/26/2024,20241026,CUS00726,1,EMP0028,Vodafone Cash,,Completed,228,120
ORD0000702,10/26/2024,20241026,CUS01651,8,EMP0141,Cash,,Completed,1007,520
ORD0010987,10/26/2024,20241026,CUS01622,1,EMP0027,Vodafone Cash,,Completed,1408,710
ORD0011289,10/26/2024,20241026,CUS02149,10,EMP0154,Vodafone Cash,,Completed,342,170
ORD0000810,10/26/2024,20241026,CUS00305,1,EMP0002,Fawry,,Completed,888,460
ORD0003248,10/26/2024,20241026,CUS01207,11,EMP0166,Debit Card,,Returned,180,80
ORD0002706,10/26/2024,20241026,CUS02899,2,EMP0046,Fawry,,Cancelled,31844,29680
ORD0000487,10/26/2024,20241026,CUS01654,3,EMP0074,Fawry,,Completed,3323,1650
ORD0007329,10/26/2024,20241026,CUS02292,5,EMP0111,Fawry,,Completed,480,240
ORD0007567,10/26/2024,20241026,CUS01824,12,EMP0175,Fawry,,Completed,5746,3100
ORD0002894,10/26/2024,20241026,CUS02053,2,EMP0040,Debit Card,,Completed,666,370
ORD0008480,10/27/2024,20241027,CUS01534,11,EMP0167,Cash,,Completed,360,160
ORD0004816,10/27/2024,20241027,CUS01869,5,EMP0107,Vodafone Cash,,Completed,3616,1930
ORD0003968,10/27/2024,20241027,CUS01356,3,EMP0057,InstaPay,,Returned,80,50
ORD0002717,10/27/2024,20241027,CUS02655,2,EMP0035,Cash,,Completed,2414.5,1370
ORD0011959,10/27/2024,20241027,CUS00661,6,EMP0115,Cash,,Completed,150,70
ORD0000522,10/27/2024,20241027,CUS00853,4,EMP0088,Debit Card,,Completed,9460,10550
ORD0011647,10/27/2024,20241027,CUS02304,12,EMP0177,Vodafone Cash,,Completed,8054,6050
ORD0011551,10/27/2024,20241027,CUS02459,3,EMP0069,Debit Card,,Completed,70680,59600
ORD0002320,10/27/2024,20241027,CUS00065,6,EMP0125,Debit Card,,Completed,3570,4000
ORD0002081,10/27/2024,20241027,CUS01566,1,EMP0005,Fawry,,Completed,935,540
ORD0001560,10/28/2024,20241028,CUS01157,15,EMP0211,Credit Card,,Completed,13327,11270
ORD0003709,10/28/2024,20241028,CUS02346,7,no_employee_id,Debit Card,,Completed,498,250
ORD0009266,10/28/2024,20241028,CUS00728,3,EMP0073,Credit Card,,Completed,1674,870
ORD0007987,10/28/2024,20241028,CUS01686,1,EMP0027,Fawry,,Completed,252,180
ORD0009163,10/28/2024,20241028,CUS02890,5,EMP0108,InstaPay,,Completed,450,250
ORD0005190,10/28/2024,20241028,CUS00260,3,EMP0058,Vodafone Cash,,Completed,180,80
ORD0011858,10/28/2024,20241028,CUS00921,8,EMP0143,InstaPay,,Completed,1057,520
ORD0007077,10/28/2024,20241028,CUS02916,2,EMP0042,InstaPay,,Completed,773,370
ORD0007277,10/28/2024,20241028,CUS02859,6,EMP0116,Vodafone Cash,,Completed,1794,890
ORD0007493,10/28/2024,20241028,CUS00921,2,EMP0033,Cash,,Completed,221,130
ORD0005738,10/28/2024,20241028,CUS02215,1,EMP0021,Fawry,,Completed,450,210
ORD0007489,10/29/2024,20241029,CUS01507,7,EMP0131,Credit Card,,Completed,1358,690
ORD0010966,10/29/2024,20241029,CUS02912,9,EMP0146,Cash,,Completed,4490.5,4310
ORD0005102,10/29/2024,20241029,CUS00583,15,EMP0215,InstaPay,,Completed,1686,860
ORD0003661,10/29/2024,20241029,CUS02512,6,EMP0125,Cash,,Completed,1490,730
ORD0005480,10/29/2024,20241029,CUS02913,14,no_employee_id,Credit Card,,Completed,720,440
ORD0002633,10/29/2024,20241029,CUS02040,2,EMP0048,Credit Card,,Completed,3085,1720
ORD0001978,10/29/2024,20241029,CUS02240,2,EMP0043,Fawry,,Completed,690,340
ORD0009431,10/29/2024,20241029,CUS00176,15,EMP0214,Vodafone Cash,,Completed,128,70
ORD0004893,10/29/2024,20241029,CUS02546,11,no_employee_id,Cash,,Completed,365,180
ORD0008072,10/29/2024,20241029,CUS01563,13,EMP0190,Cash,,Completed,1190,590
ORD0000968,10/29/2024,20241029,CUS02273,1,EMP0015,Credit Card,,Completed,487.5,250
ORD0010265,10/29/2024,20241029,CUS01720,6,EMP0116,Fawry,,Completed,95,40
ORD0004355,10/30/2024,20241030,CUS00159,2,EMP0046,Vodafone Cash,,Completed,126,70
ORD0010195,10/30/2024,20241030,CUS00396,6,EMP0125,Credit Card,,Completed,6033,4770
ORD0003502,10/30/2024,20241030,CUS01149,1,EMP0001,Debit Card,,Returned,126,70
ORD0001874,10/30/2024,20241030,CUS00688,2,EMP0029,InstaPay,,Completed,1910,930
ORD0010570,10/30/2024,20241030,CUS02938,12,EMP0175,Vodafone Cash,,Completed,870,410
ORD0000942,10/30/2024,20241030,CUS02438,13,EMP0191,Credit Card,,Completed,954,530
ORD0010606,10/30/2024,20241030,CUS01406,2,EMP0040,Fawry,,Returned,135,70
ORD0006803,10/30/2024,20241030,CUS02515,1,EMP0024,Fawry,,Completed,640,400
ORD0007564,10/30/2024,20241030,CUS02838,2,EMP0041,Fawry,,Completed,4018,3420
ORD0010323,10/30/2024,20241030,CUS02662,6,EMP0124,Fawry,,Completed,1008,500
ORD0007930,10/30/2024,20241030,CUS01894,12,EMP0179,Credit Card,,Completed,1122,640
ORD0001833,10/30/2024,20241030,CUS00162,7,EMP0131,Fawry,,Completed,275.5,140
ORD0005086,10/30/2024,20241030,CUS01713,7,no_employee_id,Fawry,,Completed,540,400
ORD0006568,10/31/2024,20241031,CUS02368,12,EMP0181,Debit Card,,Completed,2955,1500
ORD0006913,10/31/2024,20241031,CUS00560,1,EMP0001,Fawry,,Completed,458,250
ORD0008782,10/31/2024,20241031,CUS00251,6,EMP0122,Fawry,,Completed,150,70
ORD0010778,10/31/2024,20241031,CUS02022,6,EMP0119,Vodafone Cash,,Completed,2022,990
ORD0008290,10/31/2024,20241031,CUS00444,8,EMP0144,InstaPay,,Completed,501,250
ORD0011385,10/31/2024,20241031,CUS02876,11,EMP0165,Debit Card,,Completed,342,180
ORD0010671,10/31/2024,20241031,CUS02031,2,EMP0036,Cash,,Completed,234,130
ORD0009564,10/31/2024,20241031,CUS00155,13,EMP0189,Fawry,,Completed,1174,630
ORD0004148,10/31/2024,20241031,CUS02209,2,EMP0038,Cash,,Completed,1051,520
ORD0001866,10/31/2024,20241031,CUS00765,7,EMP0131,Vodafone Cash,,Completed,431,250
ORD0011113,10/31/2024,20241031,CUS01500,2,EMP0035,Fawry,,Completed,72,40
ORD0005404,10/31/2024,20241031,CUS00197,5,EMP0107,Debit Card,,Completed,320,140
ORD0006439,10/31/2024,20241031,CUS02571,1,EMP0012,Fawry,,Completed,1660,830
ORD0003701,10/31/2024,20241031,CUS01336,6,EMP0118,Fawry,,Completed,1885.5,900
ORD0010749,10/31/2024,20241031,CUS00023,9,EMP0147,Vodafone Cash,,Completed,441,220
ORD0008669,10/31/2024,20241031,CUS01621,8,EMP0139,Cash,,Completed,342,180
ORD0000203,10/31/2024,20241031,CUS00288,2,no_employee_id,Cash,,Completed,563,290
ORD0011203,10/31/2024,20241031,CUS00224,10,EMP0162,Cash,,Completed,153,90
ORD0009401,10/31/2024,20241031,CUS01591,10,EMP0159,Vodafone Cash,,Returned,1870,1050
ORD0004079,11/1/2024,20241101,CUS00987,6,EMP0114,Credit Card,,Completed,1179,580
ORD0003276,11/1/2024,20241101,CUS01896,7,EMP0134,Cash,,Completed,11200,8900
ORD0002036,11/1/2024,20241101,CUS02585,3,EMP0066,Vodafone Cash,,Completed,238,140
ORD0001472,11/1/2024,20241101,CUS00617,15,EMP0210,Cash,,Completed,342,180
ORD0005208,11/1/2024,20241101,CUS00011,1,EMP0007,Fawry,,Completed,2125,1100
ORD0006287,11/1/2024,20241101,CUS01740,6,EMP0117,Credit Card,,Completed,162,80
ORD0001792,11/1/2024,20241101,CUS01462,14,EMP0197,Cash,,Returned,1167,580
ORD0000904,11/1/2024,20241101,CUS00746,2,EMP0053,Debit Card,,Completed,1724,890
ORD0006336,11/1/2024,20241101,CUS00717,2,EMP0051,Credit Card,,Completed,190,90
ORD0001061,11/1/2024,20241101,CUS02085,3,EMP0069,Credit Card,,Completed,959,480
ORD0005325,11/1/2024,20241101,CUS02246,1,EMP0003,Credit Card,,Completed,190,80
ORD0009112,11/1/2024,20241101,CUS00936,9,EMP0146,Vodafone Cash,,Completed,864,540
ORD0007617,11/1/2024,20241101,CUS00245,13,EMP0190,Fawry,,Completed,1620,880
ORD0008313,11/1/2024,20241101,CUS01108,4,EMP0091,Vodafone Cash,,Completed,645,330
ORD0010044,11/2/2024,20241102,CUS00999,11,EMP0170,Debit Card,,Completed,876.5,470
ORD0008901,11/2/2024,20241102,CUS02817,1,EMP0020,InstaPay,,Returned,152,70
ORD0007940,11/2/2024,20241102,CUS02678,1,EMP0026,Cash,,Completed,680,330
ORD0001921,11/2/2024,20241102,CUS01187,14,EMP0199,Cash,,Returned,460,220
ORD0000271,11/2/2024,20241102,CUS01249,2,EMP0046,Vodafone Cash,,Completed,272.5,140
ORD0003110,11/2/2024,20241102,CUS01161,14,EMP0201,Vodafone Cash,,Completed,473.5,240
ORD0006374,11/2/2024,20241102,CUS01900,12,EMP0179,Cash,,Completed,1557,820
ORD0001996,11/2/2024,20241102,CUS00255,13,EMP0187,Debit Card,,Completed,1566,840
ORD0010325,11/3/2024,20241103,CUS01082,7,EMP0128,Cash,,Completed,5400,4800
ORD0000046,11/3/2024,20241103,CUS00891,8,EMP0141,Debit Card,,Completed,1107.5,600
ORD0004112,11/3/2024,20241103,CUS01800,13,no_employee_id,Debit Card,,Completed,561,320
ORD0004198,11/3/2024,20241103,CUS00891,10,EMP0153,Fawry,,Cancelled,480,230
ORD0006386,11/3/2024,20241103,CUS02355,12,EMP0182,Fawry,,Completed,800,600
ORD0011600,11/3/2024,20241103,CUS00611,15,EMP0213,Cash,,Cancelled,1056,660
ORD0006985,11/3/2024,20241103,CUS00775,12,EMP0181,Fawry,,Completed,1500,720
ORD0007022,11/4/2024,20241104,CUS01002,1,EMP0001,Credit Card,,Completed,2382,1310
ORD0002409,11/4/2024,20241104,CUS00368,3,EMP0074,Credit Card,,Completed,306,170
ORD0006219,11/4/2024,20241104,CUS02413,12,EMP0184,Vodafone Cash,,Completed,7139,5610
ORD0005600,11/4/2024,20241104,CUS00134,7,EMP0136,Cash,,Completed,310,150
ORD0003959,11/4/2024,20241104,CUS01011,8,EMP0137,InstaPay,,Cancelled,136,80
ORD0008282,11/4/2024,20241104,CUS00659,2,EMP0042,Cash,,Completed,2500,1200
ORD0001513,11/4/2024,20241104,CUS02440,1,EMP0002,Cash,,Completed,2440,1260
ORD0006676,11/5/2024,20241105,CUS01824,6,EMP0125,Vodafone Cash,,Completed,320,140
ORD0005057,11/5/2024,20241105,CUS02100,3,EMP0070,Credit Card,,Completed,2245,1110
ORD0008532,11/5/2024,20241105,CUS01748,1,EMP0023,Debit Card,,Completed,1649,790
ORD0009982,11/5/2024,20241105,CUS01744,5,EMP0102,Fawry,,Completed,981,520
ORD0009265,11/5/2024,20241105,CUS01766,10,EMP0154,Debit Card,,Completed,1174,570
ORD0005731,11/5/2024,20241105,CUS00977,2,EMP0029,Cash,,Completed,11800,9400
ORD0000555,11/5/2024,20241105,CUS02908,2,EMP0037,Cash,,Returned,1114.5,550
ORD0003117,11/5/2024,20241105,CUS01699,7,EMP0130,Debit Card,,Returned,31110,29400
ORD0007356,11/5/2024,20241105,CUS00618,1,EMP0011,Debit Card,,Completed,12827,9980
ORD0001087,11/5/2024,20241105,CUS02786,1,EMP0020,Cash,,Completed,1053,560
ORD0011182,11/6/2024,20241106,CUS01024,3,EMP0065,Vodafone Cash,,Completed,847,470
ORD0002416,11/6/2024,20241106,CUS02928,4,EMP0083,Fawry,,Completed,114,60
ORD0007350,11/6/2024,20241106,CUS02252,5,EMP0101,Debit Card,,Completed,1004,610
ORD0010295,11/6/2024,20241106,CUS01904,3,EMP0065,Cash,,Cancelled,945,500
ORD0009664,11/6/2024,20241106,CUS00459,7,EMP0128,Fawry,,Completed,325,190
ORD0009191,11/6/2024,20241106,CUS00036,6,EMP0116,InstaPay,,Completed,329,170
ORD0008915,11/6/2024,20241106,CUS01270,13,EMP0191,Credit Card,,Completed,1480,720
ORD0010240,11/6/2024,20241106,CUS00795,14,EMP0199,InstaPay,,Completed,2619.5,1320
ORD0003218,11/6/2024,20241106,CUS01726,3,EMP0065,Fawry,,Completed,7340,5760
ORD0008487,11/6/2024,20241106,CUS00393,3,EMP0068,InstaPay,,Completed,811,420
ORD0006961,11/6/2024,20241106,CUS01860,6,EMP0119,Cash,,Returned,456,230
ORD0011519,11/6/2024,20241106,CUS01936,14,EMP0197,InstaPay,,Completed,256,140
ORD0003183,11/6/2024,20241106,CUS02219,1,EMP0021,Vodafone Cash,,Completed,847,460
ORD0006377,11/6/2024,20241106,CUS00903,8,EMP0137,Cash,,Completed,6350,6400
ORD0007838,11/6/2024,20241106,CUS00771,12,no_employee_id,Vodafone Cash,,Completed,1140,600
ORD0007102,11/6/2024,20241106,CUS00280,6,EMP0121,Fawry,,Completed,580,280
ORD0004668,11/7/2024,20241107,CUS00520,8,EMP0141,Credit Card,,Returned,1776.5,910
ORD0011771,11/7/2024,20241107,CUS01966,12,EMP0181,InstaPay,,Completed,779,440
ORD0002167,11/7/2024,20241107,CUS00018,2,EMP0034,InstaPay,,Completed,2184.5,1080
ORD0003300,11/7/2024,20241107,CUS02317,3,EMP0064,Credit Card,,Completed,123.5,60
ORD0009280,11/7/2024,20241107,CUS01880,4,EMP0084,Fawry,,Returned,1660,830
ORD0010448,11/7/2024,20241107,CUS00146,6,EMP0119,InstaPay,,Completed,1810,980
ORD0006616,11/7/2024,20241107,CUS01644,12,EMP0184,Vodafone Cash,,Completed,846,420
ORD0010755,11/7/2024,20241107,CUS00929,2,EMP0043,Cash,,Completed,144.5,80
ORD0001605,11/7/2024,20241107,CUS01103,10,EMP0158,Vodafone Cash,,Completed,606,330
ORD0003399,11/7/2024,20241107,CUS02639,4,EMP0093,Vodafone Cash,,Completed,880,440
ORD0009886,11/7/2024,20241107,CUS02961,1,no_employee_id,Fawry,,Completed,1022.5,540
ORD0011903,11/7/2024,20241107,CUS02524,1,EMP0028,InstaPay,,Completed,1390,660
ORD0011702,11/7/2024,20241107,CUS02955,1,EMP0015,Credit Card,,Completed,510,280
ORD0001918,11/7/2024,20241107,CUS01251,3,EMP0073,InstaPay,,Completed,560,280
ORD0007005,11/7/2024,20241107,CUS00429,5,EMP0098,Fawry,,Completed,3120,1590
ORD0005903,11/8/2024,20241108,CUS01722,10,EMP0153,Debit Card,,Completed,280,140
ORD0006168,11/8/2024,20241108,CUS01768,2,EMP0038,Credit Card,,Completed,14900,11900
ORD0010875,11/8/2024,20241108,CUS00310,4,EMP0089,Cash,,Completed,1330,640
ORD0005184,11/8/2024,20241108,CUS01246,15,EMP0213,Debit Card,,Cancelled,720,360
ORD0000303,11/8/2024,20241108,CUS00343,6,EMP0126,Credit Card,,Completed,300,150
ORD0000509,11/8/2024,20241108,CUS02753,12,EMP0178,Debit Card,,Completed,432,230
ORD0006799,11/8/2024,20241108,CUS01860,4,EMP0079,Debit Card,,Completed,171,90
ORD0011488,11/8/2024,20241108,CUS01468,11,EMP0169,Vodafone Cash,,Completed,255,140
ORD0007289,11/8/2024,20241108,CUS01128,6,EMP0121,Credit Card,,Completed,9440,9400
ORD0002154,11/8/2024,20241108,CUS01873,10,EMP0155,InstaPay,,Completed,360,180
ORD0011658,11/8/2024,20241108,CUS02364,8,EMP0140,Fawry,,Completed,451,220
ORD0007459,11/8/2024,20241108,CUS00913,1,EMP0001,Credit Card,,Completed,1648,890
ORD0004144,11/8/2024,20241108,CUS01474,2,EMP0052,InstaPay,,Completed,674,340
ORD0004047,11/8/2024,20241108,CUS02487,9,EMP0150,Vodafone Cash,,Cancelled,230,110
ORD0010561,11/9/2024,20241109,CUS01511,1,no_employee_id,Debit Card,,Completed,3508,1830
ORD0001807,11/9/2024,20241109,CUS00930,1,EMP0016,Cash,,Completed,190,90
ORD0006056,11/9/2024,20241109,CUS01663,14,EMP0195,InstaPay,,Returned,1657,1210
ORD0002168,11/9/2024,20241109,CUS01221,1,EMP0008,Cash,,Completed,176,100
ORD0003563,11/9/2024,20241109,CUS02302,2,EMP0050,Cash,,Completed,6230,7100
ORD0000814,11/9/2024,20241109,CUS00543,6,EMP0115,Cash,,Cancelled,578,340
ORD0007622,11/9/2024,20241109,CUS00676,3,EMP0077,InstaPay,,Completed,1128,580
ORD0007562,11/9/2024,20241109,CUS00776,14,EMP0194,Cash,,Completed,1742,950
ORD0010610,11/9/2024,20241109,CUS01576,4,EMP0082,InstaPay,,Completed,665,340
ORD0002333,11/9/2024,20241109,CUS00355,1,EMP0003,InstaPay,,Completed,1155,600
ORD0007174,11/9/2024,20241109,CUS02390,2,EMP0040,Fawry,,Completed,171,80
ORD0005123,11/10/2024,20241110,CUS02263,1,EMP0020,InstaPay,,Completed,1420,1040
ORD0001960,11/10/2024,20241110,CUS00358,10,EMP0161,Debit Card,,Completed,510,340
ORD0008587,11/10/2024,20241110,CUS02723,4,EMP0089,Credit Card,,Completed,1438,720
ORD0004414,11/10/2024,20241110,CUS00001,11,EMP0165,Vodafone Cash,,Completed,2730,1810
ORD0003697,11/10/2024,20241110,CUS01751,7,EMP0128,Vodafone Cash,,Cancelled,3209.5,1740
ORD0002322,11/10/2024,20241110,CUS00157,3,no_employee_id,Cash,,Completed,849,480
ORD0000272,11/10/2024,20241110,CUS01105,1,EMP0002,Cash,,Completed,1038,600
ORD0007783,11/10/2024,20241110,CUS00375,13,EMP0190,Fawry,,Cancelled,1214,820
ORD0009192,11/10/2024,20241110,CUS01587,2,EMP0031,Fawry,,Completed,13160,10260
ORD0003305,11/10/2024,20241110,CUS00423,3,EMP0057,Fawry,,Completed,488.5,260
ORD0007066,11/10/2024,20241110,CUS00688,7,EMP0128,Debit Card,,Completed,707,410
ORD0005590,11/10/2024,20241110,CUS00418,7,EMP0135,Fawry,,Completed,510,300
ORD0001514,11/10/2024,20241110,CUS02805,7,EMP0135,Vodafone Cash,,Cancelled,31265,26840
ORD0006520,11/11/2024,20241111,CUS00268,4,EMP0080,Fawry,,Returned,731.5,380
ORD0003071,11/11/2024,20241111,CUS00035,14,EMP0197,Debit Card,,Completed,33258,26490
ORD0009444,11/11/2024,20241111,CUS01657,2,EMP0053,Debit Card,,Completed,1519,830
ORD0009355,11/11/2024,20241111,CUS00240,5,EMP0097,Cash,,Completed,1448,780
ORD0001142,11/11/2024,20241111,CUS02255,1,EMP0019,Debit Card,,Completed,1215,660
ORD0008488,11/11/2024,20241111,CUS00467,4,EMP0086,Credit Card,,Returned,430,190
ORD0007376,11/11/2024,20241111,CUS01416,5,no_employee_id,Cash,,Completed,1700,860
ORD0010720,11/11/2024,20241111,CUS01812,1,EMP0021,Fawry,,Completed,528,270
ORD0004556,11/11/2024,20241111,CUS00548,4,EMP0089,Credit Card,,Completed,140,70
ORD0011109,11/11/2024,20241111,CUS02455,11,EMP0172,Cash,,Completed,324,170
ORD0006070,11/12/2024,20241112,CUS00612,1,EMP0007,Credit Card,,Completed,789,390
ORD0008412,11/12/2024,20241112,CUS02988,4,EMP0093,Cash,,Completed,1105,520
ORD0007804,11/12/2024,20241112,CUS02482,14,EMP0198,Cash,,Completed,484,280
ORD0007807,11/12/2024,20241112,CUS00087,3,EMP0061,Cash,,Completed,1087,600
ORD0008877,11/12/2024,20241112,CUS01699,11,EMP0169,Debit Card,,Completed,207,110
ORD0002050,11/12/2024,20241112,CUS02651,5,EMP0095,Vodafone Cash,,Returned,1498,720
ORD0007731,11/12/2024,20241112,CUS01838,3,EMP0070,Credit Card,,Completed,712,410
ORD0000405,11/12/2024,20241112,CUS00992,10,EMP0158,Vodafone Cash,,Returned,742.5,360
ORD0006655,11/12/2024,20241112,CUS00316,5,EMP0099,InstaPay,,Completed,24990,23600
ORD0007276,11/12/2024,20241112,CUS01548,5,EMP0106,Credit Card,,Completed,3156,1850
ORD0002326,11/13/2024,20241113,CUS02697,6,EMP0120,Fawry,,Completed,39432,32770
ORD0007053,11/13/2024,20241113,CUS01072,13,EMP0185,Debit Card,,Completed,3456,2170
ORD0011900,11/13/2024,20241113,CUS01575,4,EMP0085,Cash,,Cancelled,210,100
ORD0006566,11/13/2024,20241113,CUS02415,3,EMP0074,InstaPay,,Cancelled,1980,1030
ORD0009864,11/14/2024,20241114,CUS02427,4,EMP0079,Credit Card,,Completed,16986,14190
ORD0003075,11/14/2024,20241114,CUS02152,3,EMP0074,InstaPay,,Completed,135,70
ORD0006239,11/14/2024,20241114,CUS00358,5,EMP0105,Cash,,Completed,420,180
ORD0001891,11/14/2024,20241114,CUS01901,3,EMP0063,InstaPay,,Completed,13056.5,12930
ORD0001121,11/14/2024,20241114,CUS02649,3,EMP0077,Vodafone Cash,,Completed,6087.5,5510
ORD0009950,11/14/2024,20241114,CUS00343,1,EMP0009,Vodafone Cash,,Completed,3406.5,1680
ORD0006272,11/14/2024,20241114,CUS00895,5,EMP0106,Cash,,Completed,1583.5,830
ORD0002708,11/14/2024,20241114,CUS01464,1,EMP0013,Cash,,Completed,1971,970
ORD0008236,11/14/2024,20241114,CUS01454,5,EMP0109,Credit Card,,Completed,187,110
ORD0011725,11/14/2024,20241114,CUS00770,13,EMP0191,Credit Card,,Completed,1296,810
ORD0002516,11/15/2024,20241115,CUS00445,10,EMP0163,Vodafone Cash,,Returned,3070,1680
ORD0010674,11/15/2024,20241115,CUS01739,3,EMP0070,Credit Card,,Completed,894,440
ORD0001539,11/15/2024,20241115,CUS02166,1,no_employee_id,Credit Card,,Completed,150,70
ORD0000340,11/15/2024,20241115,CUS02564,7,EMP0136,Debit Card,,Completed,425,240
ORD0002826,11/15/2024,20241115,CUS01582,3,EMP0066,Debit Card,,Completed,570,270
ORD0002859,11/15/2024,20241115,CUS01179,1,EMP0022,Fawry,,Completed,1350,680
ORD0002191,11/15/2024,20241115,CUS01173,3,EMP0070,Credit Card,,Returned,735,380
ORD0001275,11/15/2024,20241115,CUS02505,6,EMP0115,Credit Card,,Completed,280,140
ORD0009489,11/16/2024,20241116,CUS00578,2,EMP0040,Vodafone Cash,,Completed,693,370
ORD0002690,11/16/2024,20241116,CUS02151,7,EMP0127,Fawry,,Cancelled,800,400
ORD0008533,11/16/2024,20241116,CUS00453,13,EMP0187,Vodafone Cash,,Completed,250,120
ORD0011496,11/16/2024,20241116,CUS00277,4,EMP0092,InstaPay,,Completed,375.5,180
ORD0002755,11/16/2024,20241116,CUS00091,13,EMP0185,Fawry,,Completed,160,70
ORD0004626,11/16/2024,20241116,CUS02472,7,EMP0132,Credit Card,,Completed,960,530
ORD0002356,11/16/2024,20241116,CUS02835,4,EMP0094,Debit Card,,Completed,540,270
ORD0003076,11/16/2024,20241116,CUS02259,1,EMP0026,InstaPay,,Completed,428,220
ORD0001284,11/16/2024,20241116,CUS01385,1,EMP0005,Credit Card,,Completed,510,280
ORD0003603,11/16/2024,20241116,CUS00754,3,EMP0064,Vodafone Cash,,Completed,2548.5,1570
ORD0000068,11/16/2024,20241116,CUS00489,14,EMP0199,InstaPay,,Completed,190,90
ORD0009459,11/16/2024,20241116,CUS02727,4,EMP0090,Fawry,,Completed,1418,720
ORD0010423,11/16/2024,20241116,CUS00270,11,EMP0167,Fawry,,Completed,2001.5,990
ORD0010422,11/17/2024,20241117,CUS02538,2,EMP0054,Fawry,,Returned,540,270
ORD0002868,11/17/2024,20241117,CUS01357,2,EMP0048,InstaPay,,Completed,520,260
ORD0009035,11/17/2024,20241117,CUS02580,12,EMP0181,Vodafone Cash,,Returned,620,410
ORD0007093,11/17/2024,20241117,CUS01586,3,EMP0062,Vodafone Cash,,Completed,993,490
ORD0002838,11/17/2024,20241117,CUS01954,4,EMP0093,Debit Card,,Cancelled,480,240
ORD0011260,11/17/2024,20241117,CUS00461,1,EMP0026,Fawry,,Completed,2322,1210
ORD0006027,11/17/2024,20241117,CUS01800,6,EMP0118,Cash,,Completed,950,480
ORD0011120,11/17/2024,20241117,CUS01157,1,EMP0009,Debit Card,,Completed,5496,3700
ORD0007824,11/17/2024,20241117,CUS02617,1,EMP0018,Debit Card,,Completed,240,110
ORD0006562,11/17/2024,20241117,CUS01679,1,EMP0025,Debit Card,,Returned,1930,1330
ORD0000353,11/17/2024,20241117,CUS02825,13,EMP0191,Fawry,,Completed,1554,800
ORD0009349,11/17/2024,20241117,CUS01703,1,EMP0020,Credit Card,,Completed,300,140
ORD0008885,11/17/2024,20241117,CUS01454,9,EMP0150,Credit Card,,Completed,2097.5,1220
ORD0009565,11/17/2024,20241117,CUS01714,3,EMP0055,Cash,,Completed,1245,680
ORD0005773,11/17/2024,20241117,CUS00307,6,no_employee_id,Fawry,,Completed,1844.5,880
ORD0006984,11/17/2024,20241117,CUS02384,13,EMP0189,InstaPay,,Completed,922,470
ORD0001261,11/18/2024,20241118,CUS02788,1,EMP0017,Fawry,,Completed,600,280
ORD0001640,11/18/2024,20241118,CUS00388,11,EMP0164,Vodafone Cash,,Completed,300,140
ORD0009601,11/18/2024,20241118,CUS01457,3,no_employee_id,Fawry,,Completed,21276,17690
ORD0009460,11/18/2024,20241118,CUS01964,3,EMP0064,Vodafone Cash,,Completed,1440,700
ORD0005975,11/18/2024,20241118,CUS01024,4,EMP0089,Vodafone Cash,,Completed,530,250
ORD0002801,11/18/2024,20241118,CUS00839,3,EMP0067,Credit Card,,Completed,1497.5,730
ORD0002743,11/18/2024,20241118,CUS01895,11,EMP0166,Fawry,,Completed,1642.5,1060
ORD0003939,11/18/2024,20241118,CUS02049,5,EMP0095,Credit Card,,Completed,510,240
ORD0010086,11/18/2024,20241118,CUS00563,1,EMP0024,Fawry,,Completed,2260,1200
ORD0008654,11/18/2024,20241118,CUS02815,2,EMP0039,Vodafone Cash,,Completed,8216,6200
ORD0003191,11/18/2024,20241118,CUS02456,8,EMP0141,Cash,,Completed,9660,9060
ORD0011162,11/18/2024,20241118,CUS02853,1,EMP0003,Cash,,Completed,1155,680
ORD0003552,11/18/2024,20241118,CUS02081,5,EMP0099,Vodafone Cash,,Completed,140,70
ORD0009451,11/18/2024,20241118,CUS00846,12,EMP0174,Fawry,,Completed,960,460
ORD0002342,11/18/2024,20241118,CUS02635,14,EMP0195,Credit Card,,Completed,2082,1160
ORD0001576,11/19/2024,20241119,CUS01981,3,EMP0069,Debit Card,,Completed,1102.5,580
ORD0006545,11/19/2024,20241119,CUS01680,3,EMP0071,Credit Card,,Completed,2984,1540
ORD0002670,11/19/2024,20241119,CUS01423,10,EMP0154,Vodafone Cash,,Completed,135,70
ORD0010771,11/19/2024,20241119,CUS00818,6,EMP0120,Credit Card,,Completed,1364,750
ORD0007205,11/19/2024,20241119,CUS02086,2,EMP0040,InstaPay,,Completed,160,80
ORD0005735,11/19/2024,20241119,CUS02674,3,EMP0059,Vodafone Cash,,Completed,540,280
ORD0003869,11/19/2024,20241119,CUS02475,6,EMP0118,Fawry,,Completed,5622,3580
ORD0011855,11/19/2024,20241119,CUS02410,4,EMP0083,Debit Card,,Completed,1195,610
ORD0004962,11/19/2024,20241119,CUS01506,3,EMP0057,Vodafone Cash,,Completed,1320,630
ORD0001695,11/19/2024,20241119,CUS02052,4,EMP0090,Cash,,Completed,117,60
ORD0007336,11/19/2024,20241119,CUS02159,10,EMP0152,Vodafone Cash,,Completed,15200,12800
ORD0006886,11/19/2024,20241119,CUS02787,8,no_employee_id,Credit Card,,Completed,4800,4360
ORD0003260,11/20/2024,20241120,CUS00697,2,no_employee_id,Debit Card,,Completed,133,60
ORD0003496,11/20/2024,20241120,CUS01197,1,EMP0014,Fawry,,Completed,3222,1730
ORD0009517,11/20/2024,20241120,CUS00789,4,EMP0080,Credit Card,,Returned,17830,15970
ORD0008738,11/20/2024,20241120,CUS00209,7,EMP0127,InstaPay,,Completed,270,130
ORD0003534,11/20/2024,20241120,CUS01959,1,EMP0007,Debit Card,,Completed,480,210
ORD0001113,11/20/2024,20241120,CUS02291,1,EMP0022,Cash,,Completed,1014,560
ORD0008780,11/20/2024,20241120,CUS01941,8,EMP0142,Vodafone Cash,,Completed,180.5,90
ORD0010526,11/20/2024,20241120,CUS01933,12,EMP0181,Vodafone Cash,,Completed,384,230
ORD0010049,11/20/2024,20241120,CUS02302,15,EMP0215,Credit Card,,Returned,1608,1500
ORD0005471,11/21/2024,20241121,CUS00842,2,EMP0044,Cash,,Completed,247,130
ORD0002464,11/21/2024,20241121,CUS01384,3,EMP0064,Fawry,,Completed,663,330
ORD0008449,11/21/2024,20241121,CUS02446,1,EMP0003,Fawry,,Completed,323,180
ORD0002347,11/21/2024,20241121,CUS00644,1,EMP0018,InstaPay,,Completed,1134,580
ORD0005430,11/21/2024,20241121,CUS00597,1,no_employee_id,Credit Card,,Completed,1690,800
ORD0002666,11/21/2024,20241121,CUS00863,10,EMP0156,Vodafone Cash,,Completed,1989,1500
ORD0007915,11/21/2024,20241121,CUS00593,12,EMP0182,Vodafone Cash,,Completed,360,180
ORD0007359,11/21/2024,20241121,CUS01040,1,EMP0020,Credit Card,,Completed,140,70
ORD0009312,11/21/2024,20241121,CUS02416,8,EMP0137,Fawry,,Completed,768,450
ORD0010088,11/21/2024,20241121,CUS00231,14,EMP0194,Cash,,Cancelled,351.5,180
ORD0009046,11/21/2024,20241121,CUS01117,1,EMP0003,InstaPay,,Completed,579.5,300
ORD0010461,11/21/2024,20241121,CUS02321,15,EMP0208,Cash,,Completed,1872,1040
ORD0008469,11/21/2024,20241121,CUS00462,2,EMP0029,InstaPay,,Completed,522,280
ORD0006125,11/21/2024,20241121,CUS00959,4,EMP0091,Cash,,Completed,10450,9600
ORD0007423,11/21/2024,20241121,CUS02102,6,EMP0124,Fawry,,Completed,1600,1400
ORD0004913,11/22/2024,20241122,CUS00286,5,EMP0098,Debit Card,,Completed,512,280
ORD0008398,11/22/2024,20241122,CUS02027,8,EMP0142,Debit Card,,Completed,20200,16200
ORD0006173,11/22/2024,20241122,CUS00147,1,EMP0014,Fawry,,Completed,142.5,70
ORD0006867,11/22/2024,20241122,CUS02432,4,EMP0087,Vodafone Cash,,Completed,7465,5330
ORD0003401,11/22/2024,20241122,CUS01411,8,EMP0144,Credit Card,,Completed,1560,750
ORD0003609,11/22/2024,20241122,CUS01415,14,EMP0201,Vodafone Cash,,Completed,128,80
ORD0003605,11/22/2024,20241122,CUS01420,5,EMP0100,Debit Card,,Completed,1030,480
ORD0006180,11/23/2024,20241123,CUS02887,1,EMP0015,Vodafone Cash,,Completed,1014,520
ORD0007080,11/23/2024,20241123,CUS02644,15,EMP0209,Debit Card,,Completed,21788,18220
ORD0009039,11/23/2024,20241123,CUS01396,6,EMP0122,InstaPay,,Completed,480,230
ORD0003811,11/23/2024,20241123,CUS00446,10,EMP0163,Vodafone Cash,,Cancelled,1452,700
ORD0007246,11/23/2024,20241123,CUS01055,14,EMP0196,Credit Card,,Completed,2637,1440
ORD0005315,11/23/2024,20241123,CUS02370,4,EMP0085,Cash,,Completed,4658.5,2380
ORD0008611,11/23/2024,20241123,CUS02692,13,EMP0190,Vodafone Cash,,Completed,128,70
ORD0000146,11/23/2024,20241123,CUS00253,3,EMP0063,Credit Card,,Completed,252,120
ORD0007701,11/23/2024,20241123,CUS01431,2,no_employee_id,InstaPay,,Completed,17068,13860
ORD0007335,11/23/2024,20241123,CUS01409,2,EMP0035,Fawry,,Completed,738,450
ORD0010717,11/23/2024,20241123,CUS00161,6,EMP0122,InstaPay,,Completed,1240.5,740
ORD0009199,11/23/2024,20241123,CUS00279,3,EMP0072,Vodafone Cash,,Completed,437,220
ORD0004186,11/23/2024,20241123,CUS02244,13,EMP0192,Vodafone Cash,,Completed,182,130
ORD0003771,11/23/2024,20241123,CUS01216,1,no_employee_id,Fawry,,Completed,2794,1430
ORD0002522,11/23/2024,20241123,CUS02694,6,no_employee_id,Debit Card,,Completed,937.5,480
ORD0006311,11/24/2024,20241124,CUS01764,2,EMP0039,Fawry,,Completed,2130,1710
ORD0009426,11/24/2024,20241124,CUS02212,11,EMP0168,Debit Card,,Returned,1630.5,930
ORD0008294,11/24/2024,20241124,CUS01762,9,EMP0149,Fawry,,Completed,957,520
ORD0002983,11/24/2024,20241124,CUS00749,14,EMP0200,Cash,,Returned,912,450
ORD0009561,11/24/2024,20241124,CUS00712,10,EMP0154,Credit Card,,Completed,126,70
ORD0004189,11/24/2024,20241124,CUS00008,5,EMP0106,Cash,,Completed,2374,1290
ORD0004576,11/24/2024,20241124,CUS02266,2,EMP0041,Credit Card,,Completed,128,70
ORD0011446,11/24/2024,20241124,CUS01138,4,EMP0093,Credit Card,,Completed,1700,840
ORD0003078,11/25/2024,20241125,CUS01101,5,EMP0109,Fawry,,Completed,477.5,250
ORD0001067,11/25/2024,20241125,CUS01829,1,EMP0028,Debit Card,,Completed,1661.5,930
ORD0007291,11/25/2024,20241125,CUS01634,5,EMP0112,Debit Card,,Completed,40500,36000
ORD0011880,11/25/2024,20241125,CUS01310,1,EMP0017,Fawry,,Completed,140,70
ORD0007115,11/25/2024,20241125,CUS02162,1,EMP0024,Credit Card,,Completed,1749.5,880
ORD0000816,11/25/2024,20241125,CUS00317,6,EMP0118,Credit Card,,Completed,5744,4570
ORD0011931,11/25/2024,20241125,CUS00146,1,EMP0010,InstaPay,,Completed,2085,1140
ORD0006101,11/25/2024,20241125,CUS00065,6,EMP0126,Cash,,Completed,602,420
ORD0006102,11/25/2024,20241125,CUS00261,10,EMP0159,InstaPay,,Completed,969,490
ORD0007055,11/25/2024,20241125,CUS02486,5,EMP0105,Vodafone Cash,,Completed,817,420
ORD0009339,11/25/2024,20241125,CUS02452,11,EMP0168,InstaPay,,Completed,3411,1770
ORD0007217,11/25/2024,20241125,CUS00924,6,EMP0118,Debit Card,,Completed,405,270
ORD0010512,11/25/2024,20241125,CUS00429,14,EMP0196,InstaPay,,Completed,607.5,290
ORD0000684,11/26/2024,20241126,CUS02529,2,EMP0039,Credit Card,,Completed,955,500
ORD0002206,11/26/2024,20241126,CUS01032,3,EMP0065,Cash,,Completed,10210,9270
ORD0003358,11/26/2024,20241126,CUS00775,4,EMP0084,InstaPay,,Completed,1440,720
ORD0002462,11/26/2024,20241126,CUS00624,2,EMP0042,InstaPay,,Completed,14535,12880
ORD0009148,11/26/2024,20241126,CUS00133,1,no_employee_id,Cash,,Completed,26512,21070
ORD0006238,11/26/2024,20241126,CUS02979,1,EMP0003,Debit Card,,Completed,152,70
ORD0006463,11/26/2024,20241126,CUS01107,9,EMP0145,InstaPay,,Returned,1076,540
ORD0011394,11/26/2024,20241126,CUS01502,7,EMP0129,InstaPay,,Cancelled,972,540
ORD0006515,11/26/2024,20241126,CUS00232,7,EMP0127,Credit Card,,Completed,950,440
ORD0000507,11/26/2024,20241126,CUS01283,15,EMP0204,InstaPay,,Completed,512,320
ORD0004964,11/26/2024,20241126,CUS02811,4,EMP0092,InstaPay,,Completed,2792,1570
ORD0003997,11/26/2024,20241126,CUS02215,7,EMP0129,Credit Card,,Returned,2996,1450
ORD0002344,11/26/2024,20241126,CUS00241,2,EMP0046,Debit Card,,Completed,228,120
ORD0003873,11/26/2024,20241126,CUS00347,6,EMP0113,Cash,,Completed,26836.5,21250
ORD0000054,11/26/2024,20241126,CUS00361,3,no_employee_id,Vodafone Cash,,Completed,11200,8900
ORD0011952,11/26/2024,20241126,CUS00259,2,EMP0043,Fawry,,Completed,480,240
ORD0006744,11/26/2024,20241126,CUS02766,8,EMP0143,Vodafone Cash,,Completed,14817,11860
ORD0010975,11/27/2024,20241127,CUS02839,10,no_employee_id,Debit Card,,Completed,1192,680
ORD0009193,11/27/2024,20241127,CUS01473,14,EMP0199,Cash,,Completed,170,80
ORD0010827,11/27/2024,20241127,CUS02574,5,EMP0102,Cash,,Completed,2000,1600
ORD0006120,11/27/2024,20241127,CUS00810,12,EMP0183,Fawry,,Completed,1260,620
ORD0002314,11/27/2024,20241127,CUS00631,14,EMP0200,Cash,,Completed,1960,970
ORD0009399,11/27/2024,20241127,CUS02815,5,EMP0107,Fawry,,Completed,1030,500
ORD0006136,11/27/2024,20241127,CUS00024,5,EMP0109,Vodafone Cash,,Completed,435,240
ORD0002198,11/27/2024,20241127,CUS00114,1,no_employee_id,Cash,,Returned,95,40
ORD0003532,11/27/2024,20241127,CUS00596,13,EMP0185,Cash,,Completed,2728,1500
ORD0000896,11/27/2024,20241127,CUS00817,11,EMP0172,Credit Card,,Completed,722.5,420
ORD0008203,11/27/2024,20241127,CUS01751,6,EMP0117,Credit Card,,Completed,11590,9800
ORD0010136,11/27/2024,20241127,CUS00037,15,EMP0209,Debit Card,,Cancelled,579.5,290
ORD0007265,11/27/2024,20241127,CUS00609,11,EMP0167,Credit Card,,Completed,228,110
ORD0003443,11/28/2024,20241128,CUS00579,9,no_employee_id,Credit Card,,Completed,380,180
ORD0000265,11/28/2024,20241128,CUS02490,11,EMP0167,Cash,,Completed,977,520
ORD0005051,11/28/2024,20241128,CUS01380,1,EMP0016,Credit Card,,Returned,1033.5,550
ORD0002052,11/28/2024,20241128,CUS02992,11,EMP0164,Vodafone Cash,,Completed,2252.5,1240
ORD0003193,11/28/2024,20241128,CUS01502,10,EMP0158,Cash,,Completed,1920,950
ORD0001260,11/28/2024,20241128,CUS02932,4,EMP0083,InstaPay,,Completed,880,440
ORD0011457,11/28/2024,20241128,CUS01033,2,EMP0034,Credit Card,,Returned,740.5,330
ORD0000461,11/28/2024,20241128,CUS01745,3,EMP0069,Fawry,,Completed,2668.5,1370
ORD0001015,11/28/2024,20241128,CUS01911,7,EMP0130,Vodafone Cash,,Completed,2586,1380
ORD0009370,11/28/2024,20241128,CUS00550,11,EMP0167,Fawry,,Completed,787.5,430
ORD0004685,11/29/2024,20241129,CUS00124,1,EMP0027,Debit Card,,Completed,247,130
ORD0009242,11/29/2024,20241129,CUS01675,1,EMP0018,Vodafone Cash,,Completed,1996,1080
ORD0003324,11/29/2024,20241129,CUS00523,3,EMP0077,Debit Card,,Completed,899,450
ORD0007982,11/29/2024,20241129,CUS01301,6,EMP0123,Vodafone Cash,,Completed,8670,8100
ORD0005074,11/29/2024,20241129,CUS02116,8,EMP0137,Cash,,Completed,430,210
ORD0005957,11/29/2024,20241129,CUS01392,7,EMP0135,Credit Card,,Completed,954,530
ORD0011838,11/29/2024,20241129,CUS01139,10,EMP0154,Vodafone Cash,,Completed,1768,970
ORD0000879,11/29/2024,20241129,CUS00172,6,EMP0121,Credit Card,,Completed,352.5,230
ORD0011546,11/29/2024,20241129,CUS02394,3,EMP0063,Fawry,,Returned,12771,11030
ORD0002374,11/29/2024,20241129,CUS02360,10,EMP0158,Cash,,Completed,705,460
ORD0000040,11/30/2024,20241130,CUS00841,5,EMP0098,Debit Card,,Completed,1060,720
ORD0004659,11/30/2024,20241130,CUS00084,5,EMP0104,InstaPay,,Completed,501.5,290
ORD0009585,11/30/2024,20241130,CUS01311,2,EMP0054,Vodafone Cash,,Completed,645.5,330
ORD0000905,11/30/2024,20241130,CUS02299,12,EMP0180,Fawry,,Completed,1494,850
ORD0004003,11/30/2024,20241130,CUS00980,11,EMP0168,Fawry,,Completed,414,220
ORD0007929,11/30/2024,20241130,CUS01524,6,EMP0121,InstaPay,,Cancelled,1853,920
ORD0011934,11/30/2024,20241130,CUS01475,3,EMP0066,Credit Card,,Completed,10112,7700
ORD0000598,11/30/2024,20241130,CUS00507,5,no_employee_id,Credit Card,,Completed,27300,21440
ORD0010248,11/30/2024,20241130,CUS01734,2,EMP0036,Fawry,,Completed,2412,1940
ORD0009225,12/1/2024,20241201,CUS02335,10,EMP0153,Vodafone Cash,,Completed,2050,1200
ORD0004252,12/1/2024,20241201,CUS00834,13,EMP0189,Debit Card,,Completed,161.5,90
ORD0007298,12/1/2024,20241201,CUS01106,3,EMP0055,Vodafone Cash,,Completed,539,280
ORD0004803,12/1/2024,20241201,CUS02080,15,EMP0208,Fawry,,Returned,127.5,70
ORD0002158,12/1/2024,20241201,CUS01189,10,EMP0162,InstaPay,,Completed,5644,4710
ORD0011443,12/1/2024,20241201,CUS01534,2,EMP0051,Vodafone Cash,,Completed,520,240
ORD0008502,12/1/2024,20241201,CUS00846,12,EMP0181,Fawry,,Completed,970,540
ORD0002493,12/1/2024,20241201,CUS02170,6,EMP0116,Debit Card,,Completed,324,170
ORD0004404,12/1/2024,20241201,CUS01025,4,EMP0083,Credit Card,,Completed,5829.5,4390
ORD0010397,12/1/2024,20241201,CUS00815,5,EMP0101,Debit Card,,Completed,1534,790
ORD0010547,12/1/2024,20241201,CUS00228,6,EMP0113,Debit Card,,Completed,1221.5,620
ORD0002949,12/1/2024,20241201,CUS00274,8,EMP0143,InstaPay,,Completed,392,280
ORD0009916,12/1/2024,20241201,CUS02856,5,EMP0106,Credit Card,,Completed,260,130
ORD0011979,12/1/2024,20241201,CUS00335,8,EMP0141,Vodafone Cash,,Completed,1720,850
ORD0004454,12/2/2024,20241202,CUS01725,6,EMP0122,InstaPay,,Completed,4930,4580
ORD0004709,12/2/2024,20241202,CUS00567,5,EMP0108,Fawry,,Completed,1328,760
ORD0002705,12/2/2024,20241202,CUS00832,13,EMP0189,Vodafone Cash,,Completed,798,390
ORD0001702,12/2/2024,20241202,CUS02925,1,EMP0021,InstaPay,,Completed,350,170
ORD0010326,12/2/2024,20241202,CUS00312,1,EMP0001,Fawry,,Completed,1194.5,630
ORD0003153,12/2/2024,20241202,CUS01066,1,EMP0009,Vodafone Cash,,Returned,5006.5,2970
ORD0001573,12/2/2024,20241202,CUS02211,2,EMP0039,Fawry,,Completed,36404,28700
ORD0001543,12/2/2024,20241202,CUS01907,2,EMP0041,Debit Card,,Completed,30320,24050
ORD0007383,12/2/2024,20241202,CUS02796,2,no_employee_id,Cash,,Completed,1390,680
ORD0000414,12/2/2024,20241202,CUS00180,3,EMP0062,Credit Card,,Completed,720,360
ORD0011762,12/2/2024,20241202,CUS01422,12,EMP0183,Cash,,Completed,810,440
ORD0002836,12/2/2024,20241202,CUS02004,6,EMP0115,InstaPay,,Returned,13339.5,12280
ORD0006417,12/2/2024,20241202,CUS00815,6,EMP0126,Vodafone Cash,,Cancelled,1318.5,900
ORD0006717,12/2/2024,20241202,CUS00063,2,EMP0033,Cash,,Completed,775,460
ORD0004952,12/2/2024,20241202,CUS01436,1,EMP0010,Cash,,Completed,1755,910
ORD0002427,12/2/2024,20241202,CUS00405,15,EMP0206,Fawry,,Completed,713.5,380
ORD0009934,12/2/2024,20241202,CUS02326,3,EMP0072,Fawry,,Completed,440,200
ORD0004764,12/2/2024,20241202,CUS00887,9,EMP0150,Debit Card,,Completed,126,70
ORD0001919,12/2/2024,20241202,CUS02741,10,EMP0154,Debit Card,,Cancelled,1084,520
ORD0009926,12/2/2024,20241202,CUS00118,3,EMP0062,Cash,,Completed,18600,14900
ORD0010825,12/3/2024,20241203,CUS02057,6,EMP0121,Fawry,,Completed,14832,11320
ORD0007445,12/3/2024,20241203,CUS02175,2,EMP0042,InstaPay,,Completed,578,320
ORD0006998,12/3/2024,20241203,CUS01257,14,EMP0197,Credit Card,,Cancelled,1000,470
ORD0004305,12/3/2024,20241203,CUS00661,1,EMP0019,Fawry,,Completed,13995,12980
ORD0000168,12/3/2024,20241203,CUS00025,1,EMP0007,Debit Card,,Completed,520,230
ORD0005191,12/3/2024,20241203,CUS00537,12,EMP0182,Cash,,Returned,1280,640
ORD0003803,12/3/2024,20241203,CUS01329,2,EMP0048,Cash,,Completed,90,40
ORD0000843,12/3/2024,20241203,CUS01070,5,EMP0110,Fawry,,Completed,1052.5,560
ORD0007328,12/3/2024,20241203,CUS02600,2,EMP0036,InstaPay,,Completed,49004.5,42690
ORD0009275,12/3/2024,20241203,CUS01042,3,EMP0070,Debit Card,,Completed,556,270
ORD0001359,12/3/2024,20241203,CUS01729,6,EMP0116,Vodafone Cash,,Completed,117,60
ORD0008366,12/4/2024,20241204,CUS01739,9,EMP0151,Vodafone Cash,,Completed,11050,10400
ORD0001334,12/4/2024,20241204,CUS00637,7,EMP0132,Cash,,Completed,210,100
ORD0010929,12/4/2024,20241204,CUS00060,11,EMP0171,InstaPay,,Completed,1179,640
ORD0003024,12/4/2024,20241204,CUS02363,1,EMP0018,Credit Card,,Returned,413,290
ORD0000279,12/4/2024,20241204,CUS00985,3,EMP0065,Vodafone Cash,,Completed,27023,21300
ORD0003568,12/4/2024,20241204,CUS01774,6,EMP0119,Vodafone Cash,,Completed,1209.5,620
ORD0001970,12/4/2024,20241204,CUS02939,4,EMP0086,InstaPay,,Completed,1697,1040
ORD0007959,12/4/2024,20241204,CUS01223,6,EMP0123,Cash,,Completed,575,320
ORD0001551,12/4/2024,20241204,CUS00244,14,EMP0199,InstaPay,,Completed,720,400
ORD0010286,12/4/2024,20241204,CUS00865,14,EMP0196,InstaPay,,Completed,11581,8880
ORD0004561,12/4/2024,20241204,CUS01251,9,EMP0148,InstaPay,,Completed,180,90
ORD0008801,12/4/2024,20241204,CUS00160,2,EMP0051,Fawry,,Completed,133,60
ORD0003080,12/4/2024,20241204,CUS01789,3,EMP0063,Fawry,,Returned,2920,1440
ORD0009289,12/4/2024,20241204,CUS01229,1,EMP0007,Vodafone Cash,,Completed,862,460
ORD0011971,12/4/2024,20241204,CUS01576,15,EMP0204,InstaPay,,Completed,1680,840
ORD0006603,12/4/2024,20241204,CUS01479,2,EMP0051,InstaPay,,Completed,307,170
ORD0003715,12/5/2024,20241205,CUS02149,12,EMP0182,Credit Card,,Completed,2620,1550
ORD0000518,12/5/2024,20241205,CUS02739,3,EMP0062,Credit Card,,Returned,12800,10300
ORD0004672,12/5/2024,20241205,CUS01796,6,EMP0116,Cash,,Completed,1087,570
ORD0006340,12/5/2024,20241205,CUS00959,4,EMP0082,Fawry,,Completed,430,220
ORD0009130,12/5/2024,20241205,CUS00334,4,EMP0093,Debit Card,,Returned,2620,2210
ORD0008979,12/5/2024,20241205,CUS00264,4,EMP0084,Credit Card,,Cancelled,1058.5,540
ORD0001127,12/5/2024,20241205,CUS00600,8,EMP0139,Fawry,,Completed,2899.5,1740
ORD0008019,12/5/2024,20241205,CUS02003,4,no_employee_id,InstaPay,,Completed,95,50
ORD0009005,12/6/2024,20241206,CUS00684,5,EMP0100,Debit Card,,Completed,525,260
ORD0007192,12/6/2024,20241206,CUS00653,3,EMP0058,Cash,,Completed,1740,870
ORD0002182,12/6/2024,20241206,CUS02836,11,no_employee_id,Credit Card,,Completed,1710,1030
ORD0008607,12/6/2024,20241206,CUS02252,3,EMP0057,Vodafone Cash,,Completed,234,120
ORD0007492,12/6/2024,20241206,CUS01597,1,EMP0010,Fawry,,Completed,13965,11800
ORD0002203,12/6/2024,20241206,CUS02485,7,EMP0128,InstaPay,,Completed,340,200
ORD0002548,12/6/2024,20241206,CUS00124,1,EMP0013,Cash,,Completed,800,390
ORD0001373,12/6/2024,20241206,CUS02165,1,EMP0004,Vodafone Cash,,Completed,1783.5,920
ORD0002692,12/6/2024,20241206,CUS00115,2,EMP0051,Credit Card,,Completed,910,430
ORD0002381,12/6/2024,20241206,CUS02468,2,EMP0053,Vodafone Cash,,Completed,1746,860
ORD0007548,12/7/2024,20241207,CUS01090,12,EMP0177,Vodafone Cash,,Completed,956,480
ORD0002601,12/7/2024,20241207,CUS00624,3,no_employee_id,Cash,,Completed,20551,15950
ORD0002561,12/7/2024,20241207,CUS01042,3,EMP0074,Credit Card,,Completed,1759.5,880
ORD0007087,12/7/2024,20241207,CUS02629,9,EMP0148,Vodafone Cash,,Completed,486,240
ORD0004434,12/7/2024,20241207,CUS00134,2,EMP0052,Cash,,Completed,670.5,370
ORD0011366,12/7/2024,20241207,CUS01053,4,EMP0085,Cash,,Completed,1100,560
ORD0008853,12/7/2024,20241207,CUS02614,12,EMP0174,Debit Card,,Completed,120,70
ORD0003860,12/7/2024,20241207,CUS02646,7,EMP0128,Fawry,,Completed,464,290
ORD0005270,12/7/2024,20241207,CUS00693,8,EMP0143,InstaPay,,Completed,1500,720
ORD0003380,12/7/2024,20241207,CUS00710,12,EMP0174,Fawry,,Completed,2288,1140
ORD0002211,12/7/2024,20241207,CUS02087,14,EMP0203,Vodafone Cash,,Completed,514,250
ORD0010287,12/7/2024,20241207,CUS00489,12,EMP0184,Fawry,,Completed,13410,11240
ORD0006429,12/8/2024,20241208,CUS00712,4,EMP0094,Fawry,,Completed,1619.5,830
ORD0011756,12/8/2024,20241208,CUS02461,10,EMP0159,Debit Card,,Completed,661.5,400
ORD0009387,12/8/2024,20241208,CUS00936,10,EMP0161,Fawry,,Completed,1179,630
ORD0007606,12/8/2024,20241208,CUS01901,2,EMP0045,Credit Card,,Completed,769.5,390
ORD0008317,12/8/2024,20241208,CUS00027,6,EMP0113,Credit Card,,Completed,974,520
ORD0003929,12/8/2024,20241208,CUS01229,8,EMP0144,Cash,,Completed,1425.5,760
ORD0008221,12/8/2024,20241208,CUS01262,1,EMP0014,Vodafone Cash,,Completed,14373,11530
ORD0005896,12/8/2024,20241208,CUS02598,2,EMP0038,Cash,,Completed,144,70
ORD0000618,12/8/2024,20241208,CUS00013,12,EMP0180,Fawry,,Completed,361,180
ORD0006606,12/8/2024,20241208,CUS02666,10,EMP0155,Credit Card,,Completed,494,250
ORD0007206,12/8/2024,20241208,CUS02425,2,EMP0046,Cash,,Completed,603,300
ORD0011373,12/8/2024,20241208,CUS01070,10,EMP0152,InstaPay,,Completed,22278,22010
ORD0010135,12/8/2024,20241208,CUS00003,7,EMP0132,InstaPay,,Cancelled,312,180
ORD0003039,12/8/2024,20241208,CUS02731,1,EMP0016,Debit Card,,Completed,963,500
ORD0011633,12/8/2024,20241208,CUS02956,2,EMP0032,Credit Card,,Completed,522.5,270
ORD0001350,12/9/2024,20241209,CUS01034,7,EMP0127,InstaPay,,Completed,14145.5,11640
ORD0009371,12/9/2024,20241209,CUS02539,1,EMP0009,Vodafone Cash,,Completed,647,380
ORD0003992,12/9/2024,20241209,CUS00352,2,EMP0036,Credit Card,,Cancelled,9392,7140
ORD0006569,12/9/2024,20241209,CUS02215,5,EMP0112,Credit Card,,Completed,513,270
ORD0007483,12/9/2024,20241209,CUS01462,10,EMP0157,Credit Card,,Completed,1473,780
ORD0002657,12/9/2024,20241209,CUS01160,8,EMP0140,Credit Card,,Completed,578,320
ORD0003623,12/9/2024,20241209,CUS02111,5,EMP0099,Cash,,Completed,266,140
ORD0005021,12/9/2024,20241209,CUS00349,5,EMP0105,Credit Card,,Completed,954,500
ORD0003858,12/9/2024,20241209,CUS02738,3,EMP0072,Fawry,,Completed,700,350
ORD0003044,12/10/2024,20241210,CUS02558,2,EMP0031,Cash,,Completed,578,320
ORD0006842,12/10/2024,20241210,CUS00203,15,EMP0212,Credit Card,,Completed,285,140
ORD0009990,12/10/2024,20241210,CUS00565,1,EMP0026,InstaPay,,Completed,830,410
ORD0002873,12/10/2024,20241210,CUS00784,7,EMP0129,Cash,,Completed,961.5,550
ORD0009854,12/10/2024,20241210,CUS00254,5,EMP0098,Fawry,,Completed,648,360
ORD0006191,12/10/2024,20241210,CUS00519,13,EMP0187,InstaPay,,Completed,387,210
ORD0001444,12/10/2024,20241210,CUS01872,4,EMP0094,Cash,,Completed,2254,1110
ORD0011734,12/11/2024,20241211,CUS02892,8,EMP0139,Debit Card,,Completed,105,70
ORD0004957,12/11/2024,20241211,CUS01565,7,EMP0128,Debit Card,,Completed,240,120
ORD0008458,12/11/2024,20241211,CUS02207,3,EMP0059,Vodafone Cash,,Completed,2775,1360
ORD0003046,12/11/2024,20241211,CUS00234,10,EMP0154,InstaPay,,Returned,5864,4540
ORD0006579,12/11/2024,20241211,CUS02984,1,EMP0007,Vodafone Cash,,Completed,2222.5,1140
ORD0004951,12/11/2024,20241211,CUS01333,14,EMP0200,InstaPay,,Completed,10825.5,10730
ORD0004571,12/11/2024,20241211,CUS01368,3,EMP0074,Cash,,Completed,838,450
ORD0006045,12/11/2024,20241211,CUS01699,4,EMP0091,InstaPay,,Cancelled,170,90
ORD0003460,12/11/2024,20241211,CUS00587,3,EMP0064,Cash,,Completed,560.5,290
ORD0008050,12/11/2024,20241211,CUS00054,2,EMP0042,Debit Card,,Completed,622.5,370
ORD0009973,12/11/2024,20241211,CUS01133,11,EMP0165,Cash,,Completed,207,110
ORD0007201,12/11/2024,20241211,CUS02788,5,EMP0096,Cash,,Completed,1580,770
ORD0011685,12/11/2024,20241211,CUS00320,10,EMP0152,Cash,,Returned,900,420
ORD0000181,12/11/2024,20241211,CUS00427,1,EMP0018,Vodafone Cash,,Cancelled,2328,1160
ORD0000738,12/11/2024,20241211,CUS00100,10,EMP0162,Vodafone Cash,,Completed,27572,23160
ORD0010211,12/11/2024,20241211,CUS00557,8,EMP0142,Debit Card,,Completed,650,370
ORD0006507,12/11/2024,20241211,CUS02264,1,EMP0011,InstaPay,,Completed,333,180
ORD0006230,12/11/2024,20241211,CUS01648,9,EMP0148,InstaPay,,Completed,336,210
ORD0008222,12/11/2024,20241211,CUS00358,4,EMP0093,InstaPay,,Returned,506,280
ORD0009452,12/11/2024,20241211,CUS00215,10,EMP0161,InstaPay,,Completed,582,290
ORD0007028,12/12/2024,20241212,CUS02872,13,EMP0193,Credit Card,,Completed,1430,700
ORD0007467,12/12/2024,20241212,CUS02796,4,EMP0082,Debit Card,,Completed,908,450
ORD0002865,12/12/2024,20241212,CUS02311,9,EMP0146,InstaPay,,Completed,16940,13270
ORD0004124,12/12/2024,20241212,CUS02320,12,EMP0174,Debit Card,,Completed,3785,2340
ORD0011602,12/12/2024,20241212,CUS02132,2,EMP0048,InstaPay,,Completed,660,320
ORD0005064,12/12/2024,20241212,CUS00597,2,EMP0050,InstaPay,,Completed,629,360
ORD0008321,12/12/2024,20241212,CUS02792,6,EMP0125,Cash,,Completed,3288,1880
ORD0000557,12/12/2024,20241212,CUS02076,3,EMP0075,Credit Card,,Completed,503.5,250
ORD0000478,12/12/2024,20241212,CUS00721,5,EMP0095,InstaPay,,Completed,160,70
ORD0003987,12/12/2024,20241212,CUS01636,4,EMP0087,Debit Card,,Completed,1390.5,690
ORD0007980,12/12/2024,20241212,CUS01675,6,EMP0119,Credit Card,,Returned,2013.5,1200
ORD0003521,12/12/2024,20241212,CUS00797,2,EMP0044,Credit Card,,Completed,1995,1480
ORD0001266,12/12/2024,20241212,CUS00225,4,EMP0080,Vodafone Cash,,Completed,320,140
ORD0004145,12/12/2024,20241212,CUS01582,14,EMP0202,Fawry,,Completed,1559,790
ORD0003194,12/12/2024,20241212,CUS01337,14,EMP0194,Debit Card,,Completed,140,70
ORD0011383,12/12/2024,20241212,CUS00799,3,EMP0055,Credit Card,,Completed,300,140
ORD0001542,12/12/2024,20241212,CUS01168,5,EMP0107,Vodafone Cash,,Completed,780,390
ORD0009324,12/12/2024,20241212,CUS00866,6,EMP0113,Vodafone Cash,,Completed,260,130
ORD0009581,12/12/2024,20241212,CUS01900,11,EMP0164,Fawry,,Completed,6584,5030
ORD0004917,12/12/2024,20241212,CUS00253,8,EMP0142,Vodafone Cash,,Completed,2600,2000
ORD0006519,12/12/2024,20241212,CUS02245,5,EMP0110,Cash,,Returned,860,420
ORD0002935,12/13/2024,20241213,CUS02540,4,EMP0081,Debit Card,,Completed,178.5,100
ORD0007665,12/13/2024,20241213,CUS01875,6,EMP0116,InstaPay,,Completed,1224,680
ORD0004054,12/13/2024,20241213,CUS00517,5,EMP0107,Credit Card,,Cancelled,502.5,310
ORD0007525,12/13/2024,20241213,CUS02101,4,EMP0087,Debit Card,,Completed,1998,990
ORD0000732,12/13/2024,20241213,CUS00091,14,EMP0200,Debit Card,,Completed,880,440
ORD0007813,12/13/2024,20241213,CUS00157,1,EMP0025,Cash,,Completed,3590,1910
ORD0007566,12/13/2024,20241213,CUS01142,8,EMP0141,Debit Card,,Completed,30732,26930
ORD0001709,12/13/2024,20241213,CUS01808,11,EMP0167,Credit Card,,Completed,1194.5,650
ORD0010596,12/13/2024,20241213,CUS00691,4,EMP0092,InstaPay,,Completed,15900,12700
ORD0010867,12/13/2024,20241213,CUS01049,11,EMP0170,Fawry,,Completed,565.5,310
ORD0008094,12/13/2024,20241213,CUS02913,3,EMP0058,Credit Card,,Completed,17045,14270
ORD0007782,12/13/2024,20241213,CUS02679,5,EMP0111,Cash,,Completed,469,240
ORD0007257,12/13/2024,20241213,CUS01002,6,EMP0116,Debit Card,,Completed,11242,8640
ORD0005359,12/13/2024,20241213,CUS01396,1,EMP0019,InstaPay,,Completed,1594,820
ORD0003693,12/13/2024,20241213,CUS01860,8,EMP0144,InstaPay,,Completed,382.5,220
ORD0007212,12/14/2024,20241214,CUS01187,3,no_employee_id,Debit Card,,Completed,4295,2280
ORD0002915,12/14/2024,20241214,CUS02262,5,EMP0105,InstaPay,,Completed,8930,8540
ORD0000144,12/14/2024,20241214,CUS01470,5,EMP0106,Vodafone Cash,,Completed,744,380
ORD0011852,12/14/2024,20241214,CUS02729,9,EMP0145,Credit Card,,Cancelled,1080,510
ORD0007078,12/14/2024,20241214,CUS00700,4,EMP0090,Vodafone Cash,,Completed,4500,3600
ORD0005579,12/14/2024,20241214,CUS01436,3,EMP0075,Fawry,,Completed,6539.5,5820
ORD0003430,12/14/2024,20241214,CUS00570,6,EMP0116,Debit Card,,Completed,260,120
ORD0005519,12/14/2024,20241214,CUS02056,4,EMP0087,Debit Card,,Cancelled,271,150
ORD0008678,12/14/2024,20241214,CUS01944,6,EMP0119,Vodafone Cash,,Completed,279,150
ORD0005414,12/14/2024,20241214,CUS01096,4,EMP0084,InstaPay,,Completed,2680,1510
ORD0008423,12/14/2024,20241214,CUS01163,14,EMP0196,InstaPay,,Completed,1287,650
ORD0004808,12/14/2024,20241214,CUS01850,12,EMP0182,Debit Card,,Completed,355,180
ORD0000743,12/14/2024,20241214,CUS01110,10,EMP0160,Fawry,,Completed,300,140
ORD0009235,12/15/2024,20241215,CUS02849,4,EMP0089,Cash,,Completed,28135,25400
ORD0011432,12/15/2024,20241215,CUS00906,13,EMP0189,Credit Card,,Completed,637.5,330
ORD0002295,12/15/2024,20241215,CUS01867,10,EMP0161,Cash,,Completed,315,170
ORD0002238,12/15/2024,20241215,CUS02814,7,no_employee_id,Credit Card,,Completed,1615.5,830
ORD0007498,12/15/2024,20241215,CUS01474,6,EMP0119,Debit Card,,Completed,1607.5,810
ORD0001975,12/15/2024,20241215,CUS00791,2,EMP0054,InstaPay,,Cancelled,1440,720
ORD0008754,12/15/2024,20241215,CUS01072,2,EMP0051,Credit Card,,Completed,5010,4200
ORD0006099,12/15/2024,20241215,CUS01846,14,EMP0202,Credit Card,,Completed,420,210
ORD0010503,12/15/2024,20241215,CUS00465,2,EMP0034,Cash,,Completed,1593,770
ORD0004476,12/15/2024,20241215,CUS02751,5,EMP0102,InstaPay,,Completed,31680,31500
ORD0007358,12/15/2024,20241215,CUS01890,3,EMP0065,Fawry,,Completed,777,430
ORD0006666,12/15/2024,20241215,CUS01942,10,EMP0153,Debit Card,,Completed,288,140
ORD0002854,12/16/2024,20241216,CUS00504,12,EMP0183,Cash,,Completed,210,100
ORD0003007,12/16/2024,20241216,CUS02904,5,EMP0103,Fawry,,Completed,807.5,420
ORD0009262,12/16/2024,20241216,CUS00784,4,EMP0086,Fawry,,Completed,2312,1880
ORD0008352,12/16/2024,20241216,CUS02568,1,EMP0007,Cash,,Completed,728,420
ORD0001157,12/16/2024,20241216,CUS01751,5,EMP0103,Credit Card,,Completed,180,80
ORD0009156,12/16/2024,20241216,CUS00246,3,EMP0076,Fawry,,Completed,330,160
ORD0011583,12/17/2024,20241217,CUS02917,4,EMP0091,InstaPay,,Completed,133,70
ORD0007971,12/17/2024,20241217,CUS00161,4,EMP0081,Credit Card,,Completed,207,110
ORD0008757,12/17/2024,20241217,CUS01697,11,EMP0171,Debit Card,,Completed,1067,570
ORD0010334,12/17/2024,20241217,CUS02728,12,EMP0181,Vodafone Cash,,Completed,260,130
ORD0009763,12/17/2024,20241217,CUS00300,4,EMP0082,Debit Card,,Completed,1044,570
ORD0001597,12/17/2024,20241217,CUS01739,10,EMP0160,Cash,,Completed,1543,770
ORD0007337,12/17/2024,20241217,CUS02666,2,EMP0030,Cash,,Completed,1552,850
ORD0011086,12/17/2024,20241217,CUS01663,4,EMP0091,Credit Card,,Returned,2547.5,1280
ORD0008976,12/17/2024,20241217,CUS02885,12,EMP0176,Vodafone Cash,,Completed,432,210
ORD0010719,12/17/2024,20241217,CUS02279,3,EMP0069,Cash,,Completed,757.5,520
ORD0007696,12/17/2024,20241217,CUS02885,11,EMP0172,Fawry,,Completed,3085,2320
ORD0007646,12/17/2024,20241217,CUS01176,1,EMP0024,Vodafone Cash,,Completed,442,260
ORD0003872,12/17/2024,20241217,CUS00178,1,EMP0021,InstaPay,,Completed,2754,1470
ORD0001057,12/17/2024,20241217,CUS02230,11,EMP0169,Cash,,Completed,1156,640
ORD0010999,12/17/2024,20241217,CUS01080,4,EMP0091,Fawry,,Completed,1960.5,1530
ORD0010931,12/17/2024,20241217,CUS02231,3,EMP0062,Fawry,,Completed,9318.5,6400
ORD0008553,12/17/2024,20241217,CUS01601,11,EMP0169,Vodafone Cash,,Completed,594,320
ORD0003112,12/17/2024,20241217,CUS00804,3,EMP0064,InstaPay,,Completed,112,70
ORD0002973,12/18/2024,20241218,CUS00846,11,no_employee_id,Debit Card,,Completed,2242,1330
ORD0011157,12/18/2024,20241218,CUS00524,12,EMP0178,Debit Card,,Cancelled,945,580
ORD0010870,12/18/2024,20241218,CUS00363,4,EMP0093,Credit Card,,Completed,252,140
ORD0008093,12/18/2024,20241218,CUS01868,1,EMP0026,Credit Card,,Completed,510,250
ORD0008454,12/18/2024,20241218,CUS00486,4,EMP0093,Fawry,,Completed,30280,24030
ORD0006751,12/18/2024,20241218,CUS02206,3,EMP0071,Credit Card,,Completed,450,250
ORD0002933,12/18/2024,20241218,CUS01998,2,EMP0040,InstaPay,,Completed,9410,7690
ORD0006161,12/18/2024,20241218,CUS02997,13,EMP0192,Cash,,Completed,3043,1580
ORD0010514,12/18/2024,20241218,CUS02862,9,EMP0149,Credit Card,,Completed,1459.5,770
ORD0005421,12/18/2024,20241218,CUS02999,6,EMP0114,Credit Card,,Completed,1956,1100
ORD0000695,12/19/2024,20241219,CUS01499,3,EMP0064,Cash,,Returned,142.5,70
ORD0006388,12/19/2024,20241219,CUS02328,2,EMP0033,Debit Card,,Completed,189,100
ORD0005684,12/19/2024,20241219,CUS00534,6,EMP0124,Vodafone Cash,,Completed,756,370
ORD0011693,12/19/2024,20241219,CUS02163,11,EMP0166,Cash,,Completed,315,210
ORD0010855,12/19/2024,20241219,CUS00784,3,EMP0072,Cash,,Completed,4500,4000
ORD0008183,12/19/2024,20241219,CUS00304,11,EMP0169,Fawry,,Returned,540,260
ORD0006277,12/20/2024,20241220,CUS01099,3,EMP0061,Vodafone Cash,,Completed,562.5,280
ORD0001517,12/20/2024,20241220,CUS00278,5,EMP0109,Cash,,Completed,9787.5,8460
ORD0005075,12/20/2024,20241220,CUS02630,11,EMP0166,Credit Card,,Completed,1328,680
ORD0001252,12/20/2024,20241220,CUS02785,1,EMP0002,Credit Card,,Completed,1383,820
ORD0002041,12/20/2024,20241220,CUS02644,10,EMP0157,Debit Card,,Completed,112,70
ORD0009687,12/20/2024,20241220,CUS01802,7,EMP0134,Fawry,,Completed,296,180
ORD0010168,12/20/2024,20241220,CUS02395,2,EMP0035,Vodafone Cash,,Completed,798,420
ORD0010932,12/20/2024,20241220,CUS01172,13,EMP0193,Vodafone Cash,,Completed,29280,29400
ORD0005770,12/20/2024,20241220,CUS00392,2,EMP0046,Credit Card,,Completed,441,240
ORD0005884,12/20/2024,20241220,CUS02215,3,EMP0067,Fawry,,Completed,480,240
ORD0007116,12/21/2024,20241221,CUS02926,2,EMP0054,Cash,,Completed,715,370
ORD0011550,12/21/2024,20241221,CUS02404,7,EMP0130,Cash,,Completed,672,390
ORD0010106,12/21/2024,20241221,CUS00158,7,EMP0135,Cash,,Completed,280,140
ORD0001397,12/21/2024,20241221,CUS02961,3,EMP0073,InstaPay,,Completed,730,360
ORD0009221,12/21/2024,20241221,CUS00306,1,EMP0004,Fawry,,Completed,5250,4240
ORD0003065,12/21/2024,20241221,CUS01186,2,EMP0045,InstaPay,,Cancelled,2556,1350
ORD0006828,12/21/2024,20241221,CUS02589,5,EMP0111,Credit Card,,Completed,1040,580
ORD0001904,12/21/2024,20241221,CUS01342,3,EMP0065,Cash,,Completed,480,240
ORD0009091,12/21/2024,20241221,CUS01184,3,no_employee_id,Vodafone Cash,,Cancelled,150,70
ORD0003956,12/21/2024,20241221,CUS00120,3,EMP0063,Fawry,,Returned,1410,720
ORD0007486,12/21/2024,20241221,CUS00918,12,EMP0180,Cash,,Completed,1236,610
ORD0003598,12/21/2024,20241221,CUS02382,2,EMP0050,Debit Card,,Completed,59792,50970
ORD0010434,12/21/2024,20241221,CUS00713,5,EMP0111,InstaPay,,Cancelled,2343,1150
ORD0000532,12/22/2024,20241222,CUS02554,11,EMP0171,Fawry,,Completed,840,420
ORD0002624,12/22/2024,20241222,CUS01448,10,EMP0152,Debit Card,,Completed,38959.5,32520
ORD0011527,12/22/2024,20241222,CUS00844,4,EMP0088,Cash,,Completed,1054,550
ORD0011389,12/22/2024,20241222,CUS01757,3,EMP0063,Fawry,,Completed,280,120
ORD0005429,12/22/2024,20241222,CUS00433,3,EMP0074,Fawry,,Returned,1435.5,730
ORD0007830,12/22/2024,20241222,CUS00633,5,EMP0095,Debit Card,,Completed,2215,1160
ORD0011081,12/22/2024,20241222,CUS00166,2,EMP0043,Credit Card,,Completed,7866,5970
ORD0003459,12/22/2024,20241222,CUS00065,1,EMP0019,Cash,,Completed,280,140
ORD0007671,12/22/2024,20241222,CUS01869,13,EMP0190,Debit Card,,Returned,1072.5,620
ORD0001871,12/22/2024,20241222,CUS02426,3,EMP0072,Credit Card,,Completed,540,260
ORD0010750,12/22/2024,20241222,CUS01176,2,EMP0046,Credit Card,,Returned,880,420
ORD0005743,12/22/2024,20241222,CUS00229,4,EMP0092,Debit Card,,Returned,1410,730
ORD0006912,12/23/2024,20241223,CUS00412,13,EMP0187,Debit Card,,Completed,915,480
ORD0000291,12/23/2024,20241223,CUS02652,1,EMP0021,Fawry,,Completed,574,290
ORD0004146,12/23/2024,20241223,CUS00474,9,EMP0146,Vodafone Cash,,Completed,1490.5,750
ORD0002468,12/23/2024,20241223,CUS00049,12,EMP0175,Vodafone Cash,,Completed,280,140
ORD0008006,12/23/2024,20241223,CUS02293,14,EMP0197,Debit Card,,Completed,6711,5380
ORD0008091,12/23/2024,20241223,CUS00640,14,EMP0198,Fawry,,Returned,2223.5,1110
ORD0001316,12/23/2024,20241223,CUS02515,2,EMP0047,Fawry,,Completed,260,130
ORD0007485,12/24/2024,20241224,CUS02882,1,EMP0021,Vodafone Cash,,Completed,324,160
ORD0010568,12/24/2024,20241224,CUS01682,4,EMP0091,Credit Card,,Completed,408,240
ORD0005545,12/24/2024,20241224,CUS00790,4,EMP0085,Vodafone Cash,,Completed,12880,10120
ORD0009697,12/24/2024,20241224,CUS00227,2,EMP0044,Debit Card,,Completed,19920,16480
ORD0007363,12/24/2024,20241224,CUS02536,14,EMP0196,Credit Card,,Completed,228,110
ORD0003240,12/24/2024,20241224,CUS00267,13,EMP0191,Vodafone Cash,,Completed,279,150
ORD0003729,12/24/2024,20241224,CUS01136,14,EMP0197,Credit Card,,Completed,1770,1280
ORD0007416,12/24/2024,20241224,CUS02486,11,EMP0170,Credit Card,,Completed,75120,59830
ORD0006919,12/24/2024,20241224,CUS01515,1,EMP0015,Credit Card,,Completed,408.5,210
ORD0008409,12/25/2024,20241225,CUS00113,5,EMP0096,Credit Card,,Completed,1182,610
ORD0008805,12/25/2024,20241225,CUS00826,15,no_employee_id,Fawry,,Completed,5865,4940
ORD0011051,12/25/2024,20241225,CUS02102,7,EMP0133,Vodafone Cash,,Completed,1262,610
ORD0009455,12/25/2024,20241225,CUS00946,3,EMP0056,Credit Card,,Completed,144,80
ORD0011396,12/25/2024,20241225,CUS02575,5,EMP0097,Cash,,Cancelled,289,160
ORD0007718,12/25/2024,20241225,CUS00520,2,EMP0040,Fawry,,Returned,747,410
ORD0005888,12/25/2024,20241225,CUS00290,8,EMP0137,Fawry,,Completed,3284,1770
ORD0010056,12/25/2024,20241225,CUS00316,6,EMP0122,InstaPay,,Completed,313.5,150
ORD0010360,12/25/2024,20241225,CUS02097,3,EMP0063,Cash,,Completed,684,350
ORD0005615,12/25/2024,20241225,CUS02386,2,EMP0040,Fawry,,Completed,19308,16760
ORD0003493,12/25/2024,20241225,CUS00148,4,EMP0080,Vodafone Cash,,Completed,661.5,360
ORD0000388,12/25/2024,20241225,CUS02801,6,EMP0119,Cash,,Completed,16575,15600
ORD0010441,12/25/2024,20241225,CUS00293,3,EMP0078,Cash,,Completed,55747,59330
ORD0001896,12/25/2024,20241225,CUS00260,1,EMP0020,Cash,,Completed,2385,1220
ORD0010960,12/26/2024,20241226,CUS02439,3,EMP0073,Vodafone Cash,,Completed,1087.5,580
ORD0006996,12/26/2024,20241226,CUS02435,12,EMP0174,Cash,,Completed,9595,8100
ORD0007095,12/26/2024,20241226,CUS00123,11,EMP0170,Credit Card,,Completed,600,300
ORD0005926,12/26/2024,20241226,CUS01111,6,EMP0124,Fawry,,Completed,1072,690
ORD0002473,12/26/2024,20241226,CUS02147,1,EMP0002,Vodafone Cash,,Completed,315,220
ORD0004126,12/26/2024,20241226,CUS00829,5,EMP0110,Cash,,Completed,97.5,60
ORD0003523,12/26/2024,20241226,CUS01054,11,EMP0173,Fawry,,Completed,845.5,480
ORD0003206,12/26/2024,20241226,CUS00319,14,EMP0198,Vodafone Cash,,Completed,1652,850
ORD0006451,12/26/2024,20241226,CUS02892,4,EMP0093,InstaPay,,Completed,570,280
ORD0010887,12/26/2024,20241226,CUS02889,7,EMP0132,Fawry,,Completed,780,390
ORD0009761,12/26/2024,20241226,CUS02559,2,EMP0046,Debit Card,,Completed,768,400
ORD0011466,12/27/2024,20241227,CUS02074,3,EMP0075,Fawry,,Completed,772,430
ORD0007728,12/27/2024,20241227,CUS01159,4,EMP0086,Vodafone Cash,,Completed,216,130
ORD0008217,12/27/2024,20241227,CUS02194,4,EMP0090,InstaPay,,Completed,9908,9360
ORD0002087,12/27/2024,20241227,CUS01664,10,EMP0152,Cash,,Completed,1470,690
ORD0000155,12/27/2024,20241227,CUS01159,4,EMP0091,InstaPay,,Completed,625,380
ORD0008176,12/27/2024,20241227,CUS01619,6,EMP0126,InstaPay,,Completed,1108.5,600
ORD0003466,12/27/2024,20241227,CUS02585,1,EMP0002,Cash,,Returned,45450,38170
ORD0006720,12/27/2024,20241227,CUS00948,9,EMP0145,InstaPay,,Completed,648,360
ORD0002999,12/27/2024,20241227,CUS02456,5,EMP0103,InstaPay,,Returned,112.5,70
ORD0003950,12/27/2024,20241227,CUS02495,1,EMP0012,Credit Card,,Completed,1912,1030
ORD0008745,12/27/2024,20241227,CUS02125,11,EMP0168,Cash,,Completed,456,240
ORD0006623,12/27/2024,20241227,CUS01136,4,EMP0093,Vodafone Cash,,Completed,279,150
ORD0001158,12/27/2024,20241227,CUS02429,12,EMP0174,InstaPay,,Completed,9425,8770
ORD0000540,12/28/2024,20241228,CUS00166,1,EMP0013,Cash,,Completed,731.5,390
ORD0005714,12/28/2024,20241228,CUS00846,4,EMP0091,Fawry,,Completed,1642.5,930
ORD0004852,12/28/2024,20241228,CUS00682,8,EMP0138,Debit Card,,Returned,272.5,140
ORD0008817,12/28/2024,20241228,CUS01253,6,EMP0120,Fawry,,Completed,848,520
ORD0003960,12/28/2024,20241228,CUS01704,14,EMP0203,Credit Card,,Completed,136,70
ORD0001301,12/29/2024,20241229,CUS01886,1,no_employee_id,Credit Card,,Completed,368,220
ORD0002147,12/29/2024,20241229,CUS02513,7,EMP0130,Vodafone Cash,,Completed,744,400
ORD0011351,12/29/2024,20241229,CUS02192,1,EMP0005,Cash,,Completed,830,450
ORD0000546,12/29/2024,20241229,CUS01907,2,EMP0031,Fawry,,Completed,2709,1420
ORD0003744,12/29/2024,20241229,CUS02446,12,EMP0175,Vodafone Cash,,Completed,370.5,180
ORD0003293,12/29/2024,20241229,CUS01814,14,EMP0195,InstaPay,,Completed,684,380
ORD0004517,12/29/2024,20241229,CUS00913,3,EMP0062,Vodafone Cash,,Completed,252,140
ORD0011277,12/29/2024,20241229,CUS01638,2,EMP0044,Debit Card,,Completed,2060,1110
ORD0008341,12/29/2024,20241229,CUS00324,4,EMP0079,Cash,,Completed,504,280
ORD0008796,12/29/2024,20241229,CUS02804,12,EMP0176,InstaPay,,Completed,330,160
ORD0007630,12/29/2024,20241229,CUS02367,5,EMP0099,Cash,,Completed,402,210
ORD0008918,12/30/2024,20241230,CUS01015,15,no_employee_id,Cash,,Completed,686,480
ORD0008182,12/30/2024,20241230,CUS01889,13,EMP0191,Cash,,Completed,32700,25900
ORD0003016,12/30/2024,20241230,CUS00304,10,EMP0157,Vodafone Cash,,Completed,6321,4910
ORD0011070,12/30/2024,20241230,CUS00078,2,EMP0031,Debit Card,,Completed,2432,1810
ORD0002733,12/30/2024,20241230,CUS00161,7,EMP0131,InstaPay,,Cancelled,2120,1080
ORD0007011,12/30/2024,20241230,CUS02989,12,EMP0179,Fawry,,Completed,924,490
ORD0005587,12/30/2024,20241230,CUS00158,12,EMP0180,Fawry,,Completed,720,340
ORD0011495,12/30/2024,20241230,CUS01842,9,EMP0149,Credit Card,,Completed,1062,580
ORD0001791,12/30/2024,20241230,CUS02785,1,EMP0016,InstaPay,,Returned,1440,690
ORD0001717,12/30/2024,20241230,CUS02413,6,EMP0120,Credit Card,,Completed,323,160
ORD0009672,12/31/2024,20241231,CUS01967,1,EMP0011,Debit Card,,Returned,886.5,500
ORD0010182,12/31/2024,20241231,CUS02253,1,EMP0014,Fawry,,Completed,4640,4280
ORD0009178,12/31/2024,20241231,CUS01105,6,EMP0126,Vodafone Cash,,Completed,1786,960
ORD0005079,12/31/2024,20241231,CUS02998,3,EMP0058,Vodafone Cash,,Completed,135,70
ORD0007304,12/31/2024,20241231,CUS01198,15,EMP0208,Cash,,Completed,1815,940
ORD0005982,12/31/2024,20241231,CUS02327,7,EMP0128,Fawry,,Completed,798,400
ORD0010786,12/31/2024,20241231,CUS02472,2,EMP0049,Debit Card,,Completed,3019,1800
ORD0003760,12/31/2024,20241231,CUS01976,3,EMP0066,Debit Card,,Completed,17700,14100
