order_id,order_date,date_id,customer_id,store_id,employee_id,payment_method,order_status,total_revenue,total_cost
ORD0003830,1/1/2022,20220101,CUS01700,4,EMP0089,Debit Card,Completed,840,460
ORD0001773,1/1/2022,20220101,CUS01029,2,EMP0047,Debit Card,Completed,1332,740
ORD0011987,1/1/2022,20220101,CUS02153,11,EMP0173,Debit Card,Completed,520,260
ORD0009735,1/1/2022,20220101,CUS00424,2,EMP0043,Cash,Completed,344,210
ORD0007544,1/1/2022,20220101,CUS01849,10,EMP0160,Vodafone Cash,Completed,1408,740
ORD0003270,1/1/2022,20220101,CUS02303,7,EMP0128,Fawry,Completed,324,170
ORD0010894,1/1/2022,20220101,CUS01418,14,EMP0197,Vodafone Cash,Completed,828.5,420
ORD0003885,1/1/2022,20220101,CUS01590,14,EMP0194,InstaPay,Returned,2101.5,1080
ORD0009843,1/1/2022,20220101,CUS01268,4,EMP0082,Fawry,Completed,1514,740
ORD0001947,1/1/2022,20220101,CUS02308,6,EMP0115,InstaPay,Completed,12945.5,12110
ORD0007370,1/1/2022,20220101,CUS01745,6,EMP0116,Debit Card,Completed,1112.5,610
ORD0005761,1/2/2022,20220102,CUS02600,1,EMP0017,Debit Card,Completed,459,260
ORD0003284,1/2/2022,20220102,CUS02060,9,EMP0148,Credit Card,Completed,108,60
ORD0009709,1/2/2022,20220102,CUS00704,4,EMP0083,Vodafone Cash,Completed,980,570
ORD0010942,1/2/2022,20220102,CUS00611,3,EMP0055,Debit Card,Completed,150,70
ORD0003412,1/2/2022,20220102,CUS00162,3,EMP0063,Vodafone Cash,Completed,1187.5,630
ORD0004900,1/2/2022,20220102,CUS02322,12,EMP0179,Debit Card,Completed,1046,530
ORD0004801,1/2/2022,20220102,CUS00312,1,EMP0006,Debit Card,Completed,1008,550
ORD0004599,1/2/2022,20220102,CUS01963,15,EMP0208,InstaPay,Completed,1720,820
ORD0009755,1/2/2022,20220102,CUS00200,7,No_Employee_id,Credit Card,Completed,960.5,560
ORD0002349,1/2/2022,20220102,CUS01585,4,EMP0091,Fawry,Completed,1653,820
ORD0005584,1/2/2022,20220102,CUS02863,2,EMP0040,Cash,Completed,1620,870
ORD0006462,1/2/2022,20220102,CUS01886,1,EMP0001,Debit Card,Completed,720,360
ORD0004872,1/2/2022,20220102,CUS02790,1,EMP0025,Fawry,Completed,10040,9440
ORD0007354,1/2/2022,20220102,CUS02723,11,EMP0165,Cash,Completed,1745,930
ORD0003556,1/2/2022,20220102,CUS00337,9,EMP0148,Fawry,Cancelled,150,70
ORD0007514,1/3/2022,20220103,CUS00158,4,EMP0090,Debit Card,Completed,984,490
ORD0011781,1/3/2022,20220103,CUS01931,13,EMP0188,Cash,Completed,882,680
ORD0007012,1/3/2022,20220103,CUS01388,9,EMP0146,InstaPay,Returned,270,130
ORD0002990,1/3/2022,20220103,CUS00970,11,EMP0168,InstaPay,Completed,17420,18100
ORD0009779,1/3/2022,20220103,CUS00024,10,EMP0155,Vodafone Cash,Completed,1496,880
ORD0007898,1/3/2022,20220103,CUS01384,2,EMP0029,Fawry,Completed,620.5,360
ORD0006630,1/3/2022,20220103,CUS02931,3,EMP0075,Credit Card,Completed,1705,840
ORD0002527,1/3/2022,20220103,CUS00863,7,EMP0128,Credit Card,Returned,140,70
ORD0011599,1/3/2022,20220103,CUS01797,4,EMP0092,Debit Card,Completed,1000,480
ORD0008200,1/3/2022,20220103,CUS00763,14,EMP0200,Fawry,Completed,250,120
ORD0008133,1/3/2022,20220103,CUS00287,3,EMP0061,Credit Card,Completed,400,180
ORD0006331,1/3/2022,20220103,CUS00926,8,EMP0138,Debit Card,Completed,144,80
ORD0011920,1/3/2022,20220103,CUS01445,5,EMP0099,Fawry,Completed,1879,1150
ORD0007389,1/4/2022,20220104,CUS01796,12,EMP0179,Vodafone Cash,Completed,1912.5,1260
ORD0005911,1/4/2022,20220104,CUS02048,9,EMP0148,Fawry,Completed,126,70
ORD0003572,1/4/2022,20220104,CUS02975,1,EMP0008,Cash,Completed,867,500
ORD0003245,1/4/2022,20220104,CUS00890,10,EMP0153,Credit Card,Completed,126,70
ORD0008639,1/4/2022,20220104,CUS02459,5,EMP0097,Fawry,Returned,2438.5,1370
ORD0000613,1/4/2022,20220104,CUS01480,3,EMP0056,Cash,Completed,180,120
ORD0003217,1/4/2022,20220104,CUS01847,2,EMP0050,Cash,Completed,480,230
ORD0009497,1/4/2022,20220104,CUS01201,7,EMP0131,Credit Card,Completed,144,70
ORD0001547,1/4/2022,20220104,CUS01211,1,EMP0014,Credit Card,Completed,364,240
ORD0011181,1/4/2022,20220104,CUS02923,1,EMP0007,Cash,Completed,3545,1760
ORD0008695,1/4/2022,20220104,CUS02351,2,EMP0048,Fawry,Returned,669,350
ORD0005622,1/4/2022,20220104,CUS00922,2,EMP0036,Fawry,Completed,32539,27040
ORD0005698,1/4/2022,20220104,CUS02083,6,EMP0123,Debit Card,Returned,522,290
ORD0010585,1/4/2022,20220104,CUS01845,3,EMP0060,Cash,Completed,3961,1970
ORD0008959,1/5/2022,20220105,CUS00118,5,EMP0103,InstaPay,Completed,1434,740
ORD0004075,1/5/2022,20220105,CUS02268,5,EMP0098,Fawry,Completed,25450,24700
ORD0005996,1/5/2022,20220105,CUS02966,5,EMP0101,Vodafone Cash,Completed,442,250
ORD0008933,1/5/2022,20220105,CUS00282,1,EMP0005,Cash,Completed,16097,13210
ORD0009180,1/5/2022,20220105,CUS01953,1,EMP0010,Cash,Completed,8122.5,6890
ORD0004337,1/5/2022,20220105,CUS01321,1,EMP0021,InstaPay,Completed,378,210
ORD0007407,1/5/2022,20220105,CUS00761,3,EMP0056,InstaPay,Completed,180,100
ORD0009048,1/5/2022,20220105,CUS02462,15,EMP0212,InstaPay,Returned,1696,890
ORD0001409,1/5/2022,20220105,CUS00053,3,EMP0073,Fawry,Completed,35640,31500
ORD0006533,1/5/2022,20220105,CUS02993,3,EMP0073,InstaPay,Completed,482.5,260
ORD0004558,1/5/2022,20220105,CUS02352,5,EMP0111,Credit Card,Completed,135,70
ORD0006990,1/5/2022,20220105,CUS00896,11,EMP0164,Vodafone Cash,Completed,1125,590
ORD0011981,1/5/2022,20220105,CUS02416,2,EMP0051,Cash,Completed,28594,30160
ORD0002793,1/5/2022,20220105,CUS02389,14,EMP0197,InstaPay,Cancelled,8160,8000
ORD0005004,1/6/2022,20220106,CUS01392,13,EMP0190,Fawry,Completed,747,450
ORD0008997,1/6/2022,20220106,CUS02796,12,EMP0177,Credit Card,Completed,480,300
ORD0005212,1/6/2022,20220106,CUS00312,10,EMP0156,Fawry,Completed,5738,4610
ORD0005132,1/6/2022,20220106,CUS02109,6,EMP0123,Vodafone Cash,Completed,510,280
ORD0009384,1/6/2022,20220106,CUS00027,5,EMP0095,InstaPay,Completed,170,80
ORD0011794,1/6/2022,20220106,CUS00894,8,EMP0143,InstaPay,Completed,253.5,140
ORD0001834,1/6/2022,20220106,CUS02698,2,EMP0042,InstaPay,Completed,1048,630
ORD0011552,1/6/2022,20220106,CUS02399,1,EMP0010,Debit Card,Completed,150,70
ORD0009837,1/7/2022,20220107,CUS00485,13,No_Employee_id,Vodafone Cash,Completed,935,560
ORD0011401,1/7/2022,20220107,CUS01289,1,EMP0017,Credit Card,Completed,1472.5,700
ORD0006381,1/7/2022,20220107,CUS02538,1,EMP0006,InstaPay,Completed,280,140
ORD0007846,1/7/2022,20220107,CUS01069,12,EMP0184,Vodafone Cash,Completed,1740,870
ORD0000234,1/7/2022,20220107,CUS02362,1,EMP0026,InstaPay,Completed,15134,12020
ORD0001923,1/7/2022,20220107,CUS02280,6,EMP0124,Debit Card,Returned,2199.5,1110
ORD0007912,1/7/2022,20220107,CUS00133,7,No_Employee_id,Debit Card,Completed,3210.5,1610
ORD0003882,1/7/2022,20220107,CUS01458,2,EMP0051,Debit Card,Completed,320,140
ORD0011170,1/8/2022,20220108,CUS01226,3,EMP0070,Cash,Completed,1620,810
ORD0008414,1/8/2022,20220108,CUS01391,1,EMP0028,Cash,Completed,458,260
ORD0004736,1/8/2022,20220108,CUS00681,7,EMP0128,InstaPay,Completed,234,130
ORD0009892,1/8/2022,20220108,CUS02128,5,EMP0097,InstaPay,Completed,750,480
ORD0006138,1/8/2022,20220108,CUS00831,3,EMP0055,Vodafone Cash,Completed,14230,12690
ORD0000568,1/8/2022,20220108,CUS00421,7,EMP0135,Cash,Completed,2236.5,1140
ORD0003796,1/8/2022,20220108,CUS01402,3,EMP0077,Vodafone Cash,Completed,336,210
ORD0011913,1/8/2022,20220108,CUS00640,9,EMP0147,Credit Card,Completed,333,180
ORD0001218,1/8/2022,20220108,CUS02028,5,EMP0112,Debit Card,Completed,378,200
ORD0003840,1/8/2022,20220108,CUS01966,14,EMP0195,InstaPay,Completed,126,70
ORD0009786,1/9/2022,20220109,CUS00671,11,EMP0165,InstaPay,Completed,1142.5,690
ORD0010092,1/9/2022,20220109,CUS01602,3,EMP0060,Vodafone Cash,Completed,1530,750
ORD0009742,1/9/2022,20220109,CUS00483,6,EMP0122,Cash,Completed,726,360
ORD0005699,1/9/2022,20220109,CUS02224,4,EMP0079,Vodafone Cash,Completed,277.5,180
ORD0006301,1/9/2022,20220109,CUS02704,2,EMP0037,Credit Card,Completed,1461.5,730
ORD0006700,1/9/2022,20220109,CUS00446,11,EMP0169,Cash,Completed,11090,8790
ORD0008986,1/9/2022,20220109,CUS00592,6,EMP0120,InstaPay,Completed,342,180
ORD0011525,1/9/2022,20220109,CUS02507,5,EMP0104,Vodafone Cash,Completed,662.5,370
ORD0001944,1/9/2022,20220109,CUS02423,3,EMP0074,Cash,Completed,260,130
ORD0011808,1/9/2022,20220109,CUS01630,11,EMP0164,Credit Card,Completed,837,450
ORD0007767,1/9/2022,20220109,CUS02662,6,EMP0118,Cash,Completed,320,140
ORD0004495,1/10/2022,20220110,CUS02848,12,EMP0182,Debit Card,Completed,611,310
ORD0010893,1/10/2022,20220110,CUS01447,3,EMP0077,InstaPay,Completed,621.5,310
ORD0010588,1/10/2022,20220110,CUS02694,2,EMP0036,Debit Card,Completed,493,280
ORD0001710,1/10/2022,20220110,CUS01942,7,EMP0131,Vodafone Cash,Completed,1125,600
ORD0003634,1/10/2022,20220110,CUS00322,5,EMP0112,Vodafone Cash,Completed,1050,500
ORD0010107,1/11/2022,20220111,CUS01780,4,EMP0086,Debit Card,Completed,1070,510
ORD0000696,1/11/2022,20220111,CUS01739,1,EMP0005,Fawry,Returned,816,660
ORD0001231,1/11/2022,20220111,CUS00296,8,EMP0138,Cash,Completed,21919,21430
ORD0001830,1/11/2022,20220111,CUS01008,5,No_Employee_id,Fawry,Completed,2232,1150
ORD0002944,1/11/2022,20220111,CUS02313,12,EMP0179,Debit Card,Completed,412,250
ORD0008088,1/11/2022,20220111,CUS00678,6,EMP0118,Fawry,Completed,828,440
ORD0009421,1/11/2022,20220111,CUS02612,15,EMP0215,Cash,Returned,190,90
ORD0006707,1/11/2022,20220111,CUS01425,1,EMP0002,Vodafone Cash,Completed,27270,24040
ORD0001365,1/11/2022,20220111,CUS01881,2,EMP0048,InstaPay,Completed,3330,2510
ORD0005705,1/11/2022,20220111,CUS02790,2,EMP0046,Fawry,Completed,210,100
ORD0002223,1/11/2022,20220111,CUS00186,2,EMP0031,Credit Card,Completed,5603,3840
ORD0002684,1/12/2022,20220112,CUS01633,2,EMP0038,Credit Card,Completed,1656,880
ORD0002970,1/12/2022,20220112,CUS00602,11,EMP0173,Credit Card,Completed,418,220
ORD0009076,1/12/2022,20220112,CUS01918,12,EMP0174,Cash,Completed,2300,1460
ORD0009682,1/12/2022,20220112,CUS00258,10,EMP0158,Debit Card,Completed,291,160
ORD0004272,1/12/2022,20220112,CUS00064,14,EMP0200,Vodafone Cash,Completed,360,160
ORD0010444,1/12/2022,20220112,CUS00427,10,EMP0158,InstaPay,Completed,4096,2040
ORD0004712,1/12/2022,20220112,CUS00906,3,EMP0063,Vodafone Cash,Completed,1392,720
ORD0009161,1/13/2022,20220113,CUS00545,3,EMP0058,Credit Card,Completed,140,70
ORD0006280,1/13/2022,20220113,CUS00945,1,EMP0014,InstaPay,Completed,228,120
ORD0001725,1/13/2022,20220113,CUS00251,2,EMP0037,InstaPay,Completed,1143,560
ORD0003601,1/13/2022,20220113,CUS02253,5,EMP0108,Fawry,Completed,288,140
ORD0005311,1/13/2022,20220113,CUS02704,5,EMP0106,Vodafone Cash,Completed,640,280
ORD0001180,1/13/2022,20220113,CUS01684,3,EMP0077,Fawry,Completed,948,510
ORD0009093,1/13/2022,20220113,CUS02976,1,EMP0023,Debit Card,Completed,1104,660
ORD0006115,1/13/2022,20220113,CUS01254,3,EMP0071,Credit Card,Completed,1022,530
ORD0002179,1/14/2022,20220114,CUS00544,5,EMP0106,Credit Card,Completed,2087.5,1030
ORD0001483,1/14/2022,20220114,CUS00710,5,EMP0098,InstaPay,Completed,232.5,110
ORD0001788,1/14/2022,20220114,CUS01619,13,EMP0191,Vodafone Cash,Returned,1664,820
ORD0003798,1/14/2022,20220114,CUS02666,3,EMP0071,InstaPay,Completed,648,340
ORD0004876,1/14/2022,20220114,CUS00233,5,EMP0095,Cash,Completed,423,230
ORD0000031,1/14/2022,20220114,CUS01253,2,EMP0038,Debit Card,Completed,2388,1330
ORD0011499,1/14/2022,20220114,CUS02865,3,EMP0067,Credit Card,Completed,5760,4360
ORD0001845,1/14/2022,20220114,CUS00304,2,EMP0029,Vodafone Cash,Completed,1090,570
ORD0003747,1/14/2022,20220114,CUS00044,8,EMP0141,Cash,Completed,785.5,480
ORD0007255,1/14/2022,20220114,CUS00697,14,EMP0194,Credit Card,Completed,1350,750
ORD0007778,1/14/2022,20220114,CUS01633,10,EMP0162,Credit Card,Completed,810,400
ORD0001031,1/14/2022,20220114,CUS02415,7,EMP0136,Credit Card,Completed,520,250
ORD0005514,1/14/2022,20220114,CUS02599,8,EMP0139,Credit Card,Completed,600,290
ORD0004704,1/14/2022,20220114,CUS01143,3,EMP0055,Vodafone Cash,Completed,898,460
ORD0008914,1/14/2022,20220114,CUS01806,13,EMP0191,Cash,Completed,1188,670
ORD0004878,1/14/2022,20220114,CUS02570,4,EMP0089,Debit Card,Completed,800,700
ORD0006349,1/14/2022,20220114,CUS01026,7,EMP0131,InstaPay,Completed,6100,4900
ORD0009016,1/14/2022,20220114,CUS01602,7,EMP0135,Debit Card,Completed,16920.5,14990
ORD0005296,1/14/2022,20220114,CUS01222,11,EMP0164,Fawry,Completed,23141,21360
ORD0000240,1/15/2022,20220115,CUS02998,6,EMP0124,Vodafone Cash,Completed,1359,750
ORD0007873,1/15/2022,20220115,CUS02519,6,EMP0114,Fawry,Completed,1026,540
ORD0006634,1/15/2022,20220115,CUS02489,7,EMP0133,Debit Card,Completed,368,220
ORD0009229,1/15/2022,20220115,CUS00854,5,EMP0098,InstaPay,Cancelled,460,220
ORD0000433,1/15/2022,20220115,CUS00318,10,EMP0158,Credit Card,Completed,290,140
ORD0006410,1/15/2022,20220115,CUS02734,5,EMP0112,InstaPay,Returned,453,260
ORD0010832,1/15/2022,20220115,CUS01781,1,EMP0018,Cash,Returned,600,400
ORD0004209,1/15/2022,20220115,CUS00947,3,EMP0073,Cash,Completed,874.5,460
ORD0004082,1/15/2022,20220115,CUS00157,10,No_Employee_id,Fawry,Completed,16228,12620
ORD0001553,1/15/2022,20220115,CUS00613,2,EMP0036,Vodafone Cash,Completed,848,450
ORD0008154,1/15/2022,20220115,CUS01579,4,No_Employee_id,Cash,Completed,8100,8400
ORD0006488,1/16/2022,20220116,CUS02975,2,EMP0035,Fawry,Returned,863,440
ORD0007041,1/16/2022,20220116,CUS00070,13,EMP0188,Debit Card,Completed,680,320
ORD0009929,1/16/2022,20220116,CUS01197,7,EMP0129,InstaPay,Completed,13193,10990
ORD0007123,1/16/2022,20220116,CUS02890,12,EMP0180,Fawry,Completed,1110,540
ORD0011684,1/16/2022,20220116,CUS01491,1,EMP0016,Credit Card,Completed,760.5,390
ORD0000916,1/16/2022,20220116,CUS02870,4,EMP0083,Fawry,Completed,799.5,410
ORD0000426,1/16/2022,20220116,CUS00031,6,EMP0119,Debit Card,Completed,27192,21440
ORD0001408,1/16/2022,20220116,CUS01979,2,EMP0030,Credit Card,Returned,243,120
ORD0009835,1/16/2022,20220116,CUS00961,3,EMP0055,Vodafone Cash,Completed,1398,680
ORD0000463,1/16/2022,20220116,CUS01353,7,EMP0131,InstaPay,Returned,570,270
ORD0002918,1/16/2022,20220116,CUS01827,7,EMP0132,Cash,Completed,940.5,520
ORD0002403,1/16/2022,20220116,CUS02314,14,EMP0197,Debit Card,Completed,754,370
ORD0009244,1/16/2022,20220116,CUS02809,13,EMP0185,Debit Card,Completed,867,450
ORD0005561,1/16/2022,20220116,CUS00997,2,EMP0050,InstaPay,Completed,10970,10460
ORD0001308,1/16/2022,20220116,CUS00464,7,EMP0133,Debit Card,Completed,315,170
ORD0011175,1/17/2022,20220117,CUS01323,14,EMP0203,Vodafone Cash,Completed,3040,1480
ORD0011690,1/17/2022,20220117,CUS02577,3,EMP0072,Credit Card,Completed,78660,66300
ORD0009771,1/17/2022,20220117,CUS02810,9,EMP0147,Credit Card,Completed,2621.5,1400
ORD0011168,1/18/2022,20220118,CUS01210,12,EMP0179,InstaPay,Completed,61353,48550
ORD0004188,1/18/2022,20220118,CUS01760,3,EMP0069,InstaPay,Completed,279,150
ORD0007855,1/18/2022,20220118,CUS02466,3,EMP0058,InstaPay,Completed,38120,30380
ORD0006348,1/18/2022,20220118,CUS00414,12,EMP0184,Cash,Completed,580,290
ORD0005750,1/18/2022,20220118,CUS01177,1,EMP0010,Cash,Cancelled,8075,6500
ORD0000083,1/18/2022,20220118,CUS00802,2,EMP0031,Debit Card,Completed,1312,800
ORD0010078,1/18/2022,20220118,CUS01883,7,EMP0131,InstaPay,Completed,1687,940
ORD0008991,1/18/2022,20220118,CUS01934,1,EMP0012,InstaPay,Completed,344,210
ORD0000458,1/18/2022,20220118,CUS00328,8,EMP0137,InstaPay,Completed,7095,5040
ORD0005740,1/18/2022,20220118,CUS01419,6,EMP0115,Cash,Completed,832,500
ORD0003999,1/18/2022,20220118,CUS01629,3,EMP0069,Vodafone Cash,Completed,892.5,510
ORD0007461,1/19/2022,20220119,CUS00894,5,EMP0104,Vodafone Cash,Completed,1846,1000
ORD0010279,1/19/2022,20220119,CUS00310,4,EMP0083,Cash,Completed,1950,940
ORD0009996,1/19/2022,20220119,CUS02220,14,EMP0195,Cash,Completed,1816,900
ORD0003921,1/19/2022,20220119,CUS01473,14,EMP0200,Credit Card,Completed,320,160
ORD0004512,1/19/2022,20220119,CUS01054,15,EMP0208,Credit Card,Completed,422,220
ORD0001927,1/19/2022,20220119,CUS02088,4,EMP0094,Vodafone Cash,Completed,1080,580
ORD0008225,1/19/2022,20220119,CUS01981,4,EMP0079,InstaPay,Completed,54260,47900
ORD0007916,1/19/2022,20220119,CUS00760,1,EMP0024,Vodafone Cash,Completed,300,150
ORD0001714,1/19/2022,20220119,CUS01519,10,EMP0161,Cash,Completed,1850,900
ORD0001339,1/19/2022,20220119,CUS02175,3,EMP0056,Cash,Completed,990,480
ORD0006158,1/19/2022,20220119,CUS01770,6,EMP0118,Fawry,Completed,12738,12400
ORD0000979,1/19/2022,20220119,CUS00267,1,EMP0023,Debit Card,Completed,168,120
ORD0005192,1/19/2022,20220119,CUS02509,4,No_Employee_id,Credit Card,Completed,13000,10840
ORD0007059,1/20/2022,20220120,CUS00259,5,EMP0107,Debit Card,Returned,1327,640
ORD0005207,1/20/2022,20220120,CUS01281,1,EMP0002,Vodafone Cash,Returned,895,440
ORD0004000,1/20/2022,20220120,CUS01272,6,EMP0115,Cash,Completed,884,530
ORD0008265,1/20/2022,20220120,CUS02348,9,EMP0149,InstaPay,Returned,476,280
ORD0007993,1/20/2022,20220120,CUS02370,12,EMP0180,Vodafone Cash,Completed,3195.5,1570
ORD0001895,1/20/2022,20220120,CUS00391,4,EMP0089,Vodafone Cash,Completed,1064,560
ORD0006541,1/20/2022,20220120,CUS02840,2,EMP0052,Fawry,Completed,21280,17800
ORD0003900,1/20/2022,20220120,CUS01997,4,EMP0093,InstaPay,Returned,880,460
ORD0007887,1/20/2022,20220120,CUS00479,1,EMP0011,Credit Card,Returned,8800,8700
ORD0009531,1/21/2022,20220121,CUS00958,2,EMP0034,Fawry,Completed,2452,1210
ORD0010884,1/21/2022,20220121,CUS02026,1,EMP0024,InstaPay,Completed,330,170
ORD0006876,1/21/2022,20220121,CUS00664,1,EMP0006,Credit Card,Completed,1180,570
ORD0000236,1/21/2022,20220121,CUS00216,2,EMP0050,Fawry,Completed,500,250
ORD0003864,1/21/2022,20220121,CUS00116,1,EMP0021,Fawry,Completed,330,160
ORD0011154,1/21/2022,20220121,CUS00973,2,EMP0034,InstaPay,Completed,221,120
ORD0005778,1/21/2022,20220121,CUS01933,2,EMP0034,Fawry,Returned,2888,1480
ORD0004268,1/21/2022,20220121,CUS01457,4,EMP0094,Cash,Completed,944,500
ORD0007996,1/21/2022,20220121,CUS02172,3,EMP0061,InstaPay,Completed,11919,10510
ORD0009603,1/21/2022,20220121,CUS00489,4,EMP0079,InstaPay,Completed,681,360
ORD0005424,1/22/2022,20220122,CUS00264,1,EMP0024,InstaPay,Completed,427.5,270
ORD0002160,1/22/2022,20220122,CUS02290,2,No_Employee_id,Cash,Completed,11804,9720
ORD0006872,1/22/2022,20220122,CUS02104,5,EMP0103,Credit Card,Completed,112,70
ORD0009626,1/22/2022,20220122,CUS02575,2,EMP0033,Vodafone Cash,Completed,650,330
ORD0000609,1/22/2022,20220122,CUS02196,13,EMP0192,Credit Card,Completed,7200,6400
ORD0005473,1/22/2022,20220122,CUS02508,4,EMP0093,Fawry,Completed,997.5,520
ORD0008765,1/22/2022,20220122,CUS00188,4,EMP0088,Cash,Completed,780,380
ORD0005027,1/22/2022,20220122,CUS02903,11,EMP0170,Cash,Completed,844.5,430
ORD0010998,1/22/2022,20220122,CUS01108,5,EMP0111,Debit Card,Completed,1080,540
ORD0010510,1/22/2022,20220122,CUS01252,6,No_Employee_id,Fawry,Completed,540,260
ORD0002725,1/22/2022,20220122,CUS01689,1,EMP0004,InstaPay,Cancelled,11880,10600
ORD0007052,1/22/2022,20220122,CUS02446,4,EMP0085,InstaPay,Completed,320,140
ORD0003991,1/22/2022,20220122,CUS00706,14,EMP0197,Fawry,Completed,204,120
ORD0004099,1/22/2022,20220122,CUS01499,2,EMP0042,Fawry,Completed,26854,21260
ORD0007603,1/22/2022,20220122,CUS01175,7,EMP0134,Cash,Completed,560,280
ORD0003957,1/22/2022,20220122,CUS00423,5,EMP0100,Debit Card,Completed,522,280
ORD0001342,1/23/2022,20220123,CUS02921,1,EMP0006,Cash,Completed,918,500
ORD0010994,1/23/2022,20220123,CUS01119,3,No_Employee_id,Vodafone Cash,Completed,577,290
ORD0003356,1/23/2022,20220123,CUS02215,14,EMP0198,Cash,Completed,5144,3480
ORD0001524,1/23/2022,20220123,CUS00029,6,EMP0124,Fawry,Returned,1230,570
ORD0007893,1/23/2022,20220123,CUS02530,11,EMP0165,Credit Card,Cancelled,660,320
ORD0010161,1/23/2022,20220123,CUS02653,5,EMP0112,Credit Card,Completed,2072.5,1020
ORD0000680,1/23/2022,20220123,CUS00447,4,EMP0083,Debit Card,Completed,1583,850
ORD0007214,1/23/2022,20220123,CUS00921,6,EMP0115,InstaPay,Cancelled,520,240
ORD0005876,1/23/2022,20220123,CUS00560,1,EMP0013,Vodafone Cash,Completed,130,60
ORD0003425,1/23/2022,20220123,CUS02806,4,EMP0080,Fawry,Completed,2080,1070
ORD0002984,1/23/2022,20220123,CUS01848,1,EMP0013,Debit Card,Completed,152,70
ORD0009819,1/23/2022,20220123,CUS01630,4,EMP0083,Fawry,Completed,1066,570
ORD0006563,1/23/2022,20220123,CUS00889,8,EMP0142,Debit Card,Completed,4918.5,3630
ORD0011087,1/23/2022,20220123,CUS02869,10,EMP0161,Vodafone Cash,Completed,765,420
ORD0000268,1/24/2022,20220124,CUS00213,6,EMP0113,Cash,Completed,1905,950
ORD0005101,1/24/2022,20220124,CUS01859,11,EMP0164,Cash,Completed,21960,19600
ORD0000537,1/24/2022,20220124,CUS01079,2,EMP0036,Cash,Completed,90,40
ORD0009927,1/24/2022,20220124,CUS01963,4,EMP0094,Credit Card,Completed,12917,11100
ORD0011996,1/25/2022,20220125,CUS00890,7,EMP0136,InstaPay,Completed,12832,10960
ORD0006088,1/25/2022,20220125,CUS01508,15,EMP0205,Fawry,Completed,1013,470
ORD0000783,1/25/2022,20220125,CUS02584,1,EMP0025,Credit Card,Completed,1410,760
ORD0005265,1/25/2022,20220125,CUS00645,11,EMP0164,Cash,Completed,13322,12300
ORD0009441,1/25/2022,20220125,CUS00685,11,EMP0168,Credit Card,Completed,486,260
ORD0008239,1/25/2022,20220125,CUS02915,4,EMP0081,Vodafone Cash,Completed,35406,35470
ORD0007235,1/25/2022,20220125,CUS00291,11,EMP0169,Vodafone Cash,Completed,1275,1200
ORD0011224,1/25/2022,20220125,CUS01284,5,EMP0105,Vodafone Cash,Completed,1446,700
ORD0008064,1/25/2022,20220125,CUS01332,11,EMP0166,Fawry,Completed,684,360
ORD0009757,1/25/2022,20220125,CUS02305,3,EMP0062,Vodafone Cash,Completed,60865.5,51040
ORD0007315,1/25/2022,20220125,CUS00155,8,EMP0141,Vodafone Cash,Returned,321,150
ORD0007495,1/25/2022,20220125,CUS02472,6,EMP0117,Vodafone Cash,Completed,1350,640
ORD0004430,1/25/2022,20220125,CUS02249,7,EMP0131,Debit Card,Completed,260,120
ORD0007926,1/26/2022,20220126,CUS00696,2,EMP0031,Cash,Completed,5900,4700
ORD0004396,1/26/2022,20220126,CUS00578,1,EMP0004,Cash,Completed,480,210
ORD0005940,1/26/2022,20220126,CUS01139,3,EMP0060,Fawry,Completed,300,200
ORD0003940,1/26/2022,20220126,CUS02386,3,EMP0072,Cash,Completed,504,240
ORD0007814,1/26/2022,20220126,CUS01049,11,No_Employee_id,Fawry,Completed,1096,600
ORD0009026,1/26/2022,20220126,CUS02671,1,EMP0012,Credit Card,Completed,490,340
ORD0010229,1/26/2022,20220126,CUS00914,1,EMP0002,Debit Card,Returned,4928,3460
ORD0009224,1/26/2022,20220126,CUS01125,5,EMP0099,InstaPay,Completed,2050,1180
ORD0001173,1/26/2022,20220126,CUS00467,4,EMP0094,Vodafone Cash,Cancelled,2088.5,1160
ORD0005736,1/26/2022,20220126,CUS01174,15,EMP0209,Credit Card,Completed,340,160
ORD0003074,1/26/2022,20220126,CUS01250,4,EMP0094,Cash,Completed,622,310
ORD0007553,1/26/2022,20220126,CUS02004,6,EMP0122,Debit Card,Returned,457,240
ORD0008928,1/26/2022,20220126,CUS01923,1,EMP0025,Cash,Completed,764.5,410
ORD0004183,1/26/2022,20220126,CUS00273,10,EMP0156,Cash,Completed,220,100
ORD0003408,1/27/2022,20220127,CUS02094,3,EMP0061,Cash,Completed,19620,17400
ORD0005894,1/27/2022,20220127,CUS02825,5,EMP0106,Debit Card,Completed,1500,720
ORD0011179,1/27/2022,20220127,CUS00621,1,EMP0017,InstaPay,Completed,440,220
ORD0007844,1/27/2022,20220127,CUS00674,3,EMP0061,Credit Card,Completed,493,280
ORD0002405,1/27/2022,20220127,CUS00109,3,EMP0075,InstaPay,Completed,1485.5,760
ORD0009778,1/27/2022,20220127,CUS02156,13,EMP0190,InstaPay,Completed,2324.5,1280
ORD0010790,1/27/2022,20220127,CUS00850,8,No_Employee_id,Cash,Completed,11536,10090
ORD0009267,1/27/2022,20220127,CUS00128,1,EMP0004,Credit Card,Cancelled,180,80
ORD0006357,1/27/2022,20220127,CUS02724,11,EMP0165,InstaPay,Completed,630,370
ORD0007743,1/27/2022,20220127,CUS02104,2,EMP0049,InstaPay,Completed,463,230
ORD0000383,1/27/2022,20220127,CUS01147,1,No_Employee_id,Fawry,Cancelled,608,320
ORD0010499,1/27/2022,20220127,CUS02785,3,EMP0065,InstaPay,Completed,684,370
ORD0001701,1/27/2022,20220127,CUS00155,2,EMP0040,Cash,Completed,1882,1000
ORD0005484,1/27/2022,20220127,CUS00924,14,EMP0194,Vodafone Cash,Cancelled,3790,2050
ORD0006813,1/27/2022,20220127,CUS01713,2,EMP0047,Credit Card,Cancelled,925.5,440
ORD0001109,1/27/2022,20220127,CUS00075,12,EMP0182,Debit Card,Returned,776,430
ORD0000960,1/27/2022,20220127,CUS00231,1,EMP0026,Cash,Completed,4581,2940
ORD0004332,1/27/2022,20220127,CUS02135,12,EMP0181,Debit Card,Completed,338.5,190
ORD0001491,1/28/2022,20220128,CUS02854,2,EMP0044,InstaPay,Completed,1060,630
ORD0007694,1/28/2022,20220128,CUS00393,2,EMP0041,InstaPay,Completed,322,180
ORD0002503,1/28/2022,20220128,CUS01302,2,EMP0034,Debit Card,Cancelled,651,300
ORD0004293,1/28/2022,20220128,CUS00024,1,No_Employee_id,Debit Card,Completed,787.5,430
ORD0003114,1/28/2022,20220128,CUS01851,5,EMP0095,Credit Card,Completed,1753,870
ORD0002371,1/28/2022,20220128,CUS01063,3,EMP0061,Credit Card,Completed,2106,1050
ORD0009395,1/28/2022,20220128,CUS00331,11,No_Employee_id,InstaPay,Completed,192,120
ORD0009202,1/28/2022,20220128,CUS00911,11,EMP0173,Vodafone Cash,Completed,442,240
ORD0006792,1/29/2022,20220129,CUS02109,5,EMP0106,Vodafone Cash,Completed,2415.5,1250
ORD0008271,1/29/2022,20220129,CUS01448,2,No_Employee_id,InstaPay,Completed,951,490
ORD0011354,1/29/2022,20220129,CUS00014,3,EMP0063,Credit Card,Completed,369.5,200
ORD0009510,1/29/2022,20220129,CUS02667,12,No_Employee_id,Cash,Completed,220,110
ORD0002026,1/29/2022,20220129,CUS00699,5,EMP0104,Credit Card,Completed,600,280
ORD0010038,1/29/2022,20220129,CUS02549,4,EMP0089,Cash,Completed,120,60
ORD0004052,1/29/2022,20220129,CUS02396,5,EMP0108,Debit Card,Returned,3742,2010
ORD0003050,1/29/2022,20220129,CUS01988,14,EMP0199,Cash,Returned,954,480
ORD0005747,1/29/2022,20220129,CUS00347,2,EMP0039,Vodafone Cash,Completed,826.5,420
ORD0007620,1/30/2022,20220130,CUS00487,2,EMP0042,Debit Card,Completed,1809,1110
ORD0004263,1/30/2022,20220130,CUS02349,7,EMP0128,Fawry,Completed,2511,1340
ORD0006593,1/30/2022,20220130,CUS00181,9,EMP0147,Cash,Completed,68,40
ORD0009985,1/30/2022,20220130,CUS02038,3,EMP0070,Debit Card,Completed,16072,12840
ORD0005520,1/30/2022,20220130,CUS01800,12,EMP0174,InstaPay,Completed,576,300
ORD0011493,1/30/2022,20220130,CUS01536,2,EMP0032,Debit Card,Completed,25365,26520
ORD0005438,1/30/2022,20220130,CUS01602,1,EMP0016,Debit Card,Returned,208,130
ORD0002164,1/30/2022,20220130,CUS00767,4,EMP0081,Fawry,Returned,2598,1290
ORD0010156,1/30/2022,20220130,CUS02338,1,EMP0004,InstaPay,Completed,22440,21200
ORD0004416,1/30/2022,20220130,CUS02606,5,EMP0107,InstaPay,Completed,315,170
ORD0011490,1/30/2022,20220130,CUS02809,3,EMP0067,Vodafone Cash,Completed,2284.5,1310
ORD0007882,1/30/2022,20220130,CUS02499,1,EMP0028,InstaPay,Completed,26700,21300
ORD0002638,1/30/2022,20220130,CUS01055,11,EMP0172,Debit Card,Completed,433.5,250
ORD0008584,1/30/2022,20220130,CUS01706,9,EMP0151,InstaPay,Completed,352,220
ORD0009713,1/30/2022,20220130,CUS01325,7,EMP0134,Debit Card,Completed,1166,610
ORD0009354,1/31/2022,20220131,CUS00586,3,EMP0078,Fawry,Completed,313.5,160
ORD0002788,1/31/2022,20220131,CUS02596,11,EMP0164,InstaPay,Completed,770.5,410
ORD0006271,1/31/2022,20220131,CUS02994,3,EMP0059,Debit Card,Completed,189,100
ORD0004916,1/31/2022,20220131,CUS02857,2,EMP0048,Fawry,Completed,566,320
ORD0000129,1/31/2022,20220131,CUS02776,14,EMP0194,Vodafone Cash,Completed,350,170
ORD0009773,1/31/2022,20220131,CUS02788,2,EMP0031,Fawry,Completed,90,40
ORD0008524,1/31/2022,20220131,CUS02234,1,EMP0009,Credit Card,Completed,4552,3760
ORD0009576,1/31/2022,20220131,CUS02562,3,EMP0062,Debit Card,Cancelled,300,140
ORD0005225,1/31/2022,20220131,CUS00346,3,EMP0063,Fawry,Completed,748,400
ORD0004622,2/1/2022,20220201,CUS02208,6,EMP0117,Debit Card,Completed,20200,16200
ORD0001581,2/1/2022,20220201,CUS00350,14,EMP0203,Cash,Completed,170,100
ORD0000199,2/1/2022,20220201,CUS00963,1,EMP0028,Vodafone Cash,Completed,5700,4030
ORD0006924,2/1/2022,20220201,CUS00936,6,EMP0114,Credit Card,Completed,14365,11980
ORD0008722,2/1/2022,20220201,CUS00686,12,EMP0176,Credit Card,Completed,343,170
ORD0005507,2/1/2022,20220201,CUS02288,1,EMP0010,Fawry,Completed,557,290
ORD0011137,2/1/2022,20220201,CUS02738,3,EMP0071,Credit Card,Completed,2840,1380
ORD0000750,2/1/2022,20220201,CUS00793,12,EMP0174,Cash,Completed,15661.5,14400
ORD0002694,2/1/2022,20220201,CUS02093,6,EMP0123,Vodafone Cash,Completed,324,160
ORD0003485,2/2/2022,20220202,CUS00331,2,EMP0049,InstaPay,Completed,5451.5,4180
ORD0008802,2/2/2022,20220202,CUS00285,3,EMP0065,Vodafone Cash,Completed,324,160
ORD0000134,2/2/2022,20220202,CUS00965,5,EMP0109,InstaPay,Completed,1510,740
ORD0000523,2/2/2022,20220202,CUS02391,3,EMP0056,Fawry,Returned,2692,1360
ORD0000149,2/2/2022,20220202,CUS00403,10,EMP0152,Debit Card,Completed,1660,900
ORD0008289,2/2/2022,20220202,CUS02680,4,EMP0091,Debit Card,Completed,1996.5,1090
ORD0008477,2/2/2022,20220202,CUS02298,6,EMP0124,Fawry,Returned,350,170
ORD0010874,2/2/2022,20220202,CUS00055,12,EMP0181,Cash,Completed,1330,830
ORD0009031,2/2/2022,20220202,CUS01223,5,EMP0111,Debit Card,Completed,486,250
ORD0008306,2/2/2022,20220202,CUS01392,1,EMP0023,Vodafone Cash,Completed,160,80
ORD0007517,2/2/2022,20220202,CUS02040,6,EMP0114,Debit Card,Completed,126,80
ORD0003665,2/2/2022,20220202,CUS02336,13,EMP0190,InstaPay,Completed,160,70
ORD0004886,2/3/2022,20220203,CUS02530,11,EMP0171,Debit Card,Completed,356,180
ORD0007635,2/3/2022,20220203,CUS01936,3,EMP0060,Credit Card,Completed,1023,500
ORD0010032,2/3/2022,20220203,CUS01372,3,EMP0078,InstaPay,Completed,3696.5,2010
ORD0010882,2/3/2022,20220203,CUS01774,4,EMP0082,Vodafone Cash,Completed,2079,1070
ORD0001405,2/3/2022,20220203,CUS02325,15,EMP0213,Fawry,Completed,5200,5200
ORD0003825,2/3/2022,20220203,CUS00093,2,EMP0050,Debit Card,Completed,5377,4580
ORD0006829,2/3/2022,20220203,CUS02269,10,EMP0160,Vodafone Cash,Completed,72,40
ORD0008057,2/4/2022,20220204,CUS00415,6,EMP0121,Vodafone Cash,Completed,1626.5,820
ORD0005727,2/4/2022,20220204,CUS02544,4,EMP0088,Cash,Completed,364,250
ORD0005716,2/4/2022,20220204,CUS01623,12,EMP0177,Credit Card,Completed,184,110
ORD0009158,2/4/2022,20220204,CUS02466,1,EMP0027,Fawry,Completed,1134,620
ORD0011714,2/4/2022,20220204,CUS02378,3,EMP0073,Vodafone Cash,Cancelled,567,300
ORD0008145,2/4/2022,20220204,CUS02485,1,EMP0015,Cash,Completed,13734,10790
ORD0011008,2/4/2022,20220204,CUS01719,6,EMP0123,Cash,Completed,1198.5,690
ORD0000639,2/4/2022,20220204,CUS01304,3,EMP0072,Fawry,Completed,950,550
ORD0010641,2/5/2022,20220205,CUS01456,5,EMP0102,Cash,Returned,8214,6460
ORD0006865,2/5/2022,20220205,CUS01737,8,EMP0141,Cash,Completed,2036.5,1040
ORD0007233,2/5/2022,20220205,CUS02956,12,EMP0179,Cash,Completed,15797,12380
ORD0006460,2/5/2022,20220205,CUS02585,3,EMP0063,Credit Card,Completed,229.5,120
ORD0006831,2/5/2022,20220205,CUS02546,4,EMP0088,Debit Card,Completed,460,220
ORD0011502,2/5/2022,20220205,CUS02808,13,EMP0193,Cash,Cancelled,931,480
ORD0002153,2/5/2022,20220205,CUS00994,13,EMP0189,InstaPay,Completed,582,330
ORD0003286,2/5/2022,20220205,CUS01752,6,EMP0125,Cash,Returned,280,130
ORD0000058,2/5/2022,20220205,CUS01645,1,EMP0013,Debit Card,Completed,180,80
ORD0006242,2/6/2022,20220206,CUS01933,8,EMP0140,Cash,Completed,1627.5,900
ORD0005220,2/6/2022,20220206,CUS01031,9,EMP0148,Vodafone Cash,Completed,140,70
ORD0003055,2/6/2022,20220206,CUS01014,12,EMP0177,Cash,Completed,560.5,290
ORD0009951,2/6/2022,20220206,CUS02530,4,EMP0088,Fawry,Completed,19920,15540
ORD0011014,2/6/2022,20220206,CUS01411,10,EMP0163,Credit Card,Completed,26639.5,21780
ORD0005542,2/6/2022,20220206,CUS00755,8,No_Employee_id,Cash,Completed,275.5,140
ORD0001858,2/6/2022,20220206,CUS01560,14,EMP0194,Cash,Cancelled,243,120
ORD0008545,2/6/2022,20220206,CUS00141,4,EMP0087,Vodafone Cash,Completed,240,120
ORD0008389,2/6/2022,20220206,CUS01628,15,EMP0211,InstaPay,Completed,1510,740
ORD0008142,2/7/2022,20220207,CUS02883,14,EMP0201,Vodafone Cash,Completed,1175.5,630
ORD0006962,2/7/2022,20220207,CUS02472,6,EMP0119,Cash,Completed,2160,1050
ORD0010166,2/7/2022,20220207,CUS00992,1,EMP0019,Debit Card,Completed,731,380
ORD0010892,2/7/2022,20220207,CUS00773,11,EMP0170,Fawry,Completed,486,240
ORD0008383,2/7/2022,20220207,CUS00229,6,EMP0113,Vodafone Cash,Completed,1190,550
ORD0007494,2/7/2022,20220207,CUS00289,1,EMP0001,Cash,Completed,980,610
ORD0008344,2/7/2022,20220207,CUS02606,12,EMP0177,Fawry,Completed,602.5,300
ORD0009940,2/7/2022,20220207,CUS01334,3,EMP0073,Cash,Completed,2786,1450
ORD0007450,2/7/2022,20220207,CUS02966,15,EMP0215,Debit Card,Completed,1417,770
ORD0010794,2/7/2022,20220207,CUS01979,10,EMP0152,Credit Card,Completed,4132,2670
ORD0011468,2/8/2022,20220208,CUS01741,13,EMP0193,Fawry,Completed,1404,750
ORD0001785,2/8/2022,20220208,CUS01773,4,EMP0091,Debit Card,Completed,199.5,100
ORD0006686,2/8/2022,20220208,CUS02134,4,EMP0089,Cash,Completed,777,380
ORD0007129,2/8/2022,20220208,CUS01692,6,EMP0121,Debit Card,Returned,180,80
ORD0007127,2/8/2022,20220208,CUS02751,5,EMP0101,Debit Card,Completed,1488,920
ORD0003764,2/8/2022,20220208,CUS00021,3,EMP0075,Debit Card,Completed,14656.5,11350
ORD0001984,2/8/2022,20220208,CUS02977,11,EMP0173,Fawry,Completed,310,140
ORD0004882,2/8/2022,20220208,CUS02280,4,EMP0093,Credit Card,Completed,5760,5280
ORD0007702,2/8/2022,20220208,CUS02159,4,EMP0085,Fawry,Completed,2782.5,1440
ORD0007263,2/8/2022,20220208,CUS01258,7,EMP0129,InstaPay,Completed,980,480
ORD0000673,2/8/2022,20220208,CUS00041,9,EMP0150,Credit Card,Returned,1290,640
ORD0008831,2/8/2022,20220208,CUS02848,4,No_Employee_id,Credit Card,Completed,11880,10600
ORD0011307,2/8/2022,20220208,CUS01484,2,EMP0038,InstaPay,Completed,2839,1430
ORD0006925,2/9/2022,20220209,CUS02878,5,EMP0107,Fawry,Completed,32175,26420
ORD0009336,2/9/2022,20220209,CUS02768,1,EMP0023,Debit Card,Completed,878,470
ORD0005013,2/9/2022,20220209,CUS02133,7,EMP0134,InstaPay,Completed,10900,8500
ORD0003025,2/9/2022,20220209,CUS02723,1,EMP0018,Cash,Completed,630.5,300
ORD0007074,2/9/2022,20220209,CUS01590,3,No_Employee_id,InstaPay,Completed,696,340
ORD0006181,2/9/2022,20220209,CUS01900,4,EMP0091,Debit Card,Completed,1144.5,650
ORD0011080,2/9/2022,20220209,CUS02446,6,EMP0120,Cash,Completed,12124,11760
ORD0004720,2/9/2022,20220209,CUS01027,15,EMP0206,InstaPay,Completed,1040,520
ORD0001949,2/9/2022,20220209,CUS00369,11,EMP0170,Cash,Completed,480,230
ORD0006327,2/9/2022,20220209,CUS02450,10,EMP0156,Vodafone Cash,Completed,1666,910
ORD0008958,2/9/2022,20220209,CUS00301,14,EMP0199,Credit Card,Completed,687,350
ORD0010437,2/9/2022,20220209,CUS02265,3,EMP0075,Fawry,Returned,190,100
ORD0007519,2/9/2022,20220209,CUS00285,9,EMP0149,Vodafone Cash,Completed,540,300
ORD0007864,2/9/2022,20220209,CUS02275,5,EMP0100,Credit Card,Completed,16650,14800
ORD0002668,2/10/2022,20220210,CUS01669,11,EMP0170,Cash,Completed,983,510
ORD0008390,2/10/2022,20220210,CUS01968,4,EMP0083,Fawry,Completed,1572,770
ORD0006376,2/10/2022,20220210,CUS02836,2,EMP0047,Debit Card,Completed,640,320
ORD0006201,2/10/2022,20220210,CUS01119,14,EMP0194,InstaPay,Completed,1284,620
ORD0000603,2/10/2022,20220210,CUS00777,2,EMP0036,Credit Card,Completed,340,160
ORD0000514,2/10/2022,20220210,CUS00862,11,EMP0173,InstaPay,Returned,54634,48070
ORD0003585,2/10/2022,20220210,CUS02820,7,EMP0132,Fawry,Completed,270,130
ORD0008424,2/11/2022,20220211,CUS02287,5,EMP0108,Debit Card,Returned,804,380
ORD0003246,2/11/2022,20220211,CUS01463,6,EMP0116,InstaPay,Completed,600,300
ORD0005298,2/11/2022,20220211,CUS02210,7,EMP0127,Fawry,Completed,1008,690
ORD0007997,2/11/2022,20220211,CUS01219,13,EMP0192,Credit Card,Completed,1515,760
ORD0011523,2/11/2022,20220211,CUS00516,12,No_Employee_id,InstaPay,Completed,560.5,290
ORD0011118,2/11/2022,20220211,CUS01795,1,No_Employee_id,Debit Card,Completed,714,380
ORD0000990,2/11/2022,20220211,CUS01379,12,EMP0177,Credit Card,Completed,874,460
ORD0008319,2/12/2022,20220212,CUS01566,3,EMP0063,Credit Card,Completed,474,230
ORD0003592,2/12/2022,20220212,CUS01271,3,EMP0078,Credit Card,Completed,351.5,180
ORD0002742,2/12/2022,20220212,CUS02030,6,EMP0114,Credit Card,Completed,822,420
ORD0011845,2/12/2022,20220212,CUS00503,11,EMP0169,Vodafone Cash,Returned,741,390
ORD0003384,2/12/2022,20220212,CUS00736,2,EMP0049,Credit Card,Completed,420,190
ORD0000721,2/12/2022,20220212,CUS02851,3,EMP0068,Credit Card,Completed,2160,1050
ORD0006188,2/12/2022,20220212,CUS01467,1,EMP0009,Debit Card,Completed,1653,820
ORD0006031,2/12/2022,20220212,CUS00846,3,EMP0076,Fawry,Completed,142.5,70
ORD0004770,2/12/2022,20220212,CUS01640,9,EMP0147,Vodafone Cash,Cancelled,127.5,70
ORD0005318,2/12/2022,20220212,CUS02034,10,EMP0158,Vodafone Cash,Completed,117,60
ORD0001869,2/12/2022,20220212,CUS00925,6,EMP0120,Debit Card,Completed,240,140
ORD0003823,2/13/2022,20220213,CUS00729,15,EMP0211,InstaPay,Completed,1560,780
ORD0000274,2/13/2022,20220213,CUS01245,5,EMP0108,Vodafone Cash,Completed,1224,720
ORD0010847,2/13/2022,20220213,CUS02618,8,EMP0141,Vodafone Cash,Cancelled,3542,1800
ORD0011739,2/13/2022,20220213,CUS00580,12,EMP0183,Credit Card,Returned,800,400
ORD0008039,2/13/2022,20220213,CUS01681,13,EMP0192,InstaPay,Completed,17630,17500
ORD0001586,2/13/2022,20220213,CUS02154,14,EMP0196,Credit Card,Completed,510,280
ORD0008316,2/13/2022,20220213,CUS01660,10,EMP0156,Debit Card,Returned,8000,6400
ORD0004344,2/13/2022,20220213,CUS00738,5,EMP0111,Credit Card,Completed,2248,1190
ORD0009272,2/13/2022,20220213,CUS01045,1,EMP0023,Vodafone Cash,Completed,108,60
ORD0009774,2/14/2022,20220214,CUS01059,3,EMP0067,Cash,Completed,1142,670
ORD0001751,2/14/2022,20220214,CUS02837,3,No_Employee_id,Debit Card,Completed,18499,14860
ORD0005589,2/14/2022,20220214,CUS01786,5,EMP0110,Credit Card,Completed,720,350
ORD0008956,2/14/2022,20220214,CUS02545,12,EMP0174,Cash,Completed,180,80
ORD0002268,2/14/2022,20220214,CUS02883,4,EMP0087,Debit Card,Completed,951,540
ORD0001149,2/14/2022,20220214,CUS00972,9,EMP0150,InstaPay,Completed,1462,840
ORD0005133,2/14/2022,20220214,CUS00609,15,EMP0213,Debit Card,Completed,1080.5,570
ORD0001892,2/14/2022,20220214,CUS01714,1,EMP0002,Fawry,Completed,20400,19200
ORD0004072,2/14/2022,20220214,CUS00698,4,EMP0088,Fawry,Completed,2819,1480
ORD0009615,2/14/2022,20220214,CUS00425,13,EMP0189,Vodafone Cash,Completed,240,120
ORD0011309,2/15/2022,20220215,CUS02809,2,EMP0052,Cash,Completed,593,290
ORD0011675,2/15/2022,20220215,CUS01648,2,EMP0033,Vodafone Cash,Completed,56700,50300
ORD0000241,2/15/2022,20220215,CUS02408,4,EMP0086,Cash,Returned,410,190
ORD0009084,2/15/2022,20220215,CUS02730,2,EMP0040,Debit Card,Completed,28872,31360
ORD0006930,2/15/2022,20220215,CUS02115,13,EMP0193,Credit Card,Completed,1320,810
ORD0005387,2/15/2022,20220215,CUS00539,15,EMP0209,InstaPay,Completed,1008.5,500
ORD0007340,2/15/2022,20220215,CUS02775,12,EMP0176,Debit Card,Completed,1071,620
ORD0011765,2/15/2022,20220215,CUS00020,13,EMP0187,Fawry,Completed,160,70
ORD0010963,2/15/2022,20220215,CUS01681,14,EMP0194,InstaPay,Completed,23481.5,21530
ORD0011004,2/15/2022,20220215,CUS01475,5,EMP0106,Fawry,Completed,960,820
ORD0011323,2/15/2022,20220215,CUS01920,7,EMP0131,Credit Card,Completed,285,140
ORD0008124,2/15/2022,20220215,CUS00837,7,EMP0127,InstaPay,Completed,1371,660
ORD0005665,2/16/2022,20220216,CUS02647,5,EMP0102,Credit Card,Completed,190,90
ORD0008699,2/16/2022,20220216,CUS02056,13,EMP0188,InstaPay,Cancelled,48325.5,48030
ORD0006476,2/16/2022,20220216,CUS00463,11,EMP0169,Fawry,Completed,10620,9400
ORD0007230,2/16/2022,20220216,CUS00957,2,EMP0049,Fawry,Completed,1341,680
ORD0011244,2/16/2022,20220216,CUS01302,4,EMP0088,Debit Card,Completed,544,280
ORD0000333,2/16/2022,20220216,CUS01862,2,EMP0037,Vodafone Cash,Completed,16160,16200
ORD0006310,2/16/2022,20220216,CUS00238,3,EMP0070,Debit Card,Completed,405,210
ORD0009490,2/16/2022,20220216,CUS02318,11,EMP0166,InstaPay,Completed,1320,880
ORD0008309,2/16/2022,20220216,CUS00890,8,EMP0139,Vodafone Cash,Completed,712,360
ORD0011669,2/16/2022,20220216,CUS00676,7,No_Employee_id,Credit Card,Completed,3621.5,1870
ORD0011578,2/17/2022,20220217,CUS01904,5,EMP0105,Debit Card,Completed,5946.5,4430
ORD0007039,2/17/2022,20220217,CUS02658,6,EMP0125,Debit Card,Completed,1660,820
ORD0001162,2/17/2022,20220217,CUS02610,1,EMP0014,Fawry,Completed,187,100
ORD0010952,2/17/2022,20220217,CUS01385,10,EMP0156,Fawry,Completed,655,360
ORD0006910,2/17/2022,20220217,CUS02518,1,EMP0028,Credit Card,Completed,2000,1000
ORD0008512,2/17/2022,20220217,CUS02123,6,EMP0115,InstaPay,Completed,22440,21000
ORD0001407,2/17/2022,20220217,CUS01143,14,EMP0199,Credit Card,Returned,270,130
ORD0000410,2/17/2022,20220217,CUS02005,1,No_Employee_id,Fawry,Returned,33952.5,29950
ORD0006620,2/17/2022,20220217,CUS02881,2,EMP0051,Debit Card,Completed,247,130
ORD0004874,2/17/2022,20220217,CUS01287,13,EMP0188,Vodafone Cash,Completed,19519,15770
ORD0006539,2/17/2022,20220217,CUS02874,1,EMP0028,Credit Card,Completed,150,70
ORD0011062,2/17/2022,20220217,CUS00112,14,EMP0200,Fawry,Completed,810,400
ORD0004773,2/17/2022,20220217,CUS01288,2,EMP0032,Debit Card,Completed,414,220
ORD0000802,2/17/2022,20220217,CUS02711,14,EMP0196,Cash,Completed,14392,13180
ORD0003051,2/17/2022,20220217,CUS02644,5,EMP0107,Credit Card,Returned,682,410
ORD0000754,2/17/2022,20220217,CUS01812,8,EMP0142,Credit Card,Completed,5600,4500
ORD0011204,2/17/2022,20220217,CUS00482,11,EMP0164,Cash,Completed,1040,480
ORD0006442,2/18/2022,20220218,CUS01275,1,EMP0005,Cash,Completed,37110,29640
ORD0011193,2/18/2022,20220218,CUS02536,5,EMP0099,Fawry,Completed,932,460
ORD0003800,2/18/2022,20220218,CUS02430,5,EMP0099,InstaPay,Completed,26252,20940
ORD0010567,2/18/2022,20220218,CUS02151,2,EMP0029,InstaPay,Completed,4440,3460
ORD0007429,2/18/2022,20220218,CUS00016,1,No_Employee_id,Fawry,Completed,260,120
ORD0002844,2/18/2022,20220218,CUS00743,1,No_Employee_id,Cash,Completed,720,360
ORD0004717,2/18/2022,20220218,CUS01512,2,EMP0041,Debit Card,Completed,130,60
ORD0005299,2/18/2022,20220218,CUS01292,1,EMP0021,InstaPay,Completed,8016,6070
ORD0004899,2/18/2022,20220218,CUS02110,2,EMP0052,Debit Card,Completed,1106.5,570
ORD0011077,2/19/2022,20220219,CUS01774,6,EMP0119,Fawry,Completed,6743,5350
ORD0002549,2/19/2022,20220219,CUS01297,2,EMP0047,Cash,Returned,612,310
ORD0011707,2/19/2022,20220219,CUS02106,5,EMP0104,Credit Card,Completed,2587,1330
ORD0002619,2/19/2022,20220219,CUS01247,5,EMP0108,Credit Card,Returned,171,80
ORD0003687,2/19/2022,20220219,CUS00726,3,EMP0067,Vodafone Cash,Completed,6960,5180
ORD0006670,2/19/2022,20220219,CUS01252,10,EMP0162,Debit Card,Returned,740,360
ORD0005300,2/19/2022,20220219,CUS02179,11,EMP0167,Cash,Completed,1200,560
ORD0010013,2/19/2022,20220219,CUS02345,9,EMP0146,Vodafone Cash,Returned,190,90
ORD0005457,2/19/2022,20220219,CUS01540,7,EMP0127,InstaPay,Completed,1280,620
ORD0007989,2/19/2022,20220219,CUS00312,12,EMP0177,Vodafone Cash,Completed,876,460
ORD0010828,2/19/2022,20220219,CUS01913,1,EMP0009,Credit Card,Completed,378,210
ORD0006564,2/19/2022,20220219,CUS02381,5,EMP0098,Credit Card,Completed,2396,1210
ORD0011597,2/19/2022,20220219,CUS02268,14,EMP0196,Cash,Completed,1720,820
ORD0001493,2/19/2022,20220219,CUS02185,6,No_Employee_id,Cash,Completed,2935.5,1540
ORD0005875,2/19/2022,20220219,CUS00209,13,EMP0189,Credit Card,Completed,90,40
ORD0005197,2/20/2022,20220220,CUS01150,8,EMP0143,Vodafone Cash,Cancelled,1377,710
ORD0001977,2/20/2022,20220220,CUS00145,1,EMP0028,Vodafone Cash,Completed,1864.5,930
ORD0001781,2/20/2022,20220220,CUS01567,1,EMP0014,Cash,Completed,233.5,130
ORD0007457,2/20/2022,20220220,CUS02595,2,EMP0046,Fawry,Completed,828,440
ORD0004129,2/20/2022,20220220,CUS01809,3,EMP0066,Credit Card,Completed,28236,23760
ORD0002014,2/20/2022,20220220,CUS00855,7,EMP0132,Cash,Completed,31667,24820
ORD0011114,2/20/2022,20220220,CUS00242,5,EMP0099,Fawry,Completed,1167,750
ORD0005080,2/20/2022,20220220,CUS00044,5,EMP0097,InstaPay,Completed,2936,1660
ORD0004214,2/20/2022,20220220,CUS02221,5,EMP0095,Debit Card,Completed,30632.5,24470
ORD0005676,2/20/2022,20220220,CUS00120,3,EMP0063,Vodafone Cash,Completed,1330,740
ORD0002739,2/21/2022,20220221,CUS00457,1,EMP0022,Cash,Completed,1504,760
ORD0001230,2/21/2022,20220221,CUS01971,2,EMP0030,Credit Card,Completed,2157,1160
ORD0004309,2/21/2022,20220221,CUS00952,10,EMP0159,Fawry,Completed,2143,1280
ORD0003189,2/21/2022,20220221,CUS02078,1,EMP0005,InstaPay,Completed,2010,1150
ORD0005669,2/21/2022,20220221,CUS02019,2,EMP0054,Fawry,Completed,126,70
ORD0004421,2/21/2022,20220221,CUS00173,2,EMP0031,Credit Card,Completed,190,90
ORD0004010,2/21/2022,20220221,CUS01462,2,EMP0034,Fawry,Completed,144,70
ORD0002768,2/21/2022,20220221,CUS01304,1,EMP0004,Credit Card,Completed,15609,12960
ORD0009518,2/21/2022,20220221,CUS00214,15,EMP0210,Fawry,Completed,196,140
ORD0001470,2/21/2022,20220221,CUS02695,12,EMP0176,InstaPay,Returned,2857,1390
ORD0000582,2/22/2022,20220222,CUS01412,11,EMP0166,Fawry,Completed,15388.5,12870
ORD0002392,2/22/2022,20220222,CUS00561,6,EMP0119,Credit Card,Completed,1278,670
ORD0010026,2/22/2022,20220222,CUS01739,1,EMP0013,Fawry,Completed,1386,690
ORD0005498,2/22/2022,20220222,CUS01806,6,EMP0116,Credit Card,Completed,14000,11200
ORD0004864,2/22/2022,20220222,CUS00681,7,EMP0131,InstaPay,Completed,549,300
ORD0007724,2/22/2022,20220222,CUS00067,12,EMP0178,Vodafone Cash,Cancelled,61560,48550
ORD0007986,2/22/2022,20220222,CUS01544,2,EMP0052,InstaPay,Returned,6644,5270
ORD0007677,2/22/2022,20220222,CUS00836,12,EMP0178,InstaPay,Completed,189,100
ORD0011775,2/22/2022,20220222,CUS00159,11,EMP0171,Fawry,Completed,2357,1350
ORD0010082,2/22/2022,20220222,CUS00624,2,EMP0043,Credit Card,Returned,468,240
ORD0001948,2/23/2022,20220223,CUS00038,9,EMP0145,Credit Card,Completed,1317,680
ORD0005834,2/23/2022,20220223,CUS02845,5,EMP0100,Debit Card,Completed,5100,4040
ORD0000135,2/23/2022,20220223,CUS00034,2,EMP0041,Cash,Completed,153,80
ORD0005426,2/23/2022,20220223,CUS02353,3,EMP0065,Cash,Completed,976,490
ORD0007313,2/23/2022,20220223,CUS02003,14,EMP0195,Debit Card,Completed,414,230
ORD0007852,2/23/2022,20220223,CUS00952,3,EMP0067,InstaPay,Cancelled,3053,1590
ORD0008899,2/23/2022,20220223,CUS01517,8,EMP0143,Debit Card,Completed,2821,1520
ORD0007799,2/23/2022,20220223,CUS02338,10,EMP0161,Fawry,Completed,1519.5,800
ORD0005180,2/23/2022,20220223,CUS02701,1,EMP0015,Debit Card,Completed,272,160
ORD0001806,2/23/2022,20220223,CUS01404,5,EMP0103,Fawry,Completed,133,70
ORD0002953,2/23/2022,20220223,CUS02600,10,EMP0154,Debit Card,Completed,61326,48660
ORD0000576,2/23/2022,20220223,CUS01582,3,EMP0057,Credit Card,Completed,790,450
ORD0007099,2/23/2022,20220223,CUS02645,2,EMP0029,Credit Card,Completed,360,180
ORD0009209,2/24/2022,20220224,CUS01661,3,EMP0059,Debit Card,Completed,555,370
ORD0011727,2/24/2022,20220224,CUS01589,6,EMP0119,Vodafone Cash,Completed,1302.5,730
ORD0005780,2/24/2022,20220224,CUS00248,3,EMP0076,Credit Card,Returned,12788.5,9820
ORD0007593,2/24/2022,20220224,CUS02697,4,EMP0088,Credit Card,Completed,506,300
ORD0006555,2/24/2022,20220224,CUS01779,7,EMP0131,InstaPay,Completed,846,460
ORD0010954,2/24/2022,20220224,CUS02741,10,EMP0162,Cash,Completed,30742,24360
ORD0007451,2/24/2022,20220224,CUS00806,9,EMP0150,Credit Card,Completed,1735,840
ORD0003453,2/24/2022,20220224,CUS01141,4,EMP0085,Vodafone Cash,Completed,1536,920
ORD0009087,2/24/2022,20220224,CUS01032,7,EMP0136,Debit Card,Completed,67.5,40
ORD0003111,2/24/2022,20220224,CUS01140,15,EMP0207,Vodafone Cash,Returned,1043.5,570
ORD0004747,2/24/2022,20220224,CUS00773,2,EMP0031,Cash,Cancelled,3717,2860
ORD0005757,2/24/2022,20220224,CUS01373,2,EMP0051,InstaPay,Completed,432,210
ORD0000862,2/25/2022,20220225,CUS02308,6,EMP0117,Vodafone Cash,Completed,370,180
ORD0004690,2/25/2022,20220225,CUS01162,11,EMP0170,Debit Card,Completed,24930,22200
ORD0007269,2/25/2022,20220225,CUS02120,3,EMP0061,Vodafone Cash,Completed,1105,540
ORD0003559,2/25/2022,20220225,CUS00353,10,EMP0153,Debit Card,Completed,1110,540
ORD0005167,2/25/2022,20220225,CUS00752,1,EMP0020,Credit Card,Completed,2044,1000
ORD0011352,2/25/2022,20220225,CUS02476,4,EMP0082,Debit Card,Completed,770,380
ORD0003624,2/25/2022,20220225,CUS00411,5,EMP0112,Credit Card,Cancelled,1689,830
ORD0007432,2/26/2022,20220226,CUS00820,1,EMP0026,Debit Card,Completed,1900,1020
ORD0000655,2/26/2022,20220226,CUS02963,1,EMP0022,Vodafone Cash,Completed,522.5,290
ORD0006316,2/26/2022,20220226,CUS01487,1,EMP0010,Vodafone Cash,Completed,418,220
ORD0010889,2/26/2022,20220226,CUS02307,2,EMP0048,Vodafone Cash,Completed,5605,5140
ORD0009273,2/26/2022,20220226,CUS02666,13,EMP0189,Debit Card,Completed,504,280
ORD0003160,2/26/2022,20220226,CUS02630,11,EMP0164,Cash,Completed,300,140
ORD0007163,2/26/2022,20220226,CUS01200,4,EMP0092,Vodafone Cash,Completed,600,280
ORD0011146,2/26/2022,20220226,CUS00754,7,EMP0128,Fawry,Completed,120,60
ORD0000866,2/26/2022,20220226,CUS02583,3,No_Employee_id,Fawry,Completed,1341,740
ORD0006211,2/26/2022,20220226,CUS01931,13,EMP0192,Credit Card,Completed,170,80
ORD0009658,2/26/2022,20220226,CUS00465,1,EMP0015,Fawry,Cancelled,228,120
ORD0002975,2/26/2022,20220226,CUS00433,3,EMP0070,Debit Card,Completed,1938,1020
ORD0011717,2/26/2022,20220226,CUS00281,14,EMP0196,Credit Card,Completed,1960,960
ORD0006163,2/26/2022,20220226,CUS01448,10,EMP0161,InstaPay,Completed,510,300
ORD0004091,2/27/2022,20220227,CUS01398,1,EMP0018,Cash,Completed,3749,1900
ORD0007909,2/27/2022,20220227,CUS01385,12,EMP0176,InstaPay,Completed,982,500
ORD0005661,2/27/2022,20220227,CUS01092,4,EMP0084,Vodafone Cash,Completed,240,120
ORD0005161,2/27/2022,20220227,CUS01759,14,EMP0195,InstaPay,Completed,1120,560
ORD0010637,2/27/2022,20220227,CUS01189,10,EMP0155,Debit Card,Completed,2946,1590
ORD0010215,2/27/2022,20220227,CUS02038,1,EMP0013,Credit Card,Completed,653,340
ORD0011836,2/27/2022,20220227,CUS00654,4,EMP0082,Debit Card,Completed,845,440
ORD0011044,2/27/2022,20220227,CUS00611,1,EMP0011,Credit Card,Completed,786,390
ORD0000958,2/27/2022,20220227,CUS00343,4,EMP0088,Debit Card,Completed,234,120
ORD0001972,2/27/2022,20220227,CUS02497,13,EMP0189,Credit Card,Completed,448,280
ORD0001916,2/27/2022,20220227,CUS00084,13,EMP0189,Fawry,Completed,1392,800
ORD0010846,2/27/2022,20220227,CUS00809,1,EMP0013,Vodafone Cash,Completed,2099,1050
ORD0008767,2/28/2022,20220228,CUS01166,2,EMP0033,Vodafone Cash,Returned,1572,800
ORD0007448,2/28/2022,20220228,CUS01371,8,EMP0142,InstaPay,Returned,1738.5,920
ORD0004943,2/28/2022,20220228,CUS01344,13,EMP0192,Debit Card,Completed,340,160
ORD0011506,2/28/2022,20220228,CUS02043,4,EMP0085,Cash,Completed,1720,1110
ORD0010354,2/28/2022,20220228,CUS01576,7,EMP0135,Debit Card,Completed,270,120
ORD0005631,2/28/2022,20220228,CUS01927,8,EMP0144,Fawry,Completed,703,360
ORD0001595,2/28/2022,20220228,CUS02581,4,EMP0084,InstaPay,Cancelled,1814,930
ORD0009164,2/28/2022,20220228,CUS01073,2,EMP0043,InstaPay,Completed,13878,12210
ORD0010008,2/28/2022,20220228,CUS02443,14,EMP0200,Vodafone Cash,Completed,672,400
ORD0009972,2/28/2022,20220228,CUS00063,13,EMP0188,Debit Card,Completed,1666,960
ORD0011422,2/28/2022,20220228,CUS00145,5,EMP0097,Vodafone Cash,Completed,105577.5,88410
ORD0011287,2/28/2022,20220228,CUS00120,1,EMP0024,Credit Card,Completed,1440,850
ORD0010320,2/28/2022,20220228,CUS01728,6,EMP0124,Cash,Completed,1742.5,880
ORD0009971,2/28/2022,20220228,CUS00335,5,EMP0103,Credit Card,Returned,3806,2000
ORD0006868,2/28/2022,20220228,CUS02329,2,EMP0034,Credit Card,Completed,1444,700
ORD0003192,2/28/2022,20220228,CUS00762,7,EMP0136,InstaPay,Completed,3170,2220
ORD0009619,2/28/2022,20220228,CUS02674,2,EMP0038,Fawry,Completed,18940,15070
ORD0001520,3/1/2022,20220301,CUS00952,1,EMP0019,Debit Card,Returned,1030,590
ORD0004910,3/1/2022,20220301,CUS02630,5,EMP0111,Cash,Completed,380,180
ORD0003604,3/1/2022,20220301,CUS01839,11,EMP0166,InstaPay,Completed,520,240
ORD0000544,3/1/2022,20220301,CUS01693,3,EMP0066,Fawry,Completed,558,300
ORD0000720,3/1/2022,20220301,CUS02855,2,EMP0053,Vodafone Cash,Completed,6315,5150
ORD0001144,3/1/2022,20220301,CUS02045,11,No_Employee_id,Fawry,Completed,3528,1760
ORD0001585,3/1/2022,20220301,CUS00736,8,EMP0142,Debit Card,Completed,3830,1940
ORD0006184,3/1/2022,20220301,CUS02913,8,EMP0144,InstaPay,Completed,340,160
ORD0004107,3/1/2022,20220301,CUS00473,1,EMP0013,Credit Card,Completed,24672,19740
ORD0004822,3/1/2022,20220301,CUS01869,3,EMP0057,Fawry,Returned,337.5,220
ORD0004624,3/1/2022,20220301,CUS01109,8,EMP0137,Cash,Completed,320,160
ORD0004033,3/1/2022,20220301,CUS00090,6,EMP0126,Debit Card,Completed,334,170
ORD0009740,3/1/2022,20220301,CUS00544,10,EMP0157,Credit Card,Completed,1986,1050
ORD0011215,3/1/2022,20220301,CUS02065,4,EMP0083,Debit Card,Completed,506,290
ORD0011032,3/2/2022,20220302,CUS00132,11,EMP0168,Fawry,Completed,229.5,130
ORD0001468,3/2/2022,20220302,CUS01705,2,EMP0043,Vodafone Cash,Completed,210,100
ORD0009560,3/2/2022,20220302,CUS00728,6,EMP0119,Vodafone Cash,Completed,380,180
ORD0001327,3/2/2022,20220302,CUS01244,1,EMP0006,InstaPay,Completed,304,150
ORD0000292,3/2/2022,20220302,CUS01233,12,EMP0178,Debit Card,Completed,170,80
ORD0000101,3/2/2022,20220302,CUS01965,1,EMP0021,Debit Card,Completed,199.5,100
ORD0000389,3/2/2022,20220302,CUS01277,1,EMP0028,InstaPay,Completed,1320,640
ORD0006857,3/2/2022,20220302,CUS00312,1,No_Employee_id,Vodafone Cash,Completed,31290,35700
ORD0007923,3/2/2022,20220302,CUS01635,3,EMP0062,InstaPay,Completed,260,120
ORD0008373,3/2/2022,20220302,CUS01121,11,EMP0169,Vodafone Cash,Completed,1569.5,780
ORD0007256,3/2/2022,20220302,CUS00699,1,EMP0011,InstaPay,Completed,3229,2260
ORD0010425,3/3/2022,20220303,CUS02789,12,EMP0181,Debit Card,Completed,243,130
ORD0000627,3/3/2022,20220303,CUS02940,1,EMP0009,InstaPay,Completed,15155,11670
ORD0008567,3/3/2022,20220303,CUS00014,1,EMP0014,InstaPay,Completed,456,260
ORD0003614,3/3/2022,20220303,CUS01251,1,EMP0017,Fawry,Returned,3756,1860
ORD0010727,3/3/2022,20220303,CUS00685,15,EMP0213,Debit Card,Completed,21280,17800
ORD0009600,3/3/2022,20220303,CUS01843,6,EMP0116,Fawry,Completed,140,70
ORD0008548,3/3/2022,20220303,CUS01282,14,EMP0196,Credit Card,Completed,33139,26330
ORD0000985,3/3/2022,20220303,CUS02786,11,EMP0167,Credit Card,Completed,367.5,240
ORD0007002,3/3/2022,20220303,CUS02681,3,EMP0063,Fawry,Completed,2446,1240
ORD0006572,3/3/2022,20220303,CUS02201,1,EMP0013,Fawry,Completed,1192,610
ORD0004412,3/4/2022,20220304,CUS02405,4,EMP0087,Vodafone Cash,Completed,862,430
ORD0006248,3/4/2022,20220304,CUS01312,4,EMP0092,Credit Card,Completed,27715,21920
ORD0005371,3/4/2022,20220304,CUS00113,2,EMP0050,Credit Card,Completed,13540,11370
ORD0005924,3/4/2022,20220304,CUS01280,11,EMP0167,Credit Card,Completed,566,330
ORD0005418,3/4/2022,20220304,CUS02829,6,EMP0115,Cash,Completed,120,60
ORD0004366,3/4/2022,20220304,CUS00514,3,EMP0070,Debit Card,Completed,240,110
ORD0004289,3/4/2022,20220304,CUS02558,14,EMP0202,InstaPay,Completed,324,180
ORD0009594,3/4/2022,20220304,CUS02111,4,EMP0087,Credit Card,Completed,1244,830
ORD0004303,3/4/2022,20220304,CUS02578,3,EMP0064,InstaPay,Completed,228,120
ORD0007399,3/4/2022,20220304,CUS01626,5,EMP0097,Credit Card,Completed,270,120
ORD0004818,3/4/2022,20220304,CUS02401,14,EMP0197,Cash,Cancelled,190,90
ORD0007848,3/4/2022,20220304,CUS00697,12,EMP0178,Vodafone Cash,Completed,10980,9800
ORD0000171,3/4/2022,20220304,CUS01444,7,EMP0132,InstaPay,Completed,260,130
ORD0006540,3/5/2022,20220305,CUS02474,6,EMP0126,Fawry,Completed,720,360
ORD0009830,3/5/2022,20220305,CUS01547,1,EMP0028,Debit Card,Completed,1460,750
ORD0002417,3/5/2022,20220305,CUS02935,3,EMP0059,Vodafone Cash,Cancelled,270,140
ORD0009083,3/5/2022,20220305,CUS01487,1,EMP0010,Fawry,Returned,912,480
ORD0002085,3/5/2022,20220305,CUS02357,2,EMP0046,Vodafone Cash,Completed,218.5,110
ORD0009006,3/5/2022,20220305,CUS02711,13,EMP0188,InstaPay,Returned,160,100
ORD0011736,3/5/2022,20220305,CUS00146,1,EMP0004,Debit Card,Completed,3452.5,1780
ORD0008149,3/5/2022,20220305,CUS01728,12,EMP0175,Fawry,Completed,4770.5,4090
ORD0006963,3/5/2022,20220305,CUS00845,5,EMP0100,Vodafone Cash,Returned,12665,11900
ORD0001059,3/5/2022,20220305,CUS02620,12,EMP0182,Vodafone Cash,Cancelled,250,110
ORD0002808,3/5/2022,20220305,CUS01183,15,EMP0207,Cash,Completed,446,230
ORD0006214,3/6/2022,20220306,CUS01412,4,EMP0079,InstaPay,Returned,1158,650
ORD0000854,3/6/2022,20220306,CUS01360,14,EMP0195,InstaPay,Returned,4731.5,2540
ORD0008787,3/6/2022,20220306,CUS00975,12,EMP0178,Credit Card,Completed,2790,1410
ORD0007120,3/6/2022,20220306,CUS00602,10,EMP0159,InstaPay,Completed,570,280
ORD0001910,3/6/2022,20220306,CUS02953,5,EMP0095,Debit Card,Completed,380,200
ORD0007042,3/6/2022,20220306,CUS02755,2,No_Employee_id,Vodafone Cash,Completed,950,460
ORD0004200,3/6/2022,20220306,CUS00860,14,EMP0199,Cash,Completed,4072,3320
ORD0007802,3/6/2022,20220306,CUS00933,11,EMP0170,InstaPay,Cancelled,250,120
ORD0008926,3/6/2022,20220306,CUS00584,12,EMP0180,Cash,Completed,142.5,70
ORD0011754,3/6/2022,20220306,CUS01320,5,EMP0104,InstaPay,Completed,277.5,150
ORD0001037,3/6/2022,20220306,CUS01041,15,EMP0208,Debit Card,Completed,2274.5,1140
ORD0006810,3/6/2022,20220306,CUS02518,5,EMP0095,Fawry,Completed,266,140
ORD0010470,3/6/2022,20220306,CUS02927,4,EMP0087,Fawry,Completed,209,100
ORD0010291,3/7/2022,20220307,CUS01418,5,EMP0099,Vodafone Cash,Completed,25099,21910
ORD0008044,3/7/2022,20220307,CUS02933,8,EMP0138,InstaPay,Completed,1440,680
ORD0004462,3/7/2022,20220307,CUS02838,3,EMP0073,Vodafone Cash,Completed,1989.5,1010
ORD0008051,3/7/2022,20220307,CUS02726,1,EMP0010,Debit Card,Completed,1411,740
ORD0002288,3/7/2022,20220307,CUS01718,1,EMP0028,Debit Card,Completed,81,40
ORD0007717,3/7/2022,20220307,CUS01574,3,EMP0066,Credit Card,Completed,1400,780
ORD0008013,3/7/2022,20220307,CUS02593,14,EMP0199,Fawry,Completed,1575,1050
ORD0008163,3/7/2022,20220307,CUS00730,11,EMP0171,Vodafone Cash,Completed,510,240
ORD0001832,3/7/2022,20220307,CUS02827,9,EMP0151,Credit Card,Completed,6913,7240
ORD0004494,3/7/2022,20220307,CUS00892,6,EMP0122,Credit Card,Returned,804,480
ORD0000177,3/7/2022,20220307,CUS00242,7,EMP0135,Debit Card,Completed,995.5,530
ORD0001484,3/7/2022,20220307,CUS01428,6,EMP0118,Vodafone Cash,Completed,480,210
ORD0005673,3/7/2022,20220307,CUS02175,5,EMP0103,Vodafone Cash,Returned,810,520
ORD0005948,3/7/2022,20220307,CUS02475,14,EMP0199,Credit Card,Completed,446.5,230
ORD0000270,3/7/2022,20220307,CUS02824,8,EMP0138,InstaPay,Completed,700,350
ORD0011358,3/8/2022,20220308,CUS01893,3,EMP0073,Credit Card,Completed,2442,1280
ORD0003919,3/8/2022,20220308,CUS00681,6,EMP0113,Fawry,Completed,170,80
ORD0005658,3/8/2022,20220308,CUS00230,2,EMP0038,Debit Card,Completed,20748,16950
ORD0001178,3/8/2022,20220308,CUS00139,11,EMP0165,Credit Card,Completed,24630.5,21650
ORD0011022,3/8/2022,20220308,CUS00604,3,EMP0068,Credit Card,Completed,1872,980
ORD0005955,3/8/2022,20220308,CUS00430,3,EMP0064,Debit Card,Completed,1098,590
ORD0002461,3/8/2022,20220308,CUS02000,11,EMP0166,Credit Card,Completed,1323,720
ORD0001224,3/8/2022,20220308,CUS00764,11,EMP0172,Cash,Completed,1217,600
ORD0008528,3/9/2022,20220309,CUS00160,11,EMP0170,Fawry,Completed,465,240
ORD0005459,3/9/2022,20220309,CUS02363,14,EMP0197,Debit Card,Cancelled,76,40
ORD0002966,3/9/2022,20220309,CUS02248,13,No_Employee_id,Vodafone Cash,Completed,634.5,360
ORD0007675,3/9/2022,20220309,CUS01188,1,EMP0001,Vodafone Cash,Completed,270,140
ORD0005085,3/9/2022,20220309,CUS00315,8,EMP0143,Vodafone Cash,Completed,9180,8100
ORD0005827,3/9/2022,20220309,CUS00442,7,EMP0136,Credit Card,Completed,306,170
ORD0010176,3/9/2022,20220309,CUS00365,9,EMP0148,Cash,Completed,2500,2000
ORD0011078,3/9/2022,20220309,CUS02244,1,EMP0017,Debit Card,Completed,8652,6990
ORD0009602,3/9/2022,20220309,CUS01279,5,EMP0096,InstaPay,Completed,561,320
ORD0009040,3/9/2022,20220309,CUS00719,2,EMP0053,Cash,Completed,1545,810
ORD0003928,3/9/2022,20220309,CUS00157,7,EMP0131,Debit Card,Completed,826.5,450
ORD0003576,3/10/2022,20220310,CUS00889,8,EMP0138,Fawry,Completed,323,180
ORD0009243,3/10/2022,20220310,CUS01039,12,EMP0178,Vodafone Cash,Completed,560,260
ORD0005620,3/10/2022,20220310,CUS00197,2,EMP0038,Cash,Returned,11334,9990
ORD0001818,3/10/2022,20220310,CUS01835,11,EMP0173,Debit Card,Completed,3460,1710
ORD0008762,3/10/2022,20220310,CUS02174,1,EMP0027,Vodafone Cash,Completed,954,500
ORD0006882,3/10/2022,20220310,CUS02039,6,EMP0120,Cash,Completed,39600,31500
ORD0005674,3/10/2022,20220310,CUS00055,2,EMP0047,Fawry,Completed,20393.5,15720
ORD0003924,3/10/2022,20220310,CUS01270,6,EMP0124,Cash,Completed,1068,570
ORD0010948,3/10/2022,20220310,CUS02569,4,EMP0092,Cash,Cancelled,2240,1090
ORD0004765,3/11/2022,20220311,CUS00903,7,EMP0131,Debit Card,Completed,388,210
ORD0010969,3/11/2022,20220311,CUS00286,10,EMP0163,InstaPay,Completed,1400,750
ORD0010958,3/11/2022,20220311,CUS00090,4,No_Employee_id,Cash,Completed,142.5,70
ORD0011148,3/11/2022,20220311,CUS00512,3,EMP0072,Debit Card,Completed,1365,900
ORD0009291,3/11/2022,20220311,CUS02931,4,EMP0093,Debit Card,Cancelled,874,440
ORD0009152,3/11/2022,20220311,CUS00033,5,EMP0112,Debit Card,Completed,2627,1920
ORD0004270,3/11/2022,20220311,CUS02093,3,EMP0065,Credit Card,Completed,432,240
ORD0001816,3/11/2022,20220311,CUS02497,14,EMP0197,Vodafone Cash,Completed,520,260
ORD0005564,3/11/2022,20220311,CUS01755,12,EMP0175,InstaPay,Returned,1052,530
ORD0001186,3/12/2022,20220312,CUS01153,7,EMP0133,Cash,Completed,23170,22090
ORD0009030,3/12/2022,20220312,CUS00225,3,EMP0064,Debit Card,Completed,238,140
ORD0009034,3/12/2022,20220312,CUS01709,5,EMP0111,Fawry,Completed,4327,3750
ORD0010002,3/12/2022,20220312,CUS01883,1,EMP0001,InstaPay,Completed,270,130
ORD0001527,3/12/2022,20220312,CUS00036,10,EMP0156,Credit Card,Completed,136,80
ORD0010381,3/12/2022,20220312,CUS00264,1,EMP0001,Cash,Completed,372,200
ORD0001598,3/13/2022,20220313,CUS00494,2,EMP0052,Debit Card,Completed,611,330
ORD0004002,3/13/2022,20220313,CUS01961,2,EMP0038,Debit Card,Completed,612,320
ORD0001099,3/13/2022,20220313,CUS01743,2,EMP0044,Cash,Completed,13250,10510
ORD0001715,3/13/2022,20220313,CUS00128,5,EMP0098,Cash,Completed,570,270
ORD0009792,3/13/2022,20220313,CUS01177,2,EMP0041,Vodafone Cash,Completed,190,90
ORD0000891,3/13/2022,20220313,CUS02898,10,EMP0158,InstaPay,Completed,150,70
ORD0003587,3/13/2022,20220313,CUS00417,4,EMP0092,Credit Card,Completed,564,300
ORD0000469,3/13/2022,20220313,CUS00851,11,EMP0169,Debit Card,Completed,238,140
ORD0011779,3/13/2022,20220313,CUS02197,5,EMP0106,InstaPay,Completed,21520,16760
ORD0006080,3/13/2022,20220313,CUS00608,2,EMP0046,InstaPay,Completed,195.5,110
ORD0005106,3/14/2022,20220314,CUS02731,6,EMP0119,Vodafone Cash,Completed,2236.5,1120
ORD0001378,3/14/2022,20220314,CUS02883,11,No_Employee_id,Credit Card,Completed,810,440
ORD0002057,3/14/2022,20220314,CUS00278,4,No_Employee_id,Credit Card,Completed,270,140
ORD0011211,3/14/2022,20220314,CUS02080,1,EMP0011,Vodafone Cash,Completed,540,290
ORD0008702,3/14/2022,20220314,CUS01922,5,EMP0097,InstaPay,Completed,1282.5,660
ORD0008977,3/14/2022,20220314,CUS01567,4,EMP0085,Cash,Completed,680.5,420
ORD0008970,3/15/2022,20220315,CUS01398,10,EMP0155,InstaPay,Completed,189,100
ORD0001812,3/15/2022,20220315,CUS01451,12,EMP0175,InstaPay,Completed,930,460
ORD0006244,3/15/2022,20220315,CUS01364,8,EMP0139,Fawry,Completed,7092,5450
ORD0003119,3/15/2022,20220315,CUS00633,2,EMP0054,Vodafone Cash,Completed,1560,770
ORD0010705,3/15/2022,20220315,CUS02469,4,EMP0089,Fawry,Completed,9738,7330
ORD0003122,3/15/2022,20220315,CUS00177,1,EMP0026,Debit Card,Completed,1862,970
ORD0005491,3/15/2022,20220315,CUS02156,11,EMP0168,Fawry,Completed,30000,24000
ORD0001387,3/15/2022,20220315,CUS00546,14,EMP0194,Vodafone Cash,Completed,13305,11800
ORD0001443,3/15/2022,20220315,CUS02840,2,EMP0049,Credit Card,Completed,3235.5,1630
ORD0009783,3/15/2022,20220315,CUS00107,1,EMP0010,Fawry,Completed,3374,1810
ORD0002623,3/15/2022,20220315,CUS01380,11,EMP0166,Credit Card,Completed,288,140
ORD0010014,3/15/2022,20220315,CUS02066,2,EMP0047,InstaPay,Completed,360,170
ORD0004348,3/15/2022,20220315,CUS00765,4,EMP0084,Debit Card,Completed,503.5,260
ORD0002862,3/15/2022,20220315,CUS00492,5,EMP0106,Fawry,Completed,1147.5,580
ORD0011271,3/16/2022,20220316,CUS02993,5,EMP0099,Vodafone Cash,Completed,1755,960
ORD0009241,3/16/2022,20220316,CUS01413,1,EMP0020,InstaPay,Completed,288,160
ORD0004891,3/16/2022,20220316,CUS01295,2,EMP0029,Credit Card,Completed,180,110
ORD0006411,3/16/2022,20220316,CUS01809,2,EMP0044,InstaPay,Completed,243,130
ORD0008396,3/17/2022,20220317,CUS01220,2,EMP0043,Credit Card,Completed,380,180
ORD0005358,3/17/2022,20220317,CUS02093,5,EMP0096,Debit Card,Completed,800,390
ORD0006578,3/17/2022,20220317,CUS02365,10,EMP0162,Credit Card,Completed,323,160
ORD0006522,3/17/2022,20220317,CUS00655,6,EMP0125,Vodafone Cash,Completed,1309.5,710
ORD0003332,3/17/2022,20220317,CUS02884,9,EMP0147,Cash,Completed,20400,16200
ORD0007571,3/18/2022,20220318,CUS01032,7,EMP0130,Vodafone Cash,Completed,461.5,220
ORD0008864,3/18/2022,20220318,CUS00769,14,EMP0196,Fawry,Cancelled,324,190
ORD0009533,3/18/2022,20220318,CUS02590,1,EMP0015,Fawry,Completed,1128,610
ORD0003593,3/18/2022,20220318,CUS00577,3,EMP0061,Debit Card,Completed,17719,15420
ORD0001736,3/18/2022,20220318,CUS00042,1,EMP0025,Cash,Completed,53169,44050
ORD0008157,3/18/2022,20220318,CUS01094,14,EMP0197,Fawry,Completed,152,90
ORD0001825,3/18/2022,20220318,CUS02557,5,EMP0099,Vodafone Cash,Returned,3980,2580
ORD0009582,3/18/2022,20220318,CUS01916,13,EMP0186,Cash,Completed,1188,560
ORD0006647,3/18/2022,20220318,CUS01970,10,EMP0161,Fawry,Completed,1147.5,640
ORD0005986,3/18/2022,20220318,CUS02117,8,EMP0142,Credit Card,Completed,34608,30100
ORD0009939,3/18/2022,20220318,CUS01215,2,EMP0051,Fawry,Returned,520,260
ORD0002480,3/18/2022,20220318,CUS00990,3,EMP0069,Cash,Completed,144,70
ORD0008206,3/19/2022,20220319,CUS00480,13,EMP0189,InstaPay,Returned,2098,1180
ORD0001705,3/19/2022,20220319,CUS01738,4,EMP0085,Fawry,Completed,4549,3320
ORD0002169,3/19/2022,20220319,CUS00965,2,No_Employee_id,Cash,Completed,828,450
ORD0006772,3/19/2022,20220319,CUS01802,3,EMP0074,Fawry,Completed,540,260
ORD0007773,3/19/2022,20220319,CUS01803,4,EMP0082,Debit Card,Completed,480,230
ORD0000533,3/19/2022,20220319,CUS01496,3,EMP0068,Debit Card,Completed,682,330
ORD0003625,3/19/2022,20220319,CUS00421,11,EMP0166,Vodafone Cash,Completed,2760,1360
ORD0003168,3/19/2022,20220319,CUS01092,15,EMP0208,Cash,Completed,255,140
ORD0007565,3/19/2022,20220319,CUS02166,1,EMP0005,Vodafone Cash,Returned,1976,1000
ORD0009858,3/19/2022,20220319,CUS00147,7,EMP0133,Cash,Completed,52800,42000
ORD0010710,3/19/2022,20220319,CUS02248,11,EMP0168,Cash,Completed,747,410
ORD0001415,3/20/2022,20220320,CUS02201,4,EMP0090,Credit Card,Completed,708,380
ORD0010707,3/20/2022,20220320,CUS01882,6,EMP0119,Fawry,Completed,260,130
ORD0007935,3/20/2022,20220320,CUS00836,4,EMP0080,Vodafone Cash,Completed,14880,14900
ORD0003432,3/20/2022,20220320,CUS02237,14,EMP0202,Debit Card,Completed,370,180
ORD0011776,3/20/2022,20220320,CUS01794,9,EMP0146,Cash,Returned,2212.5,1080
ORD0011895,3/20/2022,20220320,CUS01259,1,EMP0004,Fawry,Completed,290,140
ORD0005555,3/20/2022,20220320,CUS02357,4,EMP0081,Vodafone Cash,Completed,234,120
ORD0009406,3/20/2022,20220320,CUS02208,1,EMP0007,Fawry,Completed,1878,1030
ORD0011029,3/20/2022,20220320,CUS00408,1,EMP0005,InstaPay,Completed,992,550
ORD0011636,3/20/2022,20220320,CUS00119,2,EMP0045,InstaPay,Completed,777,480
ORD0000460,3/20/2022,20220320,CUS01176,7,EMP0131,Fawry,Completed,830,400
ORD0010445,3/21/2022,20220321,CUS01064,2,EMP0040,InstaPay,Completed,324,180
ORD0001842,3/21/2022,20220321,CUS02335,14,EMP0200,InstaPay,Completed,8601,8130
ORD0003232,3/21/2022,20220321,CUS00499,13,EMP0191,Credit Card,Completed,1744,860
ORD0002209,3/21/2022,20220321,CUS00045,12,EMP0182,Cash,Completed,420,180
ORD0005228,3/21/2022,20220321,CUS00768,1,EMP0020,Vodafone Cash,Completed,612,290
ORD0000560,3/21/2022,20220321,CUS02902,4,EMP0084,Credit Card,Completed,1412.5,720
ORD0010223,3/21/2022,20220321,CUS02811,10,EMP0152,InstaPay,Completed,10301,7800
ORD0007592,3/21/2022,20220321,CUS02504,7,EMP0131,Fawry,Completed,1064,560
ORD0006067,3/21/2022,20220321,CUS02060,2,EMP0051,Debit Card,Completed,836,680
ORD0009214,3/21/2022,20220321,CUS02024,15,EMP0210,InstaPay,Completed,442,240
ORD0007032,3/21/2022,20220321,CUS00440,15,EMP0206,Credit Card,Completed,741,360
ORD0007396,3/21/2022,20220321,CUS01709,10,EMP0159,Fawry,Completed,270,130
ORD0006856,3/21/2022,20220321,CUS01970,5,EMP0108,Fawry,Completed,300,150
ORD0008526,3/21/2022,20220321,CUS00181,10,EMP0162,Cash,Completed,320,140
ORD0009101,3/21/2022,20220321,CUS01561,4,No_Employee_id,Vodafone Cash,Completed,405,210
ORD0000218,3/22/2022,20220322,CUS02235,1,EMP0027,Credit Card,Completed,840,510
ORD0005367,3/22/2022,20220322,CUS01441,4,EMP0087,Fawry,Completed,1102,580
ORD0009974,3/22/2022,20220322,CUS01039,3,EMP0063,Credit Card,Completed,136,80
ORD0001985,3/22/2022,20220322,CUS01689,5,EMP0111,Debit Card,Completed,799,460
ORD0002217,3/22/2022,20220322,CUS01287,4,EMP0080,InstaPay,Completed,1664,1000
ORD0008523,3/22/2022,20220322,CUS00078,2,EMP0043,Credit Card,Completed,13000,10400
ORD0009070,3/22/2022,20220322,CUS01691,3,EMP0076,Fawry,Completed,550,270
ORD0010690,3/22/2022,20220322,CUS00238,11,No_Employee_id,Cash,Completed,1186,630
ORD0007107,3/23/2022,20220323,CUS01895,2,No_Employee_id,Cash,Completed,4503,2390
ORD0004948,3/23/2022,20220323,CUS00012,9,EMP0148,Debit Card,Completed,930,460
ORD0007293,3/23/2022,20220323,CUS01918,3,EMP0074,Cash,Returned,6847,5360
ORD0007821,3/23/2022,20220323,CUS02736,5,EMP0108,Fawry,Completed,2810,1500
ORD0007515,3/23/2022,20220323,CUS01011,7,EMP0131,Vodafone Cash,Completed,208,120
ORD0011890,3/23/2022,20220323,CUS01705,13,EMP0187,Cash,Returned,1573,900
ORD0001251,3/23/2022,20220323,CUS01772,3,EMP0071,Debit Card,Completed,216,120
ORD0003029,3/23/2022,20220323,CUS01262,9,EMP0151,InstaPay,Completed,130,60
ORD0009223,3/23/2022,20220323,CUS00823,2,EMP0048,Debit Card,Returned,3740,1900
ORD0008535,3/23/2022,20220323,CUS02998,4,EMP0086,Vodafone Cash,Cancelled,1440,880
ORD0004542,3/23/2022,20220323,CUS00711,1,EMP0019,Vodafone Cash,Completed,8337,9190
ORD0010005,3/23/2022,20220323,CUS01130,1,EMP0004,Vodafone Cash,Completed,7780,8350
ORD0006899,3/24/2022,20220324,CUS02982,11,EMP0165,Credit Card,Completed,998,500
ORD0008740,3/24/2022,20220324,CUS00925,3,EMP0067,Cash,Completed,8425,6290
ORD0001992,3/24/2022,20220324,CUS02338,6,EMP0116,Debit Card,Completed,30880,24360
ORD0006351,3/24/2022,20220324,CUS02173,1,EMP0009,Fawry,Returned,1434,770
ORD0010670,3/24/2022,20220324,CUS01350,12,EMP0177,Debit Card,Returned,756,520
ORD0006430,3/24/2022,20220324,CUS01623,11,EMP0171,Vodafone Cash,Returned,128,70
ORD0005199,3/24/2022,20220324,CUS01362,6,EMP0116,InstaPay,Completed,450,210
ORD0003742,3/24/2022,20220324,CUS01650,1,EMP0013,Credit Card,Completed,745,380
ORD0005956,3/24/2022,20220324,CUS01444,3,EMP0065,Debit Card,Completed,192,110
ORD0001028,3/25/2022,20220325,CUS02629,2,EMP0032,Vodafone Cash,Completed,1728,940
ORD0002494,3/25/2022,20220325,CUS01318,3,EMP0070,InstaPay,Completed,136,70
ORD0011317,3/25/2022,20220325,CUS02468,1,EMP0010,Credit Card,Completed,2340,1230
ORD0003718,3/25/2022,20220325,CUS02258,4,EMP0082,Debit Card,Completed,1200.5,630
ORD0001151,3/25/2022,20220325,CUS00886,1,EMP0024,Vodafone Cash,Completed,504,270
ORD0000675,3/25/2022,20220325,CUS00445,6,EMP0116,Vodafone Cash,Completed,180,80
ORD0011068,3/25/2022,20220325,CUS00483,3,EMP0073,Credit Card,Completed,238,140
ORD0005130,3/25/2022,20220325,CUS02669,2,EMP0030,Cash,Completed,1567,830
ORD0011606,3/25/2022,20220325,CUS00440,12,EMP0182,InstaPay,Completed,1238.5,730
ORD0001017,3/25/2022,20220325,CUS00502,12,No_Employee_id,Credit Card,Completed,14400,11200
ORD0009501,3/25/2022,20220325,CUS02326,11,No_Employee_id,Vodafone Cash,Completed,1626.5,860
ORD0011365,3/25/2022,20220325,CUS00188,1,EMP0021,Credit Card,Completed,120,60
ORD0000941,3/25/2022,20220325,CUS02128,10,EMP0156,Cash,Completed,2789,1720
ORD0007582,3/26/2022,20220326,CUS01574,15,EMP0214,InstaPay,Completed,3488,1990
ORD0008031,3/26/2022,20220326,CUS01572,3,EMP0072,Cash,Completed,705,390
ORD0011753,3/26/2022,20220326,CUS01087,5,EMP0097,Vodafone Cash,Completed,18500,14800
ORD0009641,3/26/2022,20220326,CUS02708,4,EMP0086,Fawry,Completed,1468,1000
ORD0000493,3/26/2022,20220326,CUS01026,12,EMP0175,Vodafone Cash,Completed,1400,680
ORD0003355,3/26/2022,20220326,CUS00098,13,EMP0193,Credit Card,Completed,720,360
ORD0008025,3/26/2022,20220326,CUS00873,4,EMP0093,InstaPay,Completed,1450,1070
ORD0004408,3/26/2022,20220326,CUS02256,15,EMP0208,Fawry,Completed,1551.5,870
ORD0011970,3/26/2022,20220326,CUS01973,6,EMP0115,Cash,Completed,691,330
ORD0006955,3/26/2022,20220326,CUS00499,2,EMP0043,Credit Card,Completed,1340,620
ORD0003219,3/26/2022,20220326,CUS00482,3,EMP0075,Cash,Completed,252,140
ORD0011408,3/26/2022,20220326,CUS02458,6,EMP0121,Fawry,Completed,4468,3020
ORD0007308,3/27/2022,20220327,CUS02296,2,EMP0036,InstaPay,Completed,1258,640
ORD0007043,3/27/2022,20220327,CUS01216,2,EMP0050,Cash,Completed,672,400
ORD0011481,3/27/2022,20220327,CUS02797,1,No_Employee_id,Debit Card,Returned,770,450
ORD0002024,3/27/2022,20220327,CUS01808,9,EMP0151,InstaPay,Completed,1010,490
ORD0011392,3/27/2022,20220327,CUS02343,11,EMP0168,Cash,Completed,8455,7100
ORD0006290,3/27/2022,20220327,CUS01573,2,EMP0041,InstaPay,Completed,1183,620
ORD0009991,3/27/2022,20220327,CUS00163,13,EMP0189,Credit Card,Returned,4043,2140
ORD0005335,3/27/2022,20220327,CUS00682,10,EMP0161,InstaPay,Completed,658,340
ORD0005396,3/28/2022,20220328,CUS01237,8,No_Employee_id,Fawry,Completed,1161,580
ORD0001784,3/28/2022,20220328,CUS00453,3,EMP0062,Cash,Completed,1368,730
ORD0009474,3/28/2022,20220328,CUS00240,3,EMP0065,Debit Card,Completed,2843.5,1530
ORD0003646,3/28/2022,20220328,CUS00683,4,EMP0081,Credit Card,Completed,140,70
ORD0005666,3/28/2022,20220328,CUS02797,6,EMP0113,InstaPay,Completed,992,510
ORD0001469,3/28/2022,20220328,CUS02202,14,EMP0197,Vodafone Cash,Cancelled,735,410
ORD0000516,3/28/2022,20220328,CUS02283,14,EMP0200,Cash,Completed,408,230
ORD0007509,3/28/2022,20220328,CUS00299,9,EMP0149,Credit Card,Completed,1440,680
ORD0007458,3/29/2022,20220329,CUS02383,3,EMP0074,InstaPay,Completed,630,350
ORD0011444,3/29/2022,20220329,CUS01262,11,EMP0164,InstaPay,Completed,924,500
ORD0009279,3/29/2022,20220329,CUS02859,7,EMP0135,Fawry,Completed,1686,920
ORD0000183,3/29/2022,20220329,CUS00540,3,EMP0069,Debit Card,Returned,275,130
ORD0009648,3/29/2022,20220329,CUS02541,2,EMP0044,Cash,Completed,1125.5,520
ORD0010824,3/29/2022,20220329,CUS00386,4,EMP0083,InstaPay,Completed,1660,820
ORD0011194,3/29/2022,20220329,CUS01707,11,EMP0173,Fawry,Completed,411,260
ORD0003216,3/29/2022,20220329,CUS01143,11,EMP0166,Cash,Completed,520,260
ORD0011521,3/29/2022,20220329,CUS00702,10,EMP0158,Cash,Completed,340,160
ORD0008646,3/29/2022,20220329,CUS00201,1,EMP0008,Cash,Cancelled,15300,12000
ORD0004809,3/30/2022,20220330,CUS01335,2,EMP0033,InstaPay,Completed,1945.5,1090
ORD0002656,3/30/2022,20220330,CUS02228,1,EMP0024,Vodafone Cash,Completed,539.5,270
ORD0005016,3/30/2022,20220330,CUS00229,10,EMP0157,Vodafone Cash,Returned,712,350
ORD0001931,3/30/2022,20220330,CUS02022,4,EMP0085,Debit Card,Completed,3788,1930
ORD0011530,3/30/2022,20220330,CUS02154,4,EMP0091,InstaPay,Completed,437,220
ORD0001137,3/30/2022,20220330,CUS01784,9,EMP0151,Vodafone Cash,Completed,37488,29980
ORD0011956,3/30/2022,20220330,CUS02863,9,No_Employee_id,Cash,Completed,2396,1270
ORD0004074,3/30/2022,20220330,CUS01184,1,EMP0002,InstaPay,Completed,15332,12150
ORD0002236,3/30/2022,20220330,CUS00539,1,EMP0018,Debit Card,Completed,530,260
ORD0001853,3/30/2022,20220330,CUS00133,10,EMP0159,Credit Card,Completed,4996,2500
ORD0007680,3/30/2022,20220330,CUS01394,3,EMP0077,Fawry,Completed,14076,12300
ORD0004771,3/30/2022,20220330,CUS00608,5,EMP0097,Cash,Completed,1150.5,580
ORD0009218,3/31/2022,20220331,CUS00874,8,EMP0142,Cash,Completed,22188,19720
ORD0005350,3/31/2022,20220331,CUS02892,7,EMP0133,Fawry,Completed,14448,13370
ORD0000368,3/31/2022,20220331,CUS00775,3,EMP0067,Credit Card,Completed,240,120
ORD0002338,3/31/2022,20220331,CUS02643,6,No_Employee_id,Cash,Completed,178.5,100
ORD0001766,3/31/2022,20220331,CUS00452,15,EMP0209,Cash,Completed,17479,13240
ORD0003092,3/31/2022,20220331,CUS00323,10,EMP0158,Fawry,Returned,586,300
ORD0000600,3/31/2022,20220331,CUS02656,7,EMP0131,Credit Card,Completed,468,260
ORD0004794,3/31/2022,20220331,CUS00631,7,EMP0135,Cash,Completed,470,230
ORD0009569,3/31/2022,20220331,CUS00690,6,EMP0123,Credit Card,Completed,895.5,450
ORD0002398,3/31/2022,20220331,CUS02835,4,EMP0085,Fawry,Cancelled,400,190
ORD0003154,3/31/2022,20220331,CUS01285,1,EMP0005,InstaPay,Completed,518.5,300
ORD0000198,4/1/2022,20220401,CUS02863,12,No_Employee_id,Credit Card,Completed,1996.5,1010
ORD0001568,4/1/2022,20220401,CUS01111,2,EMP0044,Debit Card,Completed,1300,640
ORD0005536,4/1/2022,20220401,CUS00795,3,EMP0061,Vodafone Cash,Completed,2537,1440
ORD0008472,4/1/2022,20220401,CUS01555,2,EMP0054,Fawry,Completed,430,210
ORD0006342,4/1/2022,20220401,CUS00728,5,EMP0097,Vodafone Cash,Completed,360,180
ORD0000951,4/1/2022,20220401,CUS02379,1,EMP0016,Fawry,Completed,5100,4000
ORD0010915,4/1/2022,20220401,CUS01523,4,EMP0079,Vodafone Cash,Completed,1350,660
ORD0006319,4/1/2022,20220401,CUS02043,7,EMP0132,Credit Card,Completed,1026,540
ORD0008109,4/1/2022,20220401,CUS01776,3,EMP0075,Credit Card,Completed,1254,680
ORD0004038,4/1/2022,20220401,CUS02468,4,EMP0092,Credit Card,Completed,692,380
ORD0005937,4/1/2022,20220401,CUS02704,1,EMP0027,Vodafone Cash,Completed,1057.5,870
ORD0005816,4/2/2022,20220402,CUS00340,8,EMP0143,InstaPay,Completed,10900,8700
ORD0004440,4/2/2022,20220402,CUS01795,1,EMP0008,Fawry,Completed,972,520
ORD0003213,4/2/2022,20220402,CUS01048,4,EMP0085,Vodafone Cash,Completed,142.5,90
ORD0001663,4/2/2022,20220402,CUS02742,4,EMP0089,Vodafone Cash,Completed,13770,14050
ORD0005560,4/2/2022,20220402,CUS02255,11,EMP0173,Credit Card,Completed,873,500
ORD0002537,4/2/2022,20220402,CUS00893,2,EMP0034,InstaPay,Completed,1344,650
ORD0007392,4/2/2022,20220402,CUS01362,5,EMP0109,InstaPay,Returned,544,310
ORD0008601,4/2/2022,20220402,CUS01618,3,EMP0062,Cash,Completed,208,120
ORD0006139,4/2/2022,20220402,CUS01576,5,EMP0102,Vodafone Cash,Cancelled,1650,800
ORD0004996,4/2/2022,20220402,CUS01646,3,EMP0073,Credit Card,Completed,300,150
ORD0000781,4/2/2022,20220402,CUS01326,4,EMP0090,InstaPay,Completed,28965.5,24390
ORD0004422,4/2/2022,20220402,CUS01328,8,EMP0138,Debit Card,Completed,7200,6400
ORD0002010,4/2/2022,20220402,CUS00133,4,EMP0080,Credit Card,Completed,8779,9030
ORD0002456,4/2/2022,20220402,CUS01528,2,EMP0035,InstaPay,Completed,901,480
ORD0003494,4/3/2022,20220403,CUS02431,2,EMP0042,InstaPay,Completed,720,390
ORD0003846,4/3/2022,20220403,CUS02850,2,EMP0049,Vodafone Cash,Completed,210,100
ORD0009574,4/3/2022,20220403,CUS02716,1,No_Employee_id,Debit Card,Completed,81,40
ORD0011691,4/3/2022,20220403,CUS00303,11,EMP0167,Vodafone Cash,Completed,851.5,470
ORD0009115,4/3/2022,20220403,CUS02463,15,EMP0209,Credit Card,Completed,710,340
ORD0000090,4/3/2022,20220403,CUS02378,2,EMP0053,Cash,Completed,2043,1120
ORD0007602,4/3/2022,20220403,CUS00644,2,EMP0042,Cash,Completed,5580,4480
ORD0003777,4/3/2022,20220403,CUS01447,9,EMP0145,Cash,Completed,13733.5,11350
ORD0006873,4/3/2022,20220403,CUS01726,2,EMP0032,Vodafone Cash,Completed,243,130
ORD0009167,4/3/2022,20220403,CUS00259,12,EMP0182,Fawry,Returned,208,130
ORD0008634,4/3/2022,20220403,CUS01905,12,EMP0182,Debit Card,Completed,140,60
ORD0005495,4/4/2022,20220404,CUS00721,2,EMP0029,Fawry,Returned,2170,1190
ORD0003510,4/4/2022,20220404,CUS02876,8,EMP0140,Credit Card,Completed,522,290
ORD0009105,4/4/2022,20220404,CUS00185,3,EMP0067,Credit Card,Completed,144,70
ORD0000128,4/4/2022,20220404,CUS00461,1,EMP0024,Debit Card,Completed,532,240
ORD0006786,4/4/2022,20220404,CUS02095,10,EMP0160,Credit Card,Completed,468,240
ORD0009935,4/4/2022,20220404,CUS00131,7,EMP0136,Fawry,Returned,646,320
ORD0005453,4/4/2022,20220404,CUS02224,8,EMP0143,Fawry,Completed,748,440
ORD0004280,4/4/2022,20220404,CUS01325,6,EMP0117,Debit Card,Completed,270,130
ORD0004502,4/4/2022,20220404,CUS02584,11,EMP0166,Vodafone Cash,Completed,323,160
ORD0007843,4/4/2022,20220404,CUS02729,12,EMP0184,Cash,Completed,1234.5,610
ORD0010388,4/4/2022,20220404,CUS02777,2,EMP0037,Cash,Completed,1200,680
ORD0010321,4/5/2022,20220405,CUS02221,8,EMP0142,Credit Card,Completed,324,170
ORD0008081,4/5/2022,20220405,CUS01461,15,EMP0205,Vodafone Cash,Completed,1533,810
ORD0009744,4/5/2022,20220405,CUS00827,2,EMP0040,Cash,Completed,126,70
ORD0007688,4/5/2022,20220405,CUS01043,1,EMP0002,Vodafone Cash,Completed,380,180
ORD0003678,4/5/2022,20220405,CUS01785,2,EMP0039,Vodafone Cash,Completed,104,60
ORD0010789,4/5/2022,20220405,CUS02041,9,EMP0148,Fawry,Completed,136,80
ORD0003317,4/5/2022,20220405,CUS00619,9,EMP0150,Fawry,Completed,216,110
ORD0008870,4/5/2022,20220405,CUS01710,7,EMP0130,Fawry,Completed,1106.5,570
ORD0011434,4/5/2022,20220405,CUS01531,12,EMP0177,Credit Card,Completed,378,210
ORD0004870,4/5/2022,20220405,CUS00654,1,EMP0014,Vodafone Cash,Completed,6579,5040
ORD0002671,4/5/2022,20220405,CUS00751,12,EMP0184,Fawry,Completed,1050,510
ORD0000486,4/5/2022,20220405,CUS01757,6,EMP0124,Fawry,Completed,1159,600
ORD0008054,4/5/2022,20220405,CUS02072,11,EMP0169,Debit Card,Completed,370,180
ORD0009534,4/6/2022,20220406,CUS02245,3,EMP0067,Vodafone Cash,Completed,826.5,480
ORD0003179,4/6/2022,20220406,CUS01001,2,EMP0045,InstaPay,Returned,160,70
ORD0011879,4/6/2022,20220406,CUS02637,8,EMP0143,Vodafone Cash,Returned,703,370
ORD0005800,4/6/2022,20220406,CUS01807,5,EMP0104,Vodafone Cash,Completed,680,400
ORD0008579,4/6/2022,20220406,CUS02703,8,EMP0138,InstaPay,Completed,238,140
ORD0000074,4/6/2022,20220406,CUS01446,3,EMP0056,Credit Card,Completed,340,160
ORD0008012,4/6/2022,20220406,CUS02434,8,EMP0138,Credit Card,Completed,569,280
ORD0009022,4/6/2022,20220406,CUS01227,6,EMP0121,Fawry,Returned,2800,1390
ORD0011748,4/6/2022,20220406,CUS02517,5,No_Employee_id,Debit Card,Completed,160,80
ORD0011640,4/6/2022,20220406,CUS00275,7,EMP0128,Fawry,Completed,276.5,150
ORD0004169,4/7/2022,20220407,CUS01442,2,EMP0037,Fawry,Completed,740,360
ORD0002366,4/7/2022,20220407,CUS02077,15,EMP0207,Cash,Returned,560,280
ORD0000238,4/7/2022,20220407,CUS02621,14,EMP0200,Credit Card,Completed,833,430
ORD0006621,4/7/2022,20220407,CUS00190,4,EMP0091,Credit Card,Completed,467,270
ORD0002298,4/7/2022,20220407,CUS00174,6,EMP0113,Debit Card,Completed,81,40
ORD0005791,4/7/2022,20220407,CUS01142,13,EMP0192,Vodafone Cash,Returned,700,350
ORD0009206,4/7/2022,20220407,CUS01781,1,EMP0009,Vodafone Cash,Completed,7005,5780
ORD0007697,4/7/2022,20220407,CUS02774,14,EMP0199,Vodafone Cash,Completed,2701.5,1350
ORD0008235,4/7/2022,20220407,CUS01243,2,EMP0043,Credit Card,Completed,2400,2100
ORD0002391,4/7/2022,20220407,CUS00753,2,EMP0049,InstaPay,Completed,450,240
ORD0000309,4/7/2022,20220407,CUS01930,3,EMP0060,Credit Card,Completed,3036,1580
ORD0003812,4/8/2022,20220408,CUS01268,1,EMP0022,Vodafone Cash,Completed,2612,1320
ORD0007751,4/8/2022,20220408,CUS01231,4,EMP0085,Fawry,Completed,949.5,480
ORD0001076,4/8/2022,20220408,CUS02021,6,EMP0121,Credit Card,Completed,1465,780
ORD0005603,4/8/2022,20220408,CUS00505,12,EMP0180,Cash,Returned,3920,1920
ORD0002891,4/8/2022,20220408,CUS02056,9,EMP0146,Credit Card,Completed,1594,760
ORD0004473,4/8/2022,20220408,CUS01236,12,EMP0177,Debit Card,Completed,250,120
ORD0003735,4/8/2022,20220408,CUS02076,2,EMP0050,Credit Card,Completed,210,100
ORD0002724,4/8/2022,20220408,CUS01693,2,EMP0048,Credit Card,Completed,240,140
ORD0009556,4/8/2022,20220408,CUS01745,5,EMP0098,Cash,Completed,309.5,170
ORD0010119,4/8/2022,20220408,CUS02890,14,EMP0200,Vodafone Cash,Completed,1283,720
ORD0007378,4/8/2022,20220408,CUS02984,5,EMP0105,Fawry,Completed,3365,1710
ORD0005503,4/9/2022,20220409,CUS01608,3,EMP0066,Cash,Completed,2326,1150
ORD0000286,4/9/2022,20220409,CUS02196,1,EMP0011,Vodafone Cash,Completed,1330,1040
ORD0010524,4/9/2022,20220409,CUS01856,12,EMP0184,Vodafone Cash,Completed,100,50
ORD0004411,4/9/2022,20220409,CUS02790,4,EMP0080,Vodafone Cash,Completed,480,240
ORD0000061,4/9/2022,20220409,CUS00665,3,EMP0066,Credit Card,Completed,972,520
ORD0004083,4/9/2022,20220409,CUS02492,4,EMP0093,Credit Card,Completed,310,150
ORD0004299,4/9/2022,20220409,CUS00846,3,EMP0063,Credit Card,Completed,30300,24300
ORD0002370,4/9/2022,20220409,CUS01234,2,EMP0052,Cash,Completed,4625,3770
ORD0007060,4/9/2022,20220409,CUS00538,3,No_Employee_id,Cash,Returned,1036,520
ORD0008580,4/10/2022,20220410,CUS00761,11,EMP0164,Cash,Completed,2718,1370
ORD0010403,4/10/2022,20220410,CUS00445,3,EMP0061,Credit Card,Cancelled,4190,2500
ORD0010908,4/10/2022,20220410,CUS00351,1,EMP0014,Credit Card,Completed,2165.5,1180
ORD0003686,4/10/2022,20220410,CUS02523,1,EMP0020,Fawry,Completed,1122,560
ORD0010930,4/10/2022,20220410,CUS00959,6,EMP0117,Vodafone Cash,Returned,1734,1000
ORD0000450,4/10/2022,20220410,CUS00635,1,EMP0003,Cash,Completed,5230,4350
ORD0009155,4/10/2022,20220410,CUS00994,6,EMP0117,Fawry,Completed,5301,4220
ORD0002299,4/10/2022,20220410,CUS00329,4,No_Employee_id,Credit Card,Completed,2563.5,1530
ORD0006116,4/11/2022,20220411,CUS02189,5,EMP0097,Credit Card,Completed,520,240
ORD0002828,4/11/2022,20220411,CUS00403,1,No_Employee_id,InstaPay,Completed,160,70
ORD0004897,4/11/2022,20220411,CUS00582,8,EMP0144,InstaPay,Returned,991,820
ORD0002113,4/11/2022,20220411,CUS00812,6,EMP0126,Fawry,Completed,190,90
ORD0003053,4/11/2022,20220411,CUS02163,5,EMP0096,InstaPay,Completed,940,460
ORD0011492,4/11/2022,20220411,CUS00620,10,EMP0152,Credit Card,Completed,1780,990
ORD0004714,4/11/2022,20220411,CUS01171,4,EMP0092,Fawry,Cancelled,400,200
ORD0003650,4/11/2022,20220411,CUS00730,12,EMP0179,Cash,Cancelled,406,290
ORD0001903,4/11/2022,20220411,CUS00257,1,EMP0006,Vodafone Cash,Completed,67.5,40
ORD0004277,4/11/2022,20220411,CUS02167,3,EMP0067,Vodafone Cash,Completed,2000,1600
ORD0003647,4/11/2022,20220411,CUS01598,13,EMP0187,InstaPay,Completed,6000,4800
ORD0009616,4/11/2022,20220411,CUS01632,7,EMP0134,Cash,Returned,4250,4000
ORD0010011,4/11/2022,20220411,CUS02016,6,EMP0123,InstaPay,Completed,880,440
ORD0002759,4/12/2022,20220412,CUS01667,4,EMP0084,InstaPay,Completed,502,250
ORD0011171,4/12/2022,20220412,CUS02188,10,EMP0157,Vodafone Cash,Completed,1542,790
ORD0007869,4/12/2022,20220412,CUS02664,5,No_Employee_id,Credit Card,Completed,85.5,40
ORD0011601,4/12/2022,20220412,CUS01809,2,EMP0042,InstaPay,Completed,1326,750
ORD0008104,4/12/2022,20220412,CUS02685,3,EMP0061,Debit Card,Completed,777,540
ORD0001166,4/12/2022,20220412,CUS01587,4,EMP0084,Cash,Completed,1924.5,1110
ORD0000284,4/12/2022,20220412,CUS02885,12,No_Employee_id,Cash,Completed,126,60
ORD0011324,4/12/2022,20220412,CUS02053,6,EMP0123,InstaPay,Completed,610,290
ORD0009220,4/12/2022,20220412,CUS02384,3,No_Employee_id,InstaPay,Completed,270,170
ORD0011603,4/12/2022,20220412,CUS01285,1,EMP0005,Cash,Returned,14788,12970
ORD0001688,4/12/2022,20220412,CUS01417,1,EMP0013,Fawry,Completed,940,450
ORD0006527,4/12/2022,20220412,CUS00892,12,EMP0180,InstaPay,Completed,6649,5460
ORD0003145,4/13/2022,20220413,CUS00396,10,No_Employee_id,Vodafone Cash,Completed,680,600
ORD0001358,4/13/2022,20220413,CUS02147,7,EMP0129,InstaPay,Completed,24787,21730
ORD0002402,4/13/2022,20220413,CUS00348,14,EMP0195,Vodafone Cash,Completed,797.5,420
ORD0001283,4/13/2022,20220413,CUS02822,2,EMP0054,Debit Card,Completed,1412,680
ORD0009821,4/13/2022,20220413,CUS00226,2,EMP0050,Vodafone Cash,Completed,2298,1190
ORD0006853,4/13/2022,20220413,CUS01126,1,EMP0017,Debit Card,Completed,752,460
ORD0002178,4/13/2022,20220413,CUS00356,1,EMP0015,InstaPay,Completed,16040,12790
ORD0002197,4/13/2022,20220413,CUS00782,9,EMP0149,Fawry,Completed,85.5,40
ORD0003420,4/13/2022,20220413,CUS02301,5,EMP0103,InstaPay,Completed,720,380
ORD0001385,4/14/2022,20220414,CUS00698,12,EMP0179,Vodafone Cash,Completed,703,360
ORD0008511,4/14/2022,20220414,CUS02976,1,EMP0015,Credit Card,Completed,324,160
ORD0009842,4/14/2022,20220414,CUS02477,6,EMP0118,Credit Card,Completed,204,110
ORD0007209,4/14/2022,20220414,CUS01378,1,EMP0002,InstaPay,Completed,1060,490
ORD0011250,4/14/2022,20220414,CUS01358,15,EMP0207,Credit Card,Completed,5312,4700
ORD0004589,4/14/2022,20220414,CUS01555,5,EMP0095,InstaPay,Completed,1302,650
ORD0008577,4/14/2022,20220414,CUS02941,7,EMP0128,Debit Card,Completed,2254.5,1640
ORD0004564,4/14/2022,20220414,CUS02888,9,EMP0151,Cash,Completed,18080,14340
ORD0004315,4/14/2022,20220414,CUS00901,1,EMP0023,Debit Card,Completed,600,500
ORD0010041,4/14/2022,20220414,CUS01834,4,EMP0082,Fawry,Completed,936,500
ORD0000671,4/15/2022,20220415,CUS00382,2,EMP0052,Cash,Completed,351.5,180
ORD0007252,4/15/2022,20220415,CUS01287,2,EMP0052,Fawry,Completed,270,160
ORD0011448,4/15/2022,20220415,CUS00447,5,EMP0098,Vodafone Cash,Completed,1038.5,530
ORD0008126,4/15/2022,20220415,CUS01898,9,EMP0150,Credit Card,Completed,722,370
ORD0006861,4/15/2022,20220415,CUS00035,12,EMP0184,InstaPay,Completed,645,310
ORD0006651,4/15/2022,20220415,CUS00286,3,EMP0055,InstaPay,Completed,15232,12520
ORD0008729,4/15/2022,20220415,CUS00562,1,EMP0017,Vodafone Cash,Completed,969,480
ORD0001589,4/15/2022,20220415,CUS00659,7,EMP0130,Cash,Completed,1168,720
ORD0002535,4/15/2022,20220415,CUS01494,2,EMP0053,Credit Card,Completed,1583,770
ORD0005954,4/15/2022,20220415,CUS00906,6,EMP0116,Debit Card,Completed,18006,15880
ORD0004650,4/15/2022,20220415,CUS02087,6,EMP0117,Cash,Completed,1150,560
ORD0005965,4/15/2022,20220415,CUS01363,6,EMP0124,Credit Card,Completed,150,70
ORD0006883,4/15/2022,20220415,CUS01976,3,EMP0061,Cash,Returned,3720,3450
ORD0007960,4/15/2022,20220415,CUS01730,12,EMP0175,Fawry,Completed,12157.5,9150
ORD0005499,4/15/2022,20220415,CUS01870,2,No_Employee_id,Cash,Completed,270,140
ORD0000566,4/15/2022,20220415,CUS01861,9,EMP0147,Credit Card,Returned,2090,2040
ORD0008392,4/15/2022,20220415,CUS02835,2,EMP0041,Debit Card,Completed,979,500
ORD0011538,4/15/2022,20220415,CUS00968,2,EMP0054,Vodafone Cash,Completed,1910.5,1000
ORD0006012,4/16/2022,20220416,CUS01332,3,EMP0061,Credit Card,Completed,800,350
ORD0002661,4/16/2022,20220416,CUS02848,2,No_Employee_id,Credit Card,Returned,982,490
ORD0001906,4/16/2022,20220416,CUS02546,2,EMP0035,Credit Card,Returned,345,220
ORD0010995,4/16/2022,20220416,CUS00607,12,EMP0174,Credit Card,Completed,5630,3760
ORD0008218,4/16/2022,20220416,CUS02924,7,EMP0131,Cash,Completed,486,260
ORD0009541,4/16/2022,20220416,CUS00402,1,EMP0011,Vodafone Cash,Completed,1970.5,1020
ORD0011451,4/16/2022,20220416,CUS02601,12,EMP0180,InstaPay,Completed,2404,1200
ORD0004407,4/17/2022,20220417,CUS01722,7,EMP0134,Debit Card,Completed,18854,15040
ORD0011860,4/17/2022,20220417,CUS01796,12,EMP0178,Vodafone Cash,Returned,793,390
ORD0007339,4/17/2022,20220417,CUS00761,3,EMP0075,Cash,Completed,520,250
ORD0003644,4/17/2022,20220417,CUS00044,13,EMP0186,Fawry,Completed,290,130
ORD0007026,4/17/2022,20220417,CUS02655,2,EMP0051,Credit Card,Returned,1180,1070
ORD0010227,4/17/2022,20220417,CUS00009,4,EMP0084,Cash,Returned,1080,680
ORD0011403,4/17/2022,20220417,CUS00464,1,EMP0021,Fawry,Completed,320,180
ORD0008509,4/17/2022,20220417,CUS02622,3,EMP0061,Debit Card,Completed,266,140
ORD0004224,4/17/2022,20220417,CUS02587,3,EMP0070,Credit Card,Completed,2520,1360
ORD0008504,4/17/2022,20220417,CUS02750,3,EMP0076,Debit Card,Completed,304,180
ORD0000028,4/17/2022,20220417,CUS02146,7,EMP0128,Vodafone Cash,Completed,954,480
ORD0007295,4/17/2022,20220417,CUS01244,5,EMP0112,Debit Card,Completed,446,240
ORD0008201,4/17/2022,20220417,CUS02983,2,EMP0053,Debit Card,Returned,766,390
ORD0011312,4/17/2022,20220417,CUS00161,4,EMP0093,Vodafone Cash,Completed,824,450
ORD0000473,4/18/2022,20220418,CUS01325,6,EMP0117,InstaPay,Completed,413,290
ORD0007947,4/18/2022,20220418,CUS01579,1,EMP0026,Debit Card,Completed,648,340
ORD0000653,4/18/2022,20220418,CUS02575,11,EMP0169,Fawry,Completed,13845,11840
ORD0009405,4/18/2022,20220418,CUS02686,15,EMP0209,Fawry,Completed,1134,590
ORD0003475,4/18/2022,20220418,CUS00464,9,EMP0149,Vodafone Cash,Completed,360,210
ORD0010673,4/18/2022,20220418,CUS01365,1,EMP0020,Cash,Completed,6135,5060
ORD0008932,4/18/2022,20220418,CUS02849,6,EMP0124,Debit Card,Cancelled,209,100
ORD0006005,4/18/2022,20220418,CUS00462,7,EMP0127,Vodafone Cash,Returned,127.5,70
ORD0011557,4/18/2022,20220418,CUS00196,5,EMP0098,InstaPay,Completed,190,90
ORD0010184,4/18/2022,20220418,CUS02781,2,EMP0033,InstaPay,Completed,230,110
ORD0002897,4/18/2022,20220418,CUS00282,13,No_Employee_id,InstaPay,Completed,1060.5,560
ORD0009473,4/18/2022,20220418,CUS00270,3,EMP0055,Fawry,Completed,1786,920
ORD0011966,4/19/2022,20220419,CUS01495,10,No_Employee_id,Fawry,Completed,900,440
ORD0011698,4/19/2022,20220419,CUS00559,3,EMP0078,Credit Card,Completed,110.5,60
ORD0008014,4/19/2022,20220419,CUS01184,2,EMP0036,InstaPay,Completed,2488,1230
ORD0002678,4/19/2022,20220419,CUS00483,2,No_Employee_id,Vodafone Cash,Completed,2380,1180
ORD0000174,4/19/2022,20220419,CUS00415,2,EMP0054,Fawry,Returned,540,270
ORD0011697,4/19/2022,20220419,CUS02371,1,EMP0027,Fawry,Completed,343,190
ORD0004946,4/19/2022,20220419,CUS01051,2,EMP0034,Credit Card,Completed,901.5,490
ORD0000772,4/19/2022,20220419,CUS01143,13,EMP0186,Cash,Completed,6300,4940
ORD0000485,4/19/2022,20220419,CUS01310,6,EMP0125,Credit Card,Completed,540,360
ORD0006529,4/19/2022,20220419,CUS00463,15,EMP0216,Credit Card,Completed,320,160
ORD0002754,4/19/2022,20220419,CUS01480,10,EMP0157,InstaPay,Completed,333,180
ORD0006175,4/19/2022,20220419,CUS00429,3,EMP0065,InstaPay,Completed,857.5,460
ORD0004340,4/20/2022,20220420,CUS02636,5,EMP0112,Fawry,Completed,171,90
ORD0011475,4/20/2022,20220420,CUS01656,4,EMP0092,Fawry,Completed,495,270
ORD0006194,4/20/2022,20220420,CUS00606,11,EMP0173,Vodafone Cash,Completed,1147.5,550
ORD0004007,4/20/2022,20220420,CUS01989,5,EMP0101,Vodafone Cash,Completed,5648,4280
ORD0005284,4/20/2022,20220420,CUS01557,3,EMP0064,Fawry,Completed,18121.5,14970
ORD0006305,4/20/2022,20220420,CUS02607,10,No_Employee_id,Credit Card,Completed,200,100
ORD0004492,4/20/2022,20220420,CUS00944,4,EMP0092,Cash,Completed,862.5,500
ORD0006222,4/20/2022,20220420,CUS02251,6,EMP0116,Debit Card,Completed,1978,1030
ORD0008372,4/20/2022,20220420,CUS00685,2,EMP0046,Fawry,Completed,25360,21340
ORD0007895,4/20/2022,20220420,CUS02414,6,EMP0122,InstaPay,Returned,756,400
ORD0002937,4/21/2022,20220421,CUS02827,8,EMP0137,InstaPay,Completed,184,110
ORD0011642,4/21/2022,20220421,CUS02578,10,EMP0155,Vodafone Cash,Completed,2817,1820
ORD0003271,4/21/2022,20220421,CUS00140,3,EMP0076,Debit Card,Completed,487.5,290
ORD0003316,4/21/2022,20220421,CUS02399,14,EMP0201,Fawry,Completed,468,260
ORD0006615,4/21/2022,20220421,CUS01832,15,EMP0206,Debit Card,Completed,740.5,370
ORD0006008,4/21/2022,20220421,CUS02944,6,EMP0113,Cash,Completed,160,80
ORD0010469,4/22/2022,20220422,CUS01906,2,EMP0033,Debit Card,Completed,972,510
ORD0006063,4/22/2022,20220422,CUS01406,10,EMP0157,Debit Card,Completed,342,180
ORD0011374,4/22/2022,20220422,CUS02783,5,EMP0096,Vodafone Cash,Completed,160,70
ORD0001207,4/22/2022,20220422,CUS01331,6,EMP0113,InstaPay,Completed,450,220
ORD0000459,4/22/2022,20220422,CUS02481,8,EMP0144,Credit Card,Completed,1620,790
ORD0002741,4/22/2022,20220422,CUS01519,12,EMP0175,InstaPay,Completed,19570.5,16790
ORD0006820,4/22/2022,20220422,CUS02585,3,EMP0062,InstaPay,Completed,684,360
ORD0004009,4/22/2022,20220422,CUS01592,2,EMP0044,InstaPay,Completed,1878.5,1000
ORD0002258,4/22/2022,20220422,CUS02781,5,EMP0110,Debit Card,Completed,13991.5,11620
ORD0003105,4/23/2022,20220423,CUS02093,1,EMP0016,Debit Card,Returned,150,70
ORD0007587,4/23/2022,20220423,CUS01863,1,EMP0004,Fawry,Completed,601,330
ORD0001287,4/23/2022,20220423,CUS00294,12,EMP0178,Credit Card,Returned,10240,10300
ORD0005194,4/23/2022,20220423,CUS02686,2,EMP0038,Fawry,Completed,240,150
ORD0009350,4/23/2022,20220423,CUS01384,2,EMP0049,Fawry,Completed,3581,1760
ORD0008155,4/23/2022,20220423,CUS02254,11,EMP0165,InstaPay,Completed,680,340
ORD0010083,4/23/2022,20220423,CUS02586,5,EMP0096,Cash,Completed,26518,22380
ORD0002340,4/23/2022,20220423,CUS01221,1,EMP0019,Credit Card,Completed,1777.5,900
ORD0009593,4/24/2022,20220424,CUS01483,4,EMP0089,Fawry,Completed,1798,890
ORD0011594,4/24/2022,20220424,CUS00809,6,EMP0124,Credit Card,Completed,3360,1630
ORD0000668,4/24/2022,20220424,CUS00118,2,EMP0046,InstaPay,Completed,1364,700
ORD0000571,4/24/2022,20220424,CUS00123,3,EMP0069,Cash,Completed,2728,1410
ORD0003520,4/24/2022,20220424,CUS01617,2,EMP0049,Debit Card,Completed,450,220
ORD0004210,4/24/2022,20220424,CUS02579,11,EMP0164,Fawry,Completed,1202,680
ORD0000032,4/24/2022,20220424,CUS00133,4,No_Employee_id,Debit Card,Completed,7388,6570
ORD0001905,4/24/2022,20220424,CUS01704,13,EMP0191,Credit Card,Completed,2642,1400
ORD0002324,4/24/2022,20220424,CUS02050,15,EMP0214,Debit Card,Completed,14832,12360
ORD0001967,4/24/2022,20220424,CUS00766,14,EMP0203,Vodafone Cash,Cancelled,416,260
ORD0002009,4/24/2022,20220424,CUS02998,2,EMP0042,Fawry,Completed,2205,1410
ORD0008281,4/24/2022,20220424,CUS02130,2,EMP0031,Cash,Completed,748,370
ORD0003805,4/24/2022,20220424,CUS02049,4,EMP0092,InstaPay,Completed,37970.5,30110
ORD0000050,4/24/2022,20220424,CUS01086,2,EMP0036,Fawry,Completed,180,80
ORD0008575,4/24/2022,20220424,CUS01897,10,EMP0157,Credit Card,Returned,1404,780
ORD0011829,4/24/2022,20220424,CUS01751,7,EMP0131,Fawry,Returned,460,230
ORD0006974,4/24/2022,20220424,CUS00269,1,EMP0015,InstaPay,Completed,456,220
ORD0002660,4/24/2022,20220424,CUS01020,7,EMP0129,Debit Card,Completed,127.5,70
ORD0006314,4/24/2022,20220424,CUS00291,3,EMP0066,Credit Card,Completed,1232,610
ORD0007284,4/25/2022,20220425,CUS00972,11,EMP0170,Credit Card,Completed,1170.5,630
ORD0007579,4/25/2022,20220425,CUS01058,1,EMP0006,InstaPay,Returned,319.5,180
ORD0008592,4/25/2022,20220425,CUS01602,13,EMP0189,Debit Card,Completed,394.5,200
ORD0003498,4/25/2022,20220425,CUS02153,1,EMP0021,Debit Card,Returned,1052,520
ORD0008894,4/25/2022,20220425,CUS01844,5,No_Employee_id,Fawry,Returned,3025,1670
ORD0010736,4/25/2022,20220425,CUS00537,2,EMP0037,Fawry,Completed,929,540
ORD0011749,4/25/2022,20220425,CUS01737,1,EMP0014,Cash,Completed,195.5,100
ORD0008322,4/25/2022,20220425,CUS02056,6,No_Employee_id,Fawry,Completed,10180,10580
ORD0010202,4/25/2022,20220425,CUS01253,5,EMP0102,Cash,Completed,505.5,260
ORD0004371,4/25/2022,20220425,CUS01106,8,No_Employee_id,InstaPay,Completed,351.5,180
ORD0008194,4/25/2022,20220425,CUS00235,6,EMP0116,Fawry,Completed,112,60
ORD0002172,4/25/2022,20220425,CUS02780,6,EMP0115,Credit Card,Completed,984,510
ORD0001179,4/25/2022,20220425,CUS01217,3,EMP0064,Cash,Completed,55191,43780
ORD0008746,4/25/2022,20220425,CUS00576,2,EMP0044,Vodafone Cash,Completed,861,510
ORD0003770,4/25/2022,20220425,CUS02471,3,EMP0059,Cash,Completed,1662.5,820
ORD0006874,4/25/2022,20220425,CUS00566,2,EMP0047,InstaPay,Completed,727.5,400
ORD0005571,4/26/2022,20220426,CUS02470,4,No_Employee_id,Debit Card,Completed,484.5,300
ORD0004367,4/26/2022,20220426,CUS02791,5,EMP0110,Vodafone Cash,Completed,999,540
ORD0001801,4/26/2022,20220426,CUS02427,1,EMP0025,InstaPay,Returned,9960,9290
ORD0006705,4/26/2022,20220426,CUS01787,3,EMP0076,Debit Card,Completed,1040,500
ORD0006565,4/26/2022,20220426,CUS01772,3,EMP0066,Credit Card,Completed,85,40
ORD0004127,4/26/2022,20220426,CUS00527,1,No_Employee_id,InstaPay,Completed,520,250
ORD0010507,4/26/2022,20220426,CUS00238,5,EMP0112,Fawry,Completed,10789,8300
ORD0002558,4/26/2022,20220426,CUS01046,9,EMP0149,Debit Card,Completed,3150,1520
ORD0004121,4/27/2022,20220427,CUS02071,13,EMP0190,Vodafone Cash,Completed,390,190
ORD0004981,4/27/2022,20220427,CUS01422,2,EMP0041,Debit Card,Completed,1680,840
ORD0011314,4/27/2022,20220427,CUS00187,4,EMP0094,InstaPay,Completed,480,240
ORD0003732,4/27/2022,20220427,CUS02651,2,EMP0051,Vodafone Cash,Completed,384,210
ORD0000868,4/27/2022,20220427,CUS00621,8,EMP0141,Fawry,Completed,1018,570
ORD0001973,4/27/2022,20220427,CUS02645,5,EMP0109,Credit Card,Completed,224,140
ORD0006113,4/27/2022,20220427,CUS01168,5,EMP0108,InstaPay,Completed,152,70
ORD0011198,4/27/2022,20220427,CUS02808,10,EMP0160,Credit Card,Completed,288,180
ORD0007557,4/27/2022,20220427,CUS01409,1,EMP0028,Vodafone Cash,Completed,1787.5,940
ORD0011663,4/27/2022,20220427,CUS00392,3,No_Employee_id,InstaPay,Completed,682.5,400
ORD0011657,4/27/2022,20220427,CUS01085,8,EMP0139,Fawry,Completed,384,210
ORD0002540,4/27/2022,20220427,CUS01088,4,EMP0081,InstaPay,Completed,2364,1340
ORD0010263,4/27/2022,20220427,CUS02660,7,EMP0136,Credit Card,Completed,1264,650
ORD0010226,4/27/2022,20220427,CUS00851,2,EMP0032,Credit Card,Completed,7980,6290
ORD0001258,4/27/2022,20220427,CUS00670,4,EMP0084,InstaPay,Completed,450,210
ORD0007162,4/27/2022,20220427,CUS02680,6,EMP0114,Cash,Completed,408,210
ORD0001486,4/27/2022,20220427,CUS02566,9,EMP0146,Vodafone Cash,Completed,190,90
ORD0004264,4/27/2022,20220427,CUS02031,1,EMP0019,Cash,Completed,30782,24460
ORD0004509,4/27/2022,20220427,CUS01203,6,EMP0115,Fawry,Returned,9333,8220
ORD0009707,4/27/2022,20220427,CUS01308,2,EMP0033,Fawry,Completed,126,70
ORD0001052,4/28/2022,20220428,CUS02698,8,EMP0139,Debit Card,Completed,280,140
ORD0010293,4/28/2022,20220428,CUS01324,5,EMP0103,Vodafone Cash,Completed,1116,600
ORD0003413,4/28/2022,20220428,CUS00252,12,EMP0176,Debit Card,Completed,32457,25760
ORD0011805,4/28/2022,20220428,CUS02207,1,EMP0007,InstaPay,Completed,2278,1280
ORD0007419,4/28/2022,20220428,CUS01131,4,EMP0091,Fawry,Completed,127.5,70
ORD0009920,4/28/2022,20220428,CUS02416,5,EMP0095,Credit Card,Completed,3408,1950
ORD0011155,4/28/2022,20220428,CUS01626,10,EMP0153,InstaPay,Completed,16380,12930
ORD0002513,4/28/2022,20220428,CUS01156,12,EMP0175,Fawry,Completed,1027,520
ORD0000638,4/28/2022,20220428,CUS02393,1,EMP0016,InstaPay,Completed,959.5,490
ORD0010906,4/29/2022,20220429,CUS00625,3,EMP0061,InstaPay,Completed,2127.5,1160
ORD0011297,4/29/2022,20220429,CUS02709,11,No_Employee_id,Debit Card,Completed,4422,2300
ORD0011415,4/29/2022,20220429,CUS00881,6,EMP0123,Cash,Completed,12082,10420
ORD0005143,4/29/2022,20220429,CUS01774,7,EMP0134,InstaPay,Completed,578,340
ORD0004799,4/29/2022,20220429,CUS00755,2,EMP0038,Vodafone Cash,Completed,665,340
ORD0009888,4/29/2022,20220429,CUS02211,3,EMP0060,Debit Card,Returned,1425,730
ORD0011096,4/29/2022,20220429,CUS02254,9,EMP0151,Vodafone Cash,Completed,228,110
ORD0007211,4/29/2022,20220429,CUS01489,15,EMP0211,Vodafone Cash,Completed,1251.5,640
ORD0005575,4/29/2022,20220429,CUS01645,12,EMP0174,InstaPay,Completed,4500,4000
ORD0011997,4/29/2022,20220429,CUS02654,2,EMP0033,Fawry,Completed,1024,590
ORD0011375,4/30/2022,20220430,CUS02846,13,EMP0185,Cash,Completed,440,200
ORD0004562,4/30/2022,20220430,CUS01884,7,EMP0130,Cash,Completed,940,460
ORD0005988,4/30/2022,20220430,CUS00460,14,EMP0203,Cash,Completed,15000,12200
ORD0002629,4/30/2022,20220430,CUS02584,5,EMP0102,Fawry,Completed,840,400
ORD0004855,4/30/2022,20220430,CUS02825,5,EMP0107,Cash,Completed,1936,980
ORD0004978,4/30/2022,20220430,CUS02036,10,EMP0159,InstaPay,Completed,1857.5,950
ORD0005804,4/30/2022,20220430,CUS02247,15,No_Employee_id,Cash,Completed,510,240
ORD0004888,4/30/2022,20220430,CUS00745,4,EMP0090,Vodafone Cash,Completed,18000,16000
ORD0001422,4/30/2022,20220430,CUS00967,14,EMP0194,InstaPay,Completed,1154,700
ORD0006354,4/30/2022,20220430,CUS00531,2,EMP0036,Vodafone Cash,Completed,1610,820
ORD0011926,4/30/2022,20220430,CUS02728,2,No_Employee_id,Fawry,Completed,630,340
ORD0008916,4/30/2022,20220430,CUS00787,15,EMP0214,InstaPay,Completed,330,160
ORD0001987,4/30/2022,20220430,CUS00489,9,EMP0145,Vodafone Cash,Completed,108,60
ORD0008945,4/30/2022,20220430,CUS00278,13,EMP0189,Fawry,Completed,821.5,450
ORD0007007,5/1/2022,20220501,CUS02985,1,EMP0025,Cash,Completed,1024,500
ORD0002878,5/1/2022,20220501,CUS01289,7,EMP0130,Credit Card,Completed,142.5,70
ORD0008355,5/1/2022,20220501,CUS00674,11,EMP0171,Credit Card,Cancelled,260,120
ORD0005763,5/1/2022,20220501,CUS01142,5,EMP0098,Credit Card,Cancelled,4357,2570
ORD0010193,5/1/2022,20220501,CUS02612,1,EMP0004,Fawry,Completed,510,250
ORD0011951,5/1/2022,20220501,CUS00742,6,EMP0122,Cash,Completed,1209.5,670
ORD0009563,5/1/2022,20220501,CUS02376,8,EMP0138,InstaPay,Returned,12370,9680
ORD0011167,5/1/2022,20220501,CUS01931,3,EMP0061,Vodafone Cash,Completed,104,60
ORD0010064,5/1/2022,20220501,CUS01613,15,EMP0207,Credit Card,Completed,860,420
ORD0006261,5/1/2022,20220501,CUS01543,4,No_Employee_id,Vodafone Cash,Completed,220,100
ORD0009287,5/1/2022,20220501,CUS00295,10,EMP0158,Debit Card,Completed,638.5,350
ORD0011822,5/1/2022,20220501,CUS01497,1,EMP0012,Vodafone Cash,Completed,4490,4910
ORD0010761,5/1/2022,20220501,CUS00034,1,EMP0014,InstaPay,Completed,1997.5,1040
ORD0003654,5/1/2022,20220501,CUS01609,2,EMP0047,Vodafone Cash,Completed,541.5,270
ORD0007659,5/1/2022,20220501,CUS01166,4,EMP0079,Vodafone Cash,Completed,1095.5,570
ORD0010289,5/2/2022,20220502,CUS02898,3,EMP0063,Cash,Completed,30000,24000
ORD0001515,5/2/2022,20220502,CUS02619,5,EMP0097,Credit Card,Completed,170,80
ORD0002980,5/2/2022,20220502,CUS02505,6,EMP0124,Credit Card,Completed,2349,1250
ORD0011785,5/2/2022,20220502,CUS01851,4,EMP0087,Vodafone Cash,Completed,337.5,220
ORD0005339,5/2/2022,20220502,CUS01292,4,EMP0093,Debit Card,Completed,85.5,40
ORD0005213,5/2/2022,20220502,CUS01216,1,EMP0020,Cash,Completed,408,230
ORD0002847,5/2/2022,20220502,CUS01261,2,EMP0049,Cash,Cancelled,11802.5,10800
ORD0001760,5/2/2022,20220502,CUS00146,15,EMP0213,InstaPay,Completed,212.5,120
ORD0004793,5/2/2022,20220502,CUS00650,4,EMP0085,Debit Card,Cancelled,981,570
ORD0010595,5/2/2022,20220502,CUS02193,4,EMP0081,InstaPay,Completed,1054,600
ORD0008020,5/2/2022,20220502,CUS00984,14,EMP0199,Debit Card,Completed,952,570
ORD0004265,5/2/2022,20220502,CUS01071,11,EMP0168,Vodafone Cash,Completed,1133,560
ORD0000669,5/2/2022,20220502,CUS02844,1,EMP0019,Debit Card,Returned,80,40
ORD0005891,5/3/2022,20220503,CUS02754,3,EMP0063,InstaPay,Returned,468,260
ORD0007667,5/3/2022,20220503,CUS02841,1,EMP0024,InstaPay,Cancelled,6061,5140
ORD0001291,5/3/2022,20220503,CUS02871,5,EMP0105,Vodafone Cash,Completed,270,130
ORD0005627,5/3/2022,20220503,CUS00332,3,EMP0060,Cash,Completed,950,800
ORD0006087,5/3/2022,20220503,CUS01221,4,EMP0085,Debit Card,Completed,3053.5,2750
ORD0009715,5/3/2022,20220503,CUS01913,1,EMP0015,Cash,Returned,1079,610
ORD0005121,5/3/2022,20220503,CUS00290,3,EMP0055,Fawry,Completed,133,70
ORD0009102,5/4/2022,20220504,CUS00206,2,No_Employee_id,Debit Card,Completed,12000,12800
ORD0007177,5/4/2022,20220504,CUS01912,10,EMP0152,Fawry,Returned,119,70
ORD0011656,5/4/2022,20220504,CUS01863,11,EMP0170,Debit Card,Completed,608,360
ORD0009066,5/4/2022,20220504,CUS00711,4,EMP0090,Cash,Returned,1744,890
ORD0005633,5/4/2022,20220504,CUS01093,1,EMP0014,Debit Card,Completed,1620,900
ORD0005717,5/4/2022,20220504,CUS02218,5,EMP0111,Fawry,Cancelled,577.5,380
ORD0000929,5/5/2022,20220505,CUS01929,8,EMP0143,Fawry,Completed,150,70
ORD0004581,5/5/2022,20220505,CUS00705,7,EMP0134,Cash,Completed,10200,8100
ORD0006149,5/5/2022,20220505,CUS01782,4,EMP0094,Credit Card,Completed,10980,9340
ORD0000928,5/5/2022,20220505,CUS00338,7,EMP0129,Fawry,Completed,1298,680
ORD0006126,5/5/2022,20220505,CUS01801,14,EMP0201,Fawry,Returned,624,380
ORD0010623,5/5/2022,20220505,CUS02540,12,EMP0174,InstaPay,Completed,1578,790
ORD0008955,5/5/2022,20220505,CUS00366,11,EMP0173,Debit Card,Completed,3254,2680
ORD0004938,5/5/2022,20220505,CUS00845,6,EMP0122,Vodafone Cash,Completed,405.5,180
ORD0010864,5/5/2022,20220505,CUS01375,12,EMP0179,Cash,Completed,477,260
ORD0000767,5/5/2022,20220505,CUS01317,6,EMP0116,Cash,Returned,288,140
ORD0005651,5/5/2022,20220505,CUS02560,2,No_Employee_id,Cash,Completed,513,270
ORD0005002,5/5/2022,20220505,CUS02911,8,EMP0144,Cash,Completed,1157.5,630
ORD0009447,5/5/2022,20220505,CUS01033,5,EMP0102,Cash,Completed,384,240
ORD0008028,5/5/2022,20220505,CUS02844,4,EMP0094,Cash,Completed,1500,730
ORD0008910,5/6/2022,20220506,CUS02776,1,EMP0025,InstaPay,Completed,770.5,450
ORD0011084,5/6/2022,20220506,CUS01629,2,EMP0053,InstaPay,Completed,1730,840
ORD0011238,5/6/2022,20220506,CUS02872,3,EMP0078,Credit Card,Completed,1122,600
ORD0001802,5/6/2022,20220506,CUS01762,1,No_Employee_id,Cash,Completed,1125,1200
ORD0001727,5/6/2022,20220506,CUS02856,13,EMP0192,Cash,Completed,502,240
ORD0001388,5/6/2022,20220506,CUS02144,1,EMP0014,Fawry,Completed,216,120
ORD0011377,5/6/2022,20220506,CUS00815,12,EMP0176,Fawry,Completed,2276.5,1160
ORD0004178,5/6/2022,20220506,CUS00327,10,EMP0161,Cash,Completed,870,480
ORD0000797,5/7/2022,20220507,CUS01625,5,EMP0111,Cash,Completed,1560.5,790
ORD0003309,5/7/2022,20220507,CUS02569,5,EMP0102,Debit Card,Completed,1770,880
ORD0002270,5/7/2022,20220507,CUS02429,3,EMP0061,Cash,Returned,18024,14340
ORD0001882,5/7/2022,20220507,CUS02580,4,EMP0094,Vodafone Cash,Completed,9724,7300
ORD0002604,5/7/2022,20220507,CUS00250,7,EMP0133,Vodafone Cash,Completed,975,570
ORD0004021,5/7/2022,20220507,CUS02035,5,EMP0104,InstaPay,Completed,1784,960
ORD0001453,5/7/2022,20220507,CUS00044,11,EMP0168,Fawry,Completed,645,330
ORD0002719,5/7/2022,20220507,CUS02072,1,EMP0018,Cash,Completed,1249,660
ORD0000156,5/8/2022,20220508,CUS01709,7,EMP0128,Debit Card,Completed,171,90
ORD0002401,5/8/2022,20220508,CUS02499,2,EMP0053,Debit Card,Completed,380,200
ORD0010792,5/8/2022,20220508,CUS02071,2,EMP0042,Credit Card,Completed,6760,5330
ORD0001073,5/8/2022,20220508,CUS00845,6,EMP0117,Vodafone Cash,Completed,788.5,410
ORD0000273,5/8/2022,20220508,CUS00523,9,EMP0151,Vodafone Cash,Completed,540,300
ORD0009467,5/8/2022,20220508,CUS01167,2,EMP0046,InstaPay,Completed,798,400
ORD0010785,5/8/2022,20220508,CUS01721,2,EMP0030,Debit Card,Returned,11937.5,10120
ORD0003398,5/8/2022,20220508,CUS01893,3,EMP0078,InstaPay,Completed,3270.5,1900
ORD0010762,5/8/2022,20220508,CUS02415,5,EMP0098,Fawry,Completed,136,70
ORD0003766,5/8/2022,20220508,CUS00211,13,EMP0187,Fawry,Completed,450,240
ORD0002843,5/8/2022,20220508,CUS00834,1,EMP0024,Vodafone Cash,Completed,14378,12470
ORD0002996,5/8/2022,20220508,CUS02140,8,EMP0140,Vodafone Cash,Completed,350,170
ORD0002609,5/8/2022,20220508,CUS00613,4,EMP0079,InstaPay,Completed,76.5,40
ORD0002307,5/9/2022,20220509,CUS02625,5,EMP0101,InstaPay,Completed,8809,6910
ORD0007649,5/9/2022,20220509,CUS02868,15,EMP0215,InstaPay,Completed,210,100
ORD0004643,5/9/2022,20220509,CUS02495,4,EMP0079,Vodafone Cash,Completed,12844.5,13210
ORD0010636,5/9/2022,20220509,CUS02077,12,EMP0182,InstaPay,Completed,12344,9870
ORD0011325,5/9/2022,20220509,CUS02786,15,EMP0206,Fawry,Completed,255,140
ORD0007318,5/9/2022,20220509,CUS02301,2,EMP0031,Cash,Completed,696,360
ORD0001735,5/9/2022,20220509,CUS00885,4,EMP0088,InstaPay,Returned,144,80
ORD0001038,5/10/2022,20220510,CUS01772,11,No_Employee_id,Fawry,Completed,580,280
ORD0004595,5/10/2022,20220510,CUS02763,1,EMP0007,Debit Card,Completed,1200,1000
ORD0006633,5/10/2022,20220510,CUS00106,1,EMP0008,Vodafone Cash,Completed,360,180
ORD0001872,5/10/2022,20220510,CUS00246,1,EMP0004,Debit Card,Completed,980,480
ORD0009958,5/10/2022,20220510,CUS01526,13,EMP0192,Debit Card,Completed,3092,1860
ORD0009871,5/10/2022,20220510,CUS02486,8,EMP0139,InstaPay,Completed,405,210
ORD0005981,5/10/2022,20220510,CUS01836,10,No_Employee_id,Credit Card,Completed,1082,610
ORD0008609,5/10/2022,20220510,CUS01144,1,EMP0014,Debit Card,Completed,240,140
ORD0002531,5/10/2022,20220510,CUS02105,5,EMP0096,Credit Card,Completed,31903.5,24850
ORD0001690,5/10/2022,20220510,CUS01537,15,EMP0207,Fawry,Completed,13200,10600
ORD0005707,5/10/2022,20220510,CUS02444,10,EMP0156,InstaPay,Completed,1700,840
ORD0000939,5/11/2022,20220511,CUS00508,2,EMP0039,Fawry,Cancelled,887,500
ORD0005031,5/11/2022,20220511,CUS02506,3,EMP0061,Vodafone Cash,Completed,130,60
ORD0011634,5/11/2022,20220511,CUS00490,8,EMP0137,Cash,Completed,4960,4180
ORD0005998,5/11/2022,20220511,CUS01035,15,EMP0215,Cash,Completed,983,510
ORD0011252,5/11/2022,20220511,CUS00598,12,EMP0174,Vodafone Cash,Completed,170,80
ORD0003531,5/11/2022,20220511,CUS01055,6,EMP0126,Credit Card,Returned,18592.5,14600
ORD0002145,5/11/2022,20220511,CUS01016,4,EMP0093,Fawry,Cancelled,200,100
ORD0007775,5/11/2022,20220511,CUS02604,2,EMP0051,Debit Card,Completed,1546,760
ORD0004566,5/12/2022,20220512,CUS00917,13,EMP0190,Credit Card,Completed,240,140
ORD0001191,5/12/2022,20220512,CUS02141,10,EMP0154,InstaPay,Returned,180.5,90
ORD0006418,5/12/2022,20220512,CUS00158,2,EMP0043,InstaPay,Completed,1358,710
ORD0004655,5/12/2022,20220512,CUS01815,10,EMP0163,InstaPay,Completed,11727.5,12770
ORD0009692,5/12/2022,20220512,CUS02920,9,EMP0149,Debit Card,Completed,120,60
ORD0002600,5/12/2022,20220512,CUS01652,9,EMP0147,Debit Card,Completed,590,280
ORD0010072,5/12/2022,20220512,CUS01154,12,No_Employee_id,InstaPay,Completed,745,360
ORD0003391,5/12/2022,20220512,CUS01096,1,EMP0010,Fawry,Completed,2139,1100
ORD0011522,5/13/2022,20220513,CUS00578,14,EMP0199,Fawry,Completed,558,320
ORD0008608,5/13/2022,20220513,CUS02760,2,EMP0044,InstaPay,Completed,1320,680
ORD0010668,5/13/2022,20220513,CUS00476,3,EMP0077,Vodafone Cash,Completed,246.5,140
ORD0000637,5/13/2022,20220513,CUS01519,13,EMP0190,InstaPay,Completed,1377,750
ORD0009741,5/13/2022,20220513,CUS01019,7,EMP0128,Fawry,Completed,13200,10600
ORD0007858,5/13/2022,20220513,CUS01453,1,EMP0012,Debit Card,Completed,656,350
ORD0007522,5/13/2022,20220513,CUS02673,8,EMP0143,Cash,Completed,112,60
ORD0005443,5/13/2022,20220513,CUS02175,7,EMP0133,Vodafone Cash,Completed,225,140
ORD0006528,5/13/2022,20220513,CUS02462,1,EMP0020,Vodafone Cash,Completed,1192,690
ORD0004427,5/14/2022,20220514,CUS01781,1,EMP0027,Vodafone Cash,Completed,1101.5,550
ORD0008374,5/14/2022,20220514,CUS00024,4,EMP0087,InstaPay,Completed,415,210
ORD0007788,5/14/2022,20220514,CUS00568,1,EMP0013,Vodafone Cash,Completed,1605,900
ORD0004735,5/14/2022,20220514,CUS00642,1,EMP0011,InstaPay,Completed,440,220
ORD0002016,5/14/2022,20220514,CUS00743,2,EMP0030,Credit Card,Completed,432,240
ORD0004068,5/14/2022,20220514,CUS01132,5,EMP0109,Fawry,Completed,540,300
ORD0010180,5/14/2022,20220514,CUS02652,4,EMP0085,InstaPay,Returned,345,210
ORD0004865,5/14/2022,20220514,CUS00021,3,EMP0073,Fawry,Completed,2886,1440
ORD0009544,5/14/2022,20220514,CUS00122,2,EMP0048,Fawry,Returned,1222.5,620
ORD0003484,5/14/2022,20220514,CUS01439,1,EMP0028,Vodafone Cash,Completed,816,480
ORD0001272,5/14/2022,20220514,CUS01494,14,EMP0202,Cash,Completed,26400,21000
ORD0008821,5/14/2022,20220514,CUS01064,13,EMP0187,InstaPay,Completed,1890,930
ORD0010155,5/14/2022,20220514,CUS00872,2,EMP0036,Vodafone Cash,Completed,882,440
ORD0009047,5/14/2022,20220514,CUS00606,4,EMP0083,Credit Card,Completed,2096,1140
ORD0001267,5/14/2022,20220514,CUS02190,7,EMP0132,Credit Card,Completed,1590,750
ORD0007111,5/14/2022,20220514,CUS02932,2,EMP0033,Vodafone Cash,Completed,3484.5,2640
ORD0008897,5/15/2022,20220515,CUS01581,1,No_Employee_id,Fawry,Completed,1050,510
ORD0000677,5/15/2022,20220515,CUS02646,2,EMP0039,Debit Card,Completed,700,340
ORD0002323,5/15/2022,20220515,CUS01994,4,EMP0087,Credit Card,Completed,20194.5,18140
ORD0006436,5/15/2022,20220515,CUS01501,3,EMP0072,Debit Card,Returned,37740,30080
ORD0004939,5/15/2022,20220515,CUS01856,3,No_Employee_id,Cash,Completed,27352.5,24170
ORD0006510,5/15/2022,20220515,CUS01741,2,EMP0053,Vodafone Cash,Completed,3728,1950
ORD0004436,5/15/2022,20220515,CUS02325,13,EMP0189,InstaPay,Completed,1346,740
ORD0005549,5/15/2022,20220515,CUS02957,4,EMP0083,InstaPay,Completed,153,90
ORD0010813,5/15/2022,20220515,CUS02049,3,EMP0059,Credit Card,Completed,1700,860
ORD0000316,5/15/2022,20220515,CUS00556,7,EMP0135,Debit Card,Completed,1050,520
ORD0000310,5/15/2022,20220515,CUS01610,4,EMP0083,Vodafone Cash,Returned,37840,31900
ORD0008594,5/15/2022,20220515,CUS00820,3,EMP0065,Debit Card,Returned,700,310
ORD0010542,5/15/2022,20220515,CUS01398,12,EMP0180,InstaPay,Cancelled,364,250
ORD0000643,5/15/2022,20220515,CUS01740,4,EMP0093,Vodafone Cash,Returned,24649,18580
ORD0001930,5/16/2022,20220516,CUS00506,13,EMP0185,Cash,Completed,1326,760
ORD0001325,5/16/2022,20220516,CUS02610,11,EMP0173,Vodafone Cash,Completed,1644,840
ORD0010090,5/16/2022,20220516,CUS02577,4,EMP0080,Debit Card,Completed,76,40
ORD0005162,5/16/2022,20220516,CUS02490,1,EMP0010,Credit Card,Completed,1388,690
ORD0005525,5/16/2022,20220516,CUS00714,5,EMP0105,Cash,Completed,450,240
ORD0005749,5/16/2022,20220516,CUS02952,1,EMP0009,InstaPay,Completed,38216,32140
ORD0008120,5/16/2022,20220516,CUS00155,4,EMP0090,Debit Card,Completed,1825,950
ORD0007353,5/16/2022,20220516,CUS00208,1,No_Employee_id,Cash,Completed,289,170
ORD0006965,5/16/2022,20220516,CUS01034,5,EMP0105,Vodafone Cash,Completed,830,410
ORD0008890,5/16/2022,20220516,CUS00809,4,EMP0087,Vodafone Cash,Returned,1658.5,850
ORD0004681,5/16/2022,20220516,CUS02922,14,EMP0202,Fawry,Returned,8900,7100
ORD0008166,5/16/2022,20220516,CUS02572,5,No_Employee_id,Credit Card,Completed,774.5,420
ORD0006182,5/17/2022,20220517,CUS02135,4,EMP0090,InstaPay,Returned,1230,690
ORD0007473,5/17/2022,20220517,CUS02186,11,EMP0171,Cash,Completed,2900,1390
ORD0004373,5/17/2022,20220517,CUS01670,1,EMP0006,Credit Card,Completed,1098,620
ORD0008857,5/17/2022,20220517,CUS01365,5,EMP0099,Cash,Completed,1353,800
ORD0008852,5/17/2022,20220517,CUS01477,12,No_Employee_id,Credit Card,Completed,270,140
ORD0008907,5/17/2022,20220517,CUS01482,10,EMP0158,InstaPay,Completed,18100,14340
ORD0006721,5/17/2022,20220517,CUS00387,10,EMP0157,Vodafone Cash,Completed,3057,1520
ORD0000152,5/17/2022,20220517,CUS02927,2,EMP0043,Debit Card,Completed,1936,1060
ORD0009288,5/17/2022,20220517,CUS01064,3,EMP0078,Cash,Completed,240,150
ORD0004928,5/17/2022,20220517,CUS01985,12,EMP0176,Cash,Completed,1271,720
ORD0010165,5/17/2022,20220517,CUS02114,3,EMP0071,Cash,Completed,276.5,140
ORD0006532,5/17/2022,20220517,CUS02071,14,EMP0199,Cash,Completed,2244,1180
ORD0000295,5/17/2022,20220517,CUS01159,14,EMP0194,Fawry,Completed,7612.5,4650
ORD0006270,5/17/2022,20220517,CUS00404,3,EMP0075,Cash,Returned,272,160
ORD0001317,5/17/2022,20220517,CUS02944,9,EMP0148,Debit Card,Completed,300,140
ORD0002348,5/17/2022,20220517,CUS01197,2,EMP0044,Fawry,Returned,1350,660
ORD0008569,5/17/2022,20220517,CUS01712,1,EMP0013,Vodafone Cash,Completed,962,540
ORD0006262,5/18/2022,20220518,CUS01347,5,EMP0105,InstaPay,Completed,1352,660
ORD0000451,5/18/2022,20220518,CUS02493,4,EMP0088,Fawry,Completed,780,380
ORD0001419,5/18/2022,20220518,CUS01696,3,EMP0057,InstaPay,Completed,740,360
ORD0011555,5/18/2022,20220518,CUS02072,2,EMP0036,Fawry,Completed,13822,10910
ORD0009121,5/18/2022,20220518,CUS02741,3,EMP0063,Credit Card,Completed,450,210
ORD0002259,5/18/2022,20220518,CUS01634,4,EMP0094,Debit Card,Completed,1890,1010
ORD0003128,5/18/2022,20220518,CUS02723,3,EMP0076,Cash,Returned,210,100
ORD0010718,5/18/2022,20220518,CUS00085,10,EMP0159,Credit Card,Completed,160,70
ORD0000753,5/18/2022,20220518,CUS02045,3,EMP0068,InstaPay,Completed,441,210
ORD0007058,5/18/2022,20220518,CUS02698,10,EMP0160,Credit Card,Completed,4335,4000
ORD0009470,5/18/2022,20220518,CUS01798,6,EMP0116,InstaPay,Completed,1186,660
ORD0004976,5/19/2022,20220519,CUS02277,2,EMP0030,InstaPay,Completed,817,390
ORD0009506,5/19/2022,20220519,CUS00309,15,EMP0212,InstaPay,Cancelled,488,300
ORD0011140,5/19/2022,20220519,CUS02958,6,EMP0117,Credit Card,Completed,420,180
ORD0007686,5/19/2022,20220519,CUS02229,3,EMP0063,InstaPay,Completed,710,340
ORD0000010,5/19/2022,20220519,CUS02951,1,No_Employee_id,Fawry,Returned,85,40
ORD0002683,5/19/2022,20220519,CUS00811,13,EMP0191,Cash,Completed,612,320
ORD0008283,5/19/2022,20220519,CUS02955,14,EMP0203,Fawry,Completed,1164,610
ORD0004061,5/19/2022,20220519,CUS01733,14,EMP0196,Vodafone Cash,Completed,342,170
ORD0003233,5/19/2022,20220519,CUS00399,5,EMP0109,Cash,Returned,144,80
ORD0002220,5/19/2022,20220519,CUS01787,1,EMP0001,Cash,Completed,29899,27440
ORD0002987,5/19/2022,20220519,CUS01650,6,EMP0120,Cash,Completed,700,340
ORD0005324,5/20/2022,20220520,CUS00903,4,EMP0093,InstaPay,Completed,1055,570
ORD0009413,5/20/2022,20220520,CUS02099,2,EMP0043,InstaPay,Completed,360,170
ORD0010278,5/20/2022,20220520,CUS02922,8,EMP0138,Debit Card,Completed,510,270
ORD0000847,5/20/2022,20220520,CUS01680,15,EMP0208,Cash,Returned,702,380
ORD0011935,5/20/2022,20220520,CUS01647,1,EMP0012,Vodafone Cash,Completed,180.5,90
ORD0001241,5/20/2022,20220520,CUS01316,8,No_Employee_id,Credit Card,Completed,63600,50800
ORD0011778,5/20/2022,20220520,CUS01620,1,EMP0014,Cash,Completed,1149,600
ORD0001323,5/20/2022,20220520,CUS01474,7,EMP0127,InstaPay,Completed,1498,740
ORD0005062,5/20/2022,20220520,CUS00070,2,EMP0037,Debit Card,Completed,2409.5,1600
ORD0005900,5/20/2022,20220520,CUS02131,14,EMP0200,Cash,Completed,752,410
ORD0007704,5/20/2022,20220520,CUS00399,15,EMP0212,InstaPay,Completed,1146.5,630
ORD0004753,5/20/2022,20220520,CUS01073,1,EMP0003,Cash,Returned,120,60
ORD0011065,5/20/2022,20220520,CUS02408,10,EMP0158,InstaPay,Completed,540,280
ORD0006457,5/21/2022,20220521,CUS01401,3,EMP0060,InstaPay,Completed,513.5,250
ORD0007367,5/21/2022,20220521,CUS00540,11,EMP0169,Debit Card,Completed,666,390
ORD0003257,5/21/2022,20220521,CUS01677,6,EMP0118,Debit Card,Completed,712,380
ORD0009896,5/21/2022,20220521,CUS02354,1,EMP0002,Fawry,Returned,144,70
ORD0004229,5/21/2022,20220521,CUS01233,14,EMP0200,Fawry,Completed,9038,7830
ORD0006905,5/22/2022,20220522,CUS00996,13,EMP0191,Vodafone Cash,Completed,780,410
ORD0006667,5/22/2022,20220522,CUS00143,1,EMP0011,Cash,Completed,102,60
ORD0006352,5/22/2022,20220522,CUS00278,3,EMP0071,Fawry,Completed,52940,42060
ORD0000064,5/22/2022,20220522,CUS02959,6,EMP0114,Fawry,Cancelled,1275,840
ORD0006372,5/22/2022,20220522,CUS02491,2,EMP0053,Cash,Completed,142.5,70
ORD0001305,5/23/2022,20220523,CUS00038,11,EMP0164,Vodafone Cash,Completed,936,490
ORD0006303,5/23/2022,20220523,CUS01598,12,EMP0179,Cash,Completed,1714,850
ORD0006526,5/23/2022,20220523,CUS01174,4,EMP0086,InstaPay,Completed,1940,940
ORD0008111,5/23/2022,20220523,CUS00343,7,EMP0136,Credit Card,Completed,1625,860
ORD0006852,5/23/2022,20220523,CUS01511,15,EMP0214,Credit Card,Completed,516,300
ORD0009808,5/23/2022,20220523,CUS02239,3,EMP0057,InstaPay,Completed,5121,3780
ORD0005230,5/23/2022,20220523,CUS02384,5,EMP0100,Credit Card,Completed,104,60
ORD0005729,5/23/2022,20220523,CUS00540,3,EMP0058,Cash,Completed,18651,14600
ORD0010302,5/23/2022,20220523,CUS01075,2,EMP0031,InstaPay,Completed,912,560
ORD0005302,5/23/2022,20220523,CUS00375,2,EMP0046,Fawry,Completed,2605.5,1560
ORD0004477,5/23/2022,20220523,CUS02636,7,EMP0135,Fawry,Completed,476,280
ORD0002696,5/23/2022,20220523,CUS02240,3,EMP0070,Debit Card,Completed,152,80
ORD0001601,5/23/2022,20220523,CUS01361,2,EMP0048,Cash,Cancelled,252,140
ORD0002611,5/23/2022,20220523,CUS01688,1,EMP0015,Vodafone Cash,Completed,8000,6400
ORD0005798,5/24/2022,20220524,CUS02125,5,EMP0108,Debit Card,Completed,1220,560
ORD0004400,5/24/2022,20220524,CUS00832,2,EMP0030,Debit Card,Completed,700,340
ORD0004028,5/24/2022,20220524,CUS02569,15,EMP0209,Fawry,Returned,950,500
ORD0000733,5/24/2022,20220524,CUS01437,4,EMP0086,InstaPay,Completed,504,310
ORD0002173,5/24/2022,20220524,CUS01474,1,EMP0011,Cash,Completed,142.5,90
ORD0000764,5/24/2022,20220524,CUS02109,3,EMP0061,InstaPay,Completed,212,110
ORD0011949,5/24/2022,20220524,CUS01693,4,EMP0087,Fawry,Completed,1670,880
ORD0001007,5/24/2022,20220524,CUS01634,3,EMP0056,InstaPay,Cancelled,1894,950
ORD0006289,5/24/2022,20220524,CUS00524,4,EMP0080,Vodafone Cash,Completed,3040,1520
ORD0005408,5/24/2022,20220524,CUS01691,2,EMP0029,Debit Card,Completed,2913,1510
ORD0000771,5/24/2022,20220524,CUS01536,5,EMP0098,Credit Card,Completed,510,240
ORD0009762,5/24/2022,20220524,CUS00375,6,EMP0123,Cash,Completed,446,200
ORD0002720,5/24/2022,20220524,CUS01292,2,No_Employee_id,InstaPay,Completed,1062,530
ORD0004279,5/24/2022,20220524,CUS02749,10,EMP0153,InstaPay,Completed,150,70
ORD0002654,5/25/2022,20220525,CUS02093,3,EMP0059,Credit Card,Completed,350,170
ORD0003793,5/25/2022,20220525,CUS01416,4,EMP0088,Cash,Completed,180,90
ORD0006323,5/25/2022,20220525,CUS00506,6,No_Employee_id,InstaPay,Completed,285,140
ORD0003261,5/25/2022,20220525,CUS02360,1,EMP0019,InstaPay,Cancelled,6660,5770
ORD0009907,5/25/2022,20220525,CUS01073,6,EMP0114,Cash,Completed,1373,700
ORD0008179,5/25/2022,20220525,CUS01691,7,EMP0128,Cash,Completed,408,230
ORD0001086,5/25/2022,20220525,CUS00763,1,EMP0018,Credit Card,Completed,360,180
ORD0002032,5/25/2022,20220525,CUS02117,5,EMP0111,Fawry,Completed,12746,11800
ORD0009207,5/25/2022,20220525,CUS00182,13,EMP0190,Credit Card,Completed,22824,21230
ORD0000228,5/25/2022,20220525,CUS01327,3,EMP0068,Fawry,Completed,288,180
ORD0010667,5/25/2022,20220525,CUS02044,4,EMP0089,Debit Card,Completed,400,200
ORD0005488,5/25/2022,20220525,CUS01729,5,EMP0104,Debit Card,Completed,2040,1200
ORD0000427,5/25/2022,20220525,CUS01498,6,EMP0123,Credit Card,Completed,11680,9840
ORD0004706,5/25/2022,20220525,CUS00113,1,EMP0005,InstaPay,Completed,5880,4370
ORD0002737,5/25/2022,20220525,CUS02387,7,EMP0134,Fawry,Completed,1527,970
ORD0005803,5/25/2022,20220525,CUS01420,5,EMP0105,Debit Card,Completed,370.5,180
ORD0010160,5/25/2022,20220525,CUS00084,2,EMP0054,InstaPay,Completed,485,270
ORD0004673,5/26/2022,20220526,CUS01254,12,EMP0175,Credit Card,Completed,356,200
ORD0008936,5/26/2022,20220526,CUS02345,2,EMP0054,Debit Card,Completed,2440,1440
ORD0005061,5/26/2022,20220526,CUS01613,7,EMP0131,Fawry,Cancelled,1025.5,540
ORD0009495,5/26/2022,20220526,CUS00822,1,EMP0019,Vodafone Cash,Completed,1714.5,990
ORD0010868,5/26/2022,20220526,CUS00760,2,EMP0044,Credit Card,Completed,370,180
ORD0011132,5/26/2022,20220526,CUS02216,4,EMP0089,Fawry,Returned,1099,560
ORD0000114,5/26/2022,20220526,CUS01695,1,EMP0005,InstaPay,Completed,4365,3270
ORD0009800,5/26/2022,20220526,CUS02262,4,EMP0092,Credit Card,Completed,14700,11800
ORD0005850,5/26/2022,20220526,CUS02339,1,EMP0022,Cash,Completed,1366,660
ORD0004955,5/26/2022,20220526,CUS01825,13,EMP0185,Fawry,Completed,240,150
ORD0011115,5/26/2022,20220526,CUS00989,3,EMP0057,Cash,Completed,199.5,100
ORD0002566,5/26/2022,20220526,CUS01161,1,EMP0021,Vodafone Cash,Completed,1134,600
ORD0010955,5/26/2022,20220526,CUS02431,14,EMP0203,Cash,Completed,3293,1870
ORD0008763,5/26/2022,20220526,CUS02618,6,EMP0115,Cash,Completed,480,240
ORD0005113,5/27/2022,20220527,CUS00066,15,EMP0208,Cash,Completed,945,510
ORD0007608,5/27/2022,20220527,CUS01739,12,EMP0184,Vodafone Cash,Completed,530,250
ORD0011037,5/27/2022,20220527,CUS01729,3,EMP0057,Fawry,Completed,916,470
ORD0007325,5/27/2022,20220527,CUS00205,2,No_Employee_id,Credit Card,Completed,893,460
ORD0009997,5/27/2022,20220527,CUS00301,8,EMP0139,Fawry,Completed,192,120
ORD0000622,5/27/2022,20220527,CUS00209,2,EMP0044,Vodafone Cash,Completed,648,350
ORD0003235,5/27/2022,20220527,CUS00698,3,EMP0070,Cash,Completed,2281,1320
ORD0010058,5/27/2022,20220527,CUS00266,1,EMP0008,Credit Card,Completed,368,230
ORD0011347,5/27/2022,20220527,CUS01699,2,EMP0036,Cash,Completed,1466,690
ORD0006773,5/28/2022,20220528,CUS01751,2,EMP0050,Debit Card,Completed,1162,750
ORD0002901,5/28/2022,20220528,CUS01123,7,EMP0129,Fawry,Completed,670,330
ORD0006229,5/28/2022,20220528,CUS00322,3,EMP0069,Credit Card,Cancelled,652,370
ORD0008027,5/28/2022,20220528,CUS00784,2,No_Employee_id,Debit Card,Cancelled,856.5,420
ORD0003794,5/28/2022,20220528,CUS00012,3,EMP0060,Vodafone Cash,Completed,1020.5,550
ORD0010369,5/28/2022,20220528,CUS02288,11,EMP0166,Cash,Completed,2910,1440
ORD0007305,5/28/2022,20220528,CUS00174,2,EMP0038,Cash,Completed,144,70
ORD0008098,5/28/2022,20220528,CUS01895,11,EMP0171,Cash,Completed,1072,530
ORD0000845,5/28/2022,20220528,CUS02602,2,EMP0048,Fawry,Completed,931,500
ORD0011331,5/28/2022,20220528,CUS00373,1,EMP0024,Credit Card,Completed,680,320
ORD0005843,5/28/2022,20220528,CUS00208,2,EMP0035,InstaPay,Completed,493,280
ORD0011112,5/28/2022,20220528,CUS02785,6,EMP0119,Debit Card,Completed,1043,610
ORD0008766,5/28/2022,20220528,CUS00433,7,No_Employee_id,Credit Card,Completed,3568.5,1740
ORD0002618,5/29/2022,20220529,CUS01133,2,No_Employee_id,Fawry,Completed,962,520
ORD0001237,5/29/2022,20220529,CUS00603,1,EMP0004,Debit Card,Completed,171,90
ORD0011126,5/29/2022,20220529,CUS00853,9,EMP0147,Vodafone Cash,Completed,256.5,130
ORD0005095,5/29/2022,20220529,CUS02693,5,EMP0112,Cash,Completed,500,240
ORD0002250,5/29/2022,20220529,CUS02567,4,EMP0085,Vodafone Cash,Cancelled,1862,980
ORD0003034,5/29/2022,20220529,CUS02487,2,EMP0051,Cash,Completed,862.5,440
ORD0003876,5/30/2022,20220530,CUS02676,4,EMP0080,InstaPay,Completed,720,340
ORD0006636,5/30/2022,20220530,CUS00657,2,EMP0054,Fawry,Completed,5900,4700
ORD0008707,5/30/2022,20220530,CUS00330,14,EMP0197,Vodafone Cash,Completed,769,390
ORD0000607,5/30/2022,20220530,CUS00140,11,EMP0165,InstaPay,Completed,90,40
ORD0011568,5/30/2022,20220530,CUS00971,12,EMP0180,Cash,Completed,2672,1330
ORD0010065,5/30/2022,20220530,CUS02942,3,EMP0065,Credit Card,Completed,700,340
ORD0010682,5/30/2022,20220530,CUS00220,12,EMP0176,Vodafone Cash,Completed,136,70
ORD0006061,5/30/2022,20220530,CUS02645,13,No_Employee_id,InstaPay,Completed,16597,12800
ORD0011147,5/30/2022,20220530,CUS02342,7,No_Employee_id,Credit Card,Completed,8516,5700
ORD0009014,5/30/2022,20220530,CUS01196,12,No_Employee_id,InstaPay,Completed,1418,760
ORD0007176,5/30/2022,20220530,CUS02902,1,EMP0007,InstaPay,Completed,390,180
ORD0009777,5/30/2022,20220530,CUS00597,2,EMP0042,Cash,Returned,20400,16200
ORD0001521,5/30/2022,20220530,CUS02668,12,EMP0175,Debit Card,Completed,2160,1080
ORD0011766,5/30/2022,20220530,CUS01357,3,EMP0077,Credit Card,Completed,1949.5,1050
ORD0008692,5/31/2022,20220531,CUS01298,6,EMP0117,Vodafone Cash,Completed,27096,22720
ORD0009509,5/31/2022,20220531,CUS00400,2,EMP0038,InstaPay,Completed,410.5,250
ORD0010097,5/31/2022,20220531,CUS00990,2,EMP0050,Debit Card,Completed,1250,620
ORD0000791,5/31/2022,20220531,CUS01645,2,EMP0046,Cash,Completed,1368,720
ORD0004243,5/31/2022,20220531,CUS02266,1,EMP0017,Debit Card,Returned,731.5,360
ORD0004745,5/31/2022,20220531,CUS01945,4,EMP0085,Vodafone Cash,Returned,210,140
ORD0009696,5/31/2022,20220531,CUS01731,6,EMP0113,Debit Card,Completed,320,160
ORD0001531,5/31/2022,20220531,CUS01060,3,EMP0077,InstaPay,Completed,618,320
ORD0001439,5/31/2022,20220531,CUS01561,15,EMP0206,Cash,Completed,189,130
ORD0004644,6/1/2022,20220601,CUS01648,2,EMP0030,Cash,Cancelled,117,60
ORD0002431,6/1/2022,20220601,CUS00646,6,EMP0117,Fawry,Completed,171,80
ORD0002653,6/1/2022,20220601,CUS01520,2,EMP0032,Cash,Completed,666,340
ORD0003827,6/1/2022,20220601,CUS00425,2,EMP0042,Vodafone Cash,Completed,150,90
ORD0009988,6/2/2022,20220602,CUS00336,1,EMP0020,Credit Card,Completed,1700.5,940
ORD0002350,6/2/2022,20220602,CUS02371,8,EMP0138,Fawry,Completed,75241.5,69380
ORD0011052,6/2/2022,20220602,CUS00598,3,EMP0059,Fawry,Completed,2104.5,1100
ORD0002551,6/2/2022,20220602,CUS01097,2,EMP0040,Credit Card,Completed,1458,740
ORD0011529,6/2/2022,20220602,CUS02662,11,EMP0171,Vodafone Cash,Completed,820,400
ORD0008742,6/2/2022,20220602,CUS02409,4,EMP0080,Debit Card,Completed,3060,1680
ORD0000794,6/2/2022,20220602,CUS02880,9,EMP0146,Debit Card,Completed,3504.5,2150
ORD0008129,6/3/2022,20220603,CUS02787,4,EMP0091,Credit Card,Completed,649.5,340
ORD0006047,6/3/2022,20220603,CUS02416,4,EMP0083,Debit Card,Completed,581,320
ORD0002354,6/3/2022,20220603,CUS02371,5,EMP0095,Vodafone Cash,Completed,357,200
ORD0000243,6/3/2022,20220603,CUS01113,5,EMP0104,Fawry,Completed,550,270
ORD0009526,6/3/2022,20220603,CUS00188,6,EMP0115,Vodafone Cash,Completed,1056,600
ORD0004761,6/3/2022,20220603,CUS01047,6,EMP0118,Fawry,Completed,864.5,440
ORD0008663,6/3/2022,20220603,CUS01942,7,EMP0136,Debit Card,Completed,1180,940
ORD0005632,6/3/2022,20220603,CUS00918,2,EMP0035,Cash,Completed,855,440
ORD0004598,6/3/2022,20220603,CUS00126,1,EMP0010,Vodafone Cash,Completed,1295,710
ORD0000952,6/3/2022,20220603,CUS01917,11,EMP0170,InstaPay,Cancelled,15071,12380
ORD0003378,6/3/2022,20220603,CUS02059,11,EMP0164,Fawry,Completed,799,420
ORD0002945,6/4/2022,20220604,CUS02530,14,EMP0199,Vodafone Cash,Completed,3526,1970
ORD0005939,6/4/2022,20220604,CUS00666,4,EMP0090,InstaPay,Completed,1480,730
ORD0008112,6/4/2022,20220604,CUS00315,2,EMP0052,Credit Card,Completed,720,340
ORD0011486,6/4/2022,20220604,CUS00615,4,EMP0083,Fawry,Completed,1322,690
ORD0010446,6/4/2022,20220604,CUS02152,12,EMP0174,Credit Card,Completed,437,220
ORD0000121,6/4/2022,20220604,CUS01029,3,EMP0069,Vodafone Cash,Completed,8999,9130
ORD0011122,6/4/2022,20220604,CUS02961,3,No_Employee_id,Fawry,Returned,1092,580
ORD0004768,6/4/2022,20220604,CUS00401,3,EMP0067,Vodafone Cash,Completed,560,700
ORD0003369,6/4/2022,20220604,CUS01095,5,EMP0100,InstaPay,Completed,14835,13400
ORD0007168,6/4/2022,20220604,CUS02949,3,EMP0068,Debit Card,Completed,5320,4500
ORD0003638,6/5/2022,20220605,CUS01473,6,EMP0119,Vodafone Cash,Returned,1440,690
ORD0001700,6/5/2022,20220605,CUS02780,15,EMP0213,Debit Card,Completed,460,230
ORD0004572,6/5/2022,20220605,CUS00233,5,EMP0103,Credit Card,Completed,440,220
ORD0000387,6/5/2022,20220605,CUS02162,2,EMP0042,InstaPay,Completed,780,380
ORD0011319,6/5/2022,20220605,CUS02170,12,EMP0178,Vodafone Cash,Completed,1035,650
ORD0000662,6/5/2022,20220605,CUS00131,5,EMP0102,Vodafone Cash,Completed,7775.5,7460
ORD0005500,6/5/2022,20220605,CUS00961,3,EMP0071,Credit Card,Completed,1477.5,810
ORD0004201,6/5/2022,20220605,CUS02770,3,EMP0063,Cash,Returned,190,90
ORD0005196,6/5/2022,20220605,CUS02450,3,EMP0056,Debit Card,Completed,1002,580
ORD0008662,6/5/2022,20220605,CUS00944,15,EMP0213,Debit Card,Completed,25415,23840
ORD0000347,6/6/2022,20220606,CUS02595,3,EMP0078,Credit Card,Completed,1054.5,540
ORD0010712,6/6/2022,20220606,CUS02258,2,EMP0037,Debit Card,Cancelled,7414,5790
ORD0007611,6/6/2022,20220606,CUS00213,5,EMP0098,Cash,Completed,828,460
ORD0001556,6/6/2022,20220606,CUS00930,6,EMP0126,Fawry,Completed,5030,3100
ORD0010729,6/6/2022,20220606,CUS01269,2,EMP0039,Debit Card,Completed,15646,11780
ORD0002606,6/7/2022,20220607,CUS00674,6,EMP0115,Vodafone Cash,Completed,506,250
ORD0004848,6/7/2022,20220607,CUS01968,5,EMP0110,InstaPay,Completed,1970,990
ORD0007860,6/7/2022,20220607,CUS01885,6,No_Employee_id,Cash,Completed,751,370
ORD0006830,6/7/2022,20220607,CUS02854,7,EMP0128,Fawry,Completed,610,290
ORD0002542,6/7/2022,20220607,CUS01028,7,EMP0132,Credit Card,Completed,5405,3840
ORD0008984,6/7/2022,20220607,CUS01295,1,EMP0013,InstaPay,Completed,2308,1350
ORD0003082,6/7/2022,20220607,CUS01646,14,EMP0203,Vodafone Cash,Completed,1364,860
ORD0006466,6/7/2022,20220607,CUS01154,14,EMP0195,Fawry,Completed,703,380
ORD0003013,6/7/2022,20220607,CUS00827,15,EMP0205,InstaPay,Returned,674.5,360
ORD0001197,6/7/2022,20220607,CUS02602,1,EMP0024,Fawry,Completed,817,410
ORD0005611,6/7/2022,20220607,CUS02160,4,EMP0089,Fawry,Completed,152,80
ORD0009503,6/8/2022,20220608,CUS02468,2,EMP0054,Cash,Cancelled,234,130
ORD0000777,6/8/2022,20220608,CUS01724,11,EMP0170,Debit Card,Completed,766,380
ORD0000097,6/8/2022,20220608,CUS01492,15,EMP0214,Credit Card,Completed,12552,10920
ORD0004012,6/8/2022,20220608,CUS01511,11,EMP0173,Fawry,Completed,1530,880
ORD0009668,6/8/2022,20220608,CUS01849,10,EMP0152,Debit Card,Completed,2131,1140
ORD0010053,6/8/2022,20220608,CUS02881,15,No_Employee_id,Fawry,Completed,320,180
ORD0000480,6/8/2022,20220608,CUS02441,4,EMP0088,Fawry,Completed,30160,24000
ORD0002201,6/8/2022,20220608,CUS01847,3,EMP0063,Fawry,Completed,1840,890
ORD0006644,6/8/2022,20220608,CUS00937,1,EMP0020,Debit Card,Completed,450,240
ORD0004867,6/9/2022,20220609,CUS00869,2,EMP0049,InstaPay,Completed,423,230
ORD0001979,6/9/2022,20220609,CUS01710,1,EMP0018,Cash,Completed,240,120
ORD0005164,6/9/2022,20220609,CUS00344,5,EMP0112,Vodafone Cash,Cancelled,504,280
ORD0004057,6/9/2022,20220609,CUS02172,11,EMP0164,Cash,Completed,2695.5,1380
ORD0008103,6/9/2022,20220609,CUS00880,10,EMP0156,Cash,Completed,8955,8280
ORD0005060,6/9/2022,20220609,CUS02438,5,EMP0105,Debit Card,Completed,2749,1440
ORD0000261,6/9/2022,20220609,CUS01663,2,EMP0047,Debit Card,Completed,440,220
ORD0007806,6/9/2022,20220609,CUS02531,1,EMP0002,Debit Card,Completed,2040,1030
ORD0011149,6/9/2022,20220609,CUS02561,2,EMP0029,Credit Card,Completed,266,140
ORD0006832,6/9/2022,20220609,CUS00177,13,EMP0187,Fawry,Completed,3276.5,3240
ORD0002578,6/9/2022,20220609,CUS01946,15,EMP0216,Credit Card,Cancelled,1485.5,830
ORD0003273,6/9/2022,20220609,CUS01799,1,EMP0028,InstaPay,Completed,210,100
ORD0010743,6/9/2022,20220609,CUS00135,7,EMP0128,Vodafone Cash,Completed,1416.5,750
ORD0003640,6/10/2022,20220610,CUS01966,4,EMP0079,Fawry,Completed,441,240
ORD0006684,6/10/2022,20220610,CUS01652,11,EMP0169,Vodafone Cash,Completed,1500,750
ORD0001063,6/10/2022,20220610,CUS01592,10,EMP0159,Cash,Completed,285,140
ORD0003557,6/10/2022,20220610,CUS00045,3,EMP0067,Cash,Completed,2225,1250
ORD0007811,6/10/2022,20220610,CUS00056,7,EMP0134,InstaPay,Completed,9150,7220
ORD0006179,6/10/2022,20220610,CUS01333,6,EMP0119,Credit Card,Completed,736.5,390
ORD0011874,6/10/2022,20220610,CUS01417,9,EMP0148,Cash,Returned,160,70
ORD0000133,6/11/2022,20220611,CUS00096,14,EMP0202,Credit Card,Completed,1523.5,770
ORD0007797,6/11/2022,20220611,CUS02869,4,EMP0081,Fawry,Completed,243,130
ORD0001074,6/11/2022,20220611,CUS02732,6,EMP0122,Vodafone Cash,Completed,3944,2800
ORD0003100,6/11/2022,20220611,CUS01256,12,EMP0176,InstaPay,Cancelled,224,140
ORD0000454,6/11/2022,20220611,CUS02636,3,EMP0063,InstaPay,Returned,1230,630
ORD0007434,6/11/2022,20220611,CUS00281,4,EMP0094,Vodafone Cash,Completed,576,310
ORD0004174,6/11/2022,20220611,CUS02920,10,EMP0158,Fawry,Completed,1440,680
ORD0006640,6/12/2022,20220612,CUS00134,1,EMP0009,Debit Card,Completed,540,260
ORD0011283,6/12/2022,20220612,CUS01873,8,No_Employee_id,Debit Card,Completed,228,110
ORD0000898,6/12/2022,20220612,CUS00626,11,EMP0165,Credit Card,Completed,526.5,270
ORD0010241,6/12/2022,20220612,CUS02196,2,EMP0054,Vodafone Cash,Returned,21435,17340
ORD0005071,6/12/2022,20220612,CUS02489,4,EMP0089,InstaPay,Completed,696,350
ORD0002005,6/12/2022,20220612,CUS02517,12,EMP0182,Debit Card,Completed,486,260
ORD0002723,6/12/2022,20220612,CUS00780,11,EMP0167,Credit Card,Completed,270,150
ORD0003474,6/13/2022,20220613,CUS01132,14,No_Employee_id,Debit Card,Completed,723.5,390
ORD0001675,6/13/2022,20220613,CUS02670,4,EMP0085,Debit Card,Completed,11919,9470
ORD0000481,6/13/2022,20220613,CUS00383,2,EMP0043,Debit Card,Completed,798,420
ORD0003455,6/13/2022,20220613,CUS02694,13,EMP0190,Cash,Completed,1096.5,630
ORD0009583,6/13/2022,20220613,CUS02042,10,EMP0160,InstaPay,Completed,270,130
ORD0010364,6/13/2022,20220613,CUS00116,3,EMP0063,Cash,Completed,13500,12000
ORD0002368,6/14/2022,20220614,CUS01391,3,EMP0069,Credit Card,Completed,926,470
ORD0000282,6/14/2022,20220614,CUS02200,2,EMP0049,Fawry,Completed,568,300
ORD0004428,6/14/2022,20220614,CUS02432,3,EMP0074,Vodafone Cash,Completed,1323,720
ORD0007141,6/14/2022,20220614,CUS00939,1,EMP0014,Credit Card,Completed,370,180
ORD0006970,6/14/2022,20220614,CUS01634,1,EMP0020,Cash,Completed,384,240
ORD0000477,6/14/2022,20220614,CUS00961,14,EMP0202,InstaPay,Cancelled,684,340
ORD0000645,6/14/2022,20220614,CUS01535,10,EMP0157,Credit Card,Completed,13518,11960
ORD0002039,6/14/2022,20220614,CUS00845,9,EMP0145,Credit Card,Completed,152,70
ORD0000834,6/14/2022,20220614,CUS01160,3,EMP0063,Cash,Completed,417,220
ORD0000318,6/14/2022,20220614,CUS02843,1,EMP0004,Fawry,Completed,140,60
ORD0010313,6/14/2022,20220614,CUS01004,2,EMP0047,Fawry,Completed,19805,15770
ORD0001965,6/14/2022,20220614,CUS02980,5,EMP0107,Cash,Completed,461,260
ORD0004312,6/14/2022,20220614,CUS01852,5,EMP0107,InstaPay,Completed,700,340
ORD0007558,6/15/2022,20220615,CUS01359,12,EMP0175,Debit Card,Completed,1044,560
ORD0002807,6/15/2022,20220615,CUS02444,3,EMP0063,Debit Card,Completed,2944,2190
ORD0003645,6/15/2022,20220615,CUS02664,3,EMP0056,Fawry,Completed,2212,1180
ORD0011012,6/15/2022,20220615,CUS02764,13,EMP0187,Debit Card,Completed,28134,24620
ORD0009507,6/15/2022,20220615,CUS02697,7,EMP0130,InstaPay,Completed,776,370
ORD0011678,6/15/2022,20220615,CUS02348,10,EMP0157,Credit Card,Returned,2613,1310
ORD0000425,6/15/2022,20220615,CUS00842,11,EMP0173,Fawry,Completed,420,210
ORD0006645,6/15/2022,20220615,CUS00987,3,EMP0057,InstaPay,Returned,520,240
ORD0003058,6/15/2022,20220615,CUS00198,5,EMP0109,Fawry,Completed,2953.5,1680
ORD0008674,6/15/2022,20220615,CUS00765,13,No_Employee_id,InstaPay,Completed,495,270
ORD0006302,6/15/2022,20220615,CUS00155,5,EMP0097,Fawry,Completed,674.5,350
ORD0003696,6/16/2022,20220616,CUS01751,9,EMP0146,Vodafone Cash,Completed,10085,7200
ORD0004511,6/16/2022,20220616,CUS00813,11,EMP0173,Credit Card,Completed,8384,6220
ORD0006135,6/16/2022,20220616,CUS01304,10,EMP0158,Fawry,Completed,3898,2820
ORD0005916,6/16/2022,20220616,CUS01114,5,EMP0096,Vodafone Cash,Completed,899.5,440
ORD0009790,6/16/2022,20220616,CUS02091,3,EMP0064,InstaPay,Completed,11240,8520
ORD0001748,6/16/2022,20220616,CUS00764,1,EMP0011,Debit Card,Completed,912,480
ORD0005719,6/16/2022,20220616,CUS00491,12,EMP0180,InstaPay,Completed,1223,610
ORD0007501,6/16/2022,20220616,CUS00245,1,EMP0001,Debit Card,Completed,2512,1240
ORD0000971,6/16/2022,20220616,CUS02862,15,EMP0214,Cash,Completed,787,370
ORD0010735,6/16/2022,20220616,CUS01254,9,No_Employee_id,Fawry,Completed,555,260
ORD0008641,6/16/2022,20220616,CUS01864,15,EMP0207,InstaPay,Completed,85.5,40
ORD0011869,6/16/2022,20220616,CUS00664,1,EMP0023,Credit Card,Completed,15880,13900
ORD0000412,6/16/2022,20220616,CUS02443,1,EMP0012,Credit Card,Returned,895,460
ORD0004551,6/16/2022,20220616,CUS00599,14,EMP0198,Cash,Completed,474,260
ORD0010175,6/17/2022,20220617,CUS01303,2,EMP0043,Fawry,Returned,135,70
ORD0002591,6/17/2022,20220617,CUS00754,3,EMP0074,Credit Card,Completed,738.5,420
ORD0002303,6/17/2022,20220617,CUS00511,10,EMP0160,InstaPay,Completed,1537,810
ORD0010618,6/17/2022,20220617,CUS02782,4,EMP0079,InstaPay,Completed,12150,11360
ORD0003251,6/17/2022,20220617,CUS00638,4,EMP0079,Vodafone Cash,Cancelled,1538.5,790
ORD0009435,6/17/2022,20220617,CUS01404,2,EMP0030,InstaPay,Completed,1170,780
ORD0009094,6/17/2022,20220617,CUS02095,12,EMP0179,InstaPay,Completed,2800,1360
ORD0000511,6/17/2022,20220617,CUS00089,3,EMP0066,InstaPay,Completed,366,190
ORD0004777,6/17/2022,20220617,CUS02180,3,EMP0057,InstaPay,Completed,160,70
ORD0011843,6/17/2022,20220617,CUS00105,2,EMP0034,Cash,Completed,423,230
ORD0009550,6/17/2022,20220617,CUS02759,12,EMP0181,Credit Card,Completed,90,40
ORD0008872,6/17/2022,20220617,CUS02324,4,EMP0085,InstaPay,Completed,4558,2640
ORD0004228,6/17/2022,20220617,CUS00329,1,EMP0014,Vodafone Cash,Completed,494,250
ORD0010416,6/18/2022,20220618,CUS00423,4,EMP0091,Debit Card,Completed,810,450
ORD0010126,6/18/2022,20220618,CUS02946,1,EMP0002,Vodafone Cash,Completed,950,500
ORD0009746,6/18/2022,20220618,CUS02814,2,EMP0042,InstaPay,Completed,3986,2330
ORD0000045,6/18/2022,20220618,CUS01932,9,EMP0150,Credit Card,Completed,512,320
ORD0008150,6/18/2022,20220618,CUS02493,12,EMP0182,Cash,Completed,1670,1240
ORD0007914,6/18/2022,20220618,CUS01640,12,EMP0175,Debit Card,Completed,10960,9040
ORD0011165,6/18/2022,20220618,CUS00770,5,EMP0098,InstaPay,Completed,810,410
ORD0004374,6/18/2022,20220618,CUS00166,6,EMP0120,InstaPay,Completed,440,210
ORD0007856,6/19/2022,20220619,CUS00703,6,EMP0121,Cash,Completed,50364,42110
ORD0005885,6/19/2022,20220619,CUS01157,11,EMP0167,InstaPay,Completed,297,160
ORD0004004,6/19/2022,20220619,CUS01158,10,EMP0156,Cash,Completed,342,160
ORD0007854,6/19/2022,20220619,CUS02457,11,EMP0167,Fawry,Completed,15000,12000
ORD0008931,6/19/2022,20220619,CUS00712,8,EMP0143,Cash,Completed,3920,4500
ORD0001757,6/19/2022,20220619,CUS02414,1,EMP0007,Debit Card,Completed,315,170
ORD0005637,6/19/2022,20220619,CUS02008,11,EMP0166,Fawry,Completed,914,450
ORD0002498,6/19/2022,20220619,CUS00352,12,EMP0177,Fawry,Completed,986,580
ORD0010019,6/19/2022,20220619,CUS01936,4,EMP0080,Debit Card,Returned,775,480
ORD0007831,6/20/2022,20220620,CUS01635,2,EMP0036,Debit Card,Completed,5388,3000
ORD0008131,6/20/2022,20220620,CUS00423,10,EMP0162,Debit Card,Completed,540,360
ORD0009246,6/20/2022,20220620,CUS01822,1,No_Employee_id,Debit Card,Completed,1634.5,860
ORD0002587,6/20/2022,20220620,CUS00910,4,EMP0093,Cash,Completed,1798.5,930
ORD0000276,6/20/2022,20220620,CUS01842,11,EMP0164,Credit Card,Completed,567,300
ORD0001216,6/20/2022,20220620,CUS01185,11,EMP0165,Credit Card,Completed,1860,930
ORD0004550,6/20/2022,20220620,CUS01868,8,EMP0140,Cash,Completed,2102,1030
ORD0000742,6/20/2022,20220620,CUS02376,11,EMP0169,Credit Card,Completed,9639,8880
ORD0003850,6/20/2022,20220620,CUS00932,1,EMP0023,Cash,Completed,1578,830
ORD0006854,6/20/2022,20220620,CUS00013,6,EMP0115,Debit Card,Completed,795,620
ORD0008181,6/21/2022,20220621,CUS01041,9,EMP0149,Debit Card,Completed,2004,1040
ORD0002907,6/21/2022,20220621,CUS02277,4,EMP0090,Credit Card,Completed,1545.5,860
ORD0010091,6/21/2022,20220621,CUS02540,2,EMP0041,Debit Card,Cancelled,810,390
ORD0007536,6/21/2022,20220621,CUS02357,4,EMP0091,InstaPay,Completed,72,40
ORD0005159,6/21/2022,20220621,CUS01249,4,EMP0079,Debit Card,Completed,13520,10660
ORD0001093,6/21/2022,20220621,CUS00467,5,EMP0097,Fawry,Completed,2904,1690
ORD0011050,6/21/2022,20220621,CUS01636,1,EMP0001,Vodafone Cash,Completed,290,140
ORD0007122,6/21/2022,20220621,CUS01762,2,EMP0029,Fawry,Completed,135,70
ORD0001912,6/21/2022,20220621,CUS00955,5,EMP0102,Vodafone Cash,Completed,738,420
ORD0000940,6/21/2022,20220621,CUS01851,4,EMP0091,Debit Card,Completed,28999,26920
ORD0010457,6/21/2022,20220621,CUS00825,1,EMP0016,Cash,Completed,1554,740
ORD0011426,6/21/2022,20220621,CUS02165,10,EMP0155,Debit Card,Completed,13680,10810
ORD0002545,6/21/2022,20220621,CUS01266,7,EMP0132,Fawry,Completed,13965,11800
ORD0004154,6/21/2022,20220621,CUS02921,12,EMP0175,Cash,Completed,820,420
ORD0001399,6/21/2022,20220621,CUS02562,2,EMP0036,Credit Card,Completed,472.5,300
ORD0003138,6/22/2022,20220622,CUS02060,14,EMP0197,Debit Card,Returned,6459,5340
ORD0006103,6/22/2022,20220622,CUS00381,3,EMP0067,Credit Card,Completed,1350,720
ORD0000920,6/22/2022,20220622,CUS01549,11,EMP0173,Debit Card,Completed,207,110
ORD0003663,6/22/2022,20220622,CUS02481,3,EMP0074,Credit Card,Completed,882,620
ORD0000086,6/22/2022,20220622,CUS00307,8,EMP0141,InstaPay,Completed,1070,510
ORD0008909,6/22/2022,20220622,CUS00702,4,EMP0079,Fawry,Completed,864,520
ORD0005897,6/22/2022,20220622,CUS02669,3,EMP0059,Debit Card,Completed,903,520
ORD0002055,6/22/2022,20220622,CUS02826,4,EMP0082,Debit Card,Completed,836,430
ORD0000944,6/22/2022,20220622,CUS00830,4,EMP0092,InstaPay,Completed,12170,10740
ORD0003121,6/22/2022,20220622,CUS02739,1,No_Employee_id,Fawry,Returned,648,360
ORD0003774,6/22/2022,20220622,CUS00435,2,EMP0050,Fawry,Completed,1719,980
ORD0004868,6/23/2022,20220623,CUS00124,3,EMP0067,Vodafone Cash,Completed,3774,2080
ORD0002337,6/23/2022,20220623,CUS00766,3,EMP0056,InstaPay,Completed,37262,32330
ORD0004636,6/23/2022,20220623,CUS01629,1,EMP0013,Cash,Completed,3190.5,1660
ORD0008386,6/23/2022,20220623,CUS00167,5,No_Employee_id,InstaPay,Completed,12711,10580
ORD0008172,6/23/2022,20220623,CUS02649,9,EMP0149,Credit Card,Completed,912,470
ORD0008450,6/23/2022,20220623,CUS02317,12,EMP0184,Credit Card,Completed,1639.5,900
ORD0003423,6/23/2022,20220623,CUS01879,1,EMP0023,Cash,Completed,2040,1260
ORD0001823,6/23/2022,20220623,CUS00582,3,EMP0055,Credit Card,Completed,768,460
ORD0007725,6/23/2022,20220623,CUS00405,8,EMP0140,Vodafone Cash,Returned,700,340
ORD0001724,6/23/2022,20220623,CUS00533,4,EMP0085,InstaPay,Completed,6475,5120
ORD0004530,6/23/2022,20220623,CUS00342,2,EMP0032,Fawry,Completed,357,250
ORD0005696,6/24/2022,20220624,CUS01236,6,EMP0126,Credit Card,Cancelled,17960,14270
ORD0002385,6/24/2022,20220624,CUS02318,7,EMP0127,Fawry,Completed,4870,4070
ORD0002433,6/24/2022,20220624,CUS00909,8,EMP0137,InstaPay,Completed,563.5,290
ORD0001184,6/24/2022,20220624,CUS02596,3,EMP0078,Vodafone Cash,Completed,1759,880
ORD0001285,6/24/2022,20220624,CUS01010,5,EMP0111,Cash,Completed,255,160
ORD0003363,6/24/2022,20220624,CUS01759,2,EMP0038,Cash,Returned,602,320
ORD0006967,6/24/2022,20220624,CUS02826,9,EMP0150,Cash,Completed,2870,1660
ORD0002072,6/24/2022,20220624,CUS01492,9,EMP0147,Debit Card,Completed,14817.5,12740
ORD0006952,6/25/2022,20220625,CUS02051,7,EMP0128,Fawry,Completed,96,60
ORD0009720,6/25/2022,20220625,CUS00268,1,EMP0027,Cash,Completed,12160,10300
ORD0008228,6/25/2022,20220625,CUS02349,14,EMP0200,InstaPay,Completed,993,480
ORD0000666,6/25/2022,20220625,CUS00210,4,EMP0084,Fawry,Completed,114,60
ORD0004757,6/25/2022,20220625,CUS02181,2,EMP0052,Debit Card,Completed,2023,1010
ORD0004181,6/25/2022,20220625,CUS01802,2,EMP0053,Credit Card,Completed,570,300
ORD0008158,6/25/2022,20220625,CUS01036,2,EMP0041,Fawry,Completed,14319,12140
ORD0007085,6/25/2022,20220625,CUS00442,1,EMP0003,Credit Card,Completed,1961,1210
ORD0005321,6/25/2022,20220625,CUS01943,1,EMP0021,Credit Card,Completed,488,300
ORD0004682,6/25/2022,20220625,CUS02610,5,EMP0096,Vodafone Cash,Cancelled,458.5,250
ORD0001170,6/25/2022,20220625,CUS00811,1,EMP0003,Credit Card,Returned,19272,16660
ORD0002045,6/25/2022,20220625,CUS00396,6,EMP0124,InstaPay,Completed,200,100
ORD0006627,6/26/2022,20220626,CUS02827,6,No_Employee_id,Fawry,Completed,2049.5,990
ORD0008679,6/26/2022,20220626,CUS02821,5,EMP0106,Credit Card,Completed,1546.5,890
ORD0004050,6/26/2022,20220626,CUS02201,5,EMP0106,Cash,Completed,285,140
ORD0002008,6/26/2022,20220626,CUS01300,12,EMP0175,Vodafone Cash,Completed,2400,1800
ORD0005448,6/26/2022,20220626,CUS00693,12,No_Employee_id,Credit Card,Completed,3219,1660
ORD0009318,6/26/2022,20220626,CUS00710,2,EMP0048,Debit Card,Completed,120,70
ORD0003405,6/26/2022,20220626,CUS01729,1,EMP0016,Fawry,Completed,90,40
ORD0004632,6/26/2022,20220626,CUS00149,6,EMP0124,InstaPay,Completed,22792,20120
ORD0007638,6/26/2022,20220626,CUS00806,10,EMP0161,Credit Card,Completed,1980,990
ORD0009367,6/27/2022,20220627,CUS00334,11,EMP0164,Debit Card,Completed,1329,660
ORD0005232,6/27/2022,20220627,CUS02943,4,EMP0089,Credit Card,Returned,1175.5,600
ORD0000745,6/27/2022,20220627,CUS00017,1,EMP0006,Debit Card,Completed,505,270
ORD0011075,6/27/2022,20220627,CUS00121,2,EMP0051,Cash,Completed,672,350
ORD0002920,6/27/2022,20220627,CUS01549,6,EMP0113,Credit Card,Completed,90,40
ORD0000731,6/27/2022,20220627,CUS02805,2,EMP0030,Fawry,Completed,921,480
ORD0009363,6/27/2022,20220627,CUS00514,7,EMP0129,Fawry,Returned,2916,1560
ORD0004780,6/27/2022,20220627,CUS00747,5,No_Employee_id,Vodafone Cash,Completed,1898.5,1020
ORD0008420,6/27/2022,20220627,CUS02486,5,EMP0105,Cash,Completed,8200,6500
ORD0009197,6/27/2022,20220627,CUS01084,11,EMP0172,Cash,Completed,162,90
ORD0000324,6/27/2022,20220627,CUS00917,6,EMP0120,Vodafone Cash,Completed,12288.5,12440
ORD0008068,6/27/2022,20220627,CUS00832,3,EMP0055,Cash,Completed,1626,950
ORD0008623,6/28/2022,20220628,CUS00933,1,EMP0022,Fawry,Completed,414,230
ORD0000646,6/28/2022,20220628,CUS00148,2,EMP0035,Debit Card,Completed,150,70
ORD0006464,6/28/2022,20220628,CUS00644,5,EMP0106,Fawry,Completed,2014,1510
ORD0010408,6/28/2022,20220628,CUS02987,12,EMP0179,Credit Card,Completed,47777,42150
ORD0007877,6/28/2022,20220628,CUS00176,4,EMP0081,Cash,Completed,1260,610
ORD0006654,6/28/2022,20220628,CUS01733,2,EMP0035,Vodafone Cash,Completed,882,490
ORD0003099,6/28/2022,20220628,CUS01894,2,EMP0045,Fawry,Completed,1230.5,650
ORD0007706,6/28/2022,20220628,CUS01078,6,EMP0115,Credit Card,Completed,535.5,310
ORD0003214,6/28/2022,20220628,CUS02620,3,EMP0061,Credit Card,Completed,230,110
ORD0003853,6/29/2022,20220629,CUS02939,13,EMP0187,Vodafone Cash,Returned,893.5,570
ORD0002502,6/29/2022,20220629,CUS00351,1,EMP0005,Cash,Completed,512,250
ORD0003782,6/29/2022,20220629,CUS02797,5,EMP0097,Fawry,Completed,150,70
ORD0009173,6/29/2022,20220629,CUS01406,1,EMP0012,Credit Card,Completed,2469,2400
ORD0002448,6/29/2022,20220629,CUS01146,6,EMP0113,Cash,Returned,2440,1200
ORD0006269,6/29/2022,20220629,CUS02765,2,EMP0052,Cash,Completed,540,280
ORD0010715,6/29/2022,20220629,CUS00606,2,No_Employee_id,Vodafone Cash,Completed,144,70
ORD0009568,6/29/2022,20220629,CUS02312,1,EMP0017,Credit Card,Completed,1305.5,700
ORD0006343,6/30/2022,20220630,CUS00834,12,EMP0174,Cash,Completed,288,140
ORD0008971,6/30/2022,20220630,CUS02367,1,EMP0003,InstaPay,Completed,1156,580
ORD0007636,6/30/2022,20220630,CUS02223,14,EMP0200,Vodafone Cash,Completed,1509,1000
ORD0005286,6/30/2022,20220630,CUS00568,12,EMP0175,Credit Card,Completed,12980,10390
ORD0001140,6/30/2022,20220630,CUS01181,6,EMP0114,InstaPay,Completed,140,70
ORD0002084,6/30/2022,20220630,CUS01331,2,EMP0045,Vodafone Cash,Completed,1220,580
ORD0002875,6/30/2022,20220630,CUS01169,4,EMP0079,Cash,Cancelled,459,240
ORD0004966,7/1/2022,20220701,CUS02212,1,EMP0018,Cash,Completed,1384,750
ORD0002414,7/1/2022,20220701,CUS00718,1,EMP0009,Fawry,Completed,3495.5,1760
ORD0005115,7/1/2022,20220701,CUS01883,4,EMP0088,Cash,Completed,3160,2220
ORD0005793,7/1/2022,20220701,CUS01072,2,EMP0033,Vodafone Cash,Completed,445,220
ORD0007901,7/1/2022,20220701,CUS00075,5,EMP0101,Vodafone Cash,Completed,521,260
ORD0009062,7/1/2022,20220701,CUS02629,11,EMP0164,Fawry,Completed,480,240
ORD0003880,7/1/2022,20220701,CUS02706,2,No_Employee_id,InstaPay,Completed,4552,3830
ORD0002266,7/1/2022,20220701,CUS01459,5,EMP0107,Debit Card,Completed,1032,630
ORD0009319,7/1/2022,20220701,CUS01185,1,EMP0024,Cash,Completed,653,330
ORD0007172,7/1/2022,20220701,CUS00851,2,EMP0036,Debit Card,Cancelled,390,180
ORD0006766,7/1/2022,20220701,CUS01911,2,EMP0042,Credit Card,Completed,1800,990
ORD0001352,7/1/2022,20220701,CUS01354,6,EMP0121,Cash,Completed,1735,990
ORD0001503,7/1/2022,20220701,CUS00835,3,EMP0058,Debit Card,Returned,199.5,100
ORD0000430,7/1/2022,20220701,CUS02445,6,EMP0126,InstaPay,Completed,17410,16340
ORD0008631,7/1/2022,20220701,CUS02438,13,EMP0185,Fawry,Completed,152,70
ORD0010910,7/2/2022,20220702,CUS02500,2,EMP0046,Vodafone Cash,Completed,713,360
ORD0004834,7/2/2022,20220702,CUS01771,12,EMP0179,Credit Card,Completed,361,180
ORD0008191,7/2/2022,20220702,CUS00253,6,EMP0113,InstaPay,Completed,880,440
ORD0010035,7/2/2022,20220702,CUS02191,1,EMP0025,Credit Card,Returned,600,280
ORD0004066,7/2/2022,20220702,CUS02839,6,EMP0113,InstaPay,Completed,260,130
ORD0009706,7/2/2022,20220702,CUS00486,12,EMP0175,Credit Card,Completed,2432,1480
ORD0007605,7/2/2022,20220702,CUS00179,4,EMP0079,Cash,Completed,2761,1610
ORD0010310,7/2/2022,20220702,CUS02892,5,EMP0110,Cash,Completed,1098,600
ORD0011311,7/3/2022,20220703,CUS01942,2,EMP0052,Credit Card,Completed,261,140
ORD0007746,7/3/2022,20220703,CUS02997,6,EMP0121,Fawry,Completed,600,300
ORD0006473,7/3/2022,20220703,CUS02096,12,EMP0178,Debit Card,Completed,1793.5,920
ORD0008549,7/3/2022,20220703,CUS01239,5,No_Employee_id,Credit Card,Completed,822,390
ORD0005521,7/3/2022,20220703,CUS00204,4,EMP0081,Cash,Completed,20400,16200
ORD0003927,7/3/2022,20220703,CUS00786,4,EMP0089,Vodafone Cash,Completed,284.5,150
ORD0003588,7/3/2022,20220703,CUS01481,1,EMP0020,Fawry,Completed,3019.5,1590
ORD0010374,7/3/2022,20220703,CUS02557,6,EMP0122,Vodafone Cash,Completed,1076.5,520
ORD0002756,7/3/2022,20220703,CUS02298,3,EMP0074,Fawry,Completed,350,170
ORD0000223,7/4/2022,20220704,CUS02860,1,EMP0027,Fawry,Completed,1172,650
ORD0005929,7/4/2022,20220704,CUS02950,1,EMP0019,InstaPay,Completed,238,130
ORD0000626,7/4/2022,20220704,CUS00563,2,No_Employee_id,Cash,Completed,367.5,210
ORD0006446,7/4/2022,20220704,CUS01503,1,EMP0028,Cash,Completed,7555,5520
ORD0008863,7/4/2022,20220704,CUS00737,11,EMP0169,Credit Card,Completed,342,180
ORD0007825,7/4/2022,20220704,CUS00675,8,EMP0143,Vodafone Cash,Returned,670,320
ORD0004390,7/4/2022,20220704,CUS00902,4,EMP0084,Cash,Completed,460,230
ORD0001247,7/4/2022,20220704,CUS01439,2,EMP0034,Fawry,Completed,247,130
ORD0000242,7/4/2022,20220704,CUS00990,4,EMP0087,Cash,Completed,1706.5,1010
ORD0009438,7/5/2022,20220705,CUS01868,3,EMP0076,InstaPay,Completed,980,460
ORD0010080,7/5/2022,20220705,CUS01617,14,EMP0198,Fawry,Completed,5567.5,2740
ORD0007117,7/6/2022,20220706,CUS00276,1,No_Employee_id,InstaPay,Completed,27360,21620
ORD0004238,7/6/2022,20220706,CUS02572,12,EMP0178,Credit Card,Completed,960,460
ORD0004602,7/6/2022,20220706,CUS00663,2,EMP0047,Vodafone Cash,Completed,655,330
ORD0002384,7/6/2022,20220706,CUS01492,1,EMP0025,Debit Card,Returned,220,100
ORD0011003,7/6/2022,20220706,CUS02910,7,EMP0128,Vodafone Cash,Completed,14231,11040
ORD0004912,7/6/2022,20220706,CUS02948,4,EMP0086,Cash,Completed,3085.5,1650
ORD0010130,7/6/2022,20220706,CUS00832,2,EMP0042,Vodafone Cash,Completed,90,40
ORD0008160,7/6/2022,20220706,CUS01359,7,EMP0131,Cash,Completed,741.5,410
ORD0000756,7/6/2022,20220706,CUS02574,2,EMP0054,InstaPay,Completed,860,410
ORD0003005,7/6/2022,20220706,CUS00993,2,EMP0034,InstaPay,Completed,304,150
ORD0005157,7/6/2022,20220706,CUS02850,8,EMP0138,InstaPay,Completed,1482,780
ORD0009418,7/6/2022,20220706,CUS01002,6,EMP0114,Credit Card,Completed,1744,900
ORD0004445,7/7/2022,20220707,CUS00309,3,EMP0059,Cash,Returned,2366,1590
ORD0007690,7/7/2022,20220707,CUS02406,2,EMP0051,Vodafone Cash,Completed,1600,1600
ORD0010199,7/7/2022,20220707,CUS02669,3,EMP0076,Cash,Returned,2070,1020
ORD0002773,7/7/2022,20220707,CUS00543,2,EMP0052,Debit Card,Completed,420,200
ORD0002482,7/7/2022,20220707,CUS00211,3,EMP0057,Cash,Completed,336,180
ORD0008434,7/7/2022,20220707,CUS00901,4,EMP0083,Cash,Completed,758,410
ORD0005108,7/7/2022,20220707,CUS01688,5,EMP0109,Cash,Completed,392,190
ORD0000100,7/7/2022,20220707,CUS00500,4,EMP0086,Vodafone Cash,Returned,999,530
ORD0002675,7/7/2022,20220707,CUS01514,14,EMP0199,Vodafone Cash,Returned,432,270
ORD0001756,7/7/2022,20220707,CUS01154,12,EMP0180,Cash,Completed,8080,8100
ORD0000730,7/8/2022,20220708,CUS00503,6,EMP0120,Fawry,Completed,2100.5,1080
ORD0001720,7/8/2022,20220708,CUS00472,13,EMP0190,Credit Card,Completed,41850,44700
ORD0009917,7/8/2022,20220708,CUS00912,4,EMP0083,InstaPay,Completed,977.5,480
ORD0008357,7/8/2022,20220708,CUS02873,1,EMP0013,Credit Card,Completed,432,250
ORD0009377,7/8/2022,20220708,CUS01615,1,EMP0012,Vodafone Cash,Completed,1464,820
ORD0011759,7/8/2022,20220708,CUS01257,9,EMP0147,InstaPay,Completed,552,340
ORD0009407,7/8/2022,20220708,CUS01851,1,EMP0023,Credit Card,Completed,6714,5590
ORD0002243,7/8/2022,20220708,CUS02125,5,EMP0102,InstaPay,Completed,25235.5,23740
ORD0010631,7/9/2022,20220709,CUS01362,2,EMP0042,Cash,Completed,1339.5,740
ORD0004873,7/9/2022,20220709,CUS00328,14,EMP0199,Cash,Completed,1600.5,840
ORD0011378,7/9/2022,20220709,CUS01499,7,EMP0136,Fawry,Completed,730,380
ORD0011338,7/9/2022,20220709,CUS00582,15,EMP0210,Vodafone Cash,Returned,7000,5290
ORD0007641,7/9/2022,20220709,CUS02816,6,EMP0121,Fawry,Completed,300,140
ORD0002950,7/9/2022,20220709,CUS02024,11,EMP0168,Debit Card,Completed,13230,11800
ORD0011160,7/9/2022,20220709,CUS02322,1,EMP0011,Debit Card,Completed,3141,2920
ORD0010172,7/9/2022,20220709,CUS01141,4,EMP0083,Fawry,Completed,2681,2040
ORD0003418,7/9/2022,20220709,CUS00281,13,EMP0187,Vodafone Cash,Completed,297.5,170
ORD0007194,7/9/2022,20220709,CUS00101,12,EMP0174,Cash,Cancelled,33580,34840
ORD0005019,7/10/2022,20220710,CUS00366,4,EMP0092,Cash,Completed,772,380
ORD0002751,7/10/2022,20220710,CUS02669,2,EMP0034,Cash,Completed,1370,660
ORD0011629,7/10/2022,20220710,CUS01284,7,EMP0135,Cash,Completed,690,350
ORD0001227,7/10/2022,20220710,CUS00557,3,EMP0065,InstaPay,Completed,463,300
ORD0001740,7/10/2022,20220710,CUS01711,6,EMP0113,Credit Card,Completed,9903.5,8360
ORD0000348,7/10/2022,20220710,CUS01097,2,EMP0047,InstaPay,Completed,775.5,390
ORD0003478,7/10/2022,20220710,CUS02216,1,EMP0003,Debit Card,Completed,980.5,480
ORD0004387,7/10/2022,20220710,CUS01081,1,EMP0016,Fawry,Completed,1440,930
ORD0010939,7/10/2022,20220710,CUS01187,4,EMP0084,InstaPay,Completed,1400,680
ORD0009380,7/10/2022,20220710,CUS01896,13,EMP0186,Debit Card,Completed,1453,850
ORD0002869,7/10/2022,20220710,CUS02718,11,EMP0169,Cash,Completed,140,60
ORD0008491,7/10/2022,20220710,CUS00764,14,EMP0195,Vodafone Cash,Completed,234,120
ORD0007777,7/10/2022,20220710,CUS00901,3,EMP0063,Debit Card,Completed,441,220
ORD0000311,7/11/2022,20220711,CUS00127,9,EMP0151,Fawry,Completed,126,70
ORD0003765,7/11/2022,20220711,CUS02788,11,EMP0167,Credit Card,Completed,668,340
ORD0004539,7/11/2022,20220711,CUS00986,4,EMP0093,Fawry,Completed,663,380
ORD0011410,7/11/2022,20220711,CUS02429,4,EMP0088,Cash,Completed,2444,1220
ORD0005936,7/11/2022,20220711,CUS01905,7,EMP0136,InstaPay,Completed,920,470
ORD0003544,7/11/2022,20220711,CUS01931,3,EMP0065,Debit Card,Completed,1200,590
ORD0009424,7/11/2022,20220711,CUS02874,4,EMP0089,Fawry,Completed,2545,2180
ORD0010154,7/11/2022,20220711,CUS01457,3,EMP0068,Fawry,Completed,782,430
ORD0002515,7/11/2022,20220711,CUS00283,1,EMP0025,Vodafone Cash,Completed,484,250
ORD0005398,7/11/2022,20220711,CUS02127,4,EMP0086,Credit Card,Completed,1910.5,1000
ORD0004122,7/11/2022,20220711,CUS01030,1,EMP0019,Vodafone Cash,Completed,243,130
ORD0002851,7/11/2022,20220711,CUS00782,2,EMP0032,Credit Card,Cancelled,1422,980
ORD0009171,7/11/2022,20220711,CUS00982,3,EMP0073,Debit Card,Cancelled,216,130
ORD0007287,7/11/2022,20220711,CUS02682,4,EMP0084,Vodafone Cash,Completed,133,60
ORD0003390,7/11/2022,20220711,CUS01171,6,EMP0122,Credit Card,Completed,44400,44400
ORD0000221,7/12/2022,20220712,CUS02175,5,No_Employee_id,Debit Card,Completed,541.5,270
ORD0001011,7/12/2022,20220712,CUS00597,1,EMP0028,Cash,Completed,400,180
ORD0004343,7/12/2022,20220712,CUS01533,8,EMP0142,Vodafone Cash,Completed,288,140
ORD0004157,7/12/2022,20220712,CUS00952,5,EMP0111,Fawry,Completed,1422,740
ORD0007552,7/12/2022,20220712,CUS00563,4,EMP0090,Debit Card,Completed,26290,20930
ORD0001664,7/12/2022,20220712,CUS00148,11,EMP0166,Fawry,Completed,300,140
ORD0006653,7/12/2022,20220712,CUS00235,2,EMP0049,Debit Card,Completed,2031,1020
ORD0011590,7/12/2022,20220712,CUS01514,1,EMP0022,Vodafone Cash,Completed,537,260
ORD0003682,7/12/2022,20220712,CUS01371,2,No_Employee_id,InstaPay,Completed,450,220
ORD0011053,7/12/2022,20220712,CUS01433,7,EMP0136,Vodafone Cash,Completed,14310,12700
ORD0007944,7/13/2022,20220713,CUS01133,3,EMP0056,Debit Card,Completed,3320,1640
ORD0003596,7/13/2022,20220713,CUS02867,3,EMP0065,Vodafone Cash,Completed,480,230
ORD0010805,7/13/2022,20220713,CUS02638,11,EMP0167,Fawry,Completed,153,80
ORD0011598,7/13/2022,20220713,CUS01893,15,EMP0208,InstaPay,Completed,550,270
ORD0000215,7/13/2022,20220713,CUS01909,2,EMP0032,Fawry,Returned,290,170
ORD0002252,7/13/2022,20220713,CUS00761,14,EMP0196,Debit Card,Completed,216,120
ORD0007145,7/13/2022,20220713,CUS00240,7,EMP0130,Fawry,Completed,686,390
ORD0004702,7/13/2022,20220713,CUS00215,10,EMP0155,Debit Card,Completed,18217,20760
ORD0007404,7/13/2022,20220713,CUS00591,2,EMP0035,Fawry,Completed,1204,580
ORD0007010,7/13/2022,20220713,CUS02043,10,EMP0159,Credit Card,Completed,1560,1040
ORD0004313,7/14/2022,20220714,CUS01035,3,EMP0072,Debit Card,Completed,6335,5190
ORD0010860,7/14/2022,20220714,CUS01695,4,No_Employee_id,Cash,Completed,782,460
ORD0005812,7/14/2022,20220714,CUS00481,4,EMP0086,InstaPay,Returned,300,140
ORD0004831,7/14/2022,20220714,CUS01733,2,EMP0052,Debit Card,Completed,1440,880
ORD0004500,7/14/2022,20220714,CUS01739,7,EMP0136,Fawry,Completed,684,350
ORD0006250,7/14/2022,20220714,CUS00251,3,EMP0063,Credit Card,Completed,2628,1370
ORD0004903,7/14/2022,20220714,CUS01642,3,EMP0055,Vodafone Cash,Completed,5909,5420
ORD0002289,7/15/2022,20220715,CUS02517,1,EMP0005,Cash,Completed,1356,710
ORD0010057,7/15/2022,20220715,CUS01438,3,EMP0056,Vodafone Cash,Completed,44800,35600
ORD0007024,7/15/2022,20220715,CUS00347,1,EMP0027,InstaPay,Returned,480,230
ORD0010305,7/15/2022,20220715,CUS00857,6,EMP0120,Debit Card,Completed,2877,1450
ORD0011465,7/15/2022,20220715,CUS00632,15,EMP0214,Vodafone Cash,Completed,2958,1520
ORD0003801,7/15/2022,20220715,CUS02951,1,EMP0026,Credit Card,Completed,982,530
ORD0005689,7/15/2022,20220715,CUS01507,2,EMP0042,Fawry,Completed,544,320
ORD0010628,7/15/2022,20220715,CUS01967,1,EMP0020,Credit Card,Completed,342,180
ORD0005254,7/15/2022,20220715,CUS02539,6,EMP0120,Cash,Completed,4317,2400
ORD0007150,7/15/2022,20220715,CUS00950,4,EMP0092,Cash,Completed,1603,740
ORD0001391,7/15/2022,20220715,CUS00497,2,EMP0036,Vodafone Cash,Completed,1309,780
ORD0010676,7/15/2022,20220715,CUS02457,6,EMP0124,Cash,Completed,1180,580
ORD0009086,7/15/2022,20220715,CUS01264,3,EMP0058,Debit Card,Completed,456,220
ORD0008481,7/16/2022,20220716,CUS00205,6,EMP0120,Debit Card,Returned,502,270
ORD0011613,7/16/2022,20220716,CUS01198,8,EMP0138,Cash,Completed,12286,10370
ORD0004783,7/16/2022,20220716,CUS01525,12,EMP0180,InstaPay,Completed,350,170
ORD0009126,7/16/2022,20220716,CUS00509,13,EMP0190,Vodafone Cash,Completed,45170,39230
ORD0010235,7/16/2022,20220716,CUS02353,8,EMP0139,Vodafone Cash,Completed,1050,580
ORD0001564,7/16/2022,20220716,CUS01616,1,EMP0026,Fawry,Completed,22017,19200
ORD0003364,7/16/2022,20220716,CUS00270,4,EMP0093,Cash,Completed,2636.5,1440
ORD0001029,7/16/2022,20220716,CUS00824,9,EMP0149,Vodafone Cash,Completed,142.5,70
ORD0006151,7/16/2022,20220716,CUS00691,5,EMP0102,Debit Card,Completed,1517,840
ORD0001993,7/17/2022,20220717,CUS00260,3,EMP0067,Debit Card,Completed,28560,24930
ORD0007076,7/17/2022,20220717,CUS00661,3,EMP0069,Fawry,Returned,720,360
ORD0001456,7/17/2022,20220717,CUS00721,1,EMP0006,Fawry,Completed,362.5,200
ORD0008277,7/17/2022,20220717,CUS01685,3,No_Employee_id,Vodafone Cash,Completed,570,280
ORD0003584,7/17/2022,20220717,CUS01401,1,EMP0012,Fawry,Completed,2334,1180
ORD0004225,7/17/2022,20220717,CUS02227,13,EMP0185,InstaPay,Completed,592,360
ORD0010309,7/17/2022,20220717,CUS00651,14,EMP0196,InstaPay,Completed,1762,940
ORD0011313,7/17/2022,20220717,CUS00794,7,EMP0130,Cash,Completed,904,520
ORD0010711,7/18/2022,20220718,CUS02435,4,EMP0091,Vodafone Cash,Returned,29116,24350
ORD0000044,7/18/2022,20220718,CUS02507,4,EMP0084,Vodafone Cash,Completed,1848,980
ORD0000788,7/18/2022,20220718,CUS00133,4,EMP0090,Vodafone Cash,Completed,1333.5,720
ORD0002774,7/18/2022,20220718,CUS02272,9,EMP0147,Cash,Completed,817,420
ORD0008794,7/18/2022,20220718,CUS00825,2,EMP0039,Debit Card,Completed,1730,860
ORD0008170,7/18/2022,20220718,CUS00952,1,EMP0016,Debit Card,Completed,549,300
ORD0011484,7/18/2022,20220718,CUS02593,4,EMP0086,Credit Card,Completed,1232,660
ORD0006036,7/18/2022,20220718,CUS01401,9,EMP0147,Debit Card,Completed,280,140
ORD0000926,7/18/2022,20220718,CUS01578,1,No_Employee_id,Vodafone Cash,Completed,144,70
ORD0000257,7/18/2022,20220718,CUS02032,8,EMP0139,Vodafone Cash,Completed,300,120
ORD0003255,7/18/2022,20220718,CUS02668,4,EMP0092,Debit Card,Completed,28785,24300
ORD0001212,7/19/2022,20220719,CUS00165,6,EMP0123,Cash,Returned,360,210
ORD0006836,7/19/2022,20220719,CUS01493,1,EMP0004,InstaPay,Completed,1702,920
ORD0002993,7/19/2022,20220719,CUS01020,4,EMP0081,Vodafone Cash,Cancelled,1759,870
ORD0001357,7/19/2022,20220719,CUS00561,2,EMP0044,Debit Card,Completed,6575,5150
ORD0007147,7/19/2022,20220719,CUS00220,10,EMP0162,Debit Card,Cancelled,39740,31570
ORD0000840,7/19/2022,20220719,CUS01060,8,EMP0140,InstaPay,Completed,150,70
ORD0000869,7/19/2022,20220719,CUS02747,7,EMP0128,Credit Card,Completed,270,130
ORD0004755,7/19/2022,20220719,CUS02354,2,EMP0048,Credit Card,Completed,890,870
ORD0007204,7/19/2022,20220719,CUS02139,3,EMP0063,Cash,Completed,171,90
ORD0000832,7/19/2022,20220719,CUS01159,11,EMP0168,Cash,Returned,336,210
ORD0010763,7/19/2022,20220719,CUS01873,1,EMP0028,Vodafone Cash,Completed,180.5,90
ORD0001824,7/20/2022,20220720,CUS01524,4,EMP0091,Credit Card,Completed,1769,990
ORD0007779,7/20/2022,20220720,CUS00147,11,EMP0172,Fawry,Completed,144.5,80
ORD0000336,7/20/2022,20220720,CUS00880,10,EMP0162,Debit Card,Returned,2135,1180
ORD0002603,7/20/2022,20220720,CUS02293,1,EMP0015,Debit Card,Completed,420,210
ORD0008565,7/20/2022,20220720,CUS00501,11,EMP0169,Vodafone Cash,Completed,13362,10590
ORD0003250,7/20/2022,20220720,CUS02434,1,EMP0016,InstaPay,Completed,453,230
ORD0005612,7/20/2022,20220720,CUS01314,13,EMP0188,Fawry,Completed,200,100
ORD0004880,7/20/2022,20220720,CUS00342,1,EMP0013,Debit Card,Completed,8322,6600
ORD0007014,7/20/2022,20220720,CUS00766,3,EMP0069,Credit Card,Completed,880,440
ORD0000983,7/20/2022,20220720,CUS01017,2,No_Employee_id,Vodafone Cash,Completed,216,120
ORD0010307,7/20/2022,20220720,CUS00126,5,EMP0103,Credit Card,Completed,7800,6910
ORD0007213,7/20/2022,20220720,CUS01401,1,EMP0003,Fawry,Completed,285,140
ORD0001103,7/21/2022,20220721,CUS00709,5,EMP0105,Vodafone Cash,Completed,67.5,40
ORD0002582,7/21/2022,20220721,CUS00318,3,EMP0074,Debit Card,Completed,3688,1930
ORD0009620,7/21/2022,20220721,CUS00433,7,EMP0133,Credit Card,Completed,17240,16200
ORD0002637,7/21/2022,20220721,CUS02270,6,EMP0122,InstaPay,Completed,656.5,330
ORD0002265,7/21/2022,20220721,CUS02109,15,EMP0205,Fawry,Cancelled,2235,1080
ORD0000950,7/21/2022,20220721,CUS02900,2,EMP0033,Cash,Completed,680,310
ORD0005368,7/21/2022,20220721,CUS00797,10,EMP0163,Credit Card,Completed,2200,1700
ORD0002108,7/21/2022,20220721,CUS01665,1,EMP0025,Fawry,Completed,2482.5,2090
ORD0001849,7/21/2022,20220721,CUS02031,10,EMP0159,Debit Card,Completed,24199.5,19300
ORD0009051,7/21/2022,20220721,CUS01687,3,EMP0062,Debit Card,Completed,352,200
ORD0003639,7/21/2022,20220721,CUS01535,1,EMP0016,Debit Card,Completed,243,120
ORD0005846,7/21/2022,20220721,CUS02431,9,EMP0148,Vodafone Cash,Completed,2564,1450
ORD0001336,7/22/2022,20220722,CUS01823,1,EMP0004,Fawry,Returned,432,230
ORD0001602,7/22/2022,20220722,CUS00994,10,EMP0154,Debit Card,Completed,304,140
ORD0010253,7/22/2022,20220722,CUS02771,3,EMP0072,Fawry,Returned,720,340
ORD0005357,7/22/2022,20220722,CUS02878,3,EMP0077,Debit Card,Completed,2763.5,1420
ORD0009756,7/22/2022,20220722,CUS02215,11,EMP0173,InstaPay,Completed,925,920
ORD0005349,7/22/2022,20220722,CUS00092,4,EMP0080,Credit Card,Completed,1510,740
ORD0008444,7/22/2022,20220722,CUS01639,4,EMP0085,Debit Card,Completed,24230,21270
ORD0000225,7/22/2022,20220722,CUS00738,2,EMP0049,Vodafone Cash,Completed,936,480
ORD0005146,7/22/2022,20220722,CUS01670,1,EMP0008,Credit Card,Completed,1205,630
ORD0008614,7/22/2022,20220722,CUS02281,14,EMP0200,Debit Card,Completed,2244,1300
ORD0002362,7/22/2022,20220722,CUS02563,2,EMP0037,Vodafone Cash,Completed,392,230
ORD0004596,7/23/2022,20220723,CUS01258,15,EMP0211,Vodafone Cash,Cancelled,1216,880
ORD0004490,7/23/2022,20220723,CUS00117,11,EMP0166,Debit Card,Completed,10900,8700
ORD0000193,7/23/2022,20220723,CUS02824,14,EMP0194,Credit Card,Completed,1500,740
ORD0003984,7/23/2022,20220723,CUS02350,11,EMP0168,InstaPay,Completed,90,40
ORD0003877,7/23/2022,20220723,CUS01075,2,EMP0054,Fawry,Completed,1525.5,770
ORD0009797,7/23/2022,20220723,CUS00958,11,EMP0171,Cash,Completed,576,280
ORD0003676,7/23/2022,20220723,CUS00835,12,EMP0179,Fawry,Completed,480,210
ORD0005874,7/23/2022,20220723,CUS00615,1,EMP0026,Fawry,Returned,160,70
ORD0000392,7/23/2022,20220723,CUS00013,13,EMP0187,Cash,Completed,300,140
ORD0004674,7/23/2022,20220723,CUS02264,5,EMP0111,InstaPay,Completed,240,140
ORD0009385,7/24/2022,20220724,CUS01571,4,EMP0082,Fawry,Completed,3720,2080
ORD0000974,7/24/2022,20220724,CUS01120,8,EMP0143,Vodafone Cash,Completed,1032,540
ORD0009833,7/24/2022,20220724,CUS01855,3,EMP0062,Cash,Returned,3300,1620
ORD0000089,7/24/2022,20220724,CUS02249,6,EMP0125,Debit Card,Completed,945,620
ORD0005405,7/24/2022,20220724,CUS00461,4,No_Employee_id,Vodafone Cash,Completed,342,160
ORD0000315,7/24/2022,20220724,CUS01745,2,EMP0053,Cash,Cancelled,1425,720
ORD0008405,7/24/2022,20220724,CUS02500,11,EMP0171,Fawry,Completed,742,370
ORD0010836,7/24/2022,20220724,CUS00663,7,EMP0129,Fawry,Cancelled,1360,650
ORD0004535,7/24/2022,20220724,CUS00665,11,EMP0172,InstaPay,Returned,38766,30540
ORD0005999,7/25/2022,20220725,CUS00029,1,EMP0004,Fawry,Completed,1760,1240
ORD0011764,7/25/2022,20220725,CUS00326,4,EMP0082,Credit Card,Completed,430,210
ORD0003958,7/25/2022,20220725,CUS00900,8,EMP0141,InstaPay,Completed,800,360
ORD0004105,7/25/2022,20220725,CUS02520,2,EMP0035,Credit Card,Completed,1062,560
ORD0004537,7/25/2022,20220725,CUS01295,10,EMP0162,Vodafone Cash,Completed,126,70
ORD0005887,7/25/2022,20220725,CUS02574,9,EMP0149,Fawry,Cancelled,600,300
ORD0004185,7/25/2022,20220725,CUS02950,2,EMP0049,Cash,Completed,216,120
ORD0011189,7/25/2022,20220725,CUS02934,3,EMP0063,Credit Card,Completed,6140,5690
ORD0007896,7/25/2022,20220725,CUS00656,2,No_Employee_id,Debit Card,Completed,987,530
ORD0007626,7/26/2022,20220726,CUS00611,7,EMP0131,InstaPay,Completed,112,70
ORD0005077,7/26/2022,20220726,CUS02619,6,EMP0119,Cash,Completed,1255,640
ORD0005845,7/26/2022,20220726,CUS01669,1,EMP0026,Fawry,Completed,430,210
ORD0008963,7/26/2022,20220726,CUS00558,3,EMP0059,Credit Card,Completed,1852,1060
ORD0004845,7/26/2022,20220726,CUS00202,11,No_Employee_id,Vodafone Cash,Completed,2244,1200
ORD0009750,7/26/2022,20220726,CUS00449,3,EMP0067,InstaPay,Completed,38340,35440
ORD0001645,7/26/2022,20220726,CUS00576,8,EMP0142,Vodafone Cash,Completed,2851.5,1510
ORD0011101,7/26/2022,20220726,CUS00193,8,EMP0137,Debit Card,Completed,3200,3200
ORD0003979,7/26/2022,20220726,CUS00510,10,EMP0158,InstaPay,Completed,199.5,100
ORD0000705,7/27/2022,20220727,CUS02333,14,EMP0199,Vodafone Cash,Completed,152,70
ORD0004060,7/27/2022,20220727,CUS00042,13,EMP0189,Debit Card,Completed,872.5,470
ORD0008589,7/27/2022,20220727,CUS02607,10,EMP0154,InstaPay,Completed,8729.5,7700
ORD0008793,7/27/2022,20220727,CUS01035,15,EMP0213,Credit Card,Completed,596,340
ORD0003911,7/27/2022,20220727,CUS00714,4,EMP0079,Fawry,Completed,760,380
ORD0003157,7/27/2022,20220727,CUS02709,10,EMP0159,Debit Card,Completed,5320,4500
ORD0000833,7/27/2022,20220727,CUS00905,11,EMP0166,Debit Card,Completed,18500,14800
ORD0010022,7/27/2022,20220727,CUS01767,12,EMP0178,Credit Card,Completed,2346,1270
ORD0009411,7/27/2022,20220727,CUS01398,7,EMP0134,Fawry,Completed,228,110
ORD0002567,7/27/2022,20220727,CUS02390,8,EMP0140,Debit Card,Completed,1272.5,690
ORD0008825,7/27/2022,20220727,CUS01717,11,EMP0167,Cash,Completed,10000,8000
ORD0002909,7/28/2022,20220728,CUS01189,2,EMP0029,Fawry,Completed,5600,4500
ORD0005088,7/28/2022,20220728,CUS01986,9,EMP0146,Debit Card,Completed,357,200
ORD0008128,7/28/2022,20220728,CUS02463,4,EMP0080,Cash,Completed,17975,18700
ORD0000657,7/28/2022,20220728,CUS00070,3,EMP0068,Fawry,Completed,852,420
ORD0010985,7/28/2022,20220728,CUS01815,14,EMP0196,Cash,Completed,170,80
ORD0000395,7/28/2022,20220728,CUS00816,13,EMP0191,InstaPay,Completed,2748,1560
ORD0004330,7/28/2022,20220728,CUS01441,6,EMP0114,Cash,Completed,2563.5,1400
ORD0005168,7/28/2022,20220728,CUS02028,8,EMP0139,Cash,Completed,760.5,430
ORD0011150,7/28/2022,20220728,CUS02439,2,EMP0045,Cash,Completed,360,230
ORD0006123,7/28/2022,20220728,CUS00633,7,EMP0130,Fawry,Completed,1740,850
ORD0003269,7/28/2022,20220728,CUS02472,3,EMP0064,Fawry,Completed,1223,610
ORD0009861,7/28/2022,20220728,CUS01237,3,EMP0060,Vodafone Cash,Completed,19080,16660
ORD0011972,7/28/2022,20220728,CUS01098,5,EMP0108,InstaPay,Completed,950,460
ORD0006946,7/28/2022,20220728,CUS02277,2,EMP0052,Fawry,Completed,100,40
ORD0007323,7/29/2022,20220729,CUS00142,14,EMP0197,Vodafone Cash,Completed,3514,1760
ORD0011705,7/29/2022,20220729,CUS02268,13,EMP0191,Cash,Completed,1137,590
ORD0009862,7/29/2022,20220729,CUS01976,14,EMP0203,InstaPay,Completed,31108,25130
ORD0011784,7/29/2022,20220729,CUS02368,6,EMP0123,Credit Card,Returned,8455,7100
ORD0002573,7/29/2022,20220729,CUS02240,11,EMP0166,Cash,Completed,7600,6400
ORD0009838,7/29/2022,20220729,CUS01505,4,No_Employee_id,InstaPay,Completed,26947,21260
ORD0007533,7/29/2022,20220729,CUS02403,14,EMP0194,Credit Card,Completed,468,260
ORD0009655,7/29/2022,20220729,CUS02029,3,EMP0077,Debit Card,Completed,260,130
ORD0004056,7/29/2022,20220729,CUS02164,1,EMP0018,Fawry,Completed,120,70
ORD0007403,7/29/2022,20220729,CUS01226,2,EMP0049,Fawry,Completed,304,140
ORD0000007,7/29/2022,20220729,CUS02742,13,EMP0187,Credit Card,Completed,29610,26300
ORD0004723,7/29/2022,20220729,CUS00420,1,EMP0027,Vodafone Cash,Completed,840,470
ORD0001878,7/29/2022,20220729,CUS00889,8,EMP0144,InstaPay,Completed,588,330
ORD0001004,7/30/2022,20220730,CUS02630,2,EMP0031,Fawry,Completed,41751,40870
ORD0009889,7/30/2022,20220730,CUS01182,14,EMP0203,Credit Card,Completed,6700,5320
ORD0005539,7/30/2022,20220730,CUS02430,4,EMP0081,Credit Card,Completed,680,380
ORD0008349,7/30/2022,20220730,CUS00272,2,EMP0047,Cash,Completed,1160,590
ORD0007402,7/30/2022,20220730,CUS01443,3,EMP0064,Debit Card,Completed,13961.5,10030
ORD0010796,7/30/2022,20220730,CUS01702,12,EMP0179,Vodafone Cash,Completed,1074,530
ORD0005963,7/30/2022,20220730,CUS00622,4,EMP0081,Debit Card,Returned,640,350
ORD0002360,7/30/2022,20220730,CUS00938,5,EMP0110,Vodafone Cash,Completed,483,270
ORD0005413,7/30/2022,20220730,CUS00426,3,EMP0071,Cash,Completed,441,220
ORD0006879,7/31/2022,20220731,CUS00277,9,EMP0147,InstaPay,Completed,6100,4900
ORD0005006,7/31/2022,20220731,CUS01171,3,EMP0062,Vodafone Cash,Completed,9760,9800
ORD0004959,7/31/2022,20220731,CUS01928,2,EMP0035,InstaPay,Completed,161.5,80
ORD0009933,7/31/2022,20220731,CUS00431,5,EMP0098,Debit Card,Completed,2000,1600
ORD0005316,7/31/2022,20220731,CUS00398,3,EMP0061,Fawry,Completed,1400,680
ORD0002133,7/31/2022,20220731,CUS01919,1,EMP0018,Credit Card,Completed,405,260
ORD0008253,7/31/2022,20220731,CUS02671,13,EMP0190,Credit Card,Completed,1200,600
ORD0003438,7/31/2022,20220731,CUS02643,1,EMP0016,Credit Card,Completed,1470.5,720
ORD0008688,7/31/2022,20220731,CUS01224,9,EMP0145,Credit Card,Completed,935,460
ORD0001454,7/31/2022,20220731,CUS02799,11,EMP0172,Debit Card,Completed,1250,590
ORD0005677,7/31/2022,20220731,CUS02282,2,EMP0036,Cash,Completed,144,80
ORD0003910,7/31/2022,20220731,CUS02530,5,EMP0101,Credit Card,Completed,3744,3270
ORD0010723,7/31/2022,20220731,CUS01566,2,EMP0049,Fawry,Completed,462,220
ORD0004703,7/31/2022,20220731,CUS00907,7,EMP0128,Cash,Completed,600,300
ORD0007657,8/1/2022,20220801,CUS01399,4,EMP0086,InstaPay,Completed,8306.5,6560
ORD0000091,8/1/2022,20220801,CUS01290,4,No_Employee_id,Cash,Completed,378,200
ORD0003848,8/1/2022,20220801,CUS01462,4,EMP0093,Vodafone Cash,Completed,705.5,410
ORD0011631,8/1/2022,20220801,CUS00719,12,EMP0175,InstaPay,Completed,1788.5,950
ORD0009182,8/1/2022,20220801,CUS01994,12,EMP0175,Debit Card,Completed,320,140
ORD0003038,8/1/2022,20220801,CUS00011,12,EMP0184,Fawry,Completed,100,40
ORD0000249,8/1/2022,20220801,CUS00574,12,EMP0178,Credit Card,Completed,666,360
ORD0003750,8/1/2022,20220801,CUS02319,4,EMP0083,Fawry,Completed,228,120
ORD0006980,8/1/2022,20220801,CUS01417,7,EMP0129,Fawry,Completed,1677,890
ORD0008920,8/1/2022,20220801,CUS00848,12,EMP0180,Fawry,Completed,1140,580
ORD0003769,8/1/2022,20220801,CUS00041,12,EMP0179,Fawry,Completed,606.5,340
ORD0010965,8/1/2022,20220801,CUS00736,10,EMP0160,Vodafone Cash,Cancelled,405.5,200
ORD0005402,8/1/2022,20220801,CUS02793,14,EMP0195,Debit Card,Completed,260,130
ORD0003802,8/1/2022,20220801,CUS02544,1,EMP0009,InstaPay,Returned,49106,39370
ORD0004331,8/1/2022,20220801,CUS02847,2,EMP0049,InstaPay,Completed,864,460
ORD0011954,8/1/2022,20220801,CUS01789,3,EMP0069,Cash,Completed,503.5,260
ORD0010495,8/1/2022,20220801,CUS00501,8,EMP0137,InstaPay,Completed,510,300
ORD0010504,8/1/2022,20220801,CUS01870,1,EMP0008,Credit Card,Completed,2598.5,1320
ORD0011718,8/2/2022,20220802,CUS01020,13,EMP0187,Debit Card,Completed,11360,8970
ORD0006960,8/2/2022,20220802,CUS02782,2,EMP0040,InstaPay,Completed,1171.5,660
ORD0009579,8/2/2022,20220802,CUS01537,4,EMP0085,InstaPay,Completed,2295,1260
ORD0007708,8/2/2022,20220802,CUS01497,5,EMP0106,InstaPay,Returned,1256,690
ORD0010978,8/2/2022,20220802,CUS01629,3,EMP0070,Credit Card,Completed,800,360
ORD0002829,8/2/2022,20220802,CUS00012,3,EMP0072,Fawry,Completed,530,250
ORD0003542,8/2/2022,20220802,CUS02436,11,EMP0166,Fawry,Completed,401,210
ORD0000848,8/2/2022,20220802,CUS01434,6,EMP0115,Cash,Returned,1672,960
ORD0002711,8/2/2022,20220802,CUS01741,2,EMP0039,Fawry,Completed,123.5,60
ORD0005679,8/3/2022,20220803,CUS01809,5,EMP0104,Fawry,Returned,13360,10580
ORD0007755,8/3/2022,20220803,CUS02365,2,EMP0049,Cash,Completed,240,120
ORD0003930,8/3/2022,20220803,CUS02518,7,No_Employee_id,Cash,Completed,5900,4700
ORD0000406,8/3/2022,20220803,CUS01073,11,EMP0167,Cash,Completed,345.5,180
ORD0008666,8/3/2022,20220803,CUS02488,3,EMP0069,InstaPay,Completed,180,90
ORD0008557,8/3/2022,20220803,CUS01882,12,EMP0181,Cash,Completed,1670,910
ORD0001253,8/3/2022,20220803,CUS00411,3,EMP0057,Credit Card,Completed,1776,930
ORD0006146,8/3/2022,20220803,CUS02654,4,EMP0086,Fawry,Completed,558,300
ORD0002399,8/3/2022,20220803,CUS02787,4,EMP0092,Credit Card,Completed,1735,960
ORD0009208,8/3/2022,20220803,CUS01329,6,EMP0126,Vodafone Cash,Completed,373,180
ORD0003688,8/3/2022,20220803,CUS00693,3,EMP0060,Vodafone Cash,Completed,1609,800
ORD0000287,8/3/2022,20220803,CUS01623,4,EMP0090,Cash,Completed,8120,6000
ORD0008886,8/3/2022,20220803,CUS00565,1,EMP0017,InstaPay,Cancelled,493,280
ORD0008924,8/3/2022,20220803,CUS02975,15,No_Employee_id,Vodafone Cash,Completed,72,40
ORD0008478,8/4/2022,20220804,CUS00211,9,EMP0146,Debit Card,Completed,1421,850
ORD0004231,8/4/2022,20220804,CUS01629,1,EMP0006,InstaPay,Completed,310,150
ORD0011983,8/4/2022,20220804,CUS00277,15,EMP0207,Fawry,Completed,1870,930
ORD0004526,8/4/2022,20220804,CUS01463,6,EMP0119,InstaPay,Returned,980,480
ORD0007365,8/4/2022,20220804,CUS00865,1,EMP0019,InstaPay,Completed,382,200
ORD0009660,8/4/2022,20220804,CUS01393,11,EMP0170,Cash,Completed,600,300
ORD0011039,8/4/2022,20220804,CUS00442,5,EMP0112,Credit Card,Completed,41814,36450
ORD0001526,8/4/2022,20220804,CUS01547,4,EMP0090,Credit Card,Completed,33472.5,29680
ORD0009945,8/4/2022,20220804,CUS02698,2,EMP0033,InstaPay,Completed,445,190
ORD0005524,8/4/2022,20220804,CUS02563,4,EMP0079,Debit Card,Returned,684,360
ORD0010587,8/4/2022,20220804,CUS00091,14,EMP0196,Fawry,Completed,1002,500
ORD0001653,8/4/2022,20220804,CUS00652,5,EMP0095,Cash,Returned,1532,820
ORD0009549,8/4/2022,20220804,CUS01916,7,EMP0136,Vodafone Cash,Completed,1690,890
ORD0000596,8/4/2022,20220804,CUS01236,7,EMP0136,Debit Card,Completed,136,80
ORD0005007,8/4/2022,20220804,CUS01734,10,EMP0159,InstaPay,Completed,144,70
ORD0008760,8/4/2022,20220804,CUS02881,5,EMP0101,Cash,Completed,1066,560
ORD0006600,8/4/2022,20220804,CUS00636,4,EMP0086,InstaPay,Completed,1416,690
ORD0005431,8/5/2022,20220805,CUS01254,2,EMP0042,Fawry,Completed,600,280
ORD0011863,8/5/2022,20220805,CUS01402,1,EMP0009,Vodafone Cash,Completed,2368.5,1230
ORD0007132,8/5/2022,20220805,CUS02891,2,EMP0032,Cash,Completed,321,160
ORD0009883,8/5/2022,20220805,CUS00334,5,EMP0112,Debit Card,Completed,16861,13540
ORD0008950,8/5/2022,20220805,CUS01706,9,EMP0150,Credit Card,Completed,40544,32000
ORD0009968,8/5/2022,20220805,CUS01000,9,EMP0145,Cash,Completed,900,440
ORD0011859,8/5/2022,20220805,CUS00993,6,EMP0115,Credit Card,Completed,13970,10580
ORD0007464,8/5/2022,20220805,CUS01939,13,EMP0188,Cash,Completed,1490,720
ORD0002679,8/5/2022,20220805,CUS00920,8,EMP0143,Debit Card,Completed,240,120
ORD0008758,8/5/2022,20220805,CUS02087,11,EMP0166,Vodafone Cash,Completed,4330,4160
ORD0002655,8/5/2022,20220805,CUS00320,1,EMP0003,Vodafone Cash,Completed,570,270
ORD0006731,8/6/2022,20220806,CUS01438,1,EMP0021,Vodafone Cash,Completed,216,120
ORD0007653,8/6/2022,20220806,CUS01265,12,EMP0177,InstaPay,Completed,304,160
ORD0003762,8/6/2022,20220806,CUS02784,2,EMP0037,Vodafone Cash,Completed,1040,500
ORD0007283,8/6/2022,20220806,CUS01390,13,EMP0192,InstaPay,Completed,304,160
ORD0009268,8/6/2022,20220806,CUS01380,3,EMP0077,Vodafone Cash,Completed,304.5,180
ORD0003023,8/6/2022,20220806,CUS02135,12,EMP0181,Fawry,Completed,8900,7100
ORD0002274,8/6/2022,20220806,CUS00406,10,EMP0157,Cash,Completed,1040,520
ORD0003673,8/6/2022,20220806,CUS00054,2,EMP0052,Debit Card,Completed,391,220
ORD0008069,8/6/2022,20220806,CUS02923,5,EMP0110,Cash,Completed,2075,1260
ORD0005245,8/6/2022,20220806,CUS02224,3,EMP0061,Cash,Completed,55500,44400
ORD0000624,8/6/2022,20220806,CUS02895,12,EMP0182,Credit Card,Completed,1269,690
ORD0006313,8/6/2022,20220806,CUS00304,8,EMP0140,Debit Card,Completed,1800,1600
ORD0003135,8/7/2022,20220807,CUS02330,1,No_Employee_id,InstaPay,Returned,501.5,290
ORD0010192,8/7/2022,20220807,CUS02410,3,EMP0055,InstaPay,Completed,2284,1130
ORD0009823,8/7/2022,20220807,CUS00380,2,EMP0044,Vodafone Cash,Completed,680,340
ORD0010067,8/7/2022,20220807,CUS02174,6,EMP0118,Credit Card,Completed,990,480
ORD0011423,8/7/2022,20220807,CUS02293,7,EMP0128,InstaPay,Completed,2422.5,1260
ORD0002146,8/7/2022,20220807,CUS01864,12,EMP0176,Fawry,Completed,270,120
ORD0010536,8/7/2022,20220807,CUS02357,2,EMP0043,InstaPay,Completed,20044,18480
ORD0005322,8/7/2022,20220807,CUS02247,8,EMP0141,Credit Card,Completed,2222,1160
ORD0011473,8/7/2022,20220807,CUS00989,1,EMP0002,Credit Card,Completed,408.5,210
ORD0011187,8/7/2022,20220807,CUS00320,4,EMP0086,Debit Card,Completed,170,80
ORD0003543,8/7/2022,20220807,CUS00377,14,EMP0196,Vodafone Cash,Completed,240,120
ORD0009700,8/7/2022,20220807,CUS01708,1,EMP0021,Cash,Completed,756,420
ORD0006293,8/7/2022,20220807,CUS02607,5,EMP0100,Debit Card,Completed,150,70
ORD0000751,8/8/2022,20220808,CUS02936,13,EMP0185,Fawry,Completed,698,350
ORD0005880,8/8/2022,20220808,CUS01649,2,EMP0041,Vodafone Cash,Completed,3672,2040
ORD0005416,8/8/2022,20220808,CUS01678,1,EMP0018,Cash,Completed,462,230
ORD0001222,8/8/2022,20220808,CUS01245,6,EMP0116,Cash,Completed,428,200
ORD0011256,8/8/2022,20220808,CUS01515,13,EMP0188,Cash,Completed,1225.5,640
ORD0002730,8/8/2022,20220808,CUS00101,13,EMP0188,Credit Card,Completed,2837.5,1770
ORD0004386,8/8/2022,20220808,CUS00431,3,No_Employee_id,Credit Card,Completed,540,300
ORD0008187,8/8/2022,20220808,CUS02854,1,EMP0028,Vodafone Cash,Completed,399,210
ORD0007595,8/8/2022,20220808,CUS01546,12,EMP0177,Credit Card,Completed,2726,1380
ORD0008972,8/9/2022,20220809,CUS00586,3,EMP0064,InstaPay,Completed,20045,16010
ORD0001060,8/9/2022,20220809,CUS02997,15,EMP0210,Credit Card,Completed,1269,700
ORD0007573,8/9/2022,20220809,CUS01402,3,EMP0073,Debit Card,Cancelled,168,100
ORD0006306,8/9/2022,20220809,CUS00167,2,EMP0049,InstaPay,Returned,333,180
ORD0005221,8/9/2022,20220809,CUS02191,12,EMP0174,Fawry,Completed,1102,550
ORD0009554,8/9/2022,20220809,CUS00131,7,EMP0132,InstaPay,Completed,7244.5,6830
ORD0000902,8/9/2022,20220809,CUS02078,3,EMP0060,Credit Card,Completed,405,220
ORD0006588,8/9/2022,20220809,CUS02428,4,EMP0082,Fawry,Completed,418.5,230
ORD0010724,8/9/2022,20220809,CUS02430,2,EMP0030,Fawry,Completed,3740,1880
ORD0004743,8/9/2022,20220809,CUS00726,9,EMP0150,Debit Card,Completed,1000,800
ORD0009832,8/9/2022,20220809,CUS02379,2,EMP0049,Vodafone Cash,Returned,405,210
ORD0004520,8/9/2022,20220809,CUS00476,1,EMP0002,Vodafone Cash,Completed,189,100
ORD0008065,8/10/2022,20220810,CUS02772,1,EMP0014,Credit Card,Completed,171,90
ORD0002066,8/10/2022,20220810,CUS01659,1,EMP0028,Debit Card,Completed,10246,8670
ORD0008448,8/10/2022,20220810,CUS01284,4,EMP0084,InstaPay,Completed,1023,530
ORD0004139,8/10/2022,20220810,CUS01660,7,EMP0132,InstaPay,Completed,350,170
ORD0004069,8/10/2022,20220810,CUS02198,2,EMP0042,Cash,Completed,810,380
ORD0010699,8/10/2022,20220810,CUS01056,2,EMP0033,Cash,Completed,1688,1340
ORD0009611,8/10/2022,20220810,CUS00221,3,EMP0071,Debit Card,Completed,290,140
ORD0001369,8/10/2022,20220810,CUS02214,2,EMP0036,Debit Card,Completed,13950,14900
ORD0005515,8/10/2022,20220810,CUS01373,3,EMP0055,Credit Card,Completed,480,240
ORD0003161,8/10/2022,20220810,CUS01900,2,EMP0036,Cash,Completed,1781.5,880
ORD0011213,8/10/2022,20220810,CUS00568,3,EMP0060,Debit Card,Completed,957,490
ORD0011453,8/10/2022,20220810,CUS01038,4,EMP0079,Debit Card,Completed,15000,12000
ORD0001980,8/10/2022,20220810,CUS01130,1,EMP0017,Cash,Completed,830,410
ORD0005645,8/10/2022,20220810,CUS02921,5,EMP0106,Debit Card,Completed,120,70
ORD0000726,8/10/2022,20220810,CUS02054,13,EMP0189,Credit Card,Completed,2736,1400
ORD0010615,8/10/2022,20220810,CUS02283,5,EMP0098,Fawry,Completed,567,310
ORD0001169,8/10/2022,20220810,CUS01489,3,EMP0073,Vodafone Cash,Completed,669,340
ORD0002135,8/10/2022,20220810,CUS00199,14,EMP0199,Debit Card,Completed,3240,2800
ORD0008393,8/11/2022,20220811,CUS00177,7,EMP0130,InstaPay,Completed,5566,4440
ORD0003652,8/11/2022,20220811,CUS02855,12,EMP0175,Fawry,Completed,1754.5,900
ORD0004654,8/11/2022,20220811,CUS02963,11,EMP0165,Vodafone Cash,Completed,499,320
ORD0005319,8/11/2022,20220811,CUS02846,12,EMP0181,Fawry,Completed,5490,4900
ORD0009011,8/11/2022,20220811,CUS01123,14,EMP0202,Vodafone Cash,Completed,170,80
ORD0002419,8/11/2022,20220811,CUS02115,5,EMP0107,InstaPay,Completed,14384.5,11060
ORD0008590,8/11/2022,20220811,CUS00199,8,EMP0137,Credit Card,Completed,5292,4330
ORD0005342,8/11/2022,20220811,CUS01891,6,EMP0121,Debit Card,Completed,380,200
ORD0001794,8/11/2022,20220811,CUS02503,3,EMP0064,Credit Card,Completed,285,200
ORD0011390,8/11/2022,20220811,CUS00214,3,EMP0070,Debit Card,Completed,1335,680
ORD0010304,8/11/2022,20220811,CUS00877,11,EMP0166,Cash,Completed,805,440
ORD0001321,8/11/2022,20220811,CUS02106,6,EMP0124,InstaPay,Completed,1088,590
ORD0001319,8/11/2022,20220811,CUS02503,4,EMP0088,Fawry,Completed,13085,12940
ORD0001425,8/11/2022,20220811,CUS01570,3,EMP0070,Debit Card,Completed,2187.5,1140
ORD0010626,8/11/2022,20220811,CUS02820,4,EMP0080,Fawry,Completed,960,510
ORD0004724,8/12/2022,20220812,CUS02340,10,EMP0163,InstaPay,Completed,1553,940
ORD0000913,8/12/2022,20220812,CUS00359,1,EMP0001,InstaPay,Completed,1830,890
ORD0008518,8/12/2022,20220812,CUS02429,2,EMP0035,Debit Card,Completed,31110,29400
ORD0000789,8/12/2022,20220812,CUS01410,1,EMP0001,Credit Card,Completed,360,180
ORD0006995,8/12/2022,20220812,CUS02146,1,No_Employee_id,Cash,Returned,90,40
ORD0001988,8/12/2022,20220812,CUS00465,6,No_Employee_id,InstaPay,Completed,1529,820
ORD0007193,8/12/2022,20220812,CUS00495,1,EMP0012,Cash,Completed,948,500
ORD0005203,8/12/2022,20220812,CUS02933,14,EMP0195,Credit Card,Completed,628.5,360
ORD0003772,8/12/2022,20220812,CUS00064,12,EMP0179,Fawry,Completed,768,450
ORD0006215,8/12/2022,20220812,CUS00014,1,EMP0022,InstaPay,Completed,1876,940
ORD0001614,8/12/2022,20220812,CUS01995,1,EMP0012,Cash,Completed,600,390
ORD0000998,8/12/2022,20220812,CUS00689,4,EMP0081,Debit Card,Returned,2082,1080
ORD0010050,8/12/2022,20220812,CUS03000,5,EMP0110,Credit Card,Completed,204,120
ORD0011585,8/13/2022,20220813,CUS01888,10,EMP0157,InstaPay,Completed,792,440
ORD0007524,8/13/2022,20220813,CUS02621,4,EMP0082,Credit Card,Completed,45111,37160
ORD0007937,8/13/2022,20220813,CUS02075,13,EMP0189,Fawry,Completed,4005.5,3010
ORD0010018,8/13/2022,20220813,CUS00852,5,EMP0096,Fawry,Completed,1258,740
ORD0000529,8/13/2022,20220813,CUS01653,14,EMP0198,Vodafone Cash,Completed,566,290
ORD0006368,8/13/2022,20220813,CUS00224,11,EMP0168,Debit Card,Completed,1260,750
ORD0008358,8/13/2022,20220813,CUS01247,13,EMP0185,Credit Card,Completed,20433,16640
ORD0006835,8/13/2022,20220813,CUS01194,1,EMP0022,Fawry,Cancelled,1737,850
ORD0005752,8/14/2022,20220814,CUS02456,2,EMP0047,InstaPay,Completed,35296.5,30000
ORD0009453,8/14/2022,20220814,CUS02158,1,EMP0012,Cash,Completed,90,50
ORD0008345,8/14/2022,20220814,CUS00809,3,EMP0071,Debit Card,Completed,1411,820
ORD0011696,8/14/2022,20220814,CUS01600,3,EMP0071,Vodafone Cash,Returned,3930,3040
ORD0004402,8/14/2022,20220814,CUS00433,8,EMP0144,Cash,Completed,470,230
ORD0008730,8/14/2022,20220814,CUS00574,1,EMP0010,Credit Card,Completed,1749,870
ORD0003653,8/14/2022,20220814,CUS01757,3,EMP0058,Cash,Completed,1335,790
ORD0009119,8/14/2022,20220814,CUS01439,10,EMP0160,Debit Card,Completed,12000,9600
ORD0007822,8/14/2022,20220814,CUS01964,1,EMP0003,Fawry,Completed,1849,910
ORD0002193,8/14/2022,20220814,CUS01506,10,EMP0153,Cash,Completed,612,340
ORD0004065,8/15/2022,20220815,CUS00244,1,EMP0003,InstaPay,Completed,704,440
ORD0008325,8/15/2022,20220815,CUS00842,14,EMP0200,Cash,Completed,119,70
ORD0010880,8/15/2022,20220815,CUS02248,14,EMP0203,InstaPay,Returned,666,360
ORD0007538,8/15/2022,20220815,CUS01595,1,EMP0021,Cash,Completed,10801.5,8670
ORD0004906,8/15/2022,20220815,CUS00634,15,EMP0215,Cash,Returned,1046.5,640
ORD0000635,8/15/2022,20220815,CUS02548,1,EMP0022,Vodafone Cash,Completed,2518.5,1260
ORD0005026,8/15/2022,20220815,CUS02945,4,EMP0081,Cash,Completed,665,350
ORD0007431,8/15/2022,20220815,CUS01230,2,EMP0046,Cash,Completed,256,160
ORD0011388,8/15/2022,20220815,CUS00485,7,EMP0133,Vodafone Cash,Cancelled,320,140
ORD0004259,8/16/2022,20220816,CUS02331,9,EMP0146,Credit Card,Completed,922.5,460
ORD0003306,8/16/2022,20220816,CUS00725,4,EMP0086,Debit Card,Cancelled,600,270
ORD0006735,8/16/2022,20220816,CUS02957,10,EMP0153,Credit Card,Completed,1089,630
ORD0007774,8/16/2022,20220816,CUS02602,2,EMP0045,Cash,Returned,248,150
ORD0011710,8/16/2022,20220816,CUS01428,1,EMP0028,Credit Card,Completed,9890,10250
ORD0004977,8/16/2022,20220816,CUS02436,13,EMP0191,Debit Card,Completed,591,280
ORD0001372,8/16/2022,20220816,CUS00142,4,EMP0090,Credit Card,Completed,14535,12000
ORD0011676,8/16/2022,20220816,CUS01979,1,EMP0009,Cash,Completed,606,290
ORD0006480,8/16/2022,20220816,CUS01983,1,EMP0018,Vodafone Cash,Completed,1524,780
ORD0002593,8/16/2022,20220816,CUS00955,1,EMP0020,Fawry,Completed,680,390
ORD0007069,8/17/2022,20220817,CUS01642,5,EMP0105,Vodafone Cash,Completed,2775,1590
ORD0007100,8/17/2022,20220817,CUS01079,2,EMP0039,InstaPay,Completed,272,140
ORD0004278,8/17/2022,20220817,CUS00430,1,EMP0024,Credit Card,Completed,635,310
ORD0003948,8/17/2022,20220817,CUS01743,2,EMP0045,Fawry,Returned,161.5,90
ORD0008615,8/17/2022,20220817,CUS02052,1,EMP0023,Vodafone Cash,Completed,180,80
ORD0009650,8/17/2022,20220817,CUS02004,13,EMP0190,InstaPay,Completed,3547,1840
ORD0007334,8/18/2022,20220818,CUS02619,8,EMP0138,InstaPay,Completed,24138,21180
ORD0000025,8/18/2022,20220818,CUS00181,1,EMP0026,Credit Card,Completed,804,500
ORD0005748,8/18/2022,20220818,CUS00357,1,EMP0005,InstaPay,Completed,180,110
ORD0009911,8/18/2022,20220818,CUS01441,5,EMP0097,Fawry,Completed,199.5,100
ORD0005446,8/18/2022,20220818,CUS00839,8,EMP0137,InstaPay,Completed,171,90
ORD0011622,8/18/2022,20220818,CUS01802,3,EMP0070,Vodafone Cash,Completed,2082,1140
ORD0004677,8/18/2022,20220818,CUS00943,10,EMP0161,Fawry,Completed,1452.5,880
ORD0004493,8/18/2022,20220818,CUS02663,3,EMP0060,Credit Card,Completed,330,160
ORD0006073,8/18/2022,20220818,CUS02217,4,EMP0079,Vodafone Cash,Cancelled,655.5,330
ORD0003824,8/18/2022,20220818,CUS02656,14,EMP0199,Fawry,Returned,11920,11900
ORD0009379,8/18/2022,20220818,CUS01711,5,EMP0110,Credit Card,Completed,460,220
ORD0000681,8/18/2022,20220818,CUS01584,10,EMP0162,Cash,Completed,12000,12000
ORD0006122,8/18/2022,20220818,CUS01183,4,EMP0093,Debit Card,Completed,360,170
ORD0000143,8/18/2022,20220818,CUS02532,6,EMP0115,Cash,Completed,500,240
ORD0001655,8/18/2022,20220818,CUS02684,3,No_Employee_id,Credit Card,Completed,520,250
ORD0001643,8/19/2022,20220819,CUS02013,12,EMP0174,Credit Card,Completed,200,90
ORD0007292,8/19/2022,20220819,CUS01854,1,EMP0006,InstaPay,Completed,686,350
ORD0003434,8/19/2022,20220819,CUS02595,5,EMP0100,Debit Card,Completed,400,240
ORD0005174,8/19/2022,20220819,CUS02041,3,EMP0076,Credit Card,Completed,600,500
ORD0008060,8/19/2022,20220819,CUS00495,9,EMP0147,Credit Card,Completed,801,430
ORD0002693,8/19/2022,20220819,CUS02248,8,EMP0144,Vodafone Cash,Completed,2327,1270
ORD0009829,8/19/2022,20220819,CUS00461,3,EMP0059,Vodafone Cash,Cancelled,2550,1260
ORD0001194,8/20/2022,20220820,CUS00136,9,No_Employee_id,Cash,Completed,1054.5,540
ORD0006504,8/20/2022,20220820,CUS02887,13,EMP0186,Fawry,Completed,915.5,550
ORD0002550,8/20/2022,20220820,CUS00119,1,EMP0013,InstaPay,Completed,5600,4500
ORD0002452,8/20/2022,20220820,CUS00152,2,EMP0034,Cash,Completed,10805,8440
ORD0002210,8/20/2022,20220820,CUS01170,2,EMP0034,Fawry,Completed,787.5,490
ORD0001440,8/20/2022,20220820,CUS02440,2,EMP0038,Fawry,Completed,961,490
ORD0010897,8/21/2022,20220821,CUS00345,6,EMP0120,Fawry,Completed,9342,8270
ORD0002227,8/21/2022,20220821,CUS01503,6,EMP0120,Credit Card,Completed,367,180
ORD0008232,8/21/2022,20220821,CUS01326,6,EMP0114,Credit Card,Completed,609,340
ORD0003533,8/21/2022,20220821,CUS00318,13,EMP0187,Vodafone Cash,Completed,1788,930
ORD0006394,8/21/2022,20220821,CUS02243,9,EMP0148,Credit Card,Completed,1620,810
ORD0001143,8/21/2022,20220821,CUS01819,1,EMP0020,Cash,Completed,23202,20680
ORD0006360,8/21/2022,20220821,CUS02685,8,EMP0141,InstaPay,Completed,2760,1370
ORD0000828,8/21/2022,20220821,CUS00557,5,EMP0098,Credit Card,Completed,13711,10810
ORD0010845,8/21/2022,20220821,CUS00278,4,EMP0088,Cash,Cancelled,256.5,130
ORD0007995,8/21/2022,20220821,CUS01699,12,EMP0177,Vodafone Cash,Completed,270,140
ORD0011912,8/21/2022,20220821,CUS00413,5,EMP0096,Cash,Completed,578,340
ORD0005907,8/21/2022,20220821,CUS00263,7,EMP0132,InstaPay,Completed,418,220
ORD0008712,8/21/2022,20220821,CUS02909,1,EMP0010,Vodafone Cash,Returned,666,360
ORD0005601,8/21/2022,20220821,CUS01972,4,EMP0084,Fawry,Completed,1110,630
ORD0003333,8/21/2022,20220821,CUS02174,5,EMP0096,Debit Card,Completed,90,40
ORD0007756,8/21/2022,20220821,CUS01096,7,EMP0129,Debit Card,Completed,3441,1740
ORD0001039,8/21/2022,20220821,CUS01335,7,EMP0134,Debit Card,Completed,1122,530
ORD0005862,8/21/2022,20220821,CUS02790,11,EMP0166,Fawry,Completed,1461,820
ORD0010621,8/22/2022,20220822,CUS00911,5,No_Employee_id,Cash,Completed,140,70
ORD0009292,8/22/2022,20220822,CUS02161,4,EMP0091,Cash,Completed,16200,12450
ORD0002997,8/22/2022,20220822,CUS00791,5,EMP0102,InstaPay,Completed,3508.5,1790
ORD0004631,8/22/2022,20220822,CUS02026,5,EMP0097,Vodafone Cash,Completed,216,120
ORD0004164,8/22/2022,20220822,CUS01693,8,EMP0143,InstaPay,Completed,2014,1040
ORD0001337,8/22/2022,20220822,CUS00921,6,EMP0120,Vodafone Cash,Completed,480,240
ORD0004774,8/22/2022,20220822,CUS02186,3,EMP0069,Fawry,Completed,1200,540
ORD0010353,8/22/2022,20220822,CUS00579,12,EMP0179,Debit Card,Completed,37574.5,31020
ORD0001482,8/22/2022,20220822,CUS00508,4,EMP0094,Fawry,Completed,391,220
ORD0008529,8/22/2022,20220822,CUS02493,6,EMP0114,InstaPay,Completed,3298,1880
ORD0008829,8/22/2022,20220822,CUS00144,2,EMP0040,Cash,Completed,20900,21600
ORD0011672,8/22/2022,20220822,CUS02662,12,EMP0177,Fawry,Completed,224,140
ORD0002790,8/22/2022,20220822,CUS00573,2,EMP0051,InstaPay,Completed,845,400
ORD0002499,8/23/2022,20220823,CUS00437,6,EMP0118,Vodafone Cash,Completed,736,390
ORD0003740,8/23/2022,20220823,CUS01262,14,EMP0201,InstaPay,Cancelled,1512,770
ORD0010697,8/23/2022,20220823,CUS02557,14,EMP0202,Cash,Completed,2277,1290
ORD0000341,8/23/2022,20220823,CUS01410,12,EMP0184,Vodafone Cash,Completed,432,230
ORD0005650,8/23/2022,20220823,CUS02548,2,EMP0035,Credit Card,Completed,2525,1970
ORD0010962,8/23/2022,20220823,CUS00901,6,EMP0114,InstaPay,Completed,540,280
ORD0005487,8/23/2022,20220823,CUS00004,1,EMP0009,Debit Card,Completed,1530.5,810
ORD0001888,8/23/2022,20220823,CUS02664,8,EMP0137,Cash,Returned,440,270
ORD0001123,8/23/2022,20220823,CUS00846,8,EMP0143,Fawry,Completed,133,60
ORD0006576,8/23/2022,20220823,CUS02327,3,No_Employee_id,Cash,Completed,4047,2100
ORD0005023,8/23/2022,20220823,CUS02686,11,EMP0165,Credit Card,Completed,722.5,420
ORD0002956,8/23/2022,20220823,CUS01462,6,No_Employee_id,Fawry,Completed,1783,1030
ORD0010548,8/24/2022,20220824,CUS01638,5,EMP0107,Cash,Completed,225,120
ORD0011054,8/24/2022,20220824,CUS00793,6,EMP0114,Vodafone Cash,Completed,1250,620
ORD0000099,8/24/2022,20220824,CUS02321,1,EMP0008,Cash,Completed,3771,1880
ORD0003780,8/24/2022,20220824,CUS02066,1,EMP0017,Debit Card,Completed,42950,36120
ORD0010774,8/24/2022,20220824,CUS01646,11,EMP0172,Debit Card,Completed,778,400
ORD0001055,8/24/2022,20220824,CUS01354,10,No_Employee_id,Debit Card,Completed,864,440
ORD0011929,8/24/2022,20220824,CUS02041,1,EMP0004,Fawry,Completed,180,80
ORD0007198,8/24/2022,20220824,CUS01585,10,EMP0153,Vodafone Cash,Completed,210,100
ORD0006260,8/24/2022,20220824,CUS00996,1,EMP0023,Credit Card,Completed,396,210
ORD0010490,8/24/2022,20220824,CUS01050,4,EMP0090,InstaPay,Completed,234,120
ORD0009037,8/24/2022,20220824,CUS01418,2,EMP0031,Cash,Completed,748.5,420
ORD0007219,8/24/2022,20220824,CUS00288,5,EMP0106,Fawry,Completed,142.5,70
ORD0011221,8/24/2022,20220824,CUS00107,8,EMP0144,Fawry,Completed,705.5,410
ORD0005720,8/24/2022,20220824,CUS01866,5,EMP0103,Cash,Completed,514,280
ORD0011800,8/25/2022,20220825,CUS01819,9,EMP0146,Credit Card,Completed,15393,14270
ORD0004449,8/25/2022,20220825,CUS00740,7,EMP0131,Debit Card,Completed,127.5,70
ORD0007942,8/25/2022,20220825,CUS01067,7,EMP0134,Cash,Completed,128,70
ORD0011185,8/25/2022,20220825,CUS01799,6,EMP0119,Debit Card,Completed,929,470
ORD0005111,8/25/2022,20220825,CUS02458,5,EMP0099,Cash,Completed,184,110
ORD0003150,8/25/2022,20220825,CUS00789,14,EMP0200,Cash,Completed,610,300
ORD0000331,8/25/2022,20220825,CUS01371,6,EMP0118,Debit Card,Cancelled,290,140
ORD0008251,8/25/2022,20220825,CUS00031,5,EMP0099,Cash,Completed,470,230
ORD0003428,8/25/2022,20220825,CUS00675,10,EMP0158,Fawry,Completed,560,280
ORD0007411,8/25/2022,20220825,CUS01636,11,EMP0169,Vodafone Cash,Completed,441,240
ORD0003636,8/25/2022,20220825,CUS01324,3,EMP0064,Vodafone Cash,Completed,17236,15600
ORD0002960,8/25/2022,20220825,CUS00979,11,No_Employee_id,InstaPay,Completed,71076,59820
ORD0009846,8/26/2022,20220826,CUS01278,3,EMP0075,Credit Card,Completed,1395.5,680
ORD0006774,8/26/2022,20220826,CUS01940,4,EMP0091,Fawry,Completed,17388.5,13260
ORD0006860,8/26/2022,20220826,CUS02364,2,EMP0054,Cash,Completed,5020,2460
ORD0010834,8/26/2022,20220826,CUS01684,15,EMP0216,Fawry,Cancelled,405,220
ORD0001341,8/26/2022,20220826,CUS02956,4,No_Employee_id,Credit Card,Completed,14494,11200
ORD0005411,8/26/2022,20220826,CUS02726,4,EMP0092,Cash,Completed,1265,660
ORD0004930,8/26/2022,20220826,CUS02164,2,EMP0053,Fawry,Completed,808,400
ORD0003920,8/26/2022,20220826,CUS02921,4,EMP0092,InstaPay,Completed,789,370
ORD0003152,8/26/2022,20220826,CUS02620,5,No_Employee_id,Cash,Completed,2176,1090
ORD0011429,8/26/2022,20220826,CUS01438,5,EMP0095,Credit Card,Returned,2006.5,1030
ORD0007610,8/26/2022,20220826,CUS01177,12,EMP0175,Debit Card,Completed,1456,730
ORD0010424,8/26/2022,20220826,CUS01890,8,EMP0138,Credit Card,Completed,340,160
ORD0000812,8/26/2022,20220826,CUS02594,4,EMP0094,Debit Card,Completed,2295,1420
ORD0000039,8/26/2022,20220826,CUS01682,1,EMP0012,Cash,Returned,1705,880
ORD0004041,8/27/2022,20220827,CUS02391,10,EMP0154,Fawry,Completed,437,220
ORD0004418,8/27/2022,20220827,CUS01348,2,EMP0053,Debit Card,Completed,243,130
ORD0000992,8/27/2022,20220827,CUS01480,2,EMP0035,Vodafone Cash,Completed,26604,21100
ORD0005835,8/27/2022,20220827,CUS01018,14,EMP0202,Vodafone Cash,Returned,142.5,70
ORD0001051,8/27/2022,20220827,CUS02164,14,EMP0201,Vodafone Cash,Completed,1491,900
ORD0010993,8/27/2022,20220827,CUS01048,2,EMP0050,Debit Card,Returned,560,280
ORD0005056,8/27/2022,20220827,CUS02318,4,EMP0083,Fawry,Completed,280,180
ORD0006420,8/27/2022,20220827,CUS00585,5,EMP0103,Fawry,Completed,184,110
ORD0009902,8/27/2022,20220827,CUS02796,3,EMP0071,Cash,Completed,786,360
ORD0000419,8/27/2022,20220827,CUS02145,2,EMP0040,Credit Card,Completed,2095.5,1050
ORD0001351,8/27/2022,20220827,CUS00998,10,EMP0163,Fawry,Returned,12155,9880
ORD0000483,8/27/2022,20220827,CUS02415,3,No_Employee_id,Fawry,Completed,1499.5,900
ORD0003231,8/28/2022,20220828,CUS01929,6,EMP0113,Cash,Returned,450,280
ORD0011907,8/28/2022,20220828,CUS01224,4,EMP0081,InstaPay,Returned,761,410
ORD0010256,8/28/2022,20220828,CUS02144,2,EMP0053,Fawry,Completed,3539,2840
ORD0004833,8/28/2022,20220828,CUS02222,2,EMP0053,Cash,Cancelled,140,70
ORD0005090,8/28/2022,20220828,CUS02488,12,EMP0180,Cash,Completed,718,370
ORD0004350,8/28/2022,20220828,CUS00611,14,EMP0194,Cash,Cancelled,690,340
ORD0001501,8/28/2022,20220828,CUS01089,6,EMP0120,Debit Card,Completed,442.5,250
ORD0004594,8/28/2022,20220828,CUS01326,13,EMP0187,InstaPay,Completed,16404,13050
ORD0003201,8/28/2022,20220828,CUS02144,8,EMP0142,InstaPay,Completed,16020,12230
ORD0004568,8/28/2022,20220828,CUS02081,1,EMP0016,Cash,Completed,26734,25230
ORD0006053,8/28/2022,20220828,CUS02053,1,EMP0010,Vodafone Cash,Returned,3003,1480
ORD0011491,8/29/2022,20220829,CUS01952,12,EMP0180,Credit Card,Completed,29600,24200
ORD0009104,8/29/2022,20220829,CUS00620,11,No_Employee_id,Credit Card,Completed,337.5,220
ORD0011593,8/29/2022,20220829,CUS02485,11,EMP0166,Vodafone Cash,Completed,2261,1170
ORD0010267,8/29/2022,20220829,CUS00516,1,EMP0015,Fawry,Completed,740,360
ORD0007968,8/29/2022,20220829,CUS00407,6,EMP0118,Credit Card,Completed,135,70
ORD0011134,8/29/2022,20220829,CUS01692,4,No_Employee_id,InstaPay,Completed,350,170
ORD0004555,8/29/2022,20220829,CUS00602,7,EMP0128,Cash,Completed,388,200
ORD0007232,8/29/2022,20220829,CUS02147,3,EMP0056,Vodafone Cash,Completed,15963,12540
ORD0004931,8/29/2022,20220829,CUS00332,11,EMP0173,Debit Card,Returned,672,350
ORD0003586,8/29/2022,20220829,CUS02418,4,EMP0081,Fawry,Completed,1149,620
ORD0008256,8/29/2022,20220829,CUS01648,14,EMP0194,Fawry,Completed,28500,24000
ORD0006944,8/29/2022,20220829,CUS00840,7,EMP0128,Vodafone Cash,Completed,800,400
ORD0010866,8/29/2022,20220829,CUS01914,7,EMP0135,Debit Card,Completed,331.5,180
ORD0000393,8/30/2022,20220830,CUS02135,12,EMP0183,InstaPay,Completed,2092,1340
ORD0008923,8/30/2022,20220830,CUS02502,1,EMP0018,Fawry,Returned,1795.5,1200
ORD0002458,8/30/2022,20220830,CUS02057,4,EMP0086,Vodafone Cash,Completed,128,70
ORD0006739,8/30/2022,20220830,CUS01934,3,EMP0071,Cash,Completed,320,160
ORD0008724,8/30/2022,20220830,CUS00221,6,EMP0124,Vodafone Cash,Cancelled,600,300
ORD0008438,8/30/2022,20220830,CUS00478,13,EMP0190,Cash,Completed,1320,760
ORD0007800,8/30/2022,20220830,CUS00143,1,No_Employee_id,Fawry,Completed,350,250
ORD0007766,8/31/2022,20220831,CUS01584,7,EMP0131,Cash,Completed,666,380
ORD0006493,8/31/2022,20220831,CUS02829,3,No_Employee_id,Vodafone Cash,Completed,1358.5,1010
ORD0007384,8/31/2022,20220831,CUS00467,12,EMP0176,Credit Card,Completed,1500,1200
ORD0006748,8/31/2022,20220831,CUS00236,3,EMP0069,Vodafone Cash,Completed,459,260
ORD0005403,8/31/2022,20220831,CUS01260,6,EMP0120,Cash,Completed,119,70
ORD0003198,8/31/2022,20220831,CUS01837,12,EMP0184,Debit Card,Completed,586.5,340
ORD0010923,8/31/2022,20220831,CUS01292,2,EMP0050,Cash,Completed,652.5,350
ORD0008953,8/31/2022,20220831,CUS02196,1,EMP0017,Debit Card,Completed,1824,960
ORD0009699,8/31/2022,20220831,CUS00389,14,EMP0202,Credit Card,Completed,1016,590
ORD0000205,8/31/2022,20220831,CUS01415,8,EMP0142,InstaPay,Completed,258,140
ORD0005921,8/31/2022,20220831,CUS02460,5,EMP0104,Fawry,Completed,1330.5,650
ORD0009054,8/31/2022,20220831,CUS00912,10,EMP0163,Debit Card,Completed,6140,5070
ORD0008026,8/31/2022,20220831,CUS02517,6,EMP0125,Debit Card,Completed,1919,920
ORD0003426,8/31/2022,20220831,CUS02764,2,EMP0037,Credit Card,Returned,5584,4310
ORD0002023,9/1/2022,20220901,CUS02032,14,EMP0194,Debit Card,Completed,324,180
ORD0011865,9/1/2022,20220901,CUS00381,9,EMP0147,Cash,Completed,112,70
ORD0003224,9/1/2022,20220901,CUS01025,3,No_Employee_id,Credit Card,Completed,433,220
ORD0004073,9/1/2022,20220901,CUS01473,6,EMP0123,Fawry,Completed,59600,47600
ORD0002429,9/1/2022,20220901,CUS02299,8,EMP0143,InstaPay,Completed,1036,490
ORD0001276,9/1/2022,20220901,CUS01829,6,EMP0125,Debit Card,Returned,540,270
ORD0002858,9/1/2022,20220901,CUS02429,1,EMP0020,Vodafone Cash,Completed,943.5,540
ORD0006632,9/1/2022,20220901,CUS02103,8,EMP0141,Debit Card,Completed,616,380
ORD0003694,9/1/2022,20220901,CUS00559,11,No_Employee_id,Fawry,Completed,612,320
ORD0007707,9/1/2022,20220901,CUS01577,7,EMP0136,Fawry,Completed,270,130
ORD0011591,9/1/2022,20220901,CUS01724,9,EMP0149,Debit Card,Returned,760,360
ORD0005397,9/1/2022,20220901,CUS02355,6,EMP0113,Cash,Completed,7819.5,6270
ORD0011057,9/1/2022,20220901,CUS01475,5,EMP0099,Vodafone Cash,Cancelled,1674,820
ORD0003669,9/2/2022,20220902,CUS02068,2,EMP0029,Vodafone Cash,Completed,1040,480
ORD0006247,9/2/2022,20220902,CUS02443,5,EMP0109,InstaPay,Completed,370,180
ORD0001005,9/2/2022,20220902,CUS01756,2,EMP0042,Credit Card,Completed,256.5,130
ORD0006979,9/2/2022,20220902,CUS02158,14,EMP0197,Vodafone Cash,Completed,3866,2010
ORD0006598,9/2/2022,20220902,CUS02710,3,EMP0063,Vodafone Cash,Returned,1870,1420
ORD0004775,9/2/2022,20220902,CUS01658,3,EMP0065,InstaPay,Completed,280,140
ORD0009825,9/2/2022,20220902,CUS01022,14,EMP0201,Cash,Completed,2145,1220
ORD0007324,9/2/2022,20220902,CUS01633,1,EMP0026,Cash,Completed,1164,550
ORD0006210,9/2/2022,20220902,CUS00586,6,EMP0123,Debit Card,Completed,1341,810
ORD0005685,9/2/2022,20220902,CUS00237,3,EMP0063,InstaPay,Returned,370,180
ORD0009212,9/2/2022,20220902,CUS01959,5,EMP0103,InstaPay,Completed,1510,740
ORD0006609,9/2/2022,20220902,CUS00100,2,EMP0051,Fawry,Completed,285,140
ORD0011688,9/2/2022,20220902,CUS02938,10,EMP0159,Cash,Completed,144,70
ORD0005902,9/3/2022,20220903,CUS00532,13,EMP0189,Vodafone Cash,Returned,782,440
ORD0011674,9/3/2022,20220903,CUS00835,10,EMP0158,Vodafone Cash,Completed,1612.5,970
ORD0009160,9/3/2022,20220903,CUS01125,2,EMP0036,Vodafone Cash,Completed,840,420
ORD0008049,9/3/2022,20220903,CUS02031,4,EMP0087,Vodafone Cash,Cancelled,900,520
ORD0011048,9/3/2022,20220903,CUS00572,2,EMP0052,Debit Card,Cancelled,144,70
ORD0007714,9/3/2022,20220903,CUS00166,10,EMP0153,Cash,Completed,448,280
ORD0010024,9/3/2022,20220903,CUS00444,8,EMP0137,Fawry,Completed,987,510
ORD0008964,9/3/2022,20220903,CUS00016,2,EMP0050,Vodafone Cash,Completed,90,40
ORD0010600,9/3/2022,20220903,CUS01796,14,EMP0195,Debit Card,Completed,420,200
ORD0005901,9/4/2022,20220904,CUS02915,3,EMP0058,Fawry,Completed,1048,560
ORD0002256,9/4/2022,20220904,CUS01280,5,EMP0103,Credit Card,Returned,2228,1200
ORD0003628,9/4/2022,20220904,CUS00052,8,EMP0143,Vodafone Cash,Completed,1096.5,630
ORD0004166,9/4/2022,20220904,CUS00384,1,EMP0004,Fawry,Completed,494,250
ORD0010703,9/4/2022,20220904,CUS02786,9,EMP0149,Credit Card,Completed,161,110
ORD0003278,9/4/2022,20220904,CUS02231,3,EMP0077,Debit Card,Completed,650,300
ORD0009027,9/4/2022,20220904,CUS00629,10,EMP0154,Cash,Completed,55200,44300
ORD0007128,9/4/2022,20220904,CUS00490,12,EMP0179,Vodafone Cash,Returned,6224,4690
ORD0001846,9/4/2022,20220904,CUS00512,4,No_Employee_id,Vodafone Cash,Completed,612,340
ORD0010574,9/4/2022,20220904,CUS01480,5,EMP0105,Fawry,Completed,9772,8790
ORD0004459,9/4/2022,20220904,CUS00298,2,EMP0030,Credit Card,Cancelled,2780,1340
ORD0008865,9/4/2022,20220904,CUS02945,10,EMP0155,InstaPay,Completed,754.5,390
ORD0003643,9/4/2022,20220904,CUS00575,5,EMP0101,Vodafone Cash,Completed,13440,10610
ORD0008697,9/5/2022,20220905,CUS01383,4,EMP0090,Fawry,Completed,1211,640
ORD0010666,9/5/2022,20220905,CUS01145,12,EMP0179,Fawry,Completed,1026,540
ORD0010421,9/5/2022,20220905,CUS01323,14,EMP0202,Cash,Completed,1695.5,1050
ORD0000701,9/5/2022,20220905,CUS01565,6,EMP0125,Fawry,Completed,180,80
ORD0002880,9/5/2022,20220905,CUS01179,5,EMP0097,InstaPay,Completed,306,160
ORD0000437,9/5/2022,20220905,CUS01644,2,EMP0037,Debit Card,Completed,300,140
ORD0001451,9/5/2022,20220905,CUS01116,4,EMP0087,Vodafone Cash,Completed,21000,16600
ORD0006775,9/5/2022,20220905,CUS01979,11,EMP0165,InstaPay,Completed,48917,39260
ORD0004202,9/5/2022,20220905,CUS02893,1,EMP0003,Credit Card,Completed,1515,800
ORD0001911,9/5/2022,20220905,CUS01490,12,EMP0175,Credit Card,Completed,486,260
ORD0002870,9/5/2022,20220905,CUS01826,6,EMP0122,Vodafone Cash,Completed,1784,870
ORD0006891,9/5/2022,20220905,CUS01559,9,EMP0150,Cash,Completed,39600,42000
ORD0001738,9/5/2022,20220905,CUS00769,3,EMP0061,Credit Card,Completed,195.5,110
ORD0011820,9/6/2022,20220906,CUS00139,5,EMP0097,Cash,Completed,320,160
ORD0006471,9/6/2022,20220906,CUS00726,4,EMP0085,Vodafone Cash,Completed,16032,15830
ORD0001607,9/6/2022,20220906,CUS02224,12,EMP0175,Cash,Completed,2857,1430
ORD0004071,9/6/2022,20220906,CUS02768,3,EMP0072,Cash,Completed,850,800
ORD0003045,9/6/2022,20220906,CUS01376,8,EMP0142,Credit Card,Completed,14910,12880
ORD0011614,9/6/2022,20220906,CUS00984,8,EMP0142,Fawry,Completed,836,420
ORD0003562,9/6/2022,20220906,CUS02039,3,EMP0064,Fawry,Completed,520,260
ORD0011019,9/6/2022,20220906,CUS02280,14,EMP0195,Debit Card,Completed,340,200
ORD0011131,9/6/2022,20220906,CUS02235,1,EMP0021,Debit Card,Completed,1358.5,750
ORD0011478,9/6/2022,20220906,CUS01548,15,EMP0204,Debit Card,Completed,240,110
ORD0004688,9/7/2022,20220907,CUS00559,3,EMP0056,InstaPay,Completed,590,300
ORD0009107,9/7/2022,20220907,CUS02829,10,EMP0154,Vodafone Cash,Completed,12540,10500
ORD0004937,9/7/2022,20220907,CUS02234,5,EMP0110,Vodafone Cash,Completed,960,470
ORD0003713,9/7/2022,20220907,CUS01939,8,EMP0142,Fawry,Completed,798,400
ORD0001820,9/7/2022,20220907,CUS02694,2,EMP0038,InstaPay,Completed,9900,10500
ORD0006793,9/7/2022,20220907,CUS02292,1,EMP0028,Cash,Completed,808,480
ORD0002841,9/7/2022,20220907,CUS02287,4,EMP0093,Fawry,Completed,20160,17800
ORD0005721,9/7/2022,20220907,CUS02532,3,EMP0055,Credit Card,Completed,590,270
ORD0010275,9/7/2022,20220907,CUS01943,8,EMP0142,InstaPay,Completed,1116,620
ORD0006534,9/8/2022,20220908,CUS01913,12,EMP0184,InstaPay,Completed,330,160
ORD0011508,9/8/2022,20220908,CUS01728,3,EMP0068,InstaPay,Completed,513,260
ORD0001678,9/8/2022,20220908,CUS00859,14,EMP0194,Cash,Completed,1967.5,1020
ORD0001998,9/8/2022,20220908,CUS01967,3,EMP0067,Cash,Completed,930,490
ORD0003817,9/8/2022,20220908,CUS01882,2,EMP0039,Vodafone Cash,Completed,1200,580
ORD0006779,9/8/2022,20220908,CUS00882,4,EMP0094,InstaPay,Completed,4920,4580
ORD0008017,9/8/2022,20220908,CUS02585,7,EMP0130,Credit Card,Completed,136,70
ORD0005204,9/8/2022,20220908,CUS02384,3,EMP0078,Fawry,Returned,1440,780
ORD0011333,9/8/2022,20220908,CUS00978,1,EMP0006,Fawry,Completed,2492.5,1380
ORD0004593,9/8/2022,20220908,CUS01080,9,EMP0150,Credit Card,Completed,560,280
ORD0005112,9/9/2022,20220909,CUS02703,3,EMP0066,Fawry,Completed,568,300
ORD0002099,9/9/2022,20220909,CUS01928,4,EMP0079,Credit Card,Completed,702,390
ORD0001131,9/9/2022,20220909,CUS00759,3,EMP0067,Credit Card,Completed,1372,720
ORD0007827,9/9/2022,20220909,CUS01427,1,EMP0017,InstaPay,Completed,720,330
ORD0000206,9/9/2022,20220909,CUS00229,11,EMP0166,Fawry,Completed,50310,42100
ORD0005952,9/9/2022,20220909,CUS00474,11,No_Employee_id,Cash,Completed,17982.5,14240
ORD0005546,9/9/2022,20220909,CUS00468,5,EMP0102,InstaPay,Returned,655.5,340
ORD0009609,9/9/2022,20220909,CUS00038,12,EMP0178,Vodafone Cash,Completed,4575,4770
ORD0010914,9/9/2022,20220909,CUS01762,12,EMP0175,Debit Card,Completed,1090,530
ORD0005009,9/10/2022,20220910,CUS02366,8,EMP0141,Fawry,Completed,3160,1550
ORD0003414,9/10/2022,20220910,CUS00171,4,EMP0088,Debit Card,Completed,2000,1600
ORD0009488,9/10/2022,20220910,CUS02451,1,EMP0018,Fawry,Completed,570,280
ORD0009647,9/10/2022,20220910,CUS00739,2,EMP0043,Fawry,Completed,324,160
ORD0006415,9/10/2022,20220910,CUS00868,4,EMP0079,Fawry,Completed,120,70
ORD0005823,9/10/2022,20220910,CUS01518,1,EMP0012,Fawry,Completed,332.5,170
ORD0004769,9/10/2022,20220910,CUS01483,1,EMP0010,Credit Card,Completed,5928,4170
ORD0002889,9/10/2022,20220910,CUS00036,11,EMP0167,InstaPay,Completed,1983,1010
ORD0004727,9/10/2022,20220910,CUS01650,1,EMP0024,Vodafone Cash,Completed,763,390
ORD0007700,9/10/2022,20220910,CUS02774,3,EMP0062,Debit Card,Completed,1090,660
ORD0000823,9/10/2022,20220910,CUS00029,11,EMP0168,InstaPay,Completed,408,240
ORD0009613,9/10/2022,20220910,CUS00726,2,EMP0047,Debit Card,Cancelled,888.5,440
ORD0004173,9/10/2022,20220910,CUS01492,3,EMP0065,Fawry,Completed,17817.5,15220
ORD0000082,9/10/2022,20220910,CUS00897,12,EMP0182,Fawry,Completed,252,140
ORD0001630,9/10/2022,20220910,CUS00733,5,EMP0107,Credit Card,Completed,1872,1080
ORD0003635,9/10/2022,20220910,CUS02916,7,EMP0133,Fawry,Completed,1760,1330
ORD0008430,9/10/2022,20220910,CUS00914,5,EMP0098,Debit Card,Completed,15751,14880
ORD0005303,9/11/2022,20220911,CUS02900,8,EMP0140,Cash,Completed,2979,1680
ORD0010043,9/11/2022,20220911,CUS00615,14,EMP0196,Debit Card,Completed,10200,8000
ORD0004208,9/11/2022,20220911,CUS02217,4,EMP0082,Fawry,Completed,300,140
ORD0011124,9/11/2022,20220911,CUS02911,3,EMP0071,Credit Card,Completed,16020,14200
ORD0005067,9/11/2022,20220911,CUS02946,5,EMP0104,InstaPay,Completed,1441,740
ORD0011099,9/11/2022,20220911,CUS01551,8,EMP0138,InstaPay,Completed,900,480
ORD0004578,9/11/2022,20220911,CUS01708,9,EMP0151,Credit Card,Completed,2240,1080
ORD0011460,9/11/2022,20220911,CUS02426,10,EMP0161,Debit Card,Completed,1740,870
ORD0001622,9/11/2022,20220911,CUS01981,10,EMP0158,Cash,Completed,39726,31570
ORD0001089,9/11/2022,20220911,CUS02574,12,EMP0181,Debit Card,Returned,1032,500
ORD0010822,9/11/2022,20220911,CUS00826,2,EMP0047,Cash,Completed,15670,12330
ORD0004894,9/11/2022,20220911,CUS00535,4,EMP0086,Fawry,Completed,504,280
ORD0004036,9/11/2022,20220911,CUS02286,11,EMP0166,Credit Card,Completed,429,210
ORD0011850,9/12/2022,20220912,CUS00555,4,EMP0084,Vodafone Cash,Returned,2462.5,1350
ORD0000813,9/12/2022,20220912,CUS01901,2,EMP0053,InstaPay,Completed,1065,560
ORD0011898,9/12/2022,20220912,CUS01925,2,EMP0048,InstaPay,Completed,12631,11870
ORD0004447,9/12/2022,20220912,CUS02032,6,EMP0114,Vodafone Cash,Returned,190,90
ORD0003965,9/12/2022,20220912,CUS02067,3,EMP0059,InstaPay,Completed,790.5,430
ORD0005950,9/12/2022,20220912,CUS01356,6,No_Employee_id,Cash,Completed,1760,880
ORD0007412,9/12/2022,20220912,CUS01160,10,EMP0153,InstaPay,Cancelled,702,360
ORD0007917,9/12/2022,20220912,CUS01491,1,EMP0022,Cash,Completed,176,100
ORD0005734,9/12/2022,20220912,CUS02115,4,EMP0082,InstaPay,Completed,420,200
ORD0010528,9/12/2022,20220912,CUS00907,3,EMP0064,Credit Card,Completed,962.5,510
ORD0005807,9/12/2022,20220912,CUS02857,4,EMP0080,Fawry,Completed,5326,4140
ORD0006840,9/12/2022,20220912,CUS02085,11,EMP0169,Cash,Completed,300,180
ORD0006679,9/13/2022,20220913,CUS02882,5,No_Employee_id,InstaPay,Completed,161,110
ORD0001245,9/13/2022,20220913,CUS00897,4,EMP0080,Debit Card,Completed,1310.5,640
ORD0001014,9/13/2022,20220913,CUS00873,2,EMP0046,Cash,Completed,340,160
ORD0004044,9/13/2022,20220913,CUS00186,2,EMP0040,InstaPay,Completed,230,110
ORD0008600,9/13/2022,20220913,CUS02103,7,EMP0128,Cash,Completed,234,120
ORD0003613,9/13/2022,20220913,CUS01944,2,EMP0051,Debit Card,Completed,1146,580
ORD0004787,9/13/2022,20220913,CUS01169,3,No_Employee_id,InstaPay,Completed,465.5,240
ORD0006591,9/13/2022,20220913,CUS02516,5,EMP0105,Debit Card,Returned,5000,4000
ORD0006315,9/13/2022,20220913,CUS02758,6,EMP0115,Debit Card,Completed,2592,1380
ORD0008292,9/13/2022,20220913,CUS02467,3,EMP0076,Debit Card,Completed,1224,640
ORD0002521,9/13/2022,20220913,CUS00389,11,EMP0169,Cash,Completed,310,160
ORD0008086,9/13/2022,20220913,CUS01142,4,EMP0091,Fawry,Completed,675,340
ORD0001306,9/14/2022,20220914,CUS00498,1,EMP0009,InstaPay,Completed,1214,650
ORD0007964,9/14/2022,20220914,CUS00054,3,EMP0075,Fawry,Completed,1178,560
ORD0008596,9/14/2022,20220914,CUS00926,11,EMP0168,Vodafone Cash,Completed,1100,660
ORD0002765,9/14/2022,20220914,CUS02832,12,EMP0181,Cash,Completed,2930,1460
ORD0004375,9/15/2022,20220915,CUS01125,1,EMP0018,Debit Card,Completed,490,270
ORD0010646,9/15/2022,20220915,CUS01114,6,EMP0125,Vodafone Cash,Cancelled,3870,3040
ORD0003244,9/15/2022,20220915,CUS00126,9,EMP0151,Credit Card,Completed,14900,11900
ORD0001196,9/15/2022,20220915,CUS02743,2,EMP0032,Fawry,Completed,243,130
ORD0005574,9/15/2022,20220915,CUS02086,3,EMP0067,Credit Card,Completed,1506,740
ORD0004472,9/15/2022,20220915,CUS02665,1,EMP0026,Credit Card,Completed,884,450
ORD0003538,9/15/2022,20220915,CUS00931,12,EMP0184,Credit Card,Completed,6937,5190
ORD0008520,9/15/2022,20220915,CUS02787,12,EMP0178,Cash,Completed,1764,960
ORD0010138,9/15/2022,20220915,CUS01610,1,EMP0019,Fawry,Completed,1974.5,980
ORD0003129,9/15/2022,20220915,CUS01026,2,EMP0033,Vodafone Cash,Completed,712.5,370
ORD0008996,9/15/2022,20220915,CUS00490,1,EMP0006,Fawry,Completed,912,490
ORD0008671,9/15/2022,20220915,CUS01873,3,EMP0073,Vodafone Cash,Completed,260,120
ORD0006916,9/16/2022,20220916,CUS01344,14,EMP0197,Vodafone Cash,Completed,340,170
ORD0007954,9/16/2022,20220916,CUS01446,1,EMP0004,Credit Card,Returned,632.5,330
ORD0006781,9/16/2022,20220916,CUS02864,3,EMP0055,Vodafone Cash,Completed,600,280
ORD0004425,9/16/2022,20220916,CUS00513,4,EMP0089,Debit Card,Completed,2210,2000
ORD0005704,9/16/2022,20220916,CUS00628,2,EMP0039,Cash,Completed,15870,13280
ORD0009521,9/16/2022,20220916,CUS02208,1,EMP0003,Debit Card,Completed,680,340
ORD0010857,9/16/2022,20220916,CUS02692,1,EMP0001,Fawry,Completed,1170,940
ORD0011449,9/16/2022,20220916,CUS01215,5,EMP0112,Cash,Completed,221,130
ORD0006020,9/16/2022,20220916,CUS00488,7,EMP0128,Debit Card,Completed,1790,870
ORD0010983,9/16/2022,20220916,CUS02785,2,No_Employee_id,Fawry,Completed,3040,2260
ORD0007259,9/16/2022,20220916,CUS02217,12,No_Employee_id,Debit Card,Completed,43600,34800
ORD0010598,9/16/2022,20220916,CUS01855,2,EMP0029,Debit Card,Returned,597.5,310
ORD0003664,9/16/2022,20220916,CUS00335,10,EMP0154,Cash,Completed,881,470
ORD0007561,9/16/2022,20220916,CUS02165,1,EMP0015,Credit Card,Completed,1205.5,600
ORD0001859,9/16/2022,20220916,CUS01270,13,No_Employee_id,Credit Card,Completed,6416.5,5230
ORD0008073,9/16/2022,20220916,CUS00124,3,No_Employee_id,InstaPay,Completed,1713,950
ORD0010442,9/17/2022,20220917,CUS02437,10,EMP0161,InstaPay,Completed,1480.5,810
ORD0002650,9/17/2022,20220917,CUS01185,6,No_Employee_id,Credit Card,Returned,1260,620
ORD0000137,9/17/2022,20220917,CUS02556,10,EMP0160,Cash,Completed,432,240
ORD0005202,9/17/2022,20220917,CUS01205,4,EMP0088,Debit Card,Completed,665,340
ORD0010363,9/17/2022,20220917,CUS00839,3,EMP0060,Vodafone Cash,Cancelled,3868,3450
ORD0005363,9/17/2022,20220917,CUS00042,2,EMP0051,Vodafone Cash,Completed,9760,9800
ORD0007366,9/17/2022,20220917,CUS00147,3,EMP0071,InstaPay,Completed,14386.5,10200
ORD0001665,9/17/2022,20220917,CUS02073,11,EMP0168,Debit Card,Completed,5835.5,4150
ORD0006482,9/17/2022,20220917,CUS02288,3,EMP0071,Debit Card,Completed,918,540
ORD0006769,9/17/2022,20220917,CUS02532,15,EMP0211,Credit Card,Completed,555,280
ORD0007079,9/17/2022,20220917,CUS01397,1,EMP0001,Fawry,Completed,2143,1090
ORD0006224,9/17/2022,20220917,CUS00780,2,EMP0046,Credit Card,Completed,1102,570
ORD0009807,9/17/2022,20220917,CUS01360,2,EMP0038,Fawry,Completed,1680,800
ORD0002317,9/17/2022,20220917,CUS00068,3,EMP0055,Credit Card,Cancelled,520,260
ORD0000543,9/17/2022,20220917,CUS00952,2,EMP0048,Debit Card,Completed,985,490
ORD0010878,9/17/2022,20220917,CUS01474,3,EMP0076,Debit Card,Completed,72,40
ORD0001780,9/18/2022,20220918,CUS01144,2,EMP0045,Fawry,Completed,936,500
ORD0010280,9/18/2022,20220918,CUS00284,12,No_Employee_id,Fawry,Returned,873,480
ORD0003922,9/18/2022,20220918,CUS02441,1,EMP0013,Debit Card,Returned,24759,21260
ORD0005821,9/18/2022,20220918,CUS01405,1,EMP0020,Debit Card,Completed,1151.5,550
ORD0004687,9/18/2022,20220918,CUS02579,10,EMP0153,Credit Card,Completed,178.5,100
ORD0000800,9/18/2022,20220918,CUS02082,6,EMP0123,Fawry,Completed,342,180
ORD0008274,9/19/2022,20220919,CUS00905,1,EMP0016,Vodafone Cash,Cancelled,120,70
ORD0006206,9/19/2022,20220919,CUS02866,1,EMP0027,Debit Card,Completed,238,140
ORD0009123,9/19/2022,20220919,CUS02670,6,No_Employee_id,Vodafone Cash,Completed,5427,4760
ORD0008459,9/19/2022,20220919,CUS00667,13,EMP0188,Credit Card,Returned,2120,1140
ORD0005505,9/19/2022,20220919,CUS01169,2,EMP0040,InstaPay,Completed,1585,810
ORD0004829,9/19/2022,20220919,CUS00410,6,EMP0115,Credit Card,Completed,1110,550
ORD0003680,9/19/2022,20220919,CUS00846,5,EMP0108,InstaPay,Returned,600,310
ORD0002824,9/19/2022,20220919,CUS00301,9,EMP0150,Cash,Completed,690,330
ORD0008672,9/20/2022,20220920,CUS00267,2,EMP0048,Vodafone Cash,Completed,1022.5,540
ORD0003297,9/20/2022,20220920,CUS02829,3,EMP0077,Credit Card,Completed,1068,560
ORD0000300,9/20/2022,20220920,CUS01887,11,EMP0166,Fawry,Completed,224,140
ORD0002027,9/20/2022,20220920,CUS01692,2,EMP0049,Credit Card,Completed,340,170
ORD0006725,9/20/2022,20220920,CUS01911,1,EMP0019,InstaPay,Returned,370,180
ORD0011136,9/20/2022,20220920,CUS00186,3,EMP0057,Fawry,Completed,704,350
ORD0004541,9/20/2022,20220920,CUS02499,2,EMP0053,Fawry,Completed,510,500
ORD0006252,9/20/2022,20220920,CUS02619,7,EMP0129,Vodafone Cash,Completed,1224,640
ORD0000606,9/21/2022,20220921,CUS01803,2,EMP0031,Fawry,Completed,14015,10920
ORD0002129,9/21/2022,20220921,CUS02589,3,EMP0059,Vodafone Cash,Completed,832,500
ORD0011278,9/21/2022,20220921,CUS02299,5,EMP0099,InstaPay,Completed,5110,4160
ORD0006444,9/21/2022,20220921,CUS02491,3,EMP0074,Credit Card,Completed,23200,21380
ORD0003331,9/21/2022,20220921,CUS01831,1,EMP0012,Fawry,Completed,396,220
ORD0008543,9/21/2022,20220921,CUS02590,11,EMP0171,Credit Card,Completed,540,240
ORD0008705,9/21/2022,20220921,CUS01354,2,EMP0048,Cash,Completed,27810,24580
ORD0005283,9/21/2022,20220921,CUS00263,12,EMP0174,Vodafone Cash,Returned,1288,680
ORD0011376,9/21/2022,20220921,CUS02626,11,EMP0165,InstaPay,Completed,1162.5,550
ORD0004298,9/22/2022,20220922,CUS00532,5,EMP0101,Debit Card,Completed,1190,680
ORD0003836,9/22/2022,20220922,CUS00342,2,EMP0033,Credit Card,Returned,10775,9070
ORD0008629,9/22/2022,20220922,CUS01210,3,EMP0072,Fawry,Completed,3916,3100
ORD0000663,9/22/2022,20220922,CUS00451,1,EMP0018,Debit Card,Completed,980,520
ORD0008900,9/22/2022,20220922,CUS00622,1,EMP0017,Cash,Completed,18198,15920
ORD0010927,9/22/2022,20220922,CUS01519,1,EMP0015,Cash,Completed,1380,660
ORD0005035,9/22/2022,20220922,CUS01665,11,EMP0165,Vodafone Cash,Completed,680,320
ORD0000356,9/22/2022,20220922,CUS01548,1,EMP0005,Cash,Completed,7600,6400
ORD0001734,9/23/2022,20220923,CUS00453,13,EMP0187,Vodafone Cash,Completed,3203,1640
ORD0005099,9/23/2022,20220923,CUS01227,4,EMP0092,Credit Card,Completed,11250,12000
ORD0002380,9/23/2022,20220923,CUS01395,2,No_Employee_id,Fawry,Completed,4291,2770
ORD0005578,9/23/2022,20220923,CUS00381,2,EMP0037,Fawry,Completed,1175.5,590
ORD0002802,9/23/2022,20220923,CUS00565,1,EMP0022,Credit Card,Completed,1080,510
ORD0001950,9/23/2022,20220923,CUS02886,12,EMP0179,Debit Card,Completed,1059,530
ORD0003343,9/23/2022,20220923,CUS01687,7,EMP0135,Credit Card,Completed,3904,2310
ORD0006164,9/23/2022,20220923,CUS01552,3,EMP0066,Debit Card,Returned,480,240
ORD0009643,9/23/2022,20220923,CUS02822,10,EMP0160,Fawry,Completed,718,360
ORD0009050,9/23/2022,20220923,CUS00618,2,EMP0029,Fawry,Completed,240,110
ORD0008378,9/23/2022,20220923,CUS01330,4,EMP0091,Cash,Completed,14535,12140
ORD0000501,9/23/2022,20220923,CUS00336,3,EMP0055,Cash,Returned,1992,1190
ORD0011680,9/23/2022,20220923,CUS01700,12,No_Employee_id,Vodafone Cash,Completed,2494,1300
ORD0007167,9/23/2022,20220923,CUS01542,4,EMP0080,Debit Card,Completed,34769,36780
ORD0002122,9/23/2022,20220923,CUS02922,13,EMP0186,Debit Card,Completed,153,80
ORD0008731,9/24/2022,20220924,CUS00785,8,EMP0137,Vodafone Cash,Completed,10967,11050
ORD0001023,9/24/2022,20220924,CUS01172,7,EMP0134,InstaPay,Completed,198,100
ORD0011866,9/24/2022,20220924,CUS02992,1,EMP0026,Cash,Completed,130,60
ORD0006941,9/24/2022,20220924,CUS00433,14,EMP0198,Credit Card,Completed,144,70
ORD0002269,9/24/2022,20220924,CUS00924,12,EMP0178,Credit Card,Returned,540,300
ORD0001156,9/24/2022,20220924,CUS01417,1,EMP0019,Credit Card,Completed,548,300
ORD0003725,9/25/2022,20220925,CUS01693,6,EMP0123,Debit Card,Completed,450,220
ORD0001450,9/25/2022,20220925,CUS01357,9,EMP0149,Cash,Completed,1620,1340
ORD0005434,9/25/2022,20220925,CUS01019,12,EMP0180,Cash,Completed,184,110
ORD0000574,9/25/2022,20220925,CUS02366,15,EMP0206,Credit Card,Cancelled,180,80
ORD0002994,9/25/2022,20220925,CUS02353,5,EMP0096,Vodafone Cash,Completed,755,420
ORD0007138,9/25/2022,20220925,CUS01315,7,EMP0129,Debit Card,Completed,37914.5,31950
ORD0000805,9/25/2022,20220925,CUS00658,2,EMP0053,Cash,Completed,357,190
ORD0010497,9/25/2022,20220925,CUS00285,13,EMP0192,InstaPay,Completed,1887,960
ORD0011498,9/26/2022,20220926,CUS00587,4,EMP0087,Cash,Completed,90,40
ORD0008447,9/26/2022,20220926,CUS00217,13,EMP0192,Fawry,Completed,1840,900
ORD0007288,9/26/2022,20220926,CUS02445,1,EMP0022,Fawry,Completed,791,430
ORD0004443,9/26/2022,20220926,CUS01695,1,EMP0012,Debit Card,Completed,1244,670
ORD0006329,9/26/2022,20220926,CUS02485,3,EMP0062,Credit Card,Completed,218.5,110
ORD0000796,9/26/2022,20220926,CUS00573,7,EMP0135,Debit Card,Completed,297,160
ORD0007531,9/26/2022,20220926,CUS02354,10,EMP0160,Fawry,Completed,630,300
ORD0003302,9/26/2022,20220926,CUS00683,4,EMP0088,Debit Card,Completed,440,200
ORD0001119,9/26/2022,20220926,CUS01331,2,EMP0031,Cash,Completed,1342.5,690
ORD0010250,9/26/2022,20220926,CUS02435,5,EMP0101,Vodafone Cash,Completed,576,330
ORD0005591,9/26/2022,20220926,CUS02359,12,EMP0175,Debit Card,Completed,243,130
ORD0011440,9/26/2022,20220926,CUS02385,3,EMP0057,Fawry,Completed,7265,5810
ORD0007661,9/26/2022,20220926,CUS02765,4,EMP0081,Credit Card,Completed,340,160
ORD0002767,9/26/2022,20220926,CUS01875,2,EMP0035,Cash,Cancelled,126,70
ORD0010406,9/26/2022,20220926,CUS01354,3,EMP0070,Vodafone Cash,Completed,2393.5,1230
ORD0008711,9/27/2022,20220927,CUS01196,12,EMP0175,Cash,Completed,3390,1920
ORD0001525,9/27/2022,20220927,CUS02059,11,EMP0167,Debit Card,Completed,3312,2760
ORD0000591,9/27/2022,20220927,CUS00090,14,EMP0194,Vodafone Cash,Completed,199.5,100
ORD0000428,9/27/2022,20220927,CUS01160,7,EMP0128,Cash,Completed,15210,12100
ORD0011723,9/27/2022,20220927,CUS01033,3,EMP0066,Cash,Completed,13200,10500
ORD0010564,9/27/2022,20220927,CUS00387,6,EMP0114,Fawry,Completed,1188,600
ORD0009485,9/27/2022,20220927,CUS02636,9,EMP0151,Credit Card,Completed,652.5,340
ORD0011088,9/27/2022,20220927,CUS01771,3,EMP0055,Debit Card,Completed,195.5,110
ORD0004257,9/27/2022,20220927,CUS02062,1,EMP0007,Debit Card,Completed,1020,570
ORD0008419,9/27/2022,20220927,CUS00756,10,EMP0162,Cash,Completed,1781,940
ORD0008841,9/28/2022,20220928,CUS00039,1,EMP0001,InstaPay,Completed,475,230
ORD0006245,9/28/2022,20220928,CUS00371,5,EMP0095,InstaPay,Completed,1254,620
ORD0005224,9/28/2022,20220928,CUS02142,13,EMP0189,InstaPay,Cancelled,897,560
ORD0001065,9/28/2022,20220928,CUS02423,12,EMP0174,InstaPay,Completed,255,140
ORD0002478,9/28/2022,20220928,CUS02049,8,EMP0144,Vodafone Cash,Returned,50220,44700
ORD0003059,9/28/2022,20220928,CUS01765,12,EMP0177,Vodafone Cash,Completed,700,340
ORD0007184,9/28/2022,20220928,CUS01602,3,EMP0078,Credit Card,Completed,2332,1320
ORD0007316,9/28/2022,20220928,CUS01297,5,EMP0105,Debit Card,Completed,715,350
ORD0008070,9/28/2022,20220928,CUS02339,5,No_Employee_id,Cash,Completed,760,360
ORD0008077,9/28/2022,20220928,CUS00349,4,EMP0087,Vodafone Cash,Completed,2450,1340
ORD0000354,9/28/2022,20220928,CUS01219,5,EMP0103,Vodafone Cash,Completed,1368,720
ORD0000735,9/29/2022,20220929,CUS00521,2,EMP0054,Cash,Cancelled,279,150
ORD0009918,9/29/2022,20220929,CUS02888,6,EMP0114,Credit Card,Completed,380,190
ORD0004734,9/29/2022,20220929,CUS01065,11,EMP0168,Debit Card,Completed,1590,780
ORD0004969,9/29/2022,20220929,CUS01472,4,No_Employee_id,Credit Card,Completed,1437.5,710
ORD0000305,9/29/2022,20220929,CUS00105,2,EMP0053,Vodafone Cash,Completed,646,320
ORD0003815,9/29/2022,20220929,CUS02499,5,EMP0096,Vodafone Cash,Returned,1397,740
ORD0008741,9/29/2022,20220929,CUS02052,3,EMP0077,Cash,Completed,368,220
ORD0011533,9/29/2022,20220929,CUS00398,1,EMP0020,Cash,Completed,784,420
ORD0006438,9/29/2022,20220929,CUS02799,2,EMP0030,Vodafone Cash,Completed,762,580
ORD0001893,9/29/2022,20220929,CUS02686,6,EMP0126,Fawry,Completed,418,210
ORD0007395,9/29/2022,20220929,CUS02543,1,No_Employee_id,Debit Card,Completed,230,110
ORD0010816,9/29/2022,20220929,CUS02400,2,EMP0036,InstaPay,Completed,142.5,70
ORD0009798,9/29/2022,20220929,CUS02513,5,EMP0105,Credit Card,Completed,1914.5,1080
ORD0005154,9/30/2022,20220930,CUS02149,14,EMP0197,Debit Card,Completed,870,440
ORD0001478,9/30/2022,20220930,CUS02914,3,No_Employee_id,Debit Card,Completed,6272,5060
ORD0004600,9/30/2022,20220930,CUS00634,3,EMP0057,Fawry,Completed,142.5,90
ORD0000369,9/30/2022,20220930,CUS00905,2,EMP0032,InstaPay,Completed,1536,780
ORD0000375,9/30/2022,20220930,CUS01342,11,EMP0173,Vodafone Cash,Completed,2070,1680
ORD0001673,9/30/2022,20220930,CUS01356,9,EMP0149,Fawry,Returned,610,300
ORD0011901,9/30/2022,20220930,CUS01266,1,EMP0009,Vodafone Cash,Completed,880,440
ORD0010095,9/30/2022,20220930,CUS00329,13,No_Employee_id,Vodafone Cash,Completed,240,110
ORD0004638,9/30/2022,20220930,CUS02424,6,EMP0121,Debit Card,Completed,1145,610
ORD0007447,9/30/2022,20220930,CUS02846,4,EMP0081,Fawry,Completed,810,390
ORD0000784,9/30/2022,20220930,CUS02886,11,EMP0165,Cash,Completed,1246,650
ORD0003054,9/30/2022,20220930,CUS02673,4,EMP0087,Credit Card,Cancelled,1010,480
ORD0008617,10/1/2022,20221001,CUS00417,3,EMP0060,Cash,Completed,266,140
ORD0010823,10/1/2022,20221001,CUS00137,15,EMP0209,Debit Card,Completed,10685.5,9130
ORD0005104,10/1/2022,20221001,CUS00099,1,EMP0010,Cash,Completed,1830,900
ORD0010806,10/1/2022,20221001,CUS00255,1,EMP0009,Fawry,Completed,450,270
ORD0003027,10/1/2022,20221001,CUS02587,12,EMP0176,Fawry,Completed,2170,1120
ORD0008823,10/1/2022,20221001,CUS02390,4,EMP0092,Fawry,Completed,756,420
ORD0008090,10/1/2022,20221001,CUS02443,7,EMP0132,Fawry,Completed,970,490
ORD0000811,10/1/2022,20221001,CUS01590,8,EMP0141,Fawry,Returned,6925,6930
ORD0000036,10/1/2022,20221001,CUS00650,3,EMP0061,Fawry,Completed,680,400
ORD0002406,10/1/2022,20221001,CUS00853,13,EMP0190,Fawry,Returned,606,300
ORD0005234,10/1/2022,20221001,CUS02155,6,EMP0114,InstaPay,Returned,993,490
ORD0006969,10/1/2022,20221001,CUS02500,10,EMP0159,Vodafone Cash,Completed,3380,2730
ORD0003887,10/1/2022,20221001,CUS02244,2,EMP0031,Fawry,Cancelled,340,200
ORD0009179,10/1/2022,20221001,CUS02649,5,EMP0109,Credit Card,Completed,933,460
ORD0002062,10/1/2022,20221001,CUS00363,13,EMP0187,InstaPay,Completed,1134,580
ORD0009170,10/1/2022,20221001,CUS02687,3,EMP0061,Debit Card,Completed,5582,2790
ORD0005407,10/1/2022,20221001,CUS02654,1,EMP0010,InstaPay,Completed,6036,4770
ORD0005567,10/1/2022,20221001,CUS02994,13,EMP0185,Vodafone Cash,Completed,2610,1300
ORD0007542,10/1/2022,20221001,CUS01842,6,EMP0122,Debit Card,Returned,13340,10570
ORD0004048,10/1/2022,20221001,CUS02258,1,EMP0008,InstaPay,Completed,396,200
ORD0005351,10/1/2022,20221001,CUS02332,11,EMP0172,Credit Card,Completed,228,120
ORD0002627,10/2/2022,20221002,CUS00923,4,EMP0087,Debit Card,Completed,27970,24660
ORD0011469,10/2/2022,20221002,CUS02218,6,EMP0119,InstaPay,Completed,1709,880
ORD0005712,10/2/2022,20221002,CUS02911,3,No_Employee_id,Cash,Completed,2465,1940
ORD0011223,10/2/2022,20221002,CUS02266,4,EMP0090,Credit Card,Completed,46043,42560
ORD0008220,10/2/2022,20221002,CUS00315,4,No_Employee_id,Fawry,Completed,15376,12200
ORD0001150,10/2/2022,20221002,CUS01139,10,EMP0154,Vodafone Cash,Completed,180,80
ORD0005345,10/2/2022,20221002,CUS00070,14,EMP0197,InstaPay,Completed,2298,1270
ORD0011228,10/2/2022,20221002,CUS01156,1,EMP0026,InstaPay,Completed,1512,820
ORD0001657,10/2/2022,20221002,CUS01119,11,EMP0166,Credit Card,Completed,1275,630
ORD0003081,10/2/2022,20221002,CUS02355,4,EMP0080,Credit Card,Completed,384,240
ORD0011076,10/2/2022,20221002,CUS02311,7,EMP0133,Vodafone Cash,Completed,1856.5,930
ORD0002336,10/3/2022,20221003,CUS00274,14,EMP0199,InstaPay,Returned,2130,1050
ORD0004580,10/3/2022,20221003,CUS02858,8,EMP0137,Debit Card,Completed,1882.5,1130
ORD0001147,10/3/2022,20221003,CUS01084,1,EMP0019,Debit Card,Completed,1147,680
ORD0010780,10/3/2022,20221003,CUS00646,8,EMP0139,Cash,Completed,26520,21260
ORD0010648,10/3/2022,20221003,CUS02021,7,EMP0131,Cash,Completed,578,320
ORD0005468,10/3/2022,20221003,CUS00283,5,EMP0104,InstaPay,Completed,450,210
ORD0002991,10/3/2022,20221003,CUS01986,1,EMP0011,InstaPay,Completed,878.5,430
ORD0010311,10/3/2022,20221003,CUS00024,3,EMP0063,Fawry,Returned,360,170
ORD0005581,10/3/2022,20221003,CUS02044,3,EMP0060,Cash,Completed,1152,690
ORD0009368,10/3/2022,20221003,CUS01648,3,EMP0065,Fawry,Cancelled,1054.5,540
ORD0004245,10/3/2022,20221003,CUS00157,3,EMP0059,InstaPay,Completed,5957,4710
ORD0008670,10/4/2022,20221004,CUS00411,1,EMP0001,Credit Card,Completed,352,220
ORD0009067,10/4/2022,20221004,CUS00732,3,EMP0055,Debit Card,Completed,958,460
ORD0000109,10/4/2022,20221004,CUS02941,6,EMP0113,Credit Card,Completed,552,280
ORD0011646,10/4/2022,20221004,CUS00707,3,EMP0059,Cash,Completed,2220,1110
ORD0003753,10/4/2022,20221004,CUS02988,3,EMP0074,Cash,Completed,492,250
ORD0003265,10/4/2022,20221004,CUS02205,12,EMP0175,Vodafone Cash,Completed,1161,630
ORD0006452,10/4/2022,20221004,CUS01954,7,EMP0133,Cash,Completed,720,350
ORD0004862,10/4/2022,20221004,CUS00212,2,EMP0047,Credit Card,Completed,770,380
ORD0004260,10/4/2022,20221004,CUS02188,4,EMP0089,Cash,Completed,579.5,300
ORD0008593,10/4/2022,20221004,CUS01625,3,EMP0072,Credit Card,Completed,252,120
ORD0004543,10/4/2022,20221004,CUS00829,6,EMP0114,Cash,Returned,1884.5,930
ORD0008471,10/4/2022,20221004,CUS01233,1,EMP0009,Debit Card,Completed,34128,30190
ORD0011226,10/4/2022,20221004,CUS00774,5,EMP0105,InstaPay,Returned,25326,21990
ORD0003549,10/4/2022,20221004,CUS00023,2,EMP0052,Credit Card,Completed,423,230
ORD0011265,10/4/2022,20221004,CUS00580,9,EMP0149,InstaPay,Completed,622,310
ORD0009012,10/5/2022,20221005,CUS01833,3,EMP0066,Debit Card,Completed,1645,860
ORD0011071,10/5/2022,20221005,CUS02616,5,No_Employee_id,Vodafone Cash,Completed,1098,600
ORD0004705,10/5/2022,20221005,CUS00001,1,EMP0002,Cash,Completed,965,740
ORD0006823,10/5/2022,20221005,CUS00246,8,EMP0144,Vodafone Cash,Returned,322.5,150
ORD0004131,10/5/2022,20221005,CUS00483,3,EMP0078,Credit Card,Completed,20150,19910
ORD0009183,10/5/2022,20221005,CUS01567,5,EMP0108,Vodafone Cash,Completed,2360.5,1240
ORD0002076,10/5/2022,20221005,CUS01850,5,EMP0096,Cash,Completed,1458,810
ORD0009329,10/5/2022,20221005,CUS01156,13,EMP0193,Vodafone Cash,Returned,580,290
ORD0003203,10/5/2022,20221005,CUS01785,13,EMP0190,InstaPay,Completed,900,480
ORD0007135,10/5/2022,20221005,CUS01882,1,EMP0004,Vodafone Cash,Returned,350,170
ORD0008987,10/5/2022,20221005,CUS00051,3,EMP0071,Credit Card,Completed,10080,8900
ORD0011768,10/5/2022,20221005,CUS02732,15,EMP0205,Vodafone Cash,Completed,1161,640
ORD0006176,10/5/2022,20221005,CUS02459,2,EMP0053,Vodafone Cash,Completed,1414,770
ORD0011833,10/6/2022,20221006,CUS00929,11,EMP0166,InstaPay,Completed,9990,8480
ORD0010409,10/6/2022,20221006,CUS00384,2,EMP0046,InstaPay,Completed,23850,21020
ORD0004904,10/6/2022,20221006,CUS01976,11,EMP0169,Cash,Cancelled,1467,800
ORD0001075,10/6/2022,20221006,CUS01035,8,EMP0138,Fawry,Completed,494,240
ORD0009165,10/6/2022,20221006,CUS02096,3,EMP0064,Cash,Completed,2776,1430
ORD0002732,10/6/2022,20221006,CUS02537,3,EMP0058,Vodafone Cash,Completed,1362,790
ORD0007618,10/6/2022,20221006,CUS01168,12,EMP0183,Fawry,Completed,1800,1010
ORD0000208,10/6/2022,20221006,CUS01353,10,EMP0162,Fawry,Completed,243,130
ORD0009539,10/6/2022,20221006,CUS00038,2,EMP0033,Cash,Completed,442.5,230
ORD0004235,10/6/2022,20221006,CUS02619,3,EMP0075,Vodafone Cash,Completed,936,480
ORD0001704,10/6/2022,20221006,CUS01877,6,EMP0126,Cash,Completed,865,520
ORD0000604,10/7/2022,20221007,CUS02713,3,EMP0064,Cash,Completed,720,360
ORD0002144,10/7/2022,20221007,CUS01673,10,EMP0155,Cash,Cancelled,540,360
ORD0008115,10/7/2022,20221007,CUS00272,6,EMP0120,Debit Card,Completed,2113,1080
ORD0010924,10/7/2022,20221007,CUS01291,2,EMP0037,InstaPay,Completed,1872,1000
ORD0001966,10/7/2022,20221007,CUS00956,2,EMP0030,InstaPay,Completed,1008,540
ORD0011875,10/7/2022,20221007,CUS00988,10,EMP0155,Credit Card,Completed,200,100
ORD0007382,10/7/2022,20221007,CUS00955,8,EMP0141,Debit Card,Returned,577.5,280
ORD0011673,10/7/2022,20221007,CUS02928,1,No_Employee_id,Credit Card,Completed,160,70
ORD0004830,10/7/2022,20221007,CUS02426,1,EMP0028,Vodafone Cash,Completed,1440,800
ORD0002947,10/7/2022,20221007,CUS02282,3,EMP0070,Credit Card,Completed,1234,700
ORD0005710,10/8/2022,20221008,CUS02803,9,EMP0147,Fawry,Returned,720,340
ORD0011336,10/8/2022,20221008,CUS00107,14,EMP0201,Debit Card,Completed,203,140
ORD0010449,10/8/2022,20221008,CUS00374,11,EMP0171,Vodafone Cash,Completed,1054.5,540
ORD0007482,10/8/2022,20221008,CUS01814,8,EMP0140,Vodafone Cash,Completed,918,510
ORD0001523,10/8/2022,20221008,CUS01391,12,EMP0177,Debit Card,Returned,272,170
ORD0011342,10/8/2022,20221008,CUS00020,2,EMP0039,Vodafone Cash,Completed,300,140
ORD0000435,10/8/2022,20221008,CUS00658,8,EMP0138,Debit Card,Completed,631,360
ORD0001201,10/8/2022,20221008,CUS02377,12,EMP0184,Debit Card,Completed,324,180
ORD0001686,10/9/2022,20221009,CUS00146,4,EMP0088,Cash,Completed,247,120
ORD0008734,10/9/2022,20221009,CUS00098,4,EMP0087,Debit Card,Completed,2876,1540
ORD0003942,10/9/2022,20221009,CUS02081,12,EMP0184,Credit Card,Completed,2022,1170
ORD0002189,10/9/2022,20221009,CUS01389,14,EMP0201,Debit Card,Cancelled,342,180
ORD0000775,10/9/2022,20221009,CUS02740,7,EMP0128,Vodafone Cash,Completed,520,250
ORD0003834,10/9/2022,20221009,CUS01578,13,EMP0186,Credit Card,Completed,432,210
ORD0005128,10/9/2022,20221009,CUS02612,14,EMP0199,Vodafone Cash,Completed,157.5,100
ORD0002221,10/9/2022,20221009,CUS01303,3,EMP0063,Cash,Completed,1112.5,610
ORD0011662,10/9/2022,20221009,CUS00273,10,EMP0159,Credit Card,Completed,1472.5,800
ORD0006929,10/9/2022,20221009,CUS01854,11,No_Employee_id,Cash,Completed,90,40
ORD0009711,10/9/2022,20221009,CUS02991,2,EMP0029,Vodafone Cash,Completed,2292,1150
ORD0004652,10/9/2022,20221009,CUS01746,2,EMP0044,InstaPay,Completed,4130,3800
ORD0011828,10/9/2022,20221009,CUS00681,8,EMP0140,Debit Card,Completed,16781,15350
ORD0005914,10/9/2022,20221009,CUS01589,2,EMP0037,Vodafone Cash,Completed,3584,1860
ORD0005652,10/10/2022,20221010,CUS00386,4,EMP0079,Fawry,Completed,864,470
ORD0007837,10/10/2022,20221010,CUS02453,6,EMP0118,Credit Card,Completed,2537.5,1440
ORD0004545,10/10/2022,20221010,CUS00947,2,EMP0032,Cash,Completed,510,250
ORD0011923,10/10/2022,20221010,CUS02794,13,EMP0186,Debit Card,Completed,320,140
ORD0001009,10/10/2022,20221010,CUS00631,8,EMP0141,InstaPay,Completed,280,140
ORD0004461,10/10/2022,20221010,CUS00009,5,EMP0103,Cash,Completed,10767,8300
ORD0006472,10/10/2022,20221010,CUS01226,8,EMP0141,InstaPay,Completed,480,220
ORD0007426,10/10/2022,20221010,CUS00614,11,EMP0164,Cash,Returned,450,210
ORD0008446,10/10/2022,20221010,CUS01440,11,EMP0170,Cash,Completed,1204,620
ORD0010436,10/11/2022,20221011,CUS02060,14,EMP0201,Fawry,Cancelled,405,240
ORD0003253,10/11/2022,20221011,CUS01006,3,EMP0077,Credit Card,Completed,387,210
ORD0009092,10/11/2022,20221011,CUS02357,2,EMP0042,InstaPay,Completed,189,100
ORD0011992,10/11/2022,20221011,CUS01713,6,EMP0115,Cash,Completed,788.5,410
ORD0007758,10/11/2022,20221011,CUS02625,10,EMP0154,Cash,Completed,1627.5,880
ORD0009004,10/11/2022,20221011,CUS02201,10,EMP0162,Credit Card,Completed,18776,15540
ORD0009599,10/11/2022,20221011,CUS02651,5,EMP0101,Debit Card,Completed,540,260
ORD0003353,10/11/2022,20221011,CUS01526,1,EMP0016,InstaPay,Completed,3260,2310
ORD0004213,10/11/2022,20221011,CUS02443,2,EMP0029,Fawry,Completed,945,570
ORD0000184,10/11/2022,20221011,CUS00246,2,EMP0040,Cash,Cancelled,600,290
ORD0002736,10/11/2022,20221011,CUS00854,8,EMP0138,InstaPay,Completed,9556,8840
ORD0010871,10/11/2022,20221011,CUS00792,10,EMP0153,Cash,Completed,580,260
ORD0008184,10/11/2022,20221011,CUS00187,6,EMP0114,InstaPay,Completed,358.5,210
ORD0010239,10/12/2022,20221012,CUS02729,15,EMP0210,Fawry,Completed,3006,1560
ORD0001917,10/12/2022,20221012,CUS02252,3,EMP0068,Cash,Completed,3125.5,1620
ORD0002175,10/12/2022,20221012,CUS00387,4,No_Employee_id,InstaPay,Completed,2140,1870
ORD0000060,10/12/2022,20221012,CUS00707,14,EMP0197,InstaPay,Completed,916,440
ORD0009000,10/12/2022,20221012,CUS00085,3,EMP0065,Cash,Completed,136,80
ORD0007125,10/12/2022,20221012,CUS00107,1,EMP0027,Fawry,Completed,1020,490
ORD0002022,10/12/2022,20221012,CUS02619,4,EMP0092,Fawry,Completed,3027,1610
ORD0005494,10/12/2022,20221012,CUS00659,14,EMP0201,Fawry,Completed,10834.5,8550
ORD0009169,10/12/2022,20221012,CUS00217,5,EMP0111,Fawry,Completed,380,180
ORD0007142,10/12/2022,20221012,CUS00718,4,EMP0085,Cash,Completed,4891.5,4510
ORD0006308,10/12/2022,20221012,CUS01625,9,EMP0146,InstaPay,Completed,170,80
ORD0004824,10/13/2022,20221013,CUS01165,9,EMP0149,Vodafone Cash,Returned,1170,560
ORD0004762,10/13/2022,20221013,CUS01105,1,EMP0006,Vodafone Cash,Completed,930,560
ORD0001071,10/13/2022,20221013,CUS00324,3,EMP0060,InstaPay,Completed,152,70
ORD0003835,10/13/2022,20221013,CUS01906,13,EMP0193,InstaPay,Returned,1120,700
ORD0000115,10/13/2022,20221013,CUS00091,2,EMP0030,InstaPay,Completed,144,70
ORD0007302,10/13/2022,20221013,CUS02051,11,EMP0173,Fawry,Completed,1476,770
ORD0010115,10/13/2022,20221013,CUS02667,6,EMP0119,Fawry,Completed,2867.5,1460
ORD0007670,10/13/2022,20221013,CUS02679,1,EMP0014,Fawry,Completed,304,160
ORD0008540,10/13/2022,20221013,CUS01823,8,No_Employee_id,Cash,Cancelled,1600,1600
ORD0005044,10/13/2022,20221013,CUS01995,8,EMP0139,Debit Card,Cancelled,17134,13130
ORD0006077,10/14/2022,20221014,CUS02914,10,EMP0155,InstaPay,Completed,2331,1220
ORD0009281,10/14/2022,20221014,CUS02890,5,EMP0108,Cash,Completed,30345,26610
ORD0005139,10/14/2022,20221014,CUS01149,5,EMP0096,Credit Card,Completed,1732,840
ORD0001449,10/14/2022,20221014,CUS01072,3,EMP0057,Fawry,Returned,1000,490
ORD0009372,10/14/2022,20221014,CUS02808,4,EMP0091,Credit Card,Completed,190,90
ORD0004266,10/14/2022,20221014,CUS02947,1,EMP0020,Cash,Completed,3960,3020
ORD0001718,10/14/2022,20221014,CUS01763,15,EMP0214,Vodafone Cash,Completed,432,230
ORD0007243,10/14/2022,20221014,CUS00482,5,EMP0111,Cash,Completed,15872.5,13560
ORD0001489,10/14/2022,20221014,CUS02113,10,EMP0163,Vodafone Cash,Completed,1900,1600
ORD0003470,10/14/2022,20221014,CUS00534,10,EMP0161,Credit Card,Completed,2030,990
ORD0006964,10/14/2022,20221014,CUS00163,5,EMP0112,Cash,Returned,8109.5,7640
ORD0008442,10/15/2022,20221015,CUS02536,5,EMP0111,Debit Card,Completed,8062,6160
ORD0004651,10/15/2022,20221015,CUS02564,1,EMP0003,Credit Card,Completed,1609,820
ORD0002207,10/15/2022,20221015,CUS01434,11,EMP0167,Debit Card,Completed,855,440
ORD0003187,10/15/2022,20221015,CUS02766,10,EMP0163,InstaPay,Completed,1062,560
ORD0001192,10/15/2022,20221015,CUS01922,12,EMP0175,Vodafone Cash,Completed,19144,15190
ORD0001837,10/15/2022,20221015,CUS02713,3,EMP0063,Vodafone Cash,Completed,1123,560
ORD0005870,10/15/2022,20221015,CUS02931,3,EMP0071,Fawry,Completed,3124,1700
ORD0003410,10/16/2022,20221016,CUS02923,14,No_Employee_id,Debit Card,Completed,522,290
ORD0004134,10/16/2022,20221016,CUS02571,2,EMP0044,Cash,Cancelled,1324,690
ORD0009065,10/16/2022,20221016,CUS01460,13,EMP0190,Vodafone Cash,Completed,1078.5,560
ORD0004429,10/16/2022,20221016,CUS02502,7,EMP0127,Credit Card,Completed,304,140
ORD0011683,10/16/2022,20221016,CUS02929,9,EMP0149,Vodafone Cash,Completed,1842,1280
ORD0010696,10/16/2022,20221016,CUS01960,1,EMP0023,Fawry,Completed,8000,6400
ORD0004896,10/16/2022,20221016,CUS00948,12,EMP0180,InstaPay,Completed,234,120
ORD0006986,10/16/2022,20221016,CUS01611,6,EMP0123,Credit Card,Completed,469.5,260
ORD0011436,10/16/2022,20221016,CUS01599,3,EMP0066,Debit Card,Completed,1220,600
ORD0004607,10/16/2022,20221016,CUS01995,2,EMP0041,Credit Card,Returned,835.5,420
ORD0005847,10/16/2022,20221016,CUS02842,14,EMP0200,Vodafone Cash,Completed,1656,860
ORD0011682,10/16/2022,20221016,CUS02046,1,EMP0007,InstaPay,Returned,127.5,70
ORD0006055,10/16/2022,20221016,CUS01973,6,EMP0122,Fawry,Completed,21490,20570
ORD0011487,10/17/2022,20221017,CUS01403,1,EMP0009,Vodafone Cash,Completed,918,500
ORD0001731,10/17/2022,20221017,CUS01255,1,EMP0007,Cash,Completed,127.5,70
ORD0010972,10/17/2022,20221017,CUS02147,5,EMP0105,Cash,Completed,13810,10800
ORD0006897,10/17/2022,20221017,CUS01011,9,EMP0145,InstaPay,Completed,850,420
ORD0003855,10/17/2022,20221017,CUS01941,1,EMP0004,Credit Card,Completed,207,110
ORD0010629,10/17/2022,20221017,CUS01076,13,EMP0188,Cash,Completed,1740.5,840
ORD0006322,10/17/2022,20221017,CUS00645,12,EMP0179,Vodafone Cash,Completed,680,340
ORD0011713,10/17/2022,20221017,CUS01542,5,EMP0101,Vodafone Cash,Completed,393.5,210
ORD0006839,10/18/2022,20221018,CUS00550,9,EMP0147,Vodafone Cash,Completed,190,100
ORD0004826,10/18/2022,20221018,CUS02084,12,EMP0180,Credit Card,Completed,6846,5340
ORD0011280,10/18/2022,20221018,CUS00234,6,EMP0114,Cash,Completed,17460,15240
ORD0006197,10/18/2022,20221018,CUS00920,9,EMP0150,Cash,Completed,18390,15240
ORD0010886,10/18/2022,20221018,CUS02341,13,EMP0186,Fawry,Completed,17880,18310
ORD0006216,10/18/2022,20221018,CUS01444,3,EMP0068,InstaPay,Completed,2055.5,1020
ORD0011915,10/18/2022,20221018,CUS01575,4,EMP0084,Fawry,Completed,686,480
ORD0001202,10/18/2022,20221018,CUS00748,2,EMP0042,Debit Card,Completed,1057.5,540
ORD0000636,10/18/2022,20221018,CUS02330,5,EMP0109,Vodafone Cash,Cancelled,1368,690
ORD0003893,10/18/2022,20221018,CUS02291,13,EMP0185,Cash,Completed,947,490
ORD0003175,10/19/2022,20221019,CUS00227,5,EMP0107,Debit Card,Completed,8490,7300
ORD0005206,10/19/2022,20221019,CUS02154,2,EMP0035,Cash,Completed,270,160
ORD0008404,10/19/2022,20221019,CUS00095,4,EMP0091,Debit Card,Completed,663.5,320
ORD0009487,10/19/2022,20221019,CUS02937,4,EMP0083,Fawry,Completed,270,130
ORD0006663,10/19/2022,20221019,CUS00054,2,EMP0045,Debit Card,Completed,906.5,450
ORD0007516,10/19/2022,20221019,CUS01596,5,EMP0110,Vodafone Cash,Completed,25080,21200
ORD0002228,10/19/2022,20221019,CUS01692,12,EMP0178,Fawry,Completed,752,350
ORD0002483,10/19/2022,20221019,CUS00255,4,EMP0089,InstaPay,Completed,2112,1090
ORD0005355,10/19/2022,20221019,CUS00306,2,EMP0037,Debit Card,Completed,802,460
ORD0001860,10/19/2022,20221019,CUS02318,12,EMP0184,InstaPay,Completed,1980.5,990
ORD0008989,10/19/2022,20221019,CUS01171,10,EMP0161,Cash,Completed,208,130
ORD0008376,10/20/2022,20221020,CUS01368,4,EMP0089,Cash,Completed,803,410
ORD0004832,10/20/2022,20221020,CUS01581,4,EMP0093,Credit Card,Returned,24260,23960
ORD0004365,10/20/2022,20221020,CUS01039,5,EMP0102,Debit Card,Completed,1326,680
ORD0009628,10/20/2022,20221020,CUS01931,13,EMP0185,Credit Card,Completed,622,300
ORD0004138,10/20/2022,20221020,CUS01070,7,EMP0130,InstaPay,Completed,2180,1080
ORD0000239,10/20/2022,20221020,CUS00611,6,EMP0126,InstaPay,Completed,9595,8100
ORD0006966,10/20/2022,20221020,CUS00645,6,EMP0113,InstaPay,Completed,391.5,220
ORD0010367,10/20/2022,20221020,CUS01404,2,EMP0040,Vodafone Cash,Completed,622.5,410
ORD0002536,10/20/2022,20221020,CUS00756,1,EMP0009,Cash,Completed,410,200
ORD0008007,10/20/2022,20221020,CUS00999,7,EMP0130,InstaPay,Completed,1609.5,920
ORD0003917,10/20/2022,20221020,CUS00182,3,EMP0073,Fawry,Returned,51260,43040
ORD0003296,10/20/2022,20221020,CUS01820,12,EMP0183,Fawry,Completed,487,250
ORD0005373,10/21/2022,20221021,CUS01593,4,EMP0084,Vodafone Cash,Completed,11050,10400
ORD0009908,10/21/2022,20221021,CUS01586,11,EMP0166,Credit Card,Completed,2188.5,1060
ORD0011216,10/21/2022,20221021,CUS01543,1,EMP0026,Vodafone Cash,Completed,445,210
ORD0004790,10/21/2022,20221021,CUS00004,6,No_Employee_id,Debit Card,Completed,617,320
ORD0003570,10/21/2022,20221021,CUS00080,4,EMP0088,Credit Card,Completed,2000,1600
ORD0008333,10/21/2022,20221021,CUS02891,12,EMP0178,Fawry,Returned,1044,560
ORD0001682,10/21/2022,20221021,CUS00535,2,EMP0039,Debit Card,Completed,911.5,490
ORD0003724,10/21/2022,20221021,CUS01397,4,EMP0085,Fawry,Completed,90,40
ORD0004163,10/21/2022,20221021,CUS01972,7,EMP0133,Credit Card,Completed,333,180
ORD0006689,10/21/2022,20221021,CUS01954,3,EMP0060,Vodafone Cash,Completed,76.5,40
ORD0006937,10/21/2022,20221021,CUS02821,4,EMP0090,Vodafone Cash,Completed,510,250
ORD0001716,10/21/2022,20221021,CUS01765,3,EMP0077,Debit Card,Completed,661,350
ORD0008521,10/21/2022,20221021,CUS02305,8,EMP0144,Vodafone Cash,Returned,142.5,70
ORD0004379,10/21/2022,20221021,CUS01028,6,EMP0113,Cash,Completed,190,90
ORD0008980,10/21/2022,20221021,CUS02285,3,EMP0057,InstaPay,Completed,680,320
ORD0000479,10/21/2022,20221021,CUS01464,5,EMP0110,Fawry,Completed,1308,630
ORD0000541,10/21/2022,20221021,CUS01087,2,EMP0041,Credit Card,Completed,136,70
ORD0005509,10/21/2022,20221021,CUS00522,13,EMP0191,InstaPay,Completed,672,340
ORD0007468,10/21/2022,20221021,CUS02525,3,EMP0071,InstaPay,Completed,570,400
ORD0003785,10/22/2022,20221022,CUS00765,9,EMP0150,Fawry,Completed,503,280
ORD0008660,10/22/2022,20221022,CUS00292,3,EMP0074,Credit Card,Completed,12608,10040
ORD0009469,10/22/2022,20221022,CUS02691,5,EMP0111,Credit Card,Completed,1120,560
ORD0006040,10/22/2022,20221022,CUS01108,2,EMP0051,Vodafone Cash,Completed,738,430
ORD0005960,10/22/2022,20221022,CUS00782,12,EMP0174,Credit Card,Completed,266,140
ORD0008682,10/22/2022,20221022,CUS02877,2,EMP0030,Debit Card,Completed,720,390
ORD0002375,10/22/2022,20221022,CUS02236,5,EMP0098,Fawry,Completed,1656,860
ORD0006131,10/22/2022,20221022,CUS01487,2,EMP0029,Vodafone Cash,Completed,484.5,240
ORD0008122,10/22/2022,20221022,CUS00244,2,EMP0031,InstaPay,Completed,270,140
ORD0008473,10/22/2022,20221022,CUS01405,15,EMP0216,InstaPay,Completed,318,170
ORD0005069,10/22/2022,20221022,CUS02252,4,EMP0080,InstaPay,Completed,40230,35700
ORD0005395,10/23/2022,20221023,CUS00440,10,EMP0156,Fawry,Completed,3834,2080
ORD0009644,10/23/2022,20221023,CUS02638,15,EMP0216,Debit Card,Completed,255,140
ORD0003115,10/23/2022,20221023,CUS01600,3,EMP0055,Cash,Completed,1428.5,750
ORD0011861,10/23/2022,20221023,CUS00264,3,EMP0073,Vodafone Cash,Completed,306,160
ORD0010204,10/24/2022,20221024,CUS00309,11,EMP0173,InstaPay,Completed,896,560
ORD0009344,10/24/2022,20221024,CUS02395,7,EMP0132,InstaPay,Completed,24240,24300
ORD0001995,10/24/2022,20221024,CUS01475,1,EMP0012,Vodafone Cash,Returned,545.5,320
ORD0009814,10/24/2022,20221024,CUS01173,1,EMP0017,Debit Card,Completed,731.5,380
ORD0001111,10/24/2022,20221024,CUS02009,6,EMP0114,InstaPay,Completed,1920,2000
ORD0007973,10/24/2022,20221024,CUS01134,2,EMP0032,InstaPay,Completed,560,280
ORD0006014,10/24/2022,20221024,CUS02959,1,EMP0011,Fawry,Completed,1937,1010
ORD0010515,10/24/2022,20221024,CUS01172,1,EMP0020,Debit Card,Completed,2180,1080
ORD0007572,10/24/2022,20221024,CUS02891,12,EMP0181,Cash,Completed,170,80
ORD0001465,10/24/2022,20221024,CUS01490,8,EMP0138,Fawry,Completed,2249.5,1140
ORD0007248,10/24/2022,20221024,CUS01947,10,EMP0154,Credit Card,Completed,777,380
ORD0005005,10/24/2022,20221024,CUS00751,6,EMP0120,Vodafone Cash,Completed,12690,10570
ORD0001538,10/24/2022,20221024,CUS01860,6,EMP0116,Credit Card,Completed,456,240
ORD0008505,10/24/2022,20221024,CUS02304,5,No_Employee_id,InstaPay,Completed,710,350
ORD0009168,10/25/2022,20221025,CUS01886,10,EMP0155,Cash,Completed,592,300
ORD0010807,10/25/2022,20221025,CUS00258,4,EMP0087,InstaPay,Completed,1080,490
ORD0008295,10/25/2022,20221025,CUS02228,1,EMP0022,InstaPay,Completed,142.5,70
ORD0003181,10/25/2022,20221025,CUS01142,6,EMP0120,Fawry,Completed,1880,1640
ORD0003205,10/25/2022,20221025,CUS01143,1,EMP0013,Vodafone Cash,Completed,1306,690
ORD0000004,10/25/2022,20221025,CUS01046,7,EMP0134,InstaPay,Completed,1190,600
ORD0010566,10/25/2022,20221025,CUS01353,4,EMP0091,Vodafone Cash,Completed,1249.5,710
ORD0003757,10/25/2022,20221025,CUS00245,11,EMP0173,Debit Card,Completed,117,60
ORD0005908,10/25/2022,20221025,CUS00596,7,EMP0130,Vodafone Cash,Completed,26975.5,21280
ORD0006318,10/25/2022,20221025,CUS01499,3,EMP0068,Vodafone Cash,Completed,1734,870
ORD0008626,10/25/2022,20221025,CUS02296,1,EMP0005,Vodafone Cash,Completed,1226,700
ORD0009412,10/25/2022,20221025,CUS01633,12,EMP0178,Vodafone Cash,Returned,978,560
ORD0004123,10/25/2022,20221025,CUS01351,5,EMP0112,Vodafone Cash,Completed,300,140
ORD0011127,10/26/2022,20221026,CUS02136,8,EMP0140,Credit Card,Returned,674,340
ORD0007462,10/26/2022,20221026,CUS00561,5,EMP0102,Credit Card,Completed,135,70
ORD0003467,10/26/2022,20221026,CUS01640,5,EMP0112,InstaPay,Completed,280,140
ORD0009477,10/26/2022,20221026,CUS00076,2,EMP0030,Vodafone Cash,Completed,1560,800
ORD0004588,10/26/2022,20221026,CUS02793,9,EMP0150,Cash,Completed,1376,840
ORD0010225,10/26/2022,20221026,CUS02189,4,EMP0087,InstaPay,Returned,130,60
ORD0005210,10/26/2022,20221026,CUS01868,2,EMP0047,Credit Card,Completed,999,530
ORD0008215,10/26/2022,20221026,CUS02205,11,EMP0167,Cash,Completed,560,280
ORD0000973,10/26/2022,20221026,CUS01693,3,EMP0065,Fawry,Completed,210,140
ORD0009810,10/27/2022,20221027,CUS01716,6,EMP0119,Vodafone Cash,Completed,55670,44480
ORD0005624,10/27/2022,20221027,CUS02258,12,EMP0180,Fawry,Completed,646,320
ORD0002190,10/28/2022,20221028,CUS02626,3,EMP0064,Vodafone Cash,Completed,375,190
ORD0008288,10/28/2022,20221028,CUS01637,3,EMP0071,Debit Card,Completed,2254,1170
ORD0009636,10/28/2022,20221028,CUS01860,2,EMP0041,Vodafone Cash,Completed,247,120
ORD0003440,10/28/2022,20221028,CUS02614,5,No_Employee_id,Cash,Cancelled,234,130
ORD0003290,10/28/2022,20221028,CUS00714,4,EMP0094,Credit Card,Completed,2173,1100
ORD0008904,10/28/2022,20221028,CUS00637,4,EMP0081,InstaPay,Completed,1143,590
ORD0009019,10/28/2022,20221028,CUS02616,2,EMP0046,Cash,Completed,2496,1290
ORD0005744,10/28/2022,20221028,CUS00258,1,EMP0005,Credit Card,Completed,2818.5,1470
ORD0007543,10/28/2022,20221028,CUS02997,9,EMP0151,Credit Card,Returned,1672.5,870
ORD0004055,10/28/2022,20221028,CUS01296,5,EMP0110,Credit Card,Completed,2952,1600
ORD0000443,10/28/2022,20221028,CUS02709,2,EMP0044,Debit Card,Completed,360,170
ORD0003690,10/29/2022,20221029,CUS00811,1,EMP0001,Credit Card,Completed,1434,810
ORD0011176,10/29/2022,20221029,CUS02473,12,EMP0180,Fawry,Cancelled,1752,990
ORD0004168,10/29/2022,20221029,CUS00877,4,EMP0088,Debit Card,Returned,1476.5,810
ORD0003370,10/29/2022,20221029,CUS01209,11,No_Employee_id,Fawry,Completed,2800,1400
ORD0001278,10/29/2022,20221029,CUS00733,3,No_Employee_id,Cash,Completed,1870,1730
ORD0000320,10/29/2022,20221029,CUS00084,10,EMP0153,Credit Card,Completed,1852,1000
ORD0001805,10/29/2022,20221029,CUS01842,11,EMP0173,Credit Card,Completed,340,200
ORD0003477,10/29/2022,20221029,CUS00939,5,EMP0103,InstaPay,Completed,715.5,460
ORD0010144,10/29/2022,20221029,CUS01084,1,EMP0007,Credit Card,Completed,112,60
ORD0003200,10/29/2022,20221029,CUS00223,1,EMP0015,Fawry,Completed,960,460
ORD0007452,10/29/2022,20221029,CUS01313,14,EMP0196,Credit Card,Completed,1329,640
ORD0002757,10/30/2022,20221030,CUS00357,7,EMP0130,Credit Card,Completed,1580,840
ORD0011106,10/30/2022,20221030,CUS02682,3,EMP0064,Fawry,Returned,18575,15420
ORD0003708,10/30/2022,20221030,CUS02969,5,EMP0107,Fawry,Completed,399.5,230
ORD0003749,10/30/2022,20221030,CUS01547,15,EMP0204,Fawry,Completed,16851.5,13210
ORD0010669,10/30/2022,20221030,CUS00148,13,EMP0190,InstaPay,Completed,165,110
ORD0004854,10/30/2022,20221030,CUS01613,3,EMP0060,Vodafone Cash,Completed,676,360
ORD0011988,10/30/2022,20221030,CUS01515,10,EMP0153,Debit Card,Completed,5310,4700
ORD0010933,10/30/2022,20221030,CUS01511,1,EMP0004,Cash,Completed,1425,740
ORD0003508,10/30/2022,20221030,CUS02907,13,No_Employee_id,InstaPay,Completed,3582,2190
ORD0002481,10/30/2022,20221030,CUS00915,11,EMP0167,Debit Card,Completed,4824,2390
ORD0007705,10/30/2022,20221030,CUS00564,1,EMP0024,Debit Card,Completed,720,460
ORD0007880,10/30/2022,20221030,CUS00333,14,EMP0201,Cash,Completed,160,90
ORD0004206,10/31/2022,20221031,CUS00858,2,EMP0050,Credit Card,Returned,39450,32390
ORD0001226,10/31/2022,20221031,CUS02357,9,EMP0145,Vodafone Cash,Completed,420,230
ORD0008173,10/31/2022,20221031,CUS02251,14,EMP0194,Fawry,Completed,15820,14920
ORD0011447,10/31/2022,20221031,CUS00945,13,EMP0185,Debit Card,Completed,3128.5,1590
ORD0003174,10/31/2022,20221031,CUS00787,11,EMP0171,InstaPay,Completed,36080,35840
ORD0001062,10/31/2022,20221031,CUS02826,2,EMP0049,Debit Card,Completed,24990,23600
ORD0001394,10/31/2022,20221031,CUS01871,1,EMP0001,Cash,Completed,314.5,180
ORD0006973,10/31/2022,20221031,CUS00839,14,EMP0200,Credit Card,Completed,2208,1620
ORD0011045,10/31/2022,20221031,CUS00394,2,EMP0054,Credit Card,Completed,8060,6630
ORD0000915,10/31/2022,20221031,CUS00853,14,EMP0202,Debit Card,Cancelled,29800,23800
ORD0005456,11/1/2022,20221101,CUS00238,2,EMP0038,Vodafone Cash,Completed,1992,1090
ORD0011641,11/1/2022,20221101,CUS01159,5,EMP0107,Credit Card,Completed,1903,950
ORD0000189,11/1/2022,20221101,CUS02177,11,EMP0165,Credit Card,Returned,2305.5,1160
ORD0003670,11/1/2022,20221101,CUS02354,1,EMP0020,InstaPay,Completed,1816,990
ORD0004694,11/1/2022,20221101,CUS01619,6,EMP0118,Credit Card,Completed,1160,560
ORD0000737,11/1/2022,20221101,CUS00178,7,EMP0136,Debit Card,Completed,2022,1060
ORD0006456,11/1/2022,20221101,CUS01789,2,EMP0041,Vodafone Cash,Completed,2520,2140
ORD0001769,11/1/2022,20221101,CUS02161,8,EMP0140,InstaPay,Completed,865.5,430
ORD0003400,11/1/2022,20221101,CUS00273,12,EMP0178,Debit Card,Cancelled,230,110
ORD0009817,11/1/2022,20221101,CUS01545,11,EMP0169,Debit Card,Completed,1000,480
ORD0001749,11/2/2022,20221102,CUS02135,4,EMP0080,Fawry,Completed,2157,1110
ORD0003884,11/2/2022,20221102,CUS02908,4,EMP0087,Cash,Completed,300,140
ORD0001750,11/2/2022,20221102,CUS02205,11,EMP0171,InstaPay,Completed,1475,780
ORD0011545,11/2/2022,20221102,CUS01218,4,EMP0081,Fawry,Completed,484.5,250
ORD0005840,11/2/2022,20221102,CUS02814,1,No_Employee_id,Debit Card,Completed,8335,8410
ORD0000351,11/2/2022,20221102,CUS01443,2,EMP0053,Credit Card,Completed,6380,5250
ORD0011290,11/2/2022,20221102,CUS01474,2,EMP0036,Debit Card,Completed,2389,1760
ORD0010111,11/2/2022,20221102,CUS01771,2,EMP0049,Credit Card,Completed,480,240
ORD0000803,11/2/2022,20221102,CUS02390,11,EMP0165,Debit Card,Completed,25080,21000
ORD0010609,11/2/2022,20221102,CUS02483,2,EMP0049,Debit Card,Cancelled,342,170
ORD0008935,11/2/2022,20221102,CUS01086,4,EMP0091,Vodafone Cash,Returned,48136,51070
ORD0007823,11/2/2022,20221102,CUS00187,14,EMP0202,Debit Card,Completed,631,350
ORD0011494,11/2/2022,20221102,CUS01032,1,EMP0028,Credit Card,Returned,540,330
ORD0005644,11/2/2022,20221102,CUS02200,2,EMP0032,Debit Card,Completed,540,360
ORD0004950,11/2/2022,20221102,CUS02107,3,EMP0064,Credit Card,Completed,1629.5,950
ORD0006652,11/3/2022,20221103,CUS02320,2,EMP0048,Vodafone Cash,Completed,969.5,550
ORD0002758,11/3/2022,20221103,CUS00861,4,EMP0087,Debit Card,Completed,53274.5,47380
ORD0000839,11/3/2022,20221103,CUS00138,14,EMP0195,Cash,Completed,13821,10930
ORD0002131,11/3/2022,20221103,CUS01818,6,EMP0120,Cash,Completed,1563,840
ORD0002034,11/3/2022,20221103,CUS00645,6,EMP0115,Vodafone Cash,Completed,440,220
ORD0008770,11/3/2022,20221103,CUS01782,1,EMP0013,Fawry,Completed,847.5,440
ORD0003699,11/3/2022,20221103,CUS01977,11,EMP0170,Fawry,Completed,1440,690
ORD0004191,11/3/2022,20221103,CUS00568,6,No_Employee_id,Credit Card,Completed,1060,570
ORD0004980,11/3/2022,20221103,CUS01204,8,EMP0139,Debit Card,Completed,240,110
ORD0009963,11/3/2022,20221103,CUS01212,11,EMP0169,Cash,Completed,1520,840
ORD0010841,11/3/2022,20221103,CUS01865,1,EMP0007,Fawry,Completed,1045,530
ORD0007949,11/4/2022,20221104,CUS00869,2,EMP0045,Vodafone Cash,Completed,450,280
ORD0006917,11/4/2022,20221104,CUS02665,1,EMP0006,Vodafone Cash,Completed,1586,810
ORD0007027,11/4/2022,20221104,CUS01291,13,EMP0190,Credit Card,Completed,3170,1560
ORD0002434,11/4/2022,20221104,CUS02100,1,EMP0023,InstaPay,Completed,2448,1410
ORD0006702,11/4/2022,20221104,CUS02172,2,EMP0045,Cash,Completed,800,380
ORD0009606,11/4/2022,20221104,CUS00922,4,EMP0094,Debit Card,Completed,2130,1070
ORD0006949,11/4/2022,20221104,CUS02996,5,EMP0095,InstaPay,Completed,396,180
ORD0007651,11/4/2022,20221104,CUS02387,14,No_Employee_id,Cash,Completed,412.5,220
ORD0002396,11/4/2022,20221104,CUS00663,3,EMP0067,Fawry,Completed,805,410
ORD0009685,11/4/2022,20221104,CUS01121,5,EMP0108,Cash,Completed,769.5,390
ORD0005014,11/5/2022,20221105,CUS01034,2,EMP0053,Vodafone Cash,Completed,1680,820
ORD0007362,11/5/2022,20221105,CUS00267,12,EMP0176,Credit Card,Completed,680,390
ORD0000535,11/5/2022,20221105,CUS02869,2,EMP0031,Debit Card,Completed,2190,1070
ORD0005024,11/5/2022,20221105,CUS01741,4,EMP0083,Cash,Completed,2668,2220
ORD0011846,11/5/2022,20221105,CUS00496,10,EMP0158,Fawry,Completed,85.5,40
ORD0010803,11/5/2022,20221105,CUS00113,14,EMP0197,Credit Card,Returned,250,120
ORD0004523,11/5/2022,20221105,CUS01248,6,EMP0120,Cash,Completed,1320,730
ORD0001474,11/5/2022,20221105,CUS01615,3,EMP0069,Debit Card,Completed,22160,19500
ORD0009201,11/5/2022,20221105,CUS01518,3,EMP0069,Debit Card,Completed,409.5,210
ORD0003583,11/5/2022,20221105,CUS00275,9,EMP0149,Fawry,Completed,701,380
ORD0005836,11/5/2022,20221105,CUS02254,1,EMP0004,InstaPay,Cancelled,504,290
ORD0003560,11/5/2022,20221105,CUS00540,14,EMP0197,Debit Card,Completed,432,220
ORD0003874,11/6/2022,20221106,CUS00101,3,EMP0065,Credit Card,Completed,720,360
ORD0002580,11/6/2022,20221106,CUS00137,4,EMP0083,Vodafone Cash,Returned,2160,2100
ORD0003862,11/6/2022,20221106,CUS01775,13,EMP0191,Debit Card,Completed,270,130
ORD0010068,11/6/2022,20221106,CUS02787,6,EMP0125,Cash,Completed,2680.5,1940
ORD0007379,11/6/2022,20221106,CUS01557,11,EMP0165,Vodafone Cash,Completed,567,310
ORD0008053,11/6/2022,20221106,CUS02515,7,EMP0128,Credit Card,Completed,472,290
ORD0010738,11/7/2022,20221107,CUS00033,11,EMP0164,Credit Card,Cancelled,1604.5,870
ORD0011267,11/7/2022,20221107,CUS01919,14,No_Employee_id,InstaPay,Completed,1624,860
ORD0005037,11/7/2022,20221107,CUS00886,3,EMP0069,Credit Card,Completed,770,380
ORD0007164,11/7/2022,20221107,CUS01598,4,EMP0086,InstaPay,Completed,1401,770
ORD0001639,11/7/2022,20221107,CUS01189,10,EMP0154,Debit Card,Completed,701,360
ORD0009555,11/7/2022,20221107,CUS00663,6,EMP0113,InstaPay,Cancelled,1355,690
ORD0010269,11/7/2022,20221107,CUS00026,14,EMP0202,Fawry,Completed,1033,530
ORD0010642,11/7/2022,20221107,CUS00489,5,EMP0108,Vodafone Cash,Completed,266,140
ORD0007274,11/7/2022,20221107,CUS00860,1,EMP0017,Credit Card,Returned,911,470
ORD0009185,11/7/2022,20221107,CUS00052,1,EMP0015,Fawry,Completed,270,130
ORD0003896,11/7/2022,20221107,CUS01268,13,EMP0186,Debit Card,Completed,1382,690
ORD0000251,11/7/2022,20221107,CUS02826,5,EMP0107,Credit Card,Returned,5357.5,3010
ORD0004064,11/7/2022,20221107,CUS01195,10,EMP0161,Debit Card,Completed,127.5,70
ORD0006671,11/7/2022,20221107,CUS02580,4,EMP0091,Fawry,Completed,378,210
ORD0011556,11/7/2022,20221107,CUS01507,4,EMP0084,InstaPay,Completed,3342,1910
ORD0003234,11/7/2022,20221107,CUS02322,2,EMP0053,Debit Card,Completed,152,80
ORD0001148,11/8/2022,20221108,CUS00847,4,EMP0088,InstaPay,Completed,3240,1600
ORD0000894,11/8/2022,20221108,CUS00506,4,EMP0084,Credit Card,Completed,648,360
ORD0005529,11/8/2022,20221108,CUS01918,8,EMP0138,Cash,Completed,1770,870
ORD0007332,11/8/2022,20221108,CUS01889,6,EMP0116,Debit Card,Completed,950,480
ORD0008036,11/8/2022,20221108,CUS00417,14,EMP0195,Fawry,Completed,551,290
ORD0002837,11/8/2022,20221108,CUS00540,12,EMP0179,Debit Card,Completed,1236,690
ORD0000679,11/8/2022,20221108,CUS02980,11,EMP0171,Cash,Completed,7511,5570
ORD0001213,11/8/2022,20221108,CUS02278,5,EMP0098,Fawry,Returned,880,430
ORD0006130,11/8/2022,20221108,CUS01252,14,EMP0197,Cash,Completed,22531,21220
ORD0008562,11/8/2022,20221108,CUS00338,2,EMP0046,Credit Card,Completed,1149,580
ORD0008586,11/9/2022,20221109,CUS01105,7,EMP0134,Debit Card,Completed,1390,750
ORD0004782,11/9/2022,20221109,CUS02490,1,EMP0022,Vodafone Cash,Completed,585,300
ORD0009311,11/9/2022,20221109,CUS00362,6,EMP0120,Cash,Completed,2058,1090
ORD0000578,11/9/2022,20221109,CUS01818,5,EMP0101,Fawry,Completed,427.5,210
ORD0006677,11/9/2022,20221109,CUS01713,14,EMP0198,Vodafone Cash,Completed,304,140
ORD0010634,11/9/2022,20221109,CUS01736,7,EMP0129,Debit Card,Returned,238,140
ORD0008938,11/9/2022,20221109,CUS00552,4,EMP0086,Debit Card,Completed,12415,9630
ORD0002785,11/9/2022,20221109,CUS01748,1,EMP0027,Fawry,Completed,4014.5,2110
ORD0001636,11/10/2022,20221110,CUS01050,14,EMP0198,Credit Card,Completed,883.5,450
ORD0003866,11/10/2022,20221110,CUS02370,3,EMP0078,Fawry,Completed,698,360
ORD0002282,11/10/2022,20221110,CUS01326,5,EMP0103,Vodafone Cash,Completed,1138,560
ORD0001840,11/10/2022,20221110,CUS01502,3,No_Employee_id,Vodafone Cash,Completed,2052.5,1090
ORD0004726,11/10/2022,20221110,CUS01947,2,EMP0043,Credit Card,Completed,210,100
ORD0006082,11/10/2022,20221110,CUS02516,4,EMP0089,Cash,Completed,600,280
ORD0002509,11/10/2022,20221110,CUS01812,2,EMP0054,Credit Card,Completed,1101,590
ORD0006089,11/10/2022,20221110,CUS01350,2,EMP0029,Debit Card,Returned,850,500
ORD0005353,11/10/2022,20221110,CUS01830,12,EMP0180,Vodafone Cash,Returned,11824,10440
ORD0010112,11/10/2022,20221110,CUS01431,5,EMP0096,Credit Card,Returned,17160,14080
ORD0008107,11/10/2022,20221110,CUS00453,10,EMP0162,InstaPay,Completed,31680,31500
ORD0011881,11/10/2022,20221110,CUS00574,11,EMP0167,Vodafone Cash,Returned,199.5,100
ORD0007228,11/11/2022,20221111,CUS00907,10,EMP0160,InstaPay,Completed,1143,590
ORD0008806,11/11/2022,20221111,CUS02606,1,EMP0004,Credit Card,Completed,10863,9530
ORD0005066,11/11/2022,20221111,CUS01664,1,EMP0008,Vodafone Cash,Completed,2135,1070
ORD0002916,11/11/2022,20221111,CUS01990,1,EMP0025,Credit Card,Completed,13200,9520
ORD0010766,11/11/2022,20221111,CUS02232,5,EMP0107,Vodafone Cash,Completed,1111,530
ORD0006976,11/11/2022,20221111,CUS00386,2,EMP0032,Fawry,Cancelled,1555,760
ORD0004368,11/11/2022,20221111,CUS02506,6,EMP0116,Debit Card,Completed,1738.5,900
ORD0005762,11/11/2022,20221111,CUS00795,7,EMP0130,Credit Card,Completed,1090,620
ORD0001034,11/11/2022,20221111,CUS00447,15,EMP0205,Debit Card,Completed,4473,3080
ORD0010798,11/11/2022,20221111,CUS00271,6,EMP0122,Cash,Completed,117,60
ORD0010555,11/12/2022,20221112,CUS02683,11,EMP0169,Cash,Completed,1718,880
ORD0010560,11/12/2022,20221112,CUS01542,5,EMP0098,InstaPay,Completed,2303,1160
ORD0009879,11/12/2022,20221112,CUS00062,5,EMP0098,Fawry,Completed,400,180
ORD0002255,11/12/2022,20221112,CUS01251,12,EMP0180,Cash,Completed,320,140
ORD0002722,11/12/2022,20221112,CUS02270,4,EMP0087,Fawry,Completed,12594,10490
ORD0005905,11/12/2022,20221112,CUS00547,6,EMP0122,Debit Card,Completed,80,40
ORD0009043,11/12/2022,20221112,CUS01548,12,EMP0183,Credit Card,Cancelled,906,520
ORD0000349,11/12/2022,20221112,CUS00842,3,EMP0070,Fawry,Returned,1095,550
ORD0004810,11/12/2022,20221112,CUS02710,1,EMP0009,Cash,Completed,5061.5,2480
ORD0007103,11/12/2022,20221112,CUS00842,15,EMP0205,Debit Card,Completed,2800,1390
ORD0000589,11/12/2022,20221112,CUS01777,1,EMP0026,Fawry,Completed,2232.5,1130
ORD0009348,11/12/2022,20221112,CUS00255,10,EMP0158,Cash,Completed,838,470
ORD0000009,11/12/2022,20221112,CUS02042,8,EMP0143,Credit Card,Completed,1840,990
ORD0011711,11/13/2022,20221113,CUS02401,4,EMP0086,Cash,Completed,687.5,370
ORD0007182,11/13/2022,20221113,CUS02845,4,EMP0081,Debit Card,Completed,13270,12970
ORD0002596,11/13/2022,20221113,CUS02028,5,EMP0099,Fawry,Completed,3122,1730
ORD0010218,11/13/2022,20221113,CUS01921,7,EMP0135,Vodafone Cash,Completed,523,270
ORD0010509,11/13/2022,20221113,CUS00704,3,EMP0059,Vodafone Cash,Completed,374,220
ORD0001376,11/13/2022,20221113,CUS00344,5,EMP0111,InstaPay,Returned,3040,1560
ORD0001544,11/14/2022,20221114,CUS02313,3,EMP0061,Vodafone Cash,Completed,190,100
ORD0003736,11/14/2022,20221114,CUS01302,6,No_Employee_id,Cash,Completed,1430.5,770
ORD0005447,11/14/2022,20221114,CUS02449,6,EMP0125,InstaPay,Completed,1272,740
ORD0004516,11/14/2022,20221114,CUS02992,11,EMP0165,Fawry,Completed,333,180
ORD0004538,11/14/2022,20221114,CUS02716,3,EMP0063,Credit Card,Completed,360,160
ORD0007760,11/14/2022,20221114,CUS02389,8,EMP0140,Cash,Completed,150,70
ORD0003303,11/14/2022,20221114,CUS02288,5,EMP0098,InstaPay,Completed,1770,850
ORD0002780,11/15/2022,20221115,CUS00892,2,EMP0037,InstaPay,Returned,280,170
ORD0003871,11/15/2022,20221115,CUS00647,5,EMP0112,Cash,Completed,72,40
ORD0001887,11/15/2022,20221115,CUS02531,3,EMP0071,Vodafone Cash,Completed,390,190
ORD0006240,11/15/2022,20221115,CUS01776,8,EMP0141,Credit Card,Completed,570,280
ORD0007413,11/15/2022,20221115,CUS00785,2,EMP0035,Credit Card,Completed,13770,10770
ORD0003141,11/15/2022,20221115,CUS02192,4,EMP0084,InstaPay,Completed,12267.5,9410
ORD0005559,11/15/2022,20221115,CUS02537,10,EMP0163,Cash,Completed,1180.5,580
ORD0002552,11/15/2022,20221115,CUS01410,3,EMP0078,InstaPay,Completed,85.5,40
ORD0002782,11/15/2022,20221115,CUS01419,4,EMP0094,InstaPay,Completed,285,140
ORD0002636,11/15/2022,20221115,CUS00907,1,EMP0012,Credit Card,Completed,1368,690
ORD0007347,11/15/2022,20221115,CUS01403,5,EMP0112,InstaPay,Completed,14855,12290
ORD0003610,11/15/2022,20221115,CUS02985,3,EMP0077,Credit Card,Completed,232,140
ORD0003775,11/15/2022,20221115,CUS02269,4,EMP0079,Cash,Completed,6836,5180
ORD0007034,11/15/2022,20221115,CUS01818,13,EMP0193,Fawry,Completed,666,360
ORD0010500,11/16/2022,20221116,CUS01019,8,EMP0144,Fawry,Returned,300,200
ORD0002559,11/16/2022,20221116,CUS02916,3,EMP0056,Credit Card,Completed,229.5,130
ORD0008748,11/16/2022,20221116,CUS02313,1,EMP0015,InstaPay,Completed,711,350
ORD0003868,11/16/2022,20221116,CUS01467,2,EMP0047,Fawry,Completed,444,230
ORD0010087,11/16/2022,20221116,CUS00717,3,EMP0062,Cash,Completed,320,140
ORD0002332,11/16/2022,20221116,CUS02349,3,EMP0068,Debit Card,Completed,260,120
ORD0009989,11/16/2022,20221116,CUS01935,4,EMP0085,Debit Card,Completed,2070,1040
ORD0011242,11/16/2022,20221116,CUS00224,12,EMP0183,Debit Card,Completed,5047,4160
ORD0009577,11/16/2022,20221116,CUS01804,1,EMP0025,Fawry,Completed,3040,1600
ORD0000619,11/16/2022,20221116,CUS02655,11,EMP0164,Credit Card,Completed,460,220
ORD0002095,11/16/2022,20221116,CUS00890,1,EMP0024,Debit Card,Returned,550,260
ORD0010340,11/16/2022,20221116,CUS02890,3,No_Employee_id,Debit Card,Completed,26360,24470
ORD0010643,11/16/2022,20221116,CUS02059,7,EMP0130,Debit Card,Completed,7015.5,5220
ORD0003786,11/16/2022,20221116,CUS00023,12,EMP0177,Vodafone Cash,Completed,3623,1800
ORD0007207,11/17/2022,20221117,CUS02890,10,EMP0163,Debit Card,Completed,411.5,210
ORD0009230,11/17/2022,20221117,CUS01249,3,EMP0070,Vodafone Cash,Returned,890,440
ORD0001594,11/17/2022,20221117,CUS02728,3,EMP0073,Cash,Returned,807,390
ORD0007261,11/17/2022,20221117,CUS00825,8,EMP0137,Debit Card,Completed,1710,970
ORD0011637,11/17/2022,20221117,CUS00689,3,EMP0066,Vodafone Cash,Completed,24610,23500
ORD0002425,11/17/2022,20221117,CUS01784,4,EMP0090,Vodafone Cash,Completed,333,180
ORD0000235,11/17/2022,20221117,CUS02396,4,EMP0090,Debit Card,Completed,15050.5,13060
ORD0000065,11/17/2022,20221117,CUS00864,7,EMP0131,Credit Card,Completed,279,150
ORD0011957,11/17/2022,20221117,CUS02096,12,No_Employee_id,Credit Card,Completed,5250,5600
ORD0001333,11/17/2022,20221117,CUS00176,4,EMP0079,Fawry,Completed,425,240
ORD0008573,11/17/2022,20221117,CUS01605,1,No_Employee_id,Fawry,Completed,1430,740
ORD0006517,11/17/2022,20221117,CUS01247,4,EMP0087,Debit Card,Completed,4155,2290
ORD0008840,11/18/2022,20221118,CUS01469,2,EMP0044,InstaPay,Completed,556,280
ORD0001238,11/18/2022,20221118,CUS01610,10,EMP0154,Cash,Completed,31929,26540
ORD0005506,11/18/2022,20221118,CUS01209,9,EMP0146,Vodafone Cash,Completed,408,190
ORD0003439,11/18/2022,20221118,CUS01698,1,No_Employee_id,Vodafone Cash,Completed,570,270
ORD0004680,11/18/2022,20221118,CUS02071,1,EMP0021,Cash,Completed,1635,800
ORD0005460,11/18/2022,20221118,CUS02545,3,EMP0072,Vodafone Cash,Completed,1485,780
ORD0008273,11/18/2022,20221118,CUS02741,6,EMP0125,Cash,Returned,2712,1340
ORD0001165,11/18/2022,20221118,CUS00471,6,EMP0125,Vodafone Cash,Completed,953.5,490
ORD0008275,11/18/2022,20221118,CUS02349,2,EMP0034,Vodafone Cash,Completed,14396,15120
ORD0003223,11/18/2022,20221118,CUS00874,2,EMP0045,Credit Card,Completed,15560,12220
ORD0005182,11/18/2022,20221118,CUS00837,2,No_Employee_id,Fawry,Completed,480,210
ORD0000022,11/18/2022,20221118,CUS02514,4,EMP0087,Debit Card,Completed,552,280
ORD0003879,11/18/2022,20221118,CUS01288,10,EMP0160,Cash,Completed,6000,4800
ORD0011945,11/18/2022,20221118,CUS02569,1,EMP0025,Debit Card,Completed,1316,670
ORD0000670,11/18/2022,20221118,CUS01063,4,No_Employee_id,Debit Card,Completed,32416.5,32170
ORD0003809,11/19/2022,20221119,CUS00972,3,EMP0055,InstaPay,Completed,1161,630
ORD0009175,11/19/2022,20221119,CUS00138,7,EMP0132,InstaPay,Completed,1480,680
ORD0001124,11/19/2022,20221119,CUS01536,13,EMP0185,Credit Card,Cancelled,703,360
ORD0005917,11/19/2022,20221119,CUS02308,5,EMP0098,Cash,Completed,800,600
ORD0000140,11/19/2022,20221119,CUS02371,1,EMP0020,Cash,Returned,212.5,120
ORD0009979,11/19/2022,20221119,CUS01108,2,EMP0029,Credit Card,Completed,528,350
ORD0008146,11/19/2022,20221119,CUS01850,7,EMP0132,Fawry,Completed,399.5,230
ORD0004237,11/19/2022,20221119,CUS00309,6,EMP0121,Debit Card,Completed,150,70
ORD0003546,11/20/2022,20221120,CUS02706,1,EMP0018,Cash,Returned,7087,5350
ORD0004721,11/20/2022,20221120,CUS02026,5,EMP0106,Vodafone Cash,Completed,640,280
ORD0009629,11/20/2022,20221120,CUS02405,6,EMP0126,Credit Card,Completed,280,120
ORD0003867,11/20/2022,20221120,CUS02573,4,EMP0082,Debit Card,Returned,520,260
ORD0007500,11/20/2022,20221120,CUS02429,1,EMP0018,Cash,Completed,868,440
ORD0009494,11/20/2022,20221120,CUS02993,1,EMP0009,InstaPay,Completed,1116,600
ORD0005216,11/20/2022,20221120,CUS02582,5,EMP0099,Debit Card,Completed,1312,670
ORD0003913,11/20/2022,20221120,CUS00927,2,EMP0042,InstaPay,Completed,636,350
ORD0009743,11/21/2022,20221121,CUS02022,5,EMP0111,Vodafone Cash,Completed,1450.5,760
ORD0005137,11/21/2022,20221121,CUS00191,4,EMP0092,Fawry,Completed,12800,10300
ORD0011632,11/21/2022,20221121,CUS02483,10,No_Employee_id,Credit Card,Completed,1686,890
ORD0006405,11/21/2022,20221121,CUS01410,2,EMP0048,Fawry,Completed,625.5,360
ORD0005983,11/21/2022,20221121,CUS02568,7,EMP0132,Cash,Completed,1782,880
ORD0005949,11/21/2022,20221121,CUS01714,2,EMP0046,InstaPay,Completed,198,100
ORD0010840,11/21/2022,20221121,CUS00636,9,EMP0147,Fawry,Returned,495,270
ORD0005890,11/21/2022,20221121,CUS01071,1,EMP0025,Fawry,Returned,1880,920
ORD0000250,11/21/2022,20221121,CUS02924,7,No_Employee_id,Cash,Completed,720,360
ORD0005218,11/21/2022,20221121,CUS02969,3,EMP0072,Cash,Completed,2746,1670
ORD0005307,11/21/2022,20221121,CUS02858,2,EMP0042,Cash,Completed,261,140
ORD0009848,11/21/2022,20221121,CUS02614,12,EMP0180,Credit Card,Completed,1438,1120
ORD0007488,11/22/2022,20221122,CUS00748,14,EMP0197,Fawry,Completed,830,430
ORD0001856,11/22/2022,20221122,CUS02379,2,EMP0050,Debit Card,Returned,140,60
ORD0009074,11/22/2022,20221122,CUS00833,14,EMP0194,Cash,Completed,765,420
ORD0003452,11/22/2022,20221122,CUS01200,15,EMP0208,Debit Card,Completed,323,160
ORD0007035,11/22/2022,20221122,CUS00211,7,EMP0134,InstaPay,Completed,442,260
ORD0001571,11/22/2022,20221122,CUS01279,5,EMP0097,Vodafone Cash,Completed,250,120
ORD0000665,11/23/2022,20221123,CUS01867,5,EMP0100,Fawry,Completed,324,170
ORD0005746,11/23/2022,20221123,CUS02609,5,EMP0097,Vodafone Cash,Completed,684,360
ORD0003622,11/23/2022,20221123,CUS02042,4,EMP0087,Fawry,Cancelled,16600,13300
ORD0001042,11/23/2022,20221123,CUS02137,3,EMP0062,InstaPay,Completed,648,340
ORD0004081,11/23/2022,20221123,CUS01088,3,EMP0058,Debit Card,Completed,3144,1580
ORD0011397,11/23/2022,20221123,CUS01075,13,EMP0190,InstaPay,Completed,12127,10620
ORD0001066,11/23/2022,20221123,CUS02006,1,EMP0002,Vodafone Cash,Completed,800,700
ORD0011824,11/23/2022,20221123,CUS01007,3,EMP0058,InstaPay,Completed,930,450
ORD0003818,11/23/2022,20221123,CUS00866,14,EMP0194,Vodafone Cash,Returned,1600,800
ORD0005597,11/23/2022,20221123,CUS00906,5,EMP0107,Cash,Completed,1500,1200
ORD0008384,11/23/2022,20221123,CUS00648,8,EMP0138,Fawry,Completed,128,70
ORD0007747,11/23/2022,20221123,CUS00451,12,EMP0183,Vodafone Cash,Completed,2260,1720
ORD0009852,11/23/2022,20221123,CUS02886,4,EMP0094,Debit Card,Completed,1908,1010
ORD0010709,11/23/2022,20221123,CUS01561,15,EMP0205,Vodafone Cash,Completed,362.5,170
ORD0003416,11/24/2022,20221124,CUS02775,4,EMP0094,Debit Card,Cancelled,12982,10860
ORD0008202,11/24/2022,20221124,CUS01088,4,EMP0082,Credit Card,Completed,424,230
ORD0009751,11/24/2022,20221124,CUS02506,1,EMP0019,InstaPay,Completed,6604,5140
ORD0001424,11/24/2022,20221124,CUS02500,9,EMP0145,Cash,Completed,1383,770
ORD0008418,11/24/2022,20221124,CUS00757,3,EMP0063,Debit Card,Completed,912,460
ORD0007199,11/24/2022,20221124,CUS01380,2,EMP0045,Credit Card,Completed,8757,8460
ORD0002925,11/24/2022,20221124,CUS01377,2,EMP0037,Credit Card,Completed,37954.5,30100
ORD0009987,11/25/2022,20221125,CUS01089,14,EMP0201,Credit Card,Completed,390,180
ORD0004518,11/25/2022,20221125,CUS02343,2,EMP0048,InstaPay,Completed,133,70
ORD0011703,11/25/2022,20221125,CUS02452,5,EMP0104,Vodafone Cash,Returned,318.5,160
ORD0004766,11/25/2022,20221125,CUS01824,7,EMP0133,Fawry,Completed,523,270
ORD0010611,11/25/2022,20221125,CUS01230,6,EMP0123,Vodafone Cash,Completed,10520,8790
ORD0005848,11/25/2022,20221125,CUS01125,7,EMP0131,InstaPay,Completed,13240,10520
ORD0005078,11/25/2022,20221125,CUS01459,6,EMP0117,InstaPay,Completed,1314,720
ORD0003209,11/25/2022,20221125,CUS01938,4,EMP0086,Cash,Returned,1412,710
ORD0008339,11/25/2022,20221125,CUS01161,12,EMP0184,Debit Card,Completed,674,360
ORD0007673,11/26/2022,20221126,CUS02275,2,EMP0048,Cash,Completed,285,140
ORD0004861,11/26/2022,20221126,CUS01760,1,EMP0022,InstaPay,Completed,180,80
ORD0006059,11/26/2022,20221126,CUS01225,2,EMP0035,Credit Card,Cancelled,2171,1120
ORD0009466,11/26/2022,20221126,CUS00376,2,EMP0051,Debit Card,Completed,234,130
ORD0011090,11/26/2022,20221126,CUS01278,5,EMP0104,InstaPay,Completed,1148,580
ORD0004479,11/26/2022,20221126,CUS00342,12,EMP0181,Credit Card,Completed,1351.5,780
ORD0007733,11/26/2022,20221126,CUS01830,10,EMP0157,Vodafone Cash,Completed,266,140
ORD0003936,11/27/2022,20221127,CUS00178,4,EMP0091,Vodafone Cash,Completed,190,90
ORD0008213,11/27/2022,20221127,CUS02817,7,EMP0129,Fawry,Completed,1644.5,860
ORD0009844,11/27/2022,20221127,CUS02059,2,EMP0052,InstaPay,Completed,2088,1120
ORD0011439,11/27/2022,20221127,CUS01694,7,EMP0136,Credit Card,Cancelled,983,490
ORD0001328,11/27/2022,20221127,CUS01239,15,EMP0210,Credit Card,Completed,1532,780
ORD0008668,11/27/2022,20221127,CUS00989,11,No_Employee_id,Fawry,Completed,384,210
ORD0011638,11/27/2022,20221127,CUS00539,4,EMP0080,Debit Card,Completed,285,140
ORD0005219,11/27/2022,20221127,CUS00849,3,EMP0074,Credit Card,Returned,1752,940
ORD0008790,11/27/2022,20221127,CUS02627,7,EMP0127,Cash,Completed,17575,14800
ORD0001200,11/28/2022,20221128,CUS01387,6,EMP0125,InstaPay,Completed,918,510
ORD0006570,11/28/2022,20221128,CUS01393,11,EMP0165,Fawry,Completed,9745,8910
ORD0001831,11/28/2022,20221128,CUS02307,11,EMP0169,Cash,Returned,675,360
ORD0010967,11/28/2022,20221128,CUS01874,14,EMP0199,Vodafone Cash,Completed,370,180
ORD0007101,11/28/2022,20221128,CUS02744,15,EMP0207,Vodafone Cash,Completed,76,40
ORD0006582,11/28/2022,20221128,CUS02774,5,EMP0097,Fawry,Completed,2348.5,1190
ORD0007048,11/28/2022,20221128,CUS01762,1,EMP0019,Debit Card,Completed,1852.5,990
ORD0008003,11/28/2022,20221128,CUS02369,6,EMP0117,Credit Card,Completed,3252.5,2230
ORD0002232,11/28/2022,20221128,CUS01114,4,EMP0083,Cash,Completed,1139.5,620
ORD0008379,11/28/2022,20221128,CUS02034,2,EMP0047,InstaPay,Completed,377,210
ORD0000224,11/28/2022,20221128,CUS01519,1,EMP0021,Vodafone Cash,Returned,1306.5,630
ORD0007090,11/29/2022,20221129,CUS00145,2,EMP0034,Fawry,Completed,1402,680
ORD0001300,11/29/2022,20221129,CUS02962,6,EMP0126,Vodafone Cash,Completed,13012,11580
ORD0002054,11/29/2022,20221129,CUS00792,1,EMP0021,Vodafone Cash,Completed,34799,31330
ORD0009718,11/29/2022,20221129,CUS01035,10,EMP0163,Vodafone Cash,Cancelled,1716,900
ORD0011612,11/29/2022,20221129,CUS01125,11,EMP0166,Credit Card,Completed,707,380
ORD0001188,11/29/2022,20221129,CUS02549,6,EMP0113,InstaPay,Completed,1768.5,990
ORD0011357,11/29/2022,20221129,CUS02585,15,EMP0212,Credit Card,Completed,1384.5,670
ORD0000158,11/29/2022,20221129,CUS00952,1,EMP0008,Cash,Completed,978.5,500
ORD0002064,11/30/2022,20221130,CUS00567,3,EMP0067,Debit Card,Completed,12370,9880
ORD0002180,11/30/2022,20221130,CUS00520,13,EMP0186,InstaPay,Completed,570,280
ORD0011694,11/30/2022,20221130,CUS02125,7,EMP0130,Credit Card,Completed,6230,7100
ORD0005861,11/30/2022,20221130,CUS00604,5,EMP0108,InstaPay,Completed,672,350
ORD0003820,11/30/2022,20221130,CUS01321,8,EMP0144,Credit Card,Completed,2783.5,1830
ORD0002885,11/30/2022,20221130,CUS00893,5,EMP0110,Debit Card,Completed,15550.5,12950
ORD0000780,11/30/2022,20221130,CUS02783,13,EMP0188,Fawry,Completed,2303.5,1210
ORD0000712,11/30/2022,20221130,CUS01832,9,EMP0151,Credit Card,Completed,31800,25400
ORD0000161,11/30/2022,20221130,CUS02845,4,EMP0091,Credit Card,Completed,11476,9250
ORD0010221,12/1/2022,20221201,CUS00801,4,No_Employee_id,Fawry,Completed,713,360
ORD0010368,12/1/2022,20221201,CUS00145,12,EMP0183,Vodafone Cash,Completed,471,280
ORD0005346,12/1/2022,20221201,CUS02315,10,EMP0160,Fawry,Completed,527,300
ORD0003462,12/1/2022,20221201,CUS02795,8,EMP0144,Credit Card,Completed,946,490
ORD0005722,12/1/2022,20221201,CUS01647,10,EMP0160,InstaPay,Completed,370,180
ORD0007931,12/1/2022,20221201,CUS01838,12,EMP0184,InstaPay,Completed,5713,4550
ORD0001875,12/1/2022,20221201,CUS02674,3,EMP0071,Credit Card,Completed,15307.5,12490
ORD0007331,12/1/2022,20221201,CUS00920,8,No_Employee_id,Vodafone Cash,Completed,675,350
ORD0006489,12/1/2022,20221201,CUS00251,1,EMP0005,InstaPay,Completed,390,240
ORD0007225,12/1/2022,20221201,CUS01217,1,EMP0025,Cash,Completed,279,150
ORD0000219,12/2/2022,20221202,CUS01388,9,EMP0151,InstaPay,Completed,136,70
ORD0000154,12/2/2022,20221202,CUS02650,4,EMP0094,Cash,Returned,1155.5,630
ORD0005562,12/2/2022,20221202,CUS00729,13,EMP0190,Credit Card,Completed,507.5,250
ORD0002235,12/2/2022,20221202,CUS02428,5,EMP0106,Debit Card,Completed,1202,700
ORD0009383,12/2/2022,20221202,CUS00220,5,EMP0109,Vodafone Cash,Completed,1358,760
ORD0000614,12/2/2022,20221202,CUS00114,11,EMP0167,Vodafone Cash,Completed,787.5,420
ORD0004160,12/3/2022,20221203,CUS01714,6,EMP0113,Debit Card,Completed,1793.5,940
ORD0009882,12/3/2022,20221203,CUS01248,11,EMP0171,Fawry,Completed,776,400
ORD0000361,12/3/2022,20221203,CUS02792,11,EMP0167,Credit Card,Returned,2326.5,1260
ORD0000472,12/3/2022,20221203,CUS02143,10,EMP0156,Fawry,Completed,516,290
ORD0003891,12/3/2022,20221203,CUS02504,4,EMP0090,Cash,Completed,85.5,40
ORD0002731,12/3/2022,20221203,CUS02148,11,EMP0168,InstaPay,Completed,28926,25570
ORD0007589,12/4/2022,20221204,CUS02332,11,EMP0168,Debit Card,Cancelled,612.5,320
ORD0010238,12/4/2022,20221204,CUS02350,8,EMP0137,Credit Card,Completed,365,190
ORD0011308,12/4/2022,20221204,CUS01640,2,EMP0033,Debit Card,Completed,2490,1940
ORD0000281,12/4/2022,20221204,CUS01867,4,EMP0087,Credit Card,Completed,1224,640
ORD0000175,12/4/2022,20221204,CUS01478,1,EMP0003,Fawry,Completed,2761,1780
ORD0002389,12/4/2022,20221204,CUS02885,6,EMP0116,Cash,Completed,517,300
ORD0008387,12/4/2022,20221204,CUS00644,1,EMP0011,Credit Card,Completed,236.5,110
ORD0008498,12/4/2022,20221204,CUS02860,4,EMP0082,Cash,Completed,6038,6010
ORD0009465,12/4/2022,20221204,CUS00153,3,EMP0067,Vodafone Cash,Completed,966,470
ORD0005593,12/4/2022,20221204,CUS00898,4,EMP0092,Credit Card,Completed,640.5,320
ORD0001627,12/4/2022,20221204,CUS02066,3,No_Employee_id,Cash,Completed,778,400
ORD0003748,12/4/2022,20221204,CUS00316,1,EMP0006,InstaPay,Completed,1106,650
ORD0004382,12/4/2022,20221204,CUS00674,2,EMP0054,InstaPay,Completed,917,460
ORD0009100,12/4/2022,20221204,CUS02279,7,EMP0127,InstaPay,Completed,720,380
ORD0003036,12/4/2022,20221204,CUS02250,2,EMP0039,Fawry,Completed,547,280
ORD0005691,12/4/2022,20221204,CUS00518,4,EMP0086,Cash,Completed,15461,13790
ORD0007715,12/4/2022,20221204,CUS00611,15,EMP0208,Fawry,Completed,427.5,220
ORD0006264,12/4/2022,20221204,CUS02095,7,EMP0127,Cash,Completed,2176,1190
ORD0005477,12/5/2022,20221205,CUS01738,1,EMP0026,Fawry,Completed,572,330
ORD0002415,12/5/2022,20221205,CUS02350,1,EMP0027,Vodafone Cash,Completed,630,340
ORD0008381,12/5/2022,20221205,CUS01948,4,No_Employee_id,Vodafone Cash,Completed,90,40
ORD0009059,12/5/2022,20221205,CUS01466,1,EMP0001,Cash,Completed,39720,31570
ORD0010601,12/5/2022,20221205,CUS00713,2,EMP0050,Vodafone Cash,Returned,280,120
ORD0004945,12/5/2022,20221205,CUS02061,3,EMP0055,InstaPay,Completed,1752,1080
ORD0006997,12/6/2022,20221206,CUS00022,13,EMP0191,Debit Card,Completed,653,360
ORD0001281,12/6/2022,20221206,CUS02682,2,EMP0032,Fawry,Completed,126,70
ORD0008018,12/6/2022,20221206,CUS01366,14,EMP0195,InstaPay,Completed,2552,1330
ORD0001499,12/6/2022,20221206,CUS02071,2,EMP0029,Credit Card,Returned,252,140
ORD0003810,12/6/2022,20221206,CUS01120,3,EMP0068,InstaPay,Completed,1350,660
ORD0007956,12/6/2022,20221206,CUS01453,12,EMP0183,Fawry,Completed,120,60
ORD0007532,12/6/2022,20221206,CUS02106,10,EMP0153,Fawry,Completed,500.5,280
ORD0006129,12/6/2022,20221206,CUS00918,8,EMP0141,Fawry,Completed,12540,10500
ORD0006887,12/6/2022,20221206,CUS02198,13,EMP0185,InstaPay,Completed,11464,9510
ORD0006983,12/6/2022,20221206,CUS02675,3,EMP0077,Debit Card,Returned,380,200
ORD0008544,12/6/2022,20221206,CUS02189,5,EMP0101,Vodafone Cash,Completed,61575,60950
ORD0011047,12/6/2022,20221206,CUS01190,1,EMP0011,Credit Card,Cancelled,3566,2690
ORD0008332,12/6/2022,20221206,CUS00919,2,EMP0039,Cash,Completed,1289.5,620
ORD0001862,12/6/2022,20221206,CUS01533,11,EMP0172,Fawry,Completed,130,60
ORD0006926,12/6/2022,20221206,CUS00509,1,EMP0023,Cash,Completed,1154,590
ORD0002174,12/6/2022,20221206,CUS01521,1,No_Employee_id,Vodafone Cash,Cancelled,320,150
ORD0002437,12/7/2022,20221207,CUS02662,2,EMP0051,Debit Card,Completed,266,140
ORD0009429,12/7/2022,20221207,CUS02346,3,EMP0074,Debit Card,Returned,63240,59600
ORD0011355,12/7/2022,20221207,CUS00895,1,EMP0017,Debit Card,Completed,304,160
ORD0009768,12/7/2022,20221207,CUS00404,14,EMP0198,Cash,Completed,470,230
ORD0009147,12/7/2022,20221207,CUS01590,1,EMP0007,Debit Card,Completed,97.5,60
ORD0004256,12/7/2022,20221207,CUS00750,5,EMP0097,Debit Card,Completed,424,210
ORD0005366,12/7/2022,20221207,CUS01277,10,EMP0159,Fawry,Completed,853,470
ORD0000122,12/7/2022,20221207,CUS00385,2,EMP0049,Cash,Completed,2680,1920
ORD0007963,12/7/2022,20221207,CUS01067,5,EMP0102,InstaPay,Completed,1120,680
ORD0011100,12/7/2022,20221207,CUS01108,13,EMP0187,Fawry,Completed,1257,660
ORD0006672,12/7/2022,20221207,CUS01294,8,EMP0141,Fawry,Completed,2392,1200
ORD0001658,12/7/2022,20221207,CUS00331,5,EMP0109,Cash,Completed,782,390
ORD0010649,12/7/2022,20221207,CUS01604,5,EMP0103,Fawry,Completed,1266,750
ORD0011212,12/7/2022,20221207,CUS01881,14,EMP0202,InstaPay,Completed,10251,8980
ORD0003030,12/8/2022,20221208,CUS00619,1,EMP0007,Debit Card,Completed,811,400
ORD0004347,12/8/2022,20221208,CUS00510,4,EMP0090,Cash,Completed,2256,1150
ORD0007890,12/8/2022,20221208,CUS00704,1,EMP0023,Vodafone Cash,Completed,2523,1250
ORD0001721,12/8/2022,20221208,CUS02579,3,EMP0072,InstaPay,Completed,540,400
ORD0002435,12/8/2022,20221208,CUS02089,6,EMP0117,Fawry,Completed,28051,22010
ORD0001366,12/8/2022,20221208,CUS00916,7,EMP0136,Fawry,Completed,800,700
ORD0011854,12/8/2022,20221208,CUS02729,2,EMP0051,Vodafone Cash,Completed,1140,560
ORD0002763,12/8/2022,20221208,CUS01786,14,EMP0201,Fawry,Completed,15465.5,13000
ORD0005042,12/8/2022,20221208,CUS01590,3,EMP0075,Cash,Returned,909,490
ORD0008453,12/8/2022,20221208,CUS02458,1,EMP0018,Cash,Completed,830,370
ORD0005656,12/9/2022,20221209,CUS02917,4,EMP0092,InstaPay,Completed,560,280
ORD0009334,12/9/2022,20221209,CUS00370,14,EMP0195,InstaPay,Cancelled,29492,25700
ORD0000587,12/9/2022,20221209,CUS02388,4,EMP0088,InstaPay,Completed,2166,1110
ORD0002487,12/9/2022,20221209,CUS00714,2,EMP0037,Vodafone Cash,Completed,5391,4220
ORD0009446,12/9/2022,20221209,CUS00614,1,EMP0006,Debit Card,Completed,1299.5,660
ORD0010477,12/9/2022,20221209,CUS02937,1,EMP0009,Cash,Completed,1356,750
ORD0002472,12/9/2022,20221209,CUS01374,3,EMP0076,Cash,Completed,2389,1170
ORD0005516,12/9/2022,20221209,CUS01863,2,EMP0051,InstaPay,Completed,920,460
ORD0000066,12/9/2022,20221209,CUS01412,3,EMP0061,Debit Card,Returned,12330,10810
ORD0008035,12/9/2022,20221209,CUS00768,11,EMP0173,Cash,Completed,21420,24300
ORD0006355,12/9/2022,20221209,CUS02294,1,EMP0028,Cash,Completed,630,310
ORD0005072,12/9/2022,20221209,CUS02893,4,EMP0081,Debit Card,Completed,510,240
ORD0001562,12/10/2022,20221210,CUS00907,3,EMP0071,InstaPay,Completed,350,170
ORD0004584,12/10/2022,20221210,CUS00310,1,EMP0005,Cash,Completed,105,70
ORD0010635,12/10/2022,20221210,CUS00576,7,EMP0134,Debit Card,Completed,900,490
ORD0004815,12/10/2022,20221210,CUS02754,2,EMP0052,InstaPay,Completed,752,370
ORD0008159,12/10/2022,20221210,CUS01449,7,EMP0136,Credit Card,Completed,2284,1250
ORD0002626,12/10/2022,20221210,CUS01170,12,EMP0180,InstaPay,Completed,71235,66580
ORD0003395,12/10/2022,20221210,CUS00510,15,EMP0212,Vodafone Cash,Completed,240,160
ORD0009316,12/10/2022,20221210,CUS01044,2,EMP0032,Credit Card,Cancelled,150,70
ORD0003878,12/10/2022,20221210,CUS02878,2,EMP0029,InstaPay,Completed,320,170
ORD0002555,12/10/2022,20221210,CUS02686,11,EMP0168,Vodafone Cash,Returned,1111,640
ORD0004092,12/10/2022,20221210,CUS02205,13,EMP0186,InstaPay,Completed,1020,480
ORD0000417,12/10/2022,20221210,CUS02988,3,EMP0057,InstaPay,Returned,952,480
ORD0003357,12/10/2022,20221210,CUS00470,5,EMP0095,Fawry,Completed,3142,2030
ORD0003779,12/10/2022,20221210,CUS00997,15,EMP0214,Debit Card,Completed,6421,4990
ORD0003435,12/10/2022,20221210,CUS00073,10,EMP0162,Cash,Cancelled,11179.5,9900
ORD0003617,12/10/2022,20221210,CUS00469,2,EMP0030,Fawry,Completed,26700,21300
ORD0010698,12/11/2022,20221211,CUS00276,3,EMP0064,Vodafone Cash,Completed,2650,1880
ORD0001494,12/11/2022,20221211,CUS00994,11,EMP0167,Cash,Returned,700,350
ORD0006345,12/11/2022,20221211,CUS01130,1,EMP0012,InstaPay,Completed,1490,830
ORD0009114,12/11/2022,20221211,CUS01463,11,EMP0166,Credit Card,Returned,2500,2000
ORD0007266,12/11/2022,20221211,CUS00663,1,EMP0021,InstaPay,Completed,162,80
ORD0006548,12/11/2022,20221211,CUS00679,1,EMP0015,Vodafone Cash,Completed,1730,930
ORD0004932,12/11/2022,20221211,CUS02621,10,EMP0162,Credit Card,Completed,140,70
ORD0001763,12/11/2022,20221211,CUS00929,10,EMP0157,Debit Card,Completed,3900,3700
ORD0002097,12/11/2022,20221211,CUS00990,12,EMP0180,Vodafone Cash,Completed,11004,10130
ORD0005643,12/11/2022,20221211,CUS00235,3,EMP0064,Debit Card,Completed,199.5,100
ORD0010312,12/11/2022,20221211,CUS01861,4,EMP0091,Credit Card,Completed,531,290
ORD0002444,12/11/2022,20221211,CUS02197,14,EMP0200,Debit Card,Completed,1860,1000
ORD0008943,12/11/2022,20221211,CUS00303,2,EMP0048,Credit Card,Completed,658.5,360
ORD0002436,12/12/2022,20221212,CUS02939,9,EMP0151,Debit Card,Completed,25710,22640
ORD0000547,12/12/2022,20221212,CUS00214,1,EMP0025,Fawry,Completed,430,210
ORD0003247,12/12/2022,20221212,CUS00890,2,EMP0049,Fawry,Completed,288,150
ORD0010922,12/12/2022,20221212,CUS02159,1,EMP0009,Credit Card,Completed,540,290
ORD0007682,12/12/2022,20221212,CUS01011,14,EMP0203,Debit Card,Completed,9091,9360
ORD0007033,12/12/2022,20221212,CUS02927,12,EMP0175,Cash,Completed,200,100
ORD0004573,12/12/2022,20221212,CUS01667,2,EMP0043,Credit Card,Completed,1368,790
ORD0000765,12/12/2022,20221212,CUS00618,5,EMP0110,Cash,Completed,1542,810
ORD0007547,12/13/2022,20221213,CUS02246,14,EMP0201,Vodafone Cash,Completed,198,100
ORD0011306,12/13/2022,20221213,CUS00419,7,EMP0136,Cash,Completed,266,140
ORD0010379,12/13/2022,20221213,CUS01352,7,EMP0134,Vodafone Cash,Completed,1248,660
ORD0006389,12/13/2022,20221213,CUS02651,4,EMP0084,Fawry,Completed,590,280
ORD0005815,12/13/2022,20221213,CUS01302,7,EMP0130,Debit Card,Completed,920,420
ORD0007932,12/13/2022,20221213,CUS00989,3,EMP0072,Debit Card,Completed,153,80
ORD0002476,12/13/2022,20221213,CUS02989,4,EMP0086,Debit Card,Completed,2564,1360
ORD0010808,12/13/2022,20221213,CUS00277,3,EMP0077,Vodafone Cash,Cancelled,861,530
ORD0007745,12/13/2022,20221213,CUS02953,4,EMP0088,Vodafone Cash,Completed,618,340
ORD0008715,12/13/2022,20221213,CUS02773,2,EMP0044,Vodafone Cash,Completed,1718,940
ORD0008911,12/13/2022,20221213,CUS00401,13,EMP0186,Cash,Completed,260,130
ORD0008842,12/13/2022,20221213,CUS00634,6,EMP0117,Debit Card,Completed,432,210
ORD0001500,12/14/2022,20221214,CUS00332,4,EMP0090,Credit Card,Completed,1317.5,660
ORD0003106,12/14/2022,20221214,CUS01807,2,EMP0038,Cash,Completed,12540,10600
ORD0008250,12/14/2022,20221214,CUS00791,12,EMP0180,InstaPay,Completed,1350,660
ORD0011592,12/14/2022,20221214,CUS01723,15,EMP0216,Cash,Completed,5015,4700
ORD0005263,12/14/2022,20221214,CUS01066,10,EMP0160,Cash,Completed,2515,1420
ORD0010511,12/14/2022,20221214,CUS02818,5,EMP0101,Credit Card,Returned,13520,12380
ORD0002002,12/14/2022,20221214,CUS00519,4,EMP0085,Debit Card,Completed,306,160
ORD0001668,12/14/2022,20221214,CUS01060,11,EMP0173,InstaPay,Cancelled,1054.5,540
ORD0008255,12/14/2022,20221214,CUS00956,3,EMP0067,Debit Card,Completed,256,140
ORD0000918,12/15/2022,20221215,CUS00287,3,EMP0076,Fawry,Completed,824.5,500
ORD0000358,12/15/2022,20221215,CUS00314,3,EMP0072,Cash,Completed,2040,1200
ORD0002688,12/15/2022,20221215,CUS02825,13,EMP0186,Vodafone Cash,Completed,1174,580
ORD0003916,12/15/2022,20221215,CUS01399,2,EMP0049,Debit Card,Completed,746,360
ORD0003915,12/15/2022,20221215,CUS01012,3,EMP0064,InstaPay,Completed,2095.5,1160
ORD0008942,12/15/2022,20221215,CUS00132,1,No_Employee_id,Vodafone Cash,Completed,152,70
ORD0006424,12/15/2022,20221215,CUS00450,4,EMP0086,Vodafone Cash,Returned,2180,1080
ORD0000852,12/15/2022,20221215,CUS01949,1,EMP0024,Fawry,Returned,162,80
ORD0000740,12/15/2022,20221215,CUS00714,6,EMP0124,Credit Card,Completed,660,320
ORD0008214,12/15/2022,20221215,CUS00038,1,EMP0012,InstaPay,Completed,864,480
ORD0011565,12/15/2022,20221215,CUS00196,4,EMP0091,Debit Card,Completed,1076,560
ORD0008092,12/15/2022,20221215,CUS00375,11,EMP0171,Vodafone Cash,Completed,1010,490
ORD0001390,12/15/2022,20221215,CUS02322,1,EMP0005,InstaPay,Completed,722,360
ORD0005680,12/15/2022,20221215,CUS01582,2,EMP0050,InstaPay,Completed,396,180
ORD0004754,12/15/2022,20221215,CUS01936,4,EMP0088,Debit Card,Completed,25241.5,24560
ORD0004301,12/15/2022,20221215,CUS02810,1,EMP0003,InstaPay,Completed,1067,640
ORD0011005,12/16/2022,20221216,CUS02353,10,EMP0155,Cash,Completed,1706.5,910
ORD0001566,12/16/2022,20221216,CUS01292,13,EMP0185,Cash,Completed,380,180
ORD0003020,12/16/2022,20221216,CUS00811,1,EMP0016,Vodafone Cash,Completed,144.5,80
ORD0008262,12/16/2022,20221216,CUS02114,3,EMP0065,Cash,Completed,1318.5,640
ORD0007640,12/16/2022,20221216,CUS01133,2,EMP0051,Debit Card,Returned,750,410
ORD0011015,12/16/2022,20221216,CUS01685,2,EMP0046,Cash,Completed,2800,1520
ORD0003212,12/16/2022,20221216,CUS00102,1,EMP0005,InstaPay,Completed,1428,840
ORD0004431,12/16/2022,20221216,CUS02298,3,No_Employee_id,Vodafone Cash,Completed,423,230
ORD0004456,12/16/2022,20221216,CUS00330,15,EMP0212,Vodafone Cash,Completed,9354.5,9490
ORD0008630,12/16/2022,20221216,CUS00236,4,EMP0082,Debit Card,Completed,880,440
ORD0011813,12/16/2022,20221216,CUS00825,5,EMP0101,Fawry,Completed,910,480
ORD0005548,12/16/2022,20221216,CUS01161,3,EMP0070,Cash,Completed,690,340
ORD0002648,12/17/2022,20221217,CUS00193,9,EMP0147,Debit Card,Cancelled,315,170
ORD0011687,12/17/2022,20221217,CUS00556,3,EMP0058,InstaPay,Returned,970.5,500
ORD0001126,12/17/2022,20221217,CUS01816,8,No_Employee_id,Credit Card,Completed,272,170
ORD0005927,12/17/2022,20221217,CUS02139,6,EMP0117,Fawry,Completed,522,290
ORD0011531,12/17/2022,20221217,CUS00089,5,No_Employee_id,Credit Card,Completed,953,490
ORD0005997,12/17/2022,20221217,CUS01954,2,EMP0049,Vodafone Cash,Returned,840,400
ORD0002839,12/17/2022,20221217,CUS00386,6,EMP0119,Cash,Completed,649,350
ORD0002383,12/17/2022,20221217,CUS02630,2,EMP0034,Debit Card,Completed,1480.5,800
ORD0004590,12/17/2022,20221217,CUS01454,1,EMP0001,InstaPay,Completed,594,320
ORD0002151,12/17/2022,20221217,CUS00850,3,EMP0064,Fawry,Completed,8840,7120
ORD0010096,12/17/2022,20221217,CUS02521,15,EMP0216,Vodafone Cash,Completed,13230,10380
ORD0004585,12/17/2022,20221217,CUS02214,5,EMP0100,Debit Card,Completed,2234,1220
ORD0010322,12/17/2022,20221217,CUS02055,3,EMP0075,Cash,Completed,1367,750
ORD0006543,12/18/2022,20221218,CUS02616,3,EMP0059,Cash,Completed,1080,540
ORD0004546,12/18/2022,20221218,CUS00730,1,EMP0021,InstaPay,Completed,420,210
ORD0003522,12/18/2022,20221218,CUS00821,2,EMP0032,InstaPay,Completed,684,360
ORD0008541,12/18/2022,20221218,CUS02418,11,EMP0173,Vodafone Cash,Completed,613.5,330
ORD0004322,12/18/2022,20221218,CUS00719,5,EMP0096,Vodafone Cash,Completed,256.5,130
ORD0011835,12/18/2022,20221218,CUS01284,8,EMP0142,InstaPay,Completed,7790,5600
ORD0002413,12/18/2022,20221218,CUS02338,9,EMP0150,Vodafone Cash,Completed,675,410
ORD0011268,12/18/2022,20221218,CUS01225,1,EMP0028,Fawry,Completed,1708,800
ORD0003012,12/18/2022,20221218,CUS01522,11,EMP0172,Fawry,Completed,714.5,390
ORD0006364,12/18/2022,20221218,CUS02355,2,EMP0039,Credit Card,Completed,510,240
ORD0000885,12/19/2022,20221219,CUS01105,12,EMP0178,Debit Card,Completed,14800,14800
ORD0006375,12/19/2022,20221219,CUS01953,1,EMP0009,Debit Card,Completed,270,130
ORD0010134,12/19/2022,20221219,CUS01353,4,EMP0081,Fawry,Completed,540,260
ORD0010337,12/19/2022,20221219,CUS00933,12,EMP0180,Credit Card,Completed,170,80
ORD0003004,12/19/2022,20221219,CUS02618,6,EMP0122,Cash,Cancelled,32389.5,25240
ORD0011899,12/19/2022,20221219,CUS00173,1,EMP0004,Fawry,Completed,196,140
ORD0002271,12/19/2022,20221219,CUS00966,2,EMP0050,Vodafone Cash,Completed,3301,1840
ORD0011030,12/19/2022,20221219,CUS00373,1,EMP0002,InstaPay,Completed,514.5,280
ORD0003943,12/19/2022,20221219,CUS00234,7,EMP0131,InstaPay,Completed,500,240
ORD0005114,12/19/2022,20221219,CUS02988,7,EMP0135,Credit Card,Completed,153,80
ORD0008895,12/19/2022,20221219,CUS00456,3,EMP0055,Credit Card,Returned,2175,1140
ORD0000824,12/20/2022,20221220,CUS00075,3,EMP0062,Debit Card,Completed,126,60
ORD0007892,12/20/2022,20221220,CUS02280,1,EMP0010,Vodafone Cash,Returned,597.5,300
ORD0006697,12/20/2022,20221220,CUS02896,2,EMP0052,Fawry,Cancelled,128,70
ORD0001578,12/20/2022,20221220,CUS02144,2,EMP0054,Fawry,Completed,5320,4500
ORD0004922,12/20/2022,20221220,CUS00551,8,EMP0144,Vodafone Cash,Completed,557.5,280
ORD0006502,12/20/2022,20221220,CUS01122,9,EMP0146,Vodafone Cash,Cancelled,224,140
ORD0009414,12/20/2022,20221220,CUS01992,15,EMP0211,Cash,Completed,3028,2090
ORD0005485,12/20/2022,20221220,CUS01141,9,EMP0148,InstaPay,Completed,1361.5,680
ORD0008960,12/20/2022,20221220,CUS01585,13,EMP0189,Vodafone Cash,Completed,1183.5,620
ORD0001141,12/20/2022,20221220,CUS02351,3,No_Employee_id,Fawry,Completed,240,110
ORD0000216,12/20/2022,20221220,CUS00813,1,EMP0027,Vodafone Cash,Completed,972,500
ORD0000967,12/21/2022,20221221,CUS00706,3,EMP0065,InstaPay,Completed,198,100
ORD0010028,12/21/2022,20221221,CUS01825,2,EMP0029,Debit Card,Completed,18000,19200
ORD0005323,12/21/2022,20221221,CUS01012,2,EMP0033,Cash,Completed,504,280
ORD0009323,12/21/2022,20221221,CUS02503,2,EMP0049,Debit Card,Completed,675,350
ORD0002128,12/21/2022,20221221,CUS01811,2,EMP0031,Fawry,Completed,446.5,230
ORD0001873,12/21/2022,20221221,CUS00433,2,EMP0054,Debit Card,Returned,160,80
ORD0003220,12/21/2022,20221221,CUS01886,2,EMP0042,Debit Card,Returned,260,130
ORD0001322,12/21/2022,20221221,CUS00666,14,EMP0197,InstaPay,Completed,2113,1180
ORD0011467,12/21/2022,20221221,CUS02315,3,EMP0061,Vodafone Cash,Completed,270,120
ORD0004960,12/21/2022,20221221,CUS00839,1,EMP0025,Debit Card,Completed,5250,5600
ORD0001776,12/21/2022,20221221,CUS01179,11,EMP0173,Debit Card,Completed,430,210
ORD0002700,12/21/2022,20221221,CUS01804,3,EMP0067,InstaPay,Completed,802.5,410
ORD0005663,12/22/2022,20221222,CUS02026,1,EMP0024,Cash,Completed,15981.5,16630
ORD0009791,12/22/2022,20221222,CUS00553,3,EMP0057,Vodafone Cash,Completed,510,240
ORD0010678,12/22/2022,20221222,CUS01893,12,EMP0181,Debit Card,Completed,3278,1640
ORD0006727,12/22/2022,20221222,CUS00271,11,EMP0171,InstaPay,Completed,557.5,280
ORD0002795,12/22/2022,20221222,CUS00658,5,EMP0105,Cash,Completed,880,470
ORD0007109,12/22/2022,20221222,CUS02662,3,EMP0067,InstaPay,Completed,3500,2800
ORD0001081,12/22/2022,20221222,CUS01323,8,EMP0137,Debit Card,Returned,2994,1700
ORD0005864,12/22/2022,20221222,CUS01469,6,EMP0116,InstaPay,Completed,216,120
ORD0001946,12/23/2022,20221223,CUS01243,14,EMP0201,Fawry,Completed,266,140
ORD0009788,12/23/2022,20221223,CUS01108,15,EMP0211,Debit Card,Returned,12100,10900
ORD0001155,12/23/2022,20221223,CUS02862,2,EMP0030,Debit Card,Completed,2050,1010
ORD0005474,12/23/2022,20221223,CUS01312,2,EMP0040,Cash,Completed,21706,16900
ORD0008267,12/23/2022,20221223,CUS01820,8,EMP0137,Credit Card,Completed,3416,2840
ORD0009872,12/23/2022,20221223,CUS01788,12,EMP0182,Cash,Completed,4032,3220
ORD0011742,12/24/2022,20221224,CUS00517,6,EMP0116,Cash,Cancelled,189,130
ORD0003692,12/24/2022,20221224,CUS00710,2,EMP0046,Vodafone Cash,Completed,1010,480
ORD0008318,12/24/2022,20221224,CUS01571,4,EMP0085,InstaPay,Completed,726,380
ORD0002339,12/24/2022,20221224,CUS01830,13,EMP0186,Fawry,Completed,790.5,430
ORD0002504,12/24/2022,20221224,CUS02145,5,EMP0102,InstaPay,Completed,3340,1840
ORD0009352,12/24/2022,20221224,CUS00261,12,EMP0183,InstaPay,Completed,850,420
ORD0010045,12/24/2022,20221224,CUS00734,4,EMP0091,Cash,Completed,136,80
ORD0009937,12/24/2022,20221224,CUS00037,6,EMP0120,InstaPay,Completed,937.5,490
ORD0006501,12/24/2022,20221224,CUS01085,5,EMP0108,InstaPay,Completed,1121,580
ORD0000359,12/24/2022,20221224,CUS02254,11,EMP0167,Credit Card,Completed,370,180
ORD0005262,12/24/2022,20221224,CUS00546,2,EMP0030,InstaPay,Completed,1079,570
ORD0000078,12/25/2022,20221225,CUS02337,1,EMP0007,Debit Card,Completed,10000,8000
ORD0003088,12/25/2022,20221225,CUS00720,2,EMP0033,Credit Card,Completed,1052,520
ORD0003096,12/25/2022,20221225,CUS02034,9,EMP0147,Cash,Completed,522,290
ORD0004570,12/25/2022,20221225,CUS01341,1,EMP0005,Cash,Completed,140,70
ORD0004887,12/25/2022,20221225,CUS02231,2,EMP0047,Credit Card,Completed,229.5,120
ORD0000512,12/25/2022,20221225,CUS02244,1,EMP0003,Cash,Returned,2059,1040
ORD0003714,12/25/2022,20221225,CUS00093,11,EMP0172,Cash,Completed,480,210
ORD0000692,12/25/2022,20221225,CUS00310,5,EMP0112,Fawry,Completed,270,130
ORD0011821,12/25/2022,20221225,CUS00743,3,EMP0062,Debit Card,Completed,990,490
ORD0004084,12/25/2022,20221225,CUS02622,5,EMP0109,Fawry,Completed,720,340
ORD0011902,12/26/2022,20221226,CUS00300,2,EMP0044,InstaPay,Completed,883,450
ORD0009969,12/26/2022,20221226,CUS02254,7,EMP0128,Vodafone Cash,Completed,1938,1090
ORD0006601,12/26/2022,20221226,CUS01397,1,EMP0013,Vodafone Cash,Completed,680,390
ORD0006177,12/26/2022,20221226,CUS00893,2,EMP0041,Fawry,Completed,644,330
ORD0007951,12/26/2022,20221226,CUS02855,2,EMP0046,Cash,Completed,2284,1400
ORD0000804,12/26/2022,20221226,CUS00069,15,EMP0208,Debit Card,Completed,1048.5,590
ORD0006957,12/26/2022,20221226,CUS02022,9,EMP0146,Debit Card,Completed,13000,10400
ORD0006455,12/26/2022,20221226,CUS02851,12,EMP0178,Credit Card,Completed,2000,1600
ORD0001828,12/26/2022,20221226,CUS01585,2,EMP0046,Cash,Completed,340,170
ORD0011163,12/26/2022,20221226,CUS02749,8,EMP0143,Credit Card,Completed,2160,1080
ORD0000615,12/26/2022,20221226,CUS01748,3,EMP0063,Fawry,Completed,711,380
ORD0008413,12/26/2022,20221226,CUS02995,1,EMP0020,Debit Card,Completed,5789,4810
ORD0005923,12/27/2022,20221227,CUS00814,6,EMP0121,InstaPay,Returned,2125.5,1440
ORD0006333,12/27/2022,20221227,CUS02363,4,EMP0091,InstaPay,Completed,14926,13020
ORD0006546,12/27/2022,20221227,CUS01897,1,EMP0002,Credit Card,Completed,2012,1670
ORD0004321,12/27/2022,20221227,CUS00842,2,EMP0040,Vodafone Cash,Completed,260,130
ORD0001438,12/27/2022,20221227,CUS00137,10,EMP0152,Fawry,Cancelled,2130.5,1170
ORD0000525,12/27/2022,20221227,CUS00285,2,EMP0051,Vodafone Cash,Completed,2304,1320
ORD0000876,12/27/2022,20221227,CUS01877,4,EMP0082,Cash,Completed,495,270
ORD0007878,12/27/2022,20221227,CUS01258,5,EMP0101,Fawry,Completed,220,100
ORD0008912,12/27/2022,20221227,CUS00501,6,EMP0117,Debit Card,Completed,13678,11500
ORD0006155,12/27/2022,20221227,CUS02496,2,EMP0051,Fawry,Completed,10823,8770
ORD0009677,12/27/2022,20221227,CUS02903,3,EMP0066,Credit Card,Completed,12020,9410
ORD0007597,12/27/2022,20221227,CUS01245,5,EMP0108,Credit Card,Completed,320,150
ORD0000545,12/27/2022,20221227,CUS01667,12,EMP0184,Debit Card,Cancelled,120,60
ORD0000498,12/27/2022,20221227,CUS02970,12,EMP0178,Credit Card,Completed,195,120
ORD0002827,12/27/2022,20221227,CUS02893,7,EMP0132,Cash,Completed,13026,14820
ORD0008004,12/28/2022,20221228,CUS02011,3,EMP0065,Cash,Completed,26964,21360
ORD0001236,12/28/2022,20221228,CUS02504,3,EMP0068,Credit Card,Returned,270,140
ORD0002051,12/28/2022,20221228,CUS02292,2,EMP0040,Credit Card,Completed,140,70
ORD0005756,12/28/2022,20221228,CUS02143,12,EMP0178,InstaPay,Returned,162,80
ORD0009978,12/29/2022,20221229,CUS00090,1,EMP0014,Fawry,Completed,1694,1090
ORD0009210,12/29/2022,20221229,CUS02150,2,EMP0043,Credit Card,Completed,690,340
ORD0001452,12/29/2022,20221229,CUS01460,6,EMP0116,Cash,Completed,5731.5,4360
ORD0000966,12/29/2022,20221229,CUS02469,10,EMP0158,Credit Card,Completed,112.5,70
ORD0004085,12/29/2022,20221229,CUS02148,7,EMP0133,Cash,Completed,5597.5,4950
ORD0010811,12/29/2022,20221229,CUS00071,11,EMP0165,InstaPay,Completed,952,520
ORD0005406,12/29/2022,20221229,CUS00821,2,EMP0040,Debit Card,Returned,270,130
ORD0010756,12/29/2022,20221229,CUS00818,6,EMP0117,Fawry,Completed,404,230
ORD0009150,12/29/2022,20221229,CUS01165,2,EMP0035,Cash,Completed,252,120
ORD0006838,12/30/2022,20221230,CUS01894,2,EMP0031,Fawry,Completed,722,360
ORD0011261,12/30/2022,20221230,CUS00584,4,EMP0079,Fawry,Completed,90,40
ORD0009870,12/30/2022,20221230,CUS02534,7,EMP0136,Cash,Completed,608,390
ORD0004817,12/30/2022,20221230,CUS01573,2,EMP0032,Vodafone Cash,Completed,6698,5480
ORD0009547,12/30/2022,20221230,CUS00536,6,EMP0115,Credit Card,Completed,630,340
ORD0001367,12/30/2022,20221230,CUS02756,1,EMP0015,Fawry,Completed,816,390
ORD0000579,12/30/2022,20221230,CUS01249,9,EMP0147,Vodafone Cash,Cancelled,252,140
ORD0004142,12/30/2022,20221230,CUS02108,1,EMP0028,InstaPay,Completed,261,130
ORD0002834,12/30/2022,20221230,CUS00511,4,EMP0092,Fawry,Completed,1727.5,940
ORD0008581,12/30/2022,20221230,CUS02784,1,EMP0003,InstaPay,Completed,589,300
ORD0006011,12/31/2022,20221231,CUS00280,3,No_Employee_id,Credit Card,Returned,1140,650
ORD0000792,12/31/2022,20221231,CUS02537,1,EMP0016,Credit Card,Returned,603.5,350
ORD0006370,12/31/2022,20221231,CUS00067,6,No_Employee_id,Vodafone Cash,Completed,150,70
ORD0005255,12/31/2022,20221231,CUS01673,4,No_Employee_id,Vodafone Cash,Completed,27200,25600
ORD0006826,12/31/2022,20221231,CUS01985,10,EMP0163,InstaPay,Completed,767,390
ORD0003165,12/31/2022,20221231,CUS00266,2,EMP0048,Cash,Completed,1770,940
ORD0006347,12/31/2022,20221231,CUS02588,10,EMP0160,Debit Card,Completed,8890,7520
ORD0010550,1/1/2023,20230101,CUS00213,1,EMP0004,Credit Card,Cancelled,399,270
ORD0000204,1/1/2023,20230101,CUS02090,12,EMP0176,Debit Card,Completed,1986,990
ORD0000376,1/1/2023,20230101,CUS00880,10,EMP0158,InstaPay,Completed,1244.5,660
ORD0004942,1/1/2023,20230101,CUS02411,7,EMP0129,InstaPay,Completed,256.5,130
ORD0002042,1/1/2023,20230101,CUS01927,6,EMP0120,Credit Card,Completed,1277.5,670
ORD0000484,1/1/2023,20230101,CUS02032,13,EMP0188,Cash,Completed,209,100
ORD0010400,1/1/2023,20230101,CUS02944,1,EMP0013,Credit Card,Completed,2640,2070
ORD0006246,1/1/2023,20230101,CUS02315,13,EMP0188,InstaPay,Completed,980,480
ORD0008388,1/1/2023,20230101,CUS01856,11,EMP0172,Credit Card,Completed,560,270
ORD0005433,1/2/2023,20230102,CUS01000,1,EMP0004,Credit Card,Completed,1314,730
ORD0005538,1/2/2023,20230102,CUS00002,12,EMP0177,InstaPay,Completed,1435,830
ORD0000170,1/2/2023,20230102,CUS02154,4,EMP0092,Cash,Returned,994,500
ORD0000708,1/2/2023,20230102,CUS00115,3,No_Employee_id,Debit Card,Completed,80,40
ORD0003014,1/2/2023,20230102,CUS01048,5,EMP0095,Debit Card,Returned,541.5,270
ORD0009953,1/2/2023,20230102,CUS02506,6,EMP0123,Cash,Completed,871.5,540
ORD0007216,1/2/2023,20230102,CUS01656,10,EMP0157,Credit Card,Returned,1848,940
ORD0003311,1/2/2023,20230102,CUS02115,3,EMP0074,Fawry,Completed,948,470
ORD0002200,1/2/2023,20230102,CUS01915,3,EMP0060,Cash,Returned,126,70
ORD0008226,1/2/2023,20230102,CUS02114,4,EMP0094,InstaPay,Completed,468,260
ORD0006648,1/2/2023,20230102,CUS00367,5,EMP0101,InstaPay,Completed,397.5,210
ORD0008486,1/2/2023,20230102,CUS02235,4,EMP0082,Debit Card,Completed,160,70
ORD0005393,1/2/2023,20230102,CUS00216,14,EMP0201,Credit Card,Returned,456,280
ORD0009038,1/3/2023,20230103,CUS01708,12,EMP0178,Vodafone Cash,Completed,11520,10080
ORD0010066,1/3/2023,20230103,CUS02970,6,EMP0124,InstaPay,Completed,25080,21000
ORD0011589,1/3/2023,20230103,CUS00562,6,EMP0113,Fawry,Completed,2910,1390
ORD0005871,1/3/2023,20230103,CUS02399,13,EMP0192,Credit Card,Completed,30880,26100
ORD0001563,1/3/2023,20230103,CUS02859,12,EMP0174,Credit Card,Completed,12117,10300
ORD0007139,1/3/2023,20230103,CUS02262,6,EMP0118,Fawry,Completed,1000.5,540
ORD0009274,1/3/2023,20230103,CUS00713,8,EMP0142,Credit Card,Completed,5859,5320
ORD0006575,1/3/2023,20230103,CUS00272,3,EMP0074,Vodafone Cash,Completed,441,240
ORD0001937,1/3/2023,20230103,CUS01021,13,EMP0186,InstaPay,Cancelled,208,130
ORD0007203,1/3/2023,20230103,CUS02656,3,EMP0072,InstaPay,Completed,90,40
ORD0003944,1/3/2023,20230103,CUS00278,1,EMP0006,Fawry,Completed,795,430
ORD0000167,1/3/2023,20230103,CUS00495,13,EMP0188,Debit Card,Completed,15450,13000
ORD0010990,1/3/2023,20230103,CUS01636,1,EMP0006,Debit Card,Completed,676.5,390
ORD0001382,1/3/2023,20230103,CUS00469,1,EMP0020,Vodafone Cash,Completed,1123,580
ORD0004240,1/3/2023,20230103,CUS02249,4,EMP0089,InstaPay,Completed,476,240
ORD0001277,1/3/2023,20230103,CUS00358,4,No_Employee_id,Credit Card,Completed,4376,3190
ORD0011927,1/4/2023,20230104,CUS02731,14,EMP0203,Cash,Completed,986,500
ORD0005978,1/4/2023,20230104,CUS01776,9,EMP0150,Debit Card,Completed,664,330
ORD0006904,1/4/2023,20230104,CUS00332,6,EMP0119,Credit Card,Completed,855,440
ORD0010133,1/4/2023,20230104,CUS02151,6,EMP0113,Vodafone Cash,Completed,962,500
ORD0003123,1/4/2023,20230104,CUS01229,1,EMP0007,Credit Card,Completed,1296,700
ORD0001786,1/4/2023,20230104,CUS00856,3,EMP0062,InstaPay,Completed,12088.5,9960
ORD0005050,1/4/2023,20230104,CUS02712,2,No_Employee_id,Fawry,Completed,656,310
ORD0005186,1/4/2023,20230104,CUS02463,2,EMP0042,InstaPay,Completed,343,240
ORD0005356,1/4/2023,20230104,CUS00907,3,EMP0055,Fawry,Completed,796.5,380
ORD0002231,1/4/2023,20230104,CUS02562,7,EMP0136,Fawry,Completed,180,90
ORD0003535,1/4/2023,20230104,CUS02981,1,EMP0016,Vodafone Cash,Returned,140,70
ORD0008879,1/5/2023,20230105,CUS01542,7,EMP0135,InstaPay,Completed,1201,630
ORD0000550,1/5/2023,20230105,CUS02582,6,EMP0123,InstaPay,Returned,12420,10420
ORD0008441,1/5/2023,20230105,CUS01906,3,EMP0068,Fawry,Completed,612,350
ORD0010944,1/5/2023,20230105,CUS01743,2,EMP0038,Vodafone Cash,Completed,14930,11660
ORD0003396,1/5/2023,20230105,CUS02406,3,EMP0057,Credit Card,Completed,342,180
ORD0004553,1/5/2023,20230105,CUS02608,7,EMP0127,Cash,Completed,280,140
ORD0008380,1/5/2023,20230105,CUS00422,2,EMP0053,Fawry,Completed,528,320
ORD0008755,1/5/2023,20230105,CUS02305,4,EMP0088,Credit Card,Completed,29274,23760
ORD0000178,1/5/2023,20230105,CUS02971,12,EMP0175,Credit Card,Completed,801,430
ORD0003578,1/5/2023,20230105,CUS00044,3,EMP0062,Debit Card,Completed,247,120
ORD0010258,1/5/2023,20230105,CUS02855,3,EMP0061,Vodafone Cash,Completed,680,320
ORD0008517,1/5/2023,20230105,CUS02941,3,EMP0077,Credit Card,Completed,123.5,60
ORD0007231,1/5/2023,20230105,CUS00884,5,EMP0096,Debit Card,Completed,657,360
ORD0001250,1/5/2023,20230105,CUS00232,14,EMP0201,Cash,Completed,757,400
ORD0010358,1/6/2023,20230106,CUS00976,15,EMP0205,Debit Card,Completed,658,340
ORD0008709,1/6/2023,20230106,CUS01811,3,EMP0065,Debit Card,Completed,8160,8100
ORD0010294,1/6/2023,20230106,CUS01261,1,EMP0012,Cash,Completed,250,120
ORD0000409,1/6/2023,20230106,CUS01879,2,EMP0043,Vodafone Cash,Completed,351.5,180
ORD0003330,1/6/2023,20230106,CUS01739,1,EMP0027,Debit Card,Completed,592,360
ORD0002394,1/6/2023,20230106,CUS01579,6,EMP0113,Credit Card,Completed,800,360
ORD0009671,1/6/2023,20230106,CUS01358,1,EMP0022,InstaPay,Returned,25080,21000
ORD0004988,1/6/2023,20230106,CUS02317,4,EMP0093,Cash,Completed,210,100
ORD0008874,1/6/2023,20230106,CUS01608,7,EMP0136,Vodafone Cash,Completed,320,140
ORD0002647,1/6/2023,20230106,CUS00528,1,EMP0011,Cash,Completed,1029,610
ORD0009052,1/6/2023,20230106,CUS01461,3,EMP0055,InstaPay,Completed,535.5,300
ORD0011409,1/6/2023,20230106,CUS02847,11,EMP0171,Cash,Completed,1240,590
ORD0006106,1/7/2023,20230107,CUS02053,3,EMP0057,Debit Card,Completed,878,450
ORD0010120,1/7/2023,20230107,CUS00439,2,EMP0032,Debit Card,Completed,3173,1580
ORD0001033,1/7/2023,20230107,CUS00095,1,EMP0023,Credit Card,Completed,520,260
ORD0006231,1/7/2023,20230107,CUS00521,5,EMP0095,Vodafone Cash,Returned,680,400
ORD0003334,1/7/2023,20230107,CUS00635,5,EMP0108,Debit Card,Completed,13402,10910
ORD0001603,1/7/2023,20230107,CUS00284,13,EMP0193,Debit Card,Completed,15526,11680
ORD0000313,1/7/2023,20230107,CUS02148,8,EMP0140,Vodafone Cash,Completed,1872,910
ORD0003180,1/7/2023,20230107,CUS01901,3,EMP0062,Cash,Returned,418,200
ORD0011056,1/8/2023,20230108,CUS02494,12,EMP0182,InstaPay,Returned,325,160
ORD0000634,1/8/2023,20230108,CUS01434,3,EMP0057,Debit Card,Completed,1875,990
ORD0004750,1/9/2023,20230109,CUS01379,7,EMP0136,Vodafone Cash,Completed,17675,13330
ORD0003938,1/9/2023,20230109,CUS01753,10,EMP0155,Cash,Completed,382,200
ORD0010464,1/9/2023,20230109,CUS02925,10,EMP0156,Vodafone Cash,Completed,594,370
ORD0007762,1/9/2023,20230109,CUS00731,4,EMP0081,Debit Card,Completed,8272,6130
ORD0003569,1/9/2023,20230109,CUS00686,4,EMP0094,InstaPay,Completed,781,420
ORD0002329,1/9/2023,20230109,CUS02070,4,EMP0094,InstaPay,Completed,700,330
ORD0002714,1/10/2023,20230110,CUS02831,14,EMP0201,Credit Card,Completed,1134,630
ORD0010048,1/10/2023,20230110,CUS02090,6,EMP0113,Vodafone Cash,Completed,435,220
ORD0001210,1/10/2023,20230110,CUS00679,1,EMP0026,Cash,Completed,980,480
ORD0010217,1/10/2023,20230110,CUS00833,3,EMP0057,Credit Card,Cancelled,546,380
ORD0010733,1/10/2023,20230110,CUS00256,14,EMP0200,Debit Card,Completed,2404,1200
ORD0002941,1/10/2023,20230110,CUS01324,4,EMP0079,InstaPay,Completed,832,430
ORD0010562,1/10/2023,20230110,CUS00528,3,EMP0078,Credit Card,Completed,120,70
ORD0007306,1/10/2023,20230110,CUS02914,9,EMP0145,Cash,Completed,480,240
ORD0008927,1/10/2023,20230110,CUS01786,1,EMP0027,Fawry,Completed,647,330
ORD0007794,1/10/2023,20230110,CUS02772,1,EMP0020,Debit Card,Completed,1450,790
ORD0006824,1/11/2023,20230111,CUS02348,2,EMP0049,Credit Card,Completed,2060,1010
ORD0001897,1/11/2023,20230111,CUS01733,2,EMP0030,Fawry,Completed,655,340
ORD0008776,1/11/2023,20230111,CUS01473,3,EMP0065,Debit Card,Completed,18725,14950
ORD0010772,1/11/2023,20230111,CUS01680,11,EMP0164,Credit Card,Completed,7600,6400
ORD0006954,1/11/2023,20230111,CUS01865,2,EMP0032,InstaPay,Completed,901,440
ORD0002136,1/11/2023,20230111,CUS01045,3,EMP0077,Vodafone Cash,Completed,366,190
ORD0006875,1/11/2023,20230111,CUS00883,6,EMP0114,Cash,Completed,500,240
ORD0010829,1/11/2023,20230111,CUS01064,1,EMP0009,Cash,Completed,290,140
ORD0007247,1/11/2023,20230111,CUS02076,2,EMP0048,Credit Card,Completed,400,200
ORD0007962,1/11/2023,20230111,CUS01099,5,EMP0112,Debit Card,Completed,499,250
ORD0003695,1/11/2023,20230111,CUS01585,6,No_Employee_id,Credit Card,Completed,488,300
ORD0001043,1/11/2023,20230111,CUS00280,4,EMP0088,InstaPay,Completed,594.5,320
ORD0007920,1/11/2023,20230111,CUS01099,3,EMP0058,Credit Card,Returned,796,410
ORD0004695,1/11/2023,20230111,CUS01345,14,EMP0199,Fawry,Completed,190,90
ORD0005152,1/12/2023,20230112,CUS01795,11,EMP0168,Vodafone Cash,Completed,1040,520
ORD0001619,1/12/2023,20230112,CUS00451,3,No_Employee_id,Cash,Completed,5796,4900
ORD0003137,1/12/2023,20230112,CUS00850,4,EMP0088,Credit Card,Completed,828,450
ORD0011183,1/12/2023,20230112,CUS02616,12,EMP0175,Fawry,Completed,19522.5,15300
ORD0010157,1/12/2023,20230112,CUS01345,2,EMP0036,Cash,Completed,80,40
ORD0002669,1/12/2023,20230112,CUS01200,1,EMP0016,Debit Card,Completed,98,60
ORD0007013,1/12/2023,20230112,CUS01152,13,EMP0192,Debit Card,Completed,1053,550
ORD0002105,1/12/2023,20230112,CUS01356,3,EMP0068,Debit Card,Returned,135,70
ORD0001234,1/12/2023,20230112,CUS00478,13,EMP0188,InstaPay,Completed,1110,530
ORD0006877,1/12/2023,20230112,CUS02210,1,EMP0009,Fawry,Returned,320,160
ORD0011414,1/12/2023,20230112,CUS00988,2,No_Employee_id,Debit Card,Completed,370.5,180
ORD0009749,1/13/2023,20230113,CUS01633,2,EMP0029,Debit Card,Completed,2400,1280
ORD0008105,1/13/2023,20230113,CUS02865,9,EMP0150,InstaPay,Completed,324,160
ORD0005000,1/13/2023,20230113,CUS02019,1,EMP0019,Debit Card,Completed,1640,820
ORD0008744,1/13/2023,20230113,CUS00280,15,EMP0212,InstaPay,Cancelled,20469,15980
ORD0009293,1/13/2023,20230113,CUS02962,15,EMP0210,Debit Card,Completed,1615,1240
ORD0011804,1/13/2023,20230113,CUS00716,2,EMP0035,Credit Card,Completed,1781,950
ORD0008664,1/13/2023,20230113,CUS02711,11,EMP0171,Credit Card,Completed,2685,1360
ORD0010268,1/13/2023,20230113,CUS00574,9,EMP0146,Credit Card,Completed,1720.5,870
ORD0007264,1/13/2023,20230113,CUS02519,14,EMP0203,Vodafone Cash,Completed,569,340
ORD0003597,1/13/2023,20230113,CUS01041,1,EMP0005,Debit Card,Completed,530,260
ORD0004838,1/13/2023,20230113,CUS01566,8,EMP0140,Debit Card,Completed,646,330
ORD0008365,1/14/2023,20230114,CUS00579,2,EMP0052,Debit Card,Completed,104,60
ORD0011575,1/14/2023,20230114,CUS02741,3,EMP0058,Vodafone Cash,Returned,17700,14100
ORD0006022,1/14/2023,20230114,CUS01618,12,EMP0174,Cash,Completed,340,160
ORD0006021,1/14/2023,20230114,CUS00114,3,EMP0069,Cash,Completed,800,380
ORD0001206,1/14/2023,20230114,CUS02062,5,EMP0100,InstaPay,Completed,4113,2220
ORD0006495,1/14/2023,20230114,CUS01527,7,EMP0135,Cash,Completed,883,580
ORD0009604,1/14/2023,20230114,CUS02783,4,EMP0083,Debit Card,Completed,315,170
ORD0007156,1/15/2023,20230115,CUS01690,4,EMP0082,Debit Card,Completed,2680,2100
ORD0002155,1/15/2023,20230115,CUS01680,8,EMP0141,Vodafone Cash,Completed,540,290
ORD0009796,1/15/2023,20230115,CUS02655,14,EMP0203,Credit Card,Completed,1793,1020
ORD0006525,1/15/2023,20230115,CUS01712,1,EMP0020,Fawry,Completed,21910,20230
ORD0001036,1/15/2023,20230115,CUS01934,15,EMP0211,Credit Card,Returned,2314,1400
ORD0008866,1/15/2023,20230115,CUS00543,1,EMP0017,Credit Card,Completed,508,290
ORD0002845,1/15/2023,20230115,CUS02567,12,EMP0184,Debit Card,Completed,1216,640
ORD0007698,1/15/2023,20230115,CUS01516,5,No_Employee_id,InstaPay,Completed,422,200
ORD0008685,1/15/2023,20230115,CUS00060,14,EMP0198,Debit Card,Completed,693,380
ORD0001600,1/15/2023,20230115,CUS02517,3,EMP0067,Credit Card,Completed,5200,4000
ORD0010344,1/15/2023,20230115,CUS00131,8,EMP0140,Vodafone Cash,Completed,36780,32440
ORD0002060,1/15/2023,20230115,CUS02878,3,EMP0060,Credit Card,Completed,423,230
ORD0001803,1/15/2023,20230115,CUS00683,13,EMP0186,Vodafone Cash,Completed,1577,830
ORD0002018,1/15/2023,20230115,CUS00072,3,EMP0074,Cash,Completed,441,240
ORD0004641,1/16/2023,20230116,CUS01109,4,EMP0091,Cash,Completed,1157,590
ORD0009157,1/16/2023,20230116,CUS01775,1,EMP0002,InstaPay,Completed,228,120
ORD0010220,1/16/2023,20230116,CUS02292,3,EMP0069,Credit Card,Completed,300,140
ORD0001360,1/16/2023,20230116,CUS02895,2,EMP0052,Debit Card,Completed,779,390
ORD0001511,1/16/2023,20230116,CUS01633,2,No_Employee_id,Debit Card,Completed,475,240
ORD0010475,1/16/2023,20230116,CUS00292,4,EMP0086,Fawry,Completed,1235,1000
ORD0000499,1/16/2023,20230116,CUS00094,2,EMP0046,InstaPay,Completed,765,380
ORD0003389,1/16/2023,20230116,CUS02959,3,EMP0066,Debit Card,Completed,1656,900
ORD0004604,1/16/2023,20230116,CUS01471,13,EMP0187,Fawry,Completed,20592,16940
ORD0009143,1/16/2023,20230116,CUS02562,7,EMP0127,Debit Card,Completed,2701,1520
ORD0010380,1/16/2023,20230116,CUS02265,10,EMP0158,Vodafone Cash,Completed,607.5,390
ORD0000343,1/16/2023,20230116,CUS00712,7,EMP0134,InstaPay,Completed,661.5,370
ORD0005877,1/16/2023,20230116,CUS02534,1,EMP0020,Cash,Completed,4319,3600
ORD0001936,1/17/2023,20230117,CUS01637,3,EMP0063,Credit Card,Completed,180,80
ORD0002625,1/17/2023,20230117,CUS01171,1,EMP0017,Cash,Completed,240,120
ORD0004464,1/17/2023,20230117,CUS00850,3,EMP0064,Vodafone Cash,Completed,770,380
ORD0011712,1/17/2023,20230117,CUS00302,1,EMP0019,InstaPay,Completed,902,500
ORD0001496,1/17/2023,20230117,CUS02463,6,EMP0123,Fawry,Completed,114,60
ORD0005497,1/17/2023,20230117,CUS01683,15,EMP0211,InstaPay,Completed,987.5,570
ORD0005417,1/17/2023,20230117,CUS00400,10,EMP0152,Credit Card,Completed,104,60
ORD0001646,1/17/2023,20230117,CUS02567,9,EMP0146,Credit Card,Cancelled,519.5,270
ORD0002184,1/17/2023,20230117,CUS02431,14,EMP0203,Debit Card,Completed,576,280
ORD0011341,1/17/2023,20230117,CUS00254,3,EMP0060,Fawry,Completed,5143,3790
ORD0001761,1/17/2023,20230117,CUS02987,5,EMP0101,Cash,Completed,720,360
ORD0011266,1/17/2023,20230117,CUS02744,2,EMP0046,Fawry,Completed,608.5,360
ORD0010639,1/17/2023,20230117,CUS01828,6,EMP0121,Cash,Completed,18055,15040
ORD0006232,1/17/2023,20230117,CUS00642,1,EMP0020,Fawry,Completed,3022,1600
ORD0011400,1/17/2023,20230117,CUS01183,1,EMP0001,InstaPay,Completed,1020,490
ORD0010529,1/17/2023,20230117,CUS00553,5,EMP0111,Fawry,Completed,5965,4910
ORD0006453,1/18/2023,20230118,CUS01853,2,EMP0034,Vodafone Cash,Completed,698.5,390
ORD0009328,1/18/2023,20230118,CUS01814,1,No_Employee_id,Debit Card,Completed,168,100
ORD0000103,1/18/2023,20230118,CUS01956,13,EMP0188,Fawry,Completed,1196,590
ORD0009142,1/18/2023,20230118,CUS00274,14,EMP0194,Cash,Completed,8446,6640
ORD0011002,1/18/2023,20230118,CUS02525,1,EMP0025,InstaPay,Completed,660,330
ORD0011316,1/18/2023,20230118,CUS00700,9,EMP0145,Vodafone Cash,Completed,142.5,70
ORD0011719,1/18/2023,20230118,CUS02633,2,EMP0052,Fawry,Completed,160,70
ORD0006951,1/18/2023,20230118,CUS01406,5,EMP0098,Debit Card,Completed,6249,4640
ORD0001053,1/18/2023,20230118,CUS02980,11,EMP0173,Debit Card,Completed,208,120
ORD0011512,1/18/2023,20230118,CUS00955,10,EMP0161,Fawry,Completed,25693,22180
ORD0008180,1/18/2023,20230118,CUS02392,1,No_Employee_id,Vodafone Cash,Completed,15035,12340
ORD0007040,1/18/2023,20230118,CUS01164,1,EMP0025,Cash,Completed,210,100
ORD0005087,1/18/2023,20230118,CUS02471,14,EMP0198,Fawry,Returned,81,40
ORD0008468,1/19/2023,20230119,CUS01511,8,EMP0144,Debit Card,Completed,412,210
ORD0001462,1/19/2023,20230119,CUS02017,5,EMP0107,Fawry,Completed,1760,970
ORD0001914,1/19/2023,20230119,CUS01164,2,EMP0051,Credit Card,Completed,342,180
ORD0004027,1/19/2023,20230119,CUS02623,1,EMP0021,InstaPay,Completed,264.5,140
ORD0002791,1/19/2023,20230119,CUS01825,2,EMP0032,Debit Card,Completed,300,140
ORD0002053,1/19/2023,20230119,CUS02535,2,EMP0052,InstaPay,Completed,584,310
ORD0006818,1/19/2023,20230119,CUS01238,4,EMP0082,Credit Card,Completed,1176,720
ORD0011128,1/19/2023,20230119,CUS01826,1,EMP0017,Credit Card,Completed,1320,960
ORD0006858,1/19/2023,20230119,CUS02008,6,EMP0123,Fawry,Completed,6051,5470
ORD0002563,1/19/2023,20230119,CUS00625,2,EMP0051,InstaPay,Completed,337.5,200
ORD0005968,1/19/2023,20230119,CUS00547,9,EMP0150,Credit Card,Completed,360,170
ORD0000906,1/19/2023,20230119,CUS01699,5,EMP0101,InstaPay,Completed,342,180
ORD0011234,1/19/2023,20230119,CUS02820,13,EMP0189,Fawry,Completed,120,70
ORD0002447,1/19/2023,20230119,CUS01868,3,EMP0064,Vodafone Cash,Returned,781,390
ORD0003275,1/20/2023,20230120,CUS00083,6,EMP0123,InstaPay,Returned,310,150
ORD0003066,1/20/2023,20230120,CUS01854,11,EMP0165,Debit Card,Completed,822,450
ORD0008861,1/20/2023,20230120,CUS01296,13,EMP0193,InstaPay,Completed,285,140
ORD0003225,1/20/2023,20230120,CUS00158,1,EMP0015,Fawry,Completed,5081,4670
ORD0010582,1/20/2023,20230120,CUS01556,1,EMP0023,Cash,Completed,1511,750
ORD0008210,1/20/2023,20230120,CUS00971,3,No_Employee_id,InstaPay,Completed,180,80
ORD0011123,1/20/2023,20230120,CUS02435,7,EMP0133,Credit Card,Completed,229.5,120
ORD0000220,1/20/2023,20230120,CUS01400,9,EMP0149,Cash,Completed,480,500
ORD0008775,1/20/2023,20230120,CUS01407,15,EMP0210,Vodafone Cash,Completed,108,60
ORD0007737,1/20/2023,20230120,CUS01489,10,EMP0152,Cash,Completed,12771,10290
ORD0001669,1/20/2023,20230120,CUS02703,7,EMP0129,Fawry,Completed,540,300
ORD0010387,1/20/2023,20230120,CUS02725,6,EMP0120,Vodafone Cash,Completed,36700,32410
ORD0008725,1/20/2023,20230120,CUS00624,6,EMP0120,Vodafone Cash,Completed,270,130
ORD0011404,1/21/2023,20230121,CUS00014,10,EMP0154,Vodafone Cash,Completed,535.5,320
ORD0002278,1/21/2023,20230121,CUS02357,3,EMP0064,Fawry,Completed,972,470
ORD0004908,1/21/2023,20230121,CUS01310,11,EMP0171,Fawry,Completed,2648,1470
ORD0004120,1/21/2023,20230121,CUS01063,6,EMP0123,Cash,Completed,1985,1000
ORD0010150,1/21/2023,20230121,CUS00240,10,EMP0163,Cash,Completed,4629.5,2320
ORD0000079,1/21/2023,20230121,CUS00745,2,No_Employee_id,Debit Card,Completed,576,300
ORD0004364,1/22/2023,20230122,CUS00750,12,EMP0178,Vodafone Cash,Completed,1214,650
ORD0001758,1/22/2023,20230122,CUS01940,10,EMP0156,Fawry,Completed,2394,1240
ORD0002940,1/22/2023,20230122,CUS00182,3,EMP0061,Debit Card,Completed,840,400
ORD0005100,1/22/2023,20230122,CUS00636,6,EMP0118,Vodafone Cash,Completed,14649,12200
ORD0000466,1/22/2023,20230122,CUS00402,8,EMP0143,Fawry,Completed,418,200
ORD0004628,1/22/2023,20230122,CUS00159,4,EMP0089,Credit Card,Completed,711.5,400
ORD0005839,1/22/2023,20230122,CUS02964,13,EMP0187,InstaPay,Completed,732.5,360
ORD0003469,1/22/2023,20230122,CUS01807,14,EMP0197,InstaPay,Completed,2314,1270
ORD0008536,1/22/2023,20230122,CUS00625,12,EMP0175,InstaPay,Completed,1705.5,970
ORD0003093,1/22/2023,20230122,CUS01667,3,EMP0069,Debit Card,Completed,2297,1190
ORD0005944,1/23/2023,20230123,CUS02575,13,EMP0190,InstaPay,Completed,6077.5,5670
ORD0011245,1/23/2023,20230123,CUS01749,10,EMP0160,Fawry,Completed,540,290
ORD0002523,1/23/2023,20230123,CUS02500,7,EMP0128,Fawry,Completed,2608,1380
ORD0011724,1/23/2023,20230123,CUS00615,2,EMP0046,Debit Card,Completed,9500,8750
ORD0005993,1/23/2023,20230123,CUS01704,3,EMP0071,Debit Card,Completed,366,180
ORD0004772,1/23/2023,20230123,CUS00173,8,EMP0143,Credit Card,Returned,1962.5,1110
ORD0002952,1/23/2023,20230123,CUS01284,2,EMP0052,Credit Card,Completed,282,140
ORD0001889,1/23/2023,20230123,CUS00514,1,No_Employee_id,Vodafone Cash,Completed,2691.5,1430
ORD0011202,1/23/2023,20230123,CUS00942,12,EMP0179,Vodafone Cash,Completed,170,80
ORD0008820,1/24/2023,20230124,CUS02873,3,EMP0059,Debit Card,Cancelled,630,330
ORD0001002,1/24/2023,20230124,CUS02385,11,EMP0171,Cash,Completed,2272,1400
ORD0009009,1/24/2023,20230124,CUS01567,4,EMP0089,Debit Card,Completed,80,40
ORD0008736,1/24/2023,20230124,CUS00819,8,EMP0141,Cash,Completed,1260,600
ORD0003573,1/24/2023,20230124,CUS02446,1,EMP0028,InstaPay,Returned,26580,21280
ORD0000844,1/24/2023,20230124,CUS01695,4,EMP0087,Vodafone Cash,Returned,440,220
ORD0001584,1/24/2023,20230124,CUS00394,10,EMP0158,InstaPay,Completed,1793,910
ORD0002287,1/24/2023,20230124,CUS00351,15,EMP0206,Fawry,Completed,1483.5,820
ORD0000106,1/24/2023,20230124,CUS00181,4,EMP0082,Debit Card,Completed,457.5,300
ORD0010741,1/24/2023,20230124,CUS01362,3,EMP0075,Credit Card,Completed,1730,820
ORD0010371,1/24/2023,20230124,CUS01724,12,EMP0179,Credit Card,Completed,14650,12860
ORD0004137,1/24/2023,20230124,CUS01394,12,EMP0184,InstaPay,Completed,1702.5,950
ORD0011732,1/25/2023,20230125,CUS00417,1,No_Employee_id,Credit Card,Completed,1350,660
ORD0000113,1/25/2023,20230125,CUS01012,9,EMP0148,Vodafone Cash,Completed,3775,2120
ORD0011974,1/25/2023,20230125,CUS02606,2,EMP0031,Cash,Completed,1005.5,520
ORD0006413,1/25/2023,20230125,CUS01999,10,No_Employee_id,Credit Card,Cancelled,1722.5,900
ORD0000322,1/25/2023,20230125,CUS02281,1,EMP0017,Fawry,Completed,405,210
ORD0006443,1/25/2023,20230125,CUS01903,2,EMP0048,Credit Card,Completed,1770,980
ORD0007687,1/25/2023,20230125,CUS01016,4,EMP0090,Fawry,Completed,415,230
ORD0001958,1/25/2023,20230125,CUS01330,7,EMP0135,Debit Card,Completed,758,440
ORD0009486,1/25/2023,20230125,CUS02137,2,EMP0029,Cash,Completed,830,410
ORD0008627,1/25/2023,20230125,CUS01240,10,No_Employee_id,Debit Card,Completed,612,320
ORD0002422,1/25/2023,20230125,CUS00479,3,EMP0066,Cash,Completed,1549.5,860
ORD0006750,1/25/2023,20230125,CUS02750,14,EMP0201,Vodafone Cash,Completed,1264,720
ORD0003550,1/25/2023,20230125,CUS00296,4,EMP0093,Debit Card,Completed,279,150
ORD0010170,1/25/2023,20230125,CUS00510,8,EMP0142,Cash,Completed,336,200
ORD0009088,1/26/2023,20230126,CUS02193,6,EMP0115,Debit Card,Completed,555,310
ORD0003483,1/26/2023,20230126,CUS02486,6,EMP0116,InstaPay,Completed,260,120
ORD0004249,1/26/2023,20230126,CUS00001,2,EMP0053,Vodafone Cash,Completed,12900,12380
ORD0003506,1/26/2023,20230126,CUS00324,11,EMP0169,Debit Card,Completed,204,120
ORD0010447,1/26/2023,20230126,CUS00196,4,EMP0081,Credit Card,Completed,427.5,220
ORD0001172,1/26/2023,20230126,CUS02406,15,EMP0207,InstaPay,Completed,2332,1330
ORD0010997,1/26/2023,20230126,CUS00307,13,EMP0185,InstaPay,Completed,4590,4000
ORD0009679,1/26/2023,20230126,CUS00289,10,EMP0154,Debit Card,Completed,630,350
ORD0002412,1/26/2023,20230126,CUS01813,3,EMP0073,Credit Card,Completed,1078,590
ORD0000034,1/26/2023,20230126,CUS02051,1,EMP0003,Fawry,Completed,458.5,230
ORD0006577,1/26/2023,20230126,CUS01019,9,EMP0150,Debit Card,Completed,14097,10760
ORD0005826,1/27/2023,20230127,CUS02201,3,EMP0058,Vodafone Cash,Completed,1594.5,820
ORD0002497,1/27/2023,20230127,CUS02104,6,EMP0118,Vodafone Cash,Completed,1214,600
ORD0000724,1/27/2023,20230127,CUS00460,2,EMP0046,Cash,Returned,1318.5,760
ORD0007064,1/27/2023,20230127,CUS01334,2,EMP0039,Credit Card,Completed,119,60
ORD0006708,1/27/2023,20230127,CUS02174,4,EMP0080,InstaPay,Completed,98,60
ORD0006657,1/27/2023,20230127,CUS00314,14,EMP0200,Credit Card,Completed,277.5,180
ORD0009508,1/27/2023,20230127,CUS00099,14,EMP0196,Cash,Completed,580,360
ORD0002804,1/27/2023,20230127,CUS02778,11,EMP0164,Cash,Completed,547.5,270
ORD0008130,1/27/2023,20230127,CUS02730,12,EMP0184,Debit Card,Completed,30040,24750
ORD0010375,1/28/2023,20230128,CUS00974,4,EMP0085,Cash,Completed,841,540
ORD0005755,1/28/2023,20230128,CUS02315,14,EMP0197,InstaPay,Returned,450,220
ORD0001242,1/28/2023,20230128,CUS01031,4,EMP0088,Debit Card,Completed,300,140
ORD0004378,1/28/2023,20230128,CUS00238,4,EMP0085,Cash,Completed,1380,660
ORD0008302,1/28/2023,20230128,CUS02863,2,EMP0039,Fawry,Completed,1587.5,900
ORD0001013,1/28/2023,20230128,CUS02643,8,EMP0139,Fawry,Completed,1003,570
ORD0003061,1/28/2023,20230128,CUS01367,4,EMP0091,InstaPay,Completed,550,270
ORD0002892,1/28/2023,20230128,CUS00571,6,EMP0120,Vodafone Cash,Completed,9090,8100
ORD0004255,1/28/2023,20230128,CUS02430,3,EMP0062,Cash,Completed,7700,5940
ORD0004756,1/28/2023,20230128,CUS00234,10,EMP0163,Fawry,Returned,210,100
ORD0008558,1/29/2023,20230129,CUS01093,11,EMP0166,Credit Card,Completed,912,460
ORD0011654,1/29/2023,20230129,CUS00656,8,EMP0139,InstaPay,Completed,2385,1190
ORD0003457,1/29/2023,20230129,CUS01108,6,EMP0125,Credit Card,Completed,640,350
ORD0008851,1/29/2023,20230129,CUS02079,3,EMP0060,Fawry,Completed,540,260
ORD0009153,1/29/2023,20230129,CUS01429,1,EMP0007,Vodafone Cash,Completed,570,280
ORD0000785,1/29/2023,20230129,CUS01522,11,EMP0168,InstaPay,Completed,4080,4000
ORD0010751,1/29/2023,20230129,CUS01051,1,EMP0018,Vodafone Cash,Completed,2160,2000
ORD0000072,1/29/2023,20230129,CUS02962,6,EMP0125,Debit Card,Completed,207,110
ORD0001314,1/29/2023,20230129,CUS02786,12,EMP0179,Cash,Completed,2763,1550
ORD0004920,1/29/2023,20230129,CUS00364,4,EMP0080,Cash,Completed,2583,1470
ORD0011462,1/30/2023,20230130,CUS00464,10,EMP0153,Credit Card,Returned,298,170
ORD0010033,1/30/2023,20230130,CUS01687,4,EMP0092,Fawry,Completed,667,330
ORD0008710,1/30/2023,20230130,CUS02004,6,EMP0117,Credit Card,Completed,464,240
ORD0002162,1/30/2023,20230130,CUS01463,1,EMP0019,Fawry,Completed,723,430
ORD0006530,1/30/2023,20230130,CUS00679,14,EMP0197,Vodafone Cash,Completed,200,90
ORD0005399,1/30/2023,20230130,CUS02708,12,EMP0181,Fawry,Completed,160,80
ORD0001101,1/30/2023,20230130,CUS02963,7,EMP0129,Credit Card,Completed,2155,1200
ORD0011345,1/30/2023,20230130,CUS00513,15,EMP0211,InstaPay,Completed,1362,690
ORD0003101,1/30/2023,20230130,CUS02471,3,EMP0057,Fawry,Completed,153,80
ORD0001268,1/30/2023,20230130,CUS02119,1,EMP0023,InstaPay,Completed,2539.5,1770
ORD0011125,1/30/2023,20230130,CUS00043,8,EMP0138,Cash,Returned,247.5,160
ORD0004984,1/30/2023,20230130,CUS02481,2,EMP0041,Credit Card,Completed,260,130
ORD0004037,1/30/2023,20230130,CUS02482,2,EMP0030,Fawry,Completed,202.5,130
ORD0003980,1/30/2023,20230130,CUS00450,1,EMP0008,InstaPay,Completed,119,70
ORD0000629,1/31/2023,20230131,CUS01071,11,EMP0164,InstaPay,Completed,365.5,210
ORD0004063,1/31/2023,20230131,CUS02041,8,EMP0138,Credit Card,Returned,2440,1200
ORD0010981,1/31/2023,20230131,CUS02020,1,EMP0015,InstaPay,Completed,224,140
ORD0002853,1/31/2023,20230131,CUS00949,12,EMP0175,Vodafone Cash,Completed,1080,540
ORD0003946,1/31/2023,20230131,CUS00296,10,EMP0161,InstaPay,Cancelled,400,250
ORD0000723,1/31/2023,20230131,CUS00671,14,EMP0197,Cash,Completed,1935,950
ORD0003489,1/31/2023,20230131,CUS00543,4,No_Employee_id,Fawry,Completed,1399,780
ORD0010801,1/31/2023,20230131,CUS02228,13,EMP0187,Cash,Completed,459,240
ORD0006693,1/31/2023,20230131,CUS00043,4,EMP0080,Vodafone Cash,Completed,85,40
ORD0000909,1/31/2023,20230131,CUS00956,6,EMP0115,Credit Card,Completed,3510.5,1900
ORD0003630,1/31/2023,20230131,CUS02564,8,EMP0138,Fawry,Completed,1544,770
ORD0001799,1/31/2023,20230131,CUS01005,1,EMP0021,Debit Card,Completed,1328,640
ORD0008799,1/31/2023,20230131,CUS02150,1,EMP0011,Cash,Completed,2876,1850
ORD0001942,1/31/2023,20230131,CUS00718,4,EMP0088,Cash,Completed,14096,11980
ORD0008100,1/31/2023,20230131,CUS02416,15,EMP0212,Vodafone Cash,Completed,540,300
ORD0000846,1/31/2023,20230131,CUS02587,7,EMP0132,Vodafone Cash,Completed,144,70
ORD0010167,2/1/2023,20230201,CUS02232,4,EMP0086,Credit Card,Completed,20560,16270
ORD0000462,2/1/2023,20230201,CUS00848,2,EMP0039,Credit Card,Completed,285,140
ORD0011041,2/1/2023,20230201,CUS01208,1,EMP0010,Fawry,Completed,12756,10260
ORD0009597,2/1/2023,20230201,CUS01516,8,EMP0144,Cash,Completed,705.5,410
ORD0011129,2/1/2023,20230201,CUS02098,7,EMP0133,Credit Card,Completed,3286,1880
ORD0004296,2/1/2023,20230201,CUS01844,15,No_Employee_id,Credit Card,Completed,677,370
ORD0000648,2/1/2023,20230201,CUS02282,4,EMP0081,Credit Card,Completed,648,340
ORD0002239,2/1/2023,20230201,CUS01578,1,EMP0017,Cash,Returned,1080,700
ORD0010604,2/1/2023,20230201,CUS01651,5,EMP0097,Vodafone Cash,Completed,1350,660
ORD0003472,2/1/2023,20230201,CUS02686,11,EMP0166,Credit Card,Completed,2415,1270
ORD0005904,2/1/2023,20230201,CUS01531,10,EMP0162,Fawry,Completed,558.5,290
ORD0006127,2/1/2023,20230201,CUS02854,4,EMP0085,Debit Card,Completed,480,210
ORD0001389,2/2/2023,20230202,CUS01334,1,EMP0008,InstaPay,Completed,444,240
ORD0003574,2/2/2023,20230202,CUS00560,12,EMP0184,Fawry,Completed,701.5,340
ORD0010739,2/2/2023,20230202,CUS00772,2,EMP0039,Debit Card,Completed,1809,980
ORD0007440,2/2/2023,20230202,CUS02767,3,EMP0066,Vodafone Cash,Completed,1200,1200
ORD0003516,2/2/2023,20230202,CUS01414,2,EMP0048,InstaPay,Completed,933,460
ORD0009922,2/2/2023,20230202,CUS00204,2,EMP0053,Cash,Completed,443,260
ORD0007999,2/2/2023,20230202,CUS00884,2,EMP0035,Credit Card,Completed,135,70
ORD0000661,2/2/2023,20230202,CUS02648,5,EMP0107,Debit Card,Completed,540,260
ORD0000975,2/2/2023,20230202,CUS02961,3,EMP0067,InstaPay,Cancelled,14580,11760
ORD0009617,2/2/2023,20230202,CUS01157,1,EMP0011,Vodafone Cash,Returned,980,460
ORD0011384,2/2/2023,20230202,CUS00946,2,EMP0041,Credit Card,Completed,5016.5,3480
ORD0006426,2/2/2023,20230202,CUS02842,10,EMP0153,Vodafone Cash,Completed,225,120
ORD0003580,2/2/2023,20230202,CUS00907,6,No_Employee_id,InstaPay,Completed,161.5,90
ORD0009464,2/3/2023,20230203,CUS01611,10,EMP0161,Vodafone Cash,Completed,648,350
ORD0008377,2/3/2023,20230203,CUS02252,10,EMP0162,Debit Card,Completed,270,140
ORD0007049,2/3/2023,20230203,CUS01376,10,EMP0157,Debit Card,Completed,1117.5,640
ORD0006391,2/3/2023,20230203,CUS01621,14,EMP0194,Credit Card,Completed,2076,1050
ORD0009159,2/3/2023,20230203,CUS00803,4,EMP0079,InstaPay,Completed,238,120
ORD0001925,2/3/2023,20230203,CUS02708,1,EMP0004,Debit Card,Cancelled,760,400
ORD0006225,2/3/2023,20230203,CUS00254,13,EMP0186,InstaPay,Completed,279,140
ORD0003116,2/3/2023,20230203,CUS02280,8,EMP0139,Credit Card,Returned,1269,660
ORD0011000,2/3/2023,20230203,CUS01730,10,EMP0160,Credit Card,Returned,639,350
ORD0002968,2/3/2023,20230203,CUS00880,1,EMP0011,Credit Card,Completed,30179,25010
ORD0007187,2/3/2023,20230203,CUS02083,12,EMP0181,Fawry,Completed,150,70
ORD0004807,2/3/2023,20230203,CUS02102,9,EMP0147,Cash,Completed,63,40
ORD0004308,2/3/2023,20230203,CUS01691,3,EMP0056,Fawry,Completed,612,340
ORD0004244,2/4/2023,20230204,CUS01022,5,EMP0106,Debit Card,Completed,360,160
ORD0000688,2/4/2023,20230204,CUS02278,4,EMP0094,InstaPay,Completed,3132,1840
ORD0003976,2/4/2023,20230204,CUS00605,4,EMP0089,InstaPay,Completed,922,530
ORD0011782,2/4/2023,20230204,CUS02827,14,EMP0196,Debit Card,Completed,420,200
ORD0007664,2/4/2023,20230204,CUS02064,4,EMP0083,Cash,Cancelled,285,140
ORD0005865,2/4/2023,20230204,CUS02384,1,EMP0018,Credit Card,Completed,544,300
ORD0006880,2/4/2023,20230204,CUS01344,6,EMP0121,Fawry,Returned,260,130
ORD0002432,2/4/2023,20230204,CUS02889,1,EMP0013,Debit Card,Completed,18606,14090
ORD0000773,2/4/2023,20230204,CUS02906,3,EMP0057,Cash,Completed,333,180
ORD0008452,2/4/2023,20230204,CUS02618,6,EMP0122,Cash,Completed,6840,5600
ORD0009999,2/5/2023,20230205,CUS02272,3,EMP0074,Credit Card,Completed,630,340
ORD0007709,2/5/2023,20230205,CUS01378,7,EMP0132,Debit Card,Completed,1013,520
ORD0005390,2/5/2023,20230205,CUS01375,1,EMP0025,Cash,Completed,1273.5,640
ORD0007672,2/5/2023,20230205,CUS01867,2,EMP0047,Fawry,Completed,4064,2090
ORD0008186,2/5/2023,20230205,CUS02569,15,EMP0206,Debit Card,Completed,23491.5,21590
ORD0006594,2/5/2023,20230205,CUS01259,4,EMP0093,Vodafone Cash,Completed,224,160
ORD0002450,2/5/2023,20230205,CUS02490,1,EMP0026,InstaPay,Returned,1139,740
ORD0002442,2/5/2023,20230205,CUS00904,2,EMP0040,InstaPay,Completed,1466,730
ORD0003109,2/5/2023,20230205,CUS02917,2,EMP0038,Credit Card,Cancelled,844,470
ORD0001211,2/5/2023,20230205,CUS00722,1,EMP0024,Debit Card,Completed,3424,2570
ORD0002982,2/5/2023,20230205,CUS02722,1,EMP0027,Credit Card,Completed,410,190
ORD0004713,2/5/2023,20230205,CUS02950,2,EMP0032,Vodafone Cash,Completed,790.5,450
ORD0009389,2/5/2023,20230205,CUS02765,14,EMP0203,Cash,Completed,400,180
ORD0000953,2/5/2023,20230205,CUS00715,15,EMP0213,Fawry,Completed,2236.5,1140
ORD0010494,2/6/2023,20230206,CUS00750,4,EMP0087,Cash,Completed,7121.5,5250
ORD0009914,2/6/2023,20230206,CUS02866,1,EMP0012,Cash,Completed,890,500
ORD0010706,2/6/2023,20230206,CUS02298,1,EMP0016,Credit Card,Completed,2130,1100
ORD0009859,2/6/2023,20230206,CUS02020,4,EMP0093,InstaPay,Completed,340,160
ORD0002421,2/6/2023,20230206,CUS01497,2,EMP0043,Fawry,Completed,342,180
ORD0010308,2/6/2023,20230206,CUS02015,13,EMP0191,Vodafone Cash,Completed,297.5,170
ORD0002216,2/6/2023,20230206,CUS02646,6,No_Employee_id,InstaPay,Completed,126,70
ORD0008687,2/6/2023,20230206,CUS00858,1,EMP0024,Debit Card,Completed,200,100
ORD0004972,2/6/2023,20230206,CUS01559,7,EMP0128,Credit Card,Completed,1160,560
ORD0010301,2/6/2023,20230206,CUS02831,5,EMP0109,Vodafone Cash,Completed,289,160
ORD0000373,2/6/2023,20230206,CUS02621,2,EMP0030,Credit Card,Completed,1323.5,810
ORD0002676,2/6/2023,20230206,CUS02071,1,EMP0007,Cash,Completed,171,90
ORD0006274,2/6/2023,20230206,CUS02323,3,EMP0071,Credit Card,Completed,1305,750
ORD0008009,2/7/2023,20230207,CUS01983,8,EMP0141,Debit Card,Completed,15900,12700
ORD0001315,2/7/2023,20230207,CUS00348,15,EMP0212,InstaPay,Completed,517,290
ORD0009688,2/7/2023,20230207,CUS01710,2,EMP0052,Credit Card,Completed,2755.5,1860
ORD0001279,2/7/2023,20230207,CUS01354,1,EMP0027,Fawry,Completed,360,160
ORD0007710,2/7/2023,20230207,CUS01576,1,EMP0022,Cash,Completed,1339.5,690
ORD0002491,2/7/2023,20230207,CUS00310,2,EMP0031,Debit Card,Completed,10769.5,8630
ORD0009120,2/7/2023,20230207,CUS01755,10,EMP0163,Vodafone Cash,Completed,144,80
ORD0003359,2/7/2023,20230207,CUS01737,14,EMP0201,Cash,Completed,5490,4900
ORD0005308,2/7/2023,20230207,CUS01461,3,EMP0069,Credit Card,Completed,2000,1600
ORD0006710,2/7/2023,20230207,CUS01040,6,EMP0114,Vodafone Cash,Completed,1113,550
ORD0009290,2/7/2023,20230207,CUS00940,1,EMP0005,Credit Card,Completed,2286.5,1190
ORD0000048,2/8/2023,20230208,CUS02611,3,EMP0077,Debit Card,Completed,922,460
ORD0006338,2/8/2023,20230208,CUS01584,15,EMP0204,Vodafone Cash,Returned,1660,850
ORD0004489,2/8/2023,20230208,CUS02376,6,EMP0116,Fawry,Completed,270,170
ORD0009296,2/8/2023,20230208,CUS01162,13,EMP0193,Vodafone Cash,Completed,216,110
ORD0008846,2/8/2023,20230208,CUS00086,1,EMP0003,Fawry,Completed,1387,710
ORD0009634,2/8/2023,20230208,CUS01343,5,EMP0106,InstaPay,Completed,200,120
ORD0010694,2/9/2023,20230209,CUS02816,2,EMP0054,Fawry,Cancelled,618.5,330
ORD0005599,2/9/2023,20230209,CUS00280,5,EMP0105,Debit Card,Completed,1208,700
ORD0008119,2/9/2023,20230209,CUS00995,10,EMP0163,Cash,Completed,420,200
ORD0002681,2/9/2023,20230209,CUS00346,2,EMP0034,Vodafone Cash,Completed,464,240
ORD0002800,2/9/2023,20230209,CUS02344,2,EMP0041,InstaPay,Completed,6900,6070
ORD0011017,2/9/2023,20230209,CUS02025,14,EMP0198,Debit Card,Returned,600,500
ORD0010657,2/9/2023,20230209,CUS01652,3,EMP0055,Debit Card,Completed,3058,1640
ORD0005648,2/9/2023,20230209,CUS00866,1,EMP0004,Vodafone Cash,Completed,12884,10180
ORD0009205,2/9/2023,20230209,CUS01974,1,EMP0002,Fawry,Completed,480,230
ORD0000209,2/10/2023,20230210,CUS00741,4,EMP0086,Vodafone Cash,Completed,3938.5,2010
ORD0003315,2/10/2023,20230210,CUS01959,3,EMP0075,Vodafone Cash,Completed,750.5,390
ORD0003731,2/10/2023,20230210,CUS01618,4,EMP0092,Vodafone Cash,Completed,365.5,200
ORD0009337,2/10/2023,20230210,CUS02516,2,EMP0046,Fawry,Completed,49100,39100
ORD0003383,2/10/2023,20230210,CUS00565,1,EMP0018,Fawry,Completed,770,360
ORD0001381,2/10/2023,20230210,CUS02907,1,EMP0014,Fawry,Completed,18499,15310
ORD0004860,2/10/2023,20230210,CUS02291,2,EMP0030,Fawry,Returned,120,70
ORD0009943,2/10/2023,20230210,CUS02582,1,EMP0024,Fawry,Completed,1879,950
ORD0006589,2/10/2023,20230210,CUS01434,3,EMP0073,Cash,Completed,522,280
ORD0002410,2/10/2023,20230210,CUS02331,5,EMP0111,Credit Card,Returned,1500,1600
ORD0004786,2/11/2023,20230211,CUS02754,5,EMP0110,Vodafone Cash,Completed,27114,21400
ORD0010391,2/11/2023,20230211,CUS00836,1,EMP0024,Cash,Completed,187.5,120
ORD0004947,2/11/2023,20230211,CUS00445,7,EMP0136,Cash,Completed,9263,6650
ORD0006628,2/11/2023,20230211,CUS02717,12,EMP0177,Fawry,Completed,1182,630
ORD0011064,2/11/2023,20230211,CUS02226,4,EMP0092,Cash,Completed,1556.5,860
ORD0007583,2/11/2023,20230211,CUS02224,4,EMP0084,Fawry,Completed,13900,11800
ORD0010284,2/11/2023,20230211,CUS02258,2,EMP0033,Fawry,Completed,152,70
ORD0009868,2/11/2023,20230211,CUS00085,2,EMP0048,Vodafone Cash,Completed,770,380
ORD0005272,2/11/2023,20230211,CUS02663,1,EMP0012,Vodafone Cash,Completed,515,260
ORD0011009,2/11/2023,20230211,CUS00185,5,EMP0111,InstaPay,Completed,1144,600
ORD0003348,2/11/2023,20230211,CUS02910,15,EMP0212,Cash,Completed,160,70
ORD0008875,2/11/2023,20230211,CUS00273,11,EMP0169,InstaPay,Completed,720,390
ORD0001488,2/12/2023,20230212,CUS02264,3,EMP0071,Fawry,Completed,81,40
ORD0001344,2/12/2023,20230212,CUS00396,11,EMP0171,InstaPay,Completed,600,290
ORD0011395,2/12/2023,20230212,CUS00089,5,EMP0096,Vodafone Cash,Completed,2598,1740
ORD0001940,2/12/2023,20230212,CUS01823,11,EMP0173,Cash,Completed,10180,8400
ORD0009139,2/12/2023,20230212,CUS02099,1,EMP0014,Debit Card,Completed,440,200
ORD0008785,2/12/2023,20230212,CUS00501,7,EMP0135,Credit Card,Completed,142.5,70
ORD0005338,2/12/2023,20230212,CUS02936,5,EMP0110,InstaPay,Completed,130,60
ORD0006157,2/12/2023,20230212,CUS01253,14,EMP0195,Vodafone Cash,Completed,489,250
ORD0003171,2/12/2023,20230212,CUS00825,1,EMP0012,Debit Card,Completed,1890,1640
ORD0007872,2/12/2023,20230212,CUS01948,6,EMP0125,Fawry,Completed,304,160
ORD0008547,2/12/2023,20230212,CUS01240,5,EMP0100,Debit Card,Completed,5846.5,5030
ORD0007928,2/12/2023,20230212,CUS01513,4,EMP0088,Vodafone Cash,Completed,534.5,280
ORD0009049,2/12/2023,20230212,CUS01611,11,EMP0168,Vodafone Cash,Completed,380,180
ORD0001659,2/12/2023,20230212,CUS01284,2,EMP0051,Credit Card,Completed,3140,1680
ORD0003351,2/13/2023,20230213,CUS02979,1,No_Employee_id,Credit Card,Completed,23760,21200
ORD0000201,2/13/2023,20230213,CUS02046,5,EMP0096,Fawry,Returned,1323,720
ORD0005055,2/13/2023,20230213,CUS00499,11,EMP0164,Cash,Completed,2404,1420
ORD0004496,2/13/2023,20230213,CUS01410,1,EMP0004,InstaPay,Completed,275.5,140
ORD0000881,2/13/2023,20230213,CUS02075,5,EMP0111,Fawry,Completed,1044,620
ORD0006993,2/13/2023,20230213,CUS00010,4,EMP0087,InstaPay,Completed,856,430
ORD0007038,2/13/2023,20230213,CUS01839,3,EMP0059,Vodafone Cash,Completed,376.5,220
ORD0011653,2/13/2023,20230213,CUS00062,3,EMP0062,Fawry,Completed,280,140
ORD0002334,2/13/2023,20230213,CUS00582,3,EMP0069,Fawry,Completed,969,480
ORD0001406,2/13/2023,20230213,CUS00601,8,EMP0142,Credit Card,Completed,24000,19200
ORD0001330,2/14/2023,20230214,CUS01061,11,EMP0169,InstaPay,Completed,3400,1680
ORD0000725,2/14/2023,20230214,CUS00158,3,EMP0068,Debit Card,Completed,350,160
ORD0004215,2/14/2023,20230214,CUS00311,2,EMP0048,Credit Card,Completed,985.5,640
ORD0000244,2/14/2023,20230214,CUS00731,8,EMP0141,Vodafone Cash,Completed,1320,640
ORD0010695,2/14/2023,20230214,CUS02210,7,EMP0130,Fawry,Completed,12099.5,11300
ORD0000554,2/14/2023,20230214,CUS01927,5,EMP0102,Debit Card,Completed,90,40
ORD0003089,2/14/2023,20230214,CUS02418,8,EMP0137,Fawry,Completed,862.5,450
ORD0005942,2/14/2023,20230214,CUS02246,4,No_Employee_id,Vodafone Cash,Completed,2006,1070
ORD0008350,2/14/2023,20230214,CUS01799,12,EMP0176,Credit Card,Completed,655.5,340
ORD0006062,2/15/2023,20230215,CUS00095,12,EMP0178,Debit Card,Completed,1904,1120
ORD0010420,2/15/2023,20230215,CUS01861,10,EMP0163,Vodafone Cash,Completed,500,230
ORD0004297,2/15/2023,20230215,CUS00585,2,EMP0034,Credit Card,Completed,378,200
ORD0010519,2/15/2023,20230215,CUS00881,2,EMP0050,InstaPay,Completed,13157.5,11160
ORD0009403,2/15/2023,20230215,CUS02361,4,EMP0091,Fawry,Completed,1342,760
ORD0005419,2/15/2023,20230215,CUS02798,10,EMP0154,Credit Card,Returned,18180,16200
ORD0004699,2/15/2023,20230215,CUS02470,3,EMP0065,Cash,Completed,700,340
ORD0002318,2/15/2023,20230215,CUS02075,14,EMP0199,InstaPay,Completed,119,60
ORD0001475,2/16/2023,20230216,CUS01875,7,EMP0134,Cash,Completed,2166,1120
ORD0011932,2/16/2023,20230216,CUS01813,5,EMP0112,Debit Card,Completed,224,140
ORD0001852,2/16/2023,20230216,CUS00567,3,EMP0055,Cash,Completed,9719,8400
ORD0000945,2/16/2023,20230216,CUS02038,1,EMP0006,Vodafone Cash,Cancelled,513,270
ORD0003162,2/16/2023,20230216,CUS00506,3,EMP0066,Fawry,Completed,5267,4840
ORD0003301,2/16/2023,20230216,CUS00694,10,EMP0156,Fawry,Completed,970,490
ORD0000107,2/16/2023,20230216,CUS02639,9,EMP0146,InstaPay,Completed,865.5,530
ORD0009089,2/16/2023,20230216,CUS01998,6,EMP0115,Fawry,Completed,910,440
ORD0010023,2/16/2023,20230216,CUS02369,14,EMP0196,Vodafone Cash,Completed,440,210
ORD0004415,2/16/2023,20230216,CUS01451,5,EMP0098,Cash,Completed,210,100
ORD0011332,2/16/2023,20230216,CUS00565,1,EMP0015,Fawry,Completed,873,500
ORD0006178,2/16/2023,20230216,CUS01503,11,EMP0173,Cash,Completed,21456,18610
ORD0005330,2/16/2023,20230216,CUS00701,4,EMP0094,Fawry,Completed,840,400
ORD0010865,2/16/2023,20230216,CUS01411,9,No_Employee_id,Credit Card,Completed,5900,4700
ORD0009712,2/16/2023,20230216,CUS02650,2,EMP0043,Credit Card,Completed,266,140
ORD0010731,2/16/2023,20230216,CUS01112,3,EMP0072,Credit Card,Completed,754,400
ORD0004317,2/17/2023,20230217,CUS01637,1,EMP0023,Credit Card,Completed,1140,650
ORD0003226,2/17/2023,20230217,CUS01017,7,EMP0133,Debit Card,Completed,541.5,270
ORD0003974,2/17/2023,20230217,CUS01046,4,EMP0083,Vodafone Cash,Completed,690,410
ORD0011501,2/17/2023,20230217,CUS02075,10,EMP0158,Cash,Completed,10100,8100
ORD0008689,2/17/2023,20230217,CUS01284,3,EMP0077,Vodafone Cash,Completed,917.5,480
ORD0007191,2/17/2023,20230217,CUS02065,7,EMP0131,Cash,Completed,1088,610
ORD0011094,2/17/2023,20230217,CUS01805,14,EMP0203,Vodafone Cash,Completed,2189.5,1140
ORD0011817,2/17/2023,20230217,CUS01676,4,EMP0084,Debit Card,Completed,940,450
ORD0010947,2/17/2023,20230217,CUS00842,1,EMP0003,InstaPay,Completed,289,160
ORD0008643,2/17/2023,20230217,CUS01112,4,EMP0088,InstaPay,Completed,14914,12610
ORD0000959,2/17/2023,20230217,CUS01663,1,EMP0011,Debit Card,Completed,459,260
ORD0004975,2/17/2023,20230217,CUS01809,5,EMP0100,Cash,Completed,2234,1720
ORD0007590,2/17/2023,20230217,CUS02005,2,EMP0039,Debit Card,Completed,1700,850
ORD0008211,2/18/2023,20230218,CUS00860,2,EMP0054,Cash,Completed,340,160
ORD0005046,2/18/2023,20230218,CUS00842,1,EMP0027,InstaPay,Completed,17707.5,15440
ORD0001487,2/18/2023,20230218,CUS00155,1,EMP0020,Credit Card,Completed,3200,3200
ORD0011786,2/18/2023,20230218,CUS00142,10,EMP0163,Cash,Completed,12194,10680
ORD0001068,2/18/2023,20230218,CUS01101,15,EMP0211,Fawry,Completed,1981.5,1120
ORD0008930,2/18/2023,20230218,CUS00889,2,EMP0048,Credit Card,Completed,1080,510
ORD0004730,2/18/2023,20230218,CUS02364,5,EMP0104,Fawry,Completed,405,220
ORD0010653,2/18/2023,20230218,CUS01768,1,EMP0016,Cash,Completed,600,280
ORD0000421,2/19/2023,20230219,CUS00486,10,EMP0155,Credit Card,Completed,180.5,90
ORD0009008,2/19/2023,20230219,CUS00468,12,EMP0175,Debit Card,Completed,702,390
ORD0006346,2/19/2023,20230219,CUS00094,15,EMP0216,Vodafone Cash,Completed,441,240
ORD0005010,2/19/2023,20230219,CUS00286,1,EMP0016,Credit Card,Returned,450,210
ORD0003758,2/19/2023,20230219,CUS02771,6,No_Employee_id,Credit Card,Completed,190,90
ORD0006068,2/19/2023,20230219,CUS00035,5,EMP0098,InstaPay,Completed,32262,26880
ORD0006029,2/19/2023,20230219,CUS00691,15,EMP0209,Vodafone Cash,Completed,19931,16260
ORD0008602,2/19/2023,20230219,CUS00290,11,EMP0170,InstaPay,Completed,720,330
ORD0010522,2/19/2023,20230219,CUS01032,2,EMP0029,Credit Card,Completed,1197,1060
ORD0005535,2/19/2023,20230219,CUS01045,5,EMP0106,Cash,Completed,700,370
ORD0009538,2/19/2023,20230219,CUS02831,9,EMP0151,Cash,Completed,503.5,260
ORD0003444,2/19/2023,20230219,CUS02389,1,EMP0026,Cash,Completed,3855,3750
ORD0005049,2/19/2023,20230219,CUS02899,12,EMP0184,Vodafone Cash,Completed,674,360
ORD0007652,2/19/2023,20230219,CUS01948,11,EMP0171,InstaPay,Completed,523.5,290
ORD0003098,2/19/2023,20230219,CUS00719,12,EMP0184,Fawry,Completed,261,140
ORD0004242,2/20/2023,20230220,CUS01489,13,No_Employee_id,Cash,Completed,500,240
ORD0006298,2/20/2023,20230220,CUS02833,11,EMP0173,Vodafone Cash,Completed,554.5,300
ORD0001402,2/20/2023,20230220,CUS01581,5,EMP0096,InstaPay,Completed,610,300
ORD0001232,2/20/2023,20230220,CUS01966,6,EMP0117,Vodafone Cash,Returned,2829,2380
ORD0010485,2/20/2023,20230220,CUS01535,10,EMP0160,Fawry,Completed,954,520
ORD0011580,2/20/2023,20230220,CUS02548,2,EMP0043,Vodafone Cash,Completed,16140,12580
ORD0005493,2/20/2023,20230220,CUS02060,4,EMP0088,Debit Card,Completed,1102.5,550
ORD0009282,2/20/2023,20230220,CUS00172,15,EMP0216,InstaPay,Completed,160,70
ORD0002672,2/20/2023,20230220,CUS02096,3,EMP0061,Credit Card,Completed,336,160
ORD0009017,2/21/2023,20230221,CUS01777,1,EMP0006,InstaPay,Completed,3362.5,2060
ORD0006537,2/21/2023,20230221,CUS00096,7,EMP0128,Fawry,Completed,351.5,180
ORD0002170,2/21/2023,20230221,CUS02739,10,EMP0152,Debit Card,Completed,13380,10620
ORD0011411,2/21/2023,20230221,CUS02688,6,No_Employee_id,InstaPay,Completed,390,210
ORD0001982,2/21/2023,20230221,CUS02271,2,EMP0033,Fawry,Completed,2056,1070
ORD0006265,2/21/2023,20230221,CUS01979,11,EMP0170,Vodafone Cash,Completed,76.5,40
ORD0002703,2/21/2023,20230221,CUS00493,6,No_Employee_id,Credit Card,Cancelled,480,230
ORD0001661,2/21/2023,20230221,CUS01596,5,EMP0105,InstaPay,Completed,140,60
ORD0006465,2/21/2023,20230221,CUS02556,11,No_Employee_id,Vodafone Cash,Completed,1350,660
ORD0007678,2/21/2023,20230221,CUS02974,6,EMP0115,Credit Card,Completed,90,40
ORD0004620,2/21/2023,20230221,CUS02910,4,EMP0085,Cash,Cancelled,335,170
ORD0003377,2/21/2023,20230221,CUS01587,9,EMP0151,InstaPay,Completed,313.5,160
ORD0010949,2/21/2023,20230221,CUS00399,5,EMP0111,Fawry,Completed,1040,500
ORD0003612,2/21/2023,20230221,CUS02443,10,EMP0154,InstaPay,Completed,225,140
ORD0004155,2/22/2023,20230222,CUS01078,3,EMP0055,Credit Card,Completed,1184,610
ORD0010913,2/22/2023,20230222,CUS02839,6,EMP0124,Cash,Completed,285,140
ORD0001205,2/22/2023,20230222,CUS00972,1,EMP0007,Fawry,Completed,866,460
ORD0006104,2/22/2023,20230222,CUS02197,9,EMP0151,Debit Card,Completed,646,320
ORD0006369,2/22/2023,20230222,CUS00566,10,EMP0163,InstaPay,Completed,1119,600
ORD0008718,2/22/2023,20230222,CUS00317,8,EMP0140,Cash,Returned,2260,1120
ORD0008429,2/22/2023,20230222,CUS00722,1,EMP0023,Debit Card,Completed,711,380
ORD0005592,2/22/2023,20230222,CUS02048,1,EMP0014,Credit Card,Completed,337.5,220
ORD0003199,2/22/2023,20230222,CUS00818,2,EMP0038,Debit Card,Completed,10080,8900
ORD0008659,2/22/2023,20230222,CUS02157,3,EMP0056,Fawry,Completed,1291,600
ORD0009880,2/22/2023,20230222,CUS00381,2,EMP0034,Debit Card,Completed,1475,830
ORD0000013,2/22/2023,20230222,CUS00733,3,EMP0070,Credit Card,Completed,1065.5,580
ORD0008483,2/22/2023,20230222,CUS00246,6,EMP0123,InstaPay,Completed,16610,15690
ORD0009222,2/22/2023,20230222,CUS02326,1,EMP0009,Debit Card,Completed,250,120
ORD0008195,2/23/2023,20230223,CUS00193,1,EMP0027,Cash,Completed,11880,10500
ORD0010016,2/23/2023,20230223,CUS02476,7,EMP0136,Vodafone Cash,Completed,13203.5,12260
ORD0011883,2/23/2023,20230223,CUS00224,6,EMP0114,Credit Card,Completed,1320,1160
ORD0006695,2/23/2023,20230223,CUS01862,4,EMP0083,InstaPay,Completed,21120,21000
ORD0005672,2/23/2023,20230223,CUS01846,1,EMP0016,Fawry,Completed,1972,1080
ORD0011483,2/23/2023,20230223,CUS02866,1,EMP0008,InstaPay,Completed,126,60
ORD0010974,2/23/2023,20230223,CUS01056,13,EMP0187,Debit Card,Completed,1030,500
ORD0000084,2/23/2023,20230223,CUS02047,6,EMP0120,Cash,Completed,5545.5,5380
ORD0000488,2/23/2023,20230223,CUS00828,1,No_Employee_id,InstaPay,Cancelled,430,210
ORD0009632,2/23/2023,20230223,CUS01629,1,EMP0012,Debit Card,Completed,435,240
ORD0002244,2/23/2023,20230223,CUS00991,13,EMP0193,Vodafone Cash,Returned,1230,600
ORD0009921,2/23/2023,20230223,CUS01102,12,EMP0184,Cash,Completed,306,160
ORD0011024,2/23/2023,20230223,CUS01185,2,EMP0052,Credit Card,Completed,981,520
ORD0008040,2/23/2023,20230223,CUS00353,10,EMP0156,Vodafone Cash,Completed,270,120
ORD0011811,2/23/2023,20230223,CUS02937,2,EMP0047,Cash,Returned,1267,640
ORD0011889,2/24/2023,20230224,CUS00629,14,EMP0195,Credit Card,Completed,189,100
ORD0007346,2/24/2023,20230224,CUS00995,4,EMP0082,Debit Card,Completed,646,380
ORD0007307,2/24/2023,20230224,CUS00490,13,EMP0193,Cash,Completed,200,100
ORD0008559,2/24/2023,20230224,CUS02563,1,EMP0005,Credit Card,Completed,2074,1200
ORD0011259,2/24/2023,20230224,CUS01245,2,EMP0029,Vodafone Cash,Completed,660,340
ORD0004579,2/24/2023,20230224,CUS01452,13,EMP0188,InstaPay,Returned,2337.5,1250
ORD0006324,2/24/2023,20230224,CUS00252,4,EMP0085,Credit Card,Completed,870,400
ORD0010982,2/24/2023,20230224,CUS01858,12,EMP0181,Cash,Completed,7072,6180
ORD0010492,2/24/2023,20230224,CUS02437,2,EMP0029,InstaPay,Returned,330,150
ORD0010937,2/24/2023,20230224,CUS01145,8,EMP0142,Credit Card,Completed,357,210
ORD0008510,2/24/2023,20230224,CUS02896,3,EMP0072,Credit Card,Completed,885,420
ORD0004940,2/24/2023,20230224,CUS02871,5,EMP0095,Credit Card,Completed,2913,1510
ORD0004953,2/24/2023,20230224,CUS02105,6,EMP0124,Credit Card,Returned,612,340
ORD0009305,2/24/2023,20230224,CUS02800,13,EMP0187,Fawry,Completed,3136,1530
ORD0007398,2/24/2023,20230224,CUS01390,7,EMP0134,Cash,Completed,580,280
ORD0003177,2/24/2023,20230224,CUS01404,6,EMP0125,Vodafone Cash,Completed,812,420
ORD0011195,2/25/2023,20230225,CUS02387,1,EMP0021,Vodafone Cash,Completed,360,180
ORD0002186,2/25/2023,20230225,CUS02243,14,EMP0196,Vodafone Cash,Completed,228,120
ORD0004892,2/25/2023,20230225,CUS02601,5,EMP0098,InstaPay,Completed,10500,12000
ORD0002613,2/25/2023,20230225,CUS02878,11,EMP0173,Debit Card,Completed,1942,1430
ORD0008882,2/25/2023,20230225,CUS02979,2,EMP0037,Vodafone Cash,Completed,1190,570
ORD0001185,2/25/2023,20230225,CUS02111,1,EMP0004,Fawry,Returned,160,70
ORD0000829,2/25/2023,20230225,CUS01392,11,EMP0164,Vodafone Cash,Completed,304,180
ORD0003456,2/25/2023,20230225,CUS01226,2,EMP0031,Vodafone Cash,Returned,400,200
ORD0003448,2/25/2023,20230225,CUS00821,5,EMP0112,Vodafone Cash,Completed,1780,910
ORD0003140,2/25/2023,20230225,CUS00278,11,EMP0168,Credit Card,Completed,2083,1090
ORD0011433,2/25/2023,20230225,CUS00388,1,EMP0016,Debit Card,Completed,1013,520
ORD0006928,2/25/2023,20230225,CUS00399,15,EMP0208,InstaPay,Completed,261,130
ORD0008134,2/25/2023,20230225,CUS00960,8,EMP0139,Debit Card,Cancelled,1154.5,590
ORD0009176,2/25/2023,20230225,CUS00522,8,EMP0137,Cash,Returned,1489.5,740
ORD0007867,2/26/2023,20230226,CUS00921,1,No_Employee_id,InstaPay,Completed,380,180
ORD0000062,2/26/2023,20230226,CUS01840,1,EMP0027,Debit Card,Completed,2416,1220
ORD0006780,2/26/2023,20230226,CUS02723,6,EMP0114,Cash,Completed,285,140
ORD0009809,2/26/2023,20230226,CUS02480,5,EMP0107,Cash,Completed,1570,810
ORD0011826,2/26/2023,20230226,CUS02941,1,EMP0024,Fawry,Completed,1783,910
ORD0006363,2/26/2023,20230226,CUS00858,4,EMP0091,Debit Card,Completed,161.5,90
ORD0002615,2/26/2023,20230226,CUS00827,4,EMP0085,Fawry,Completed,35693,31400
ORD0008456,2/26/2023,20230226,CUS01478,1,EMP0004,Cash,Returned,144,80
ORD0005241,2/27/2023,20230227,CUS01868,8,No_Employee_id,Debit Card,Returned,2380,1140
ORD0006553,2/27/2023,20230227,CUS00842,9,EMP0148,Credit Card,Completed,133,70
ORD0011968,2/27/2023,20230227,CUS00952,3,EMP0065,Vodafone Cash,Completed,1500,750
ORD0000819,2/27/2023,20230227,CUS02404,11,No_Employee_id,Cash,Returned,2234.5,1140
ORD0002445,2/27/2023,20230227,CUS01151,1,No_Employee_id,Credit Card,Completed,2274.5,1250
ORD0000180,2/27/2023,20230227,CUS01264,8,EMP0144,Debit Card,Completed,1179,620
ORD0006427,2/27/2023,20230227,CUS01206,3,EMP0067,Vodafone Cash,Completed,3284,1730
ORD0007568,2/27/2023,20230227,CUS02599,4,EMP0085,Vodafone Cash,Completed,144,80
ORD0003267,2/27/2023,20230227,CUS01643,15,EMP0208,Fawry,Completed,105,70
ORD0008768,2/27/2023,20230227,CUS00249,1,EMP0020,Vodafone Cash,Completed,1140,590
ORD0003905,2/27/2023,20230227,CUS02136,2,EMP0033,InstaPay,Completed,1390,670
ORD0002346,2/27/2023,20230227,CUS00148,5,EMP0103,Cash,Completed,1170,570
ORD0007598,2/28/2023,20230228,CUS00160,6,EMP0121,Vodafone Cash,Completed,11436,10720
ORD0005400,2/28/2023,20230228,CUS02957,14,EMP0201,Fawry,Completed,2520,1240
ORD0006035,2/28/2023,20230228,CUS02511,4,No_Employee_id,Credit Card,Completed,663.5,360
ORD0006764,2/28/2023,20230228,CUS01173,14,EMP0202,Vodafone Cash,Completed,380,180
ORD0006557,2/28/2023,20230228,CUS01754,1,EMP0002,Debit Card,Completed,399.5,230
ORD0005990,2/28/2023,20230228,CUS01386,6,EMP0120,Fawry,Completed,19908,15520
ORD0000001,2/28/2023,20230228,CUS02412,7,EMP0134,Vodafone Cash,Completed,1261.5,650
ORD0004621,2/28/2023,20230228,CUS01636,12,EMP0182,Vodafone Cash,Cancelled,130,60
ORD0002123,2/28/2023,20230228,CUS00966,1,EMP0004,InstaPay,Completed,1400,680
ORD0003722,2/28/2023,20230228,CUS01315,1,EMP0007,InstaPay,Completed,830,410
ORD0001112,2/28/2023,20230228,CUS01276,5,EMP0097,Credit Card,Completed,889,460
ORD0002863,2/28/2023,20230228,CUS01746,1,EMP0008,Debit Card,Completed,90,40
ORD0011206,2/28/2023,20230228,CUS00884,7,EMP0128,Credit Card,Completed,150,70
ORD0002328,2/28/2023,20230228,CUS02485,2,EMP0030,Fawry,Completed,810,420
ORD0001299,3/1/2023,20230301,CUS02303,4,EMP0081,Fawry,Completed,710,380
ORD0011886,3/1/2023,20230301,CUS02955,12,EMP0184,Credit Card,Completed,1272,660
ORD0010940,3/1/2023,20230301,CUS02486,12,EMP0179,Vodafone Cash,Completed,1628.5,820
ORD0001841,3/1/2023,20230301,CUS00687,14,EMP0195,Vodafone Cash,Completed,394.5,220
ORD0005609,3/1/2023,20230301,CUS01094,7,EMP0132,Debit Card,Completed,80,40
ORD0008656,3/1/2023,20230301,CUS01644,6,No_Employee_id,Debit Card,Completed,340,170
ORD0000883,3/1/2023,20230301,CUS01540,14,EMP0203,Cash,Completed,1069,540
ORD0008598,3/1/2023,20230301,CUS01529,1,EMP0006,Vodafone Cash,Completed,13770,12000
ORD0006195,3/1/2023,20230301,CUS01519,11,EMP0167,Credit Card,Completed,1283.5,1100
ORD0005858,3/1/2023,20230301,CUS00087,1,EMP0027,Vodafone Cash,Completed,161.5,90
ORD0006668,3/2/2023,20230302,CUS00835,2,EMP0051,Vodafone Cash,Returned,1449,1020
ORD0003949,3/2/2023,20230302,CUS02072,12,EMP0176,InstaPay,Cancelled,144,80
ORD0003511,3/2/2023,20230302,CUS00634,1,EMP0018,Fawry,Completed,432,230
ORD0002628,3/2/2023,20230302,CUS01333,3,EMP0073,Fawry,Completed,7203.5,5170
ORD0001863,3/2/2023,20230302,CUS00360,1,EMP0007,Cash,Completed,315,170
ORD0010104,3/2/2023,20230302,CUS02044,10,EMP0163,Vodafone Cash,Cancelled,504,300
ORD0010926,3/2/2023,20230302,CUS01214,2,EMP0038,Credit Card,Completed,2112,1120
ORD0008474,3/2/2023,20230302,CUS01963,4,EMP0083,Credit Card,Completed,10668,8340
ORD0009445,3/2/2023,20230302,CUS01369,1,EMP0010,Cash,Completed,997,490
ORD0003898,3/2/2023,20230302,CUS00395,1,EMP0002,Fawry,Completed,844,480
ORD0001104,3/2/2023,20230302,CUS00194,2,EMP0039,Cash,Completed,300,150
ORD0007633,3/2/2023,20230302,CUS02967,2,EMP0038,Fawry,Completed,11604,11160
ORD0005271,3/3/2023,20230303,CUS01591,3,EMP0071,Credit Card,Completed,520,260
ORD0004335,3/3/2023,20230303,CUS00401,3,EMP0057,Cash,Completed,14363,11210
ORD0008680,3/3/2023,20230303,CUS00594,2,EMP0045,Debit Card,Cancelled,168,100
ORD0009669,3/3/2023,20230303,CUS00546,3,EMP0076,Debit Card,Completed,908,600
ORD0005634,3/3/2023,20230303,CUS02645,4,EMP0092,Debit Card,Completed,1047.5,520
ORD0009135,3/3/2023,20230303,CUS02579,1,EMP0013,Credit Card,Completed,1937,960
ORD0010339,3/3/2023,20230303,CUS00602,4,EMP0079,InstaPay,Completed,406,240
ORD0004140,3/3/2023,20230303,CUS00569,1,EMP0025,Credit Card,Completed,1090.5,700
ORD0010810,3/3/2023,20230303,CUS01605,1,EMP0020,Vodafone Cash,Completed,45737,36090
ORD0005266,3/3/2023,20230303,CUS00922,1,EMP0027,Credit Card,Completed,23547.5,21540
ORD0007793,3/3/2023,20230303,CUS00267,11,EMP0164,Credit Card,Completed,2500,1310
ORD0009098,3/4/2023,20230304,CUS02869,12,EMP0182,InstaPay,Returned,280,130
ORD0009172,3/4/2023,20230304,CUS00470,12,EMP0176,InstaPay,Completed,170,100
ORD0002249,3/4/2023,20230304,CUS02380,4,EMP0093,Credit Card,Completed,1460,700
ORD0011172,3/4/2023,20230304,CUS01026,1,No_Employee_id,Credit Card,Completed,1800,1500
ORD0009194,3/4/2023,20230304,CUS00861,6,EMP0113,Cash,Completed,480,210
ORD0001118,3/4/2023,20230304,CUS00597,4,EMP0089,Vodafone Cash,Completed,640,320
ORD0010543,3/4/2023,20230304,CUS02492,1,EMP0025,InstaPay,Completed,280.5,160
ORD0008258,3/4/2023,20230304,CUS00399,3,EMP0068,Fawry,Completed,832,430
ORD0006361,3/4/2023,20230304,CUS00851,5,EMP0110,Fawry,Completed,1398.5,770
ORD0006972,3/4/2023,20230304,CUS01203,15,EMP0216,Vodafone Cash,Completed,15600,15600
ORD0008359,3/4/2023,20230304,CUS01455,10,EMP0162,Debit Card,Completed,11880,10500
ORD0004417,3/4/2023,20230304,CUS01728,3,EMP0073,InstaPay,Returned,225,120
ORD0007874,3/5/2023,20230305,CUS02961,3,EMP0078,Cash,Completed,160,80
ORD0003451,3/5/2023,20230305,CUS00388,11,EMP0166,Vodafone Cash,Cancelled,1644,960
ORD0011677,3/5/2023,20230305,CUS01899,2,EMP0037,Fawry,Completed,800,480
ORD0011726,3/5/2023,20230305,CUS02751,12,EMP0178,InstaPay,Completed,5408.5,4340
ORD0006432,3/5/2023,20230305,CUS00141,2,EMP0045,InstaPay,Completed,1173,740
ORD0002612,3/5/2023,20230305,CUS00654,7,EMP0128,Vodafone Cash,Completed,270,140
ORD0006419,3/6/2023,20230306,CUS00278,5,EMP0102,Fawry,Completed,427.5,210
ORD0007236,3/6/2023,20230306,CUS00924,6,EMP0122,InstaPay,Completed,2184,1050
ORD0004361,3/6/2023,20230306,CUS02018,8,EMP0141,Debit Card,Completed,632,370
ORD0007422,3/6/2023,20230306,CUS00393,4,EMP0094,InstaPay,Cancelled,824,420
ORD0001617,3/6/2023,20230306,CUS00697,11,EMP0166,Debit Card,Completed,1963.5,980
ORD0008827,3/6/2023,20230306,CUS00077,3,EMP0075,Vodafone Cash,Completed,4772,2950
ORD0008034,3/6/2023,20230306,CUS01051,9,EMP0148,Credit Card,Completed,1102.5,530
ORD0002599,3/6/2023,20230306,CUS00725,7,EMP0135,Debit Card,Completed,2000.5,1080
ORD0007001,3/6/2023,20230306,CUS01479,3,EMP0069,Credit Card,Completed,755,400
ORD0001446,3/6/2023,20230306,CUS02953,15,EMP0206,Credit Card,Completed,289,160
ORD0000899,3/6/2023,20230306,CUS02387,5,EMP0102,Debit Card,Completed,126,70
ORD0000489,3/6/2023,20230306,CUS00753,1,EMP0008,Vodafone Cash,Completed,502,290
ORD0006469,3/6/2023,20230306,CUS01315,5,EMP0108,Credit Card,Completed,12650,10540
ORD0008261,3/7/2023,20230307,CUS01059,3,EMP0071,InstaPay,Cancelled,300,140
ORD0006406,3/7/2023,20230307,CUS01418,4,EMP0085,Cash,Completed,1308.5,770
ORD0001152,3/7/2023,20230307,CUS01938,1,EMP0023,Debit Card,Returned,683,400
ORD0010465,3/7/2023,20230307,CUS02035,7,EMP0128,Fawry,Completed,170,80
ORD0006477,3/7/2023,20230307,CUS02435,15,EMP0209,Debit Card,Completed,6157.5,5100
ORD0011709,3/7/2023,20230307,CUS02375,3,EMP0056,Credit Card,Completed,5010,4760
ORD0009456,3/7/2023,20230307,CUS00528,2,EMP0044,Cash,Completed,4458,3060
ORD0002355,3/7/2023,20230307,CUS00193,5,EMP0109,InstaPay,Completed,1212,680
ORD0000069,3/7/2023,20230307,CUS02581,2,EMP0031,Credit Card,Cancelled,315,200
ORD0007071,3/7/2023,20230307,CUS00514,14,EMP0202,Cash,Completed,838.5,470
ORD0009226,3/7/2023,20230307,CUS00215,5,EMP0102,Vodafone Cash,Completed,625,360
ORD0002117,3/7/2023,20230307,CUS02057,4,EMP0080,Debit Card,Completed,650,310
ORD0002110,3/7/2023,20230307,CUS00368,14,EMP0203,Debit Card,Completed,480,230
ORD0000125,3/7/2023,20230307,CUS00947,9,EMP0151,InstaPay,Completed,330.5,180
ORD0010076,3/7/2023,20230307,CUS02880,7,EMP0131,Credit Card,Completed,260,120
ORD0005547,3/7/2023,20230307,CUS01807,11,EMP0166,Credit Card,Completed,1585,810
ORD0009213,3/8/2023,20230308,CUS01705,15,EMP0213,Credit Card,Completed,722.5,350
ORD0003745,3/8/2023,20230308,CUS01816,5,EMP0103,Fawry,Completed,1372,700
ORD0004559,3/8/2023,20230308,CUS02309,5,EMP0110,Vodafone Cash,Completed,9599.5,8300
ORD0005741,3/8/2023,20230308,CUS02051,6,EMP0122,Fawry,Completed,14750,13040
ORD0002906,3/8/2023,20230308,CUS00279,6,EMP0126,Credit Card,Returned,1054,590
ORD0009512,3/8/2023,20230308,CUS00665,15,EMP0216,Vodafone Cash,Completed,64,40
ORD0003615,3/8/2023,20230308,CUS00345,1,EMP0017,Credit Card,Completed,13957,13050
ORD0008779,3/8/2023,20230308,CUS02233,12,No_Employee_id,Vodafone Cash,Completed,775.5,490
ORD0007152,3/8/2023,20230308,CUS01767,2,EMP0034,Vodafone Cash,Completed,1055,500
ORD0005863,3/8/2023,20230308,CUS01557,12,EMP0182,InstaPay,Returned,2800,1400
ORD0003962,3/8/2023,20230308,CUS02349,4,EMP0093,Debit Card,Completed,14900,11900
ORD0009061,3/8/2023,20230308,CUS00569,14,EMP0198,Cash,Completed,13200,10500
ORD0002971,3/8/2023,20230308,CUS01218,10,EMP0154,Debit Card,Returned,14250,12000
ORD0010458,3/8/2023,20230308,CUS00622,1,EMP0021,Cash,Completed,220.5,130
ORD0004151,3/9/2023,20230309,CUS00176,10,EMP0155,Debit Card,Completed,560,280
ORD0002860,3/9/2023,20230309,CUS00608,6,EMP0114,Cash,Returned,254,140
ORD0006506,3/9/2023,20230309,CUS00768,4,EMP0088,Vodafone Cash,Completed,902,510
ORD0007136,3/9/2023,20230309,CUS01432,1,EMP0007,Cash,Completed,1114,600
ORD0009471,3/9/2023,20230309,CUS00211,8,EMP0139,Fawry,Completed,384,210
ORD0004731,3/9/2023,20230309,CUS01311,5,EMP0112,Fawry,Completed,136,70
ORD0006804,3/9/2023,20230309,CUS00520,8,EMP0140,Cash,Returned,1184,1080
ORD0000650,3/9/2023,20230309,CUS02812,15,EMP0215,Debit Card,Completed,730,360
ORD0008693,3/9/2023,20230309,CUS00205,10,EMP0162,Vodafone Cash,Completed,29400,23600
ORD0002218,3/9/2023,20230309,CUS02816,9,EMP0150,Fawry,Completed,19336,15270
ORD0001599,3/9/2023,20230309,CUS02041,4,EMP0080,Credit Card,Completed,680,400
ORD0002088,3/9/2023,20230309,CUS01559,1,EMP0004,Fawry,Completed,13319,10670
ORD0005083,3/9/2023,20230309,CUS01330,2,EMP0038,Fawry,Cancelled,11880,10500
ORD0007133,3/10/2023,20230310,CUS01955,7,EMP0135,Debit Card,Completed,1370,750
ORD0010839,3/10/2023,20230310,CUS00556,4,EMP0080,InstaPay,Completed,310,150
ORD0005287,3/10/2023,20230310,CUS02542,4,EMP0082,Vodafone Cash,Completed,462,220
ORD0006911,3/10/2023,20230310,CUS01924,3,EMP0060,Vodafone Cash,Completed,1012.5,660
ORD0001692,3/10/2023,20230310,CUS02512,3,EMP0067,Fawry,Completed,19267.5,16080
ORD0003072,3/10/2023,20230310,CUS02976,3,EMP0073,Debit Card,Completed,992,600
ORD0001934,3/10/2023,20230310,CUS01920,4,EMP0084,Vodafone Cash,Completed,280,140
ORD0008552,3/10/2023,20230310,CUS01830,9,EMP0146,Cash,Completed,310,150
ORD0003022,3/10/2023,20230310,CUS01627,12,EMP0177,InstaPay,Completed,2564,1360
ORD0004413,3/10/2023,20230310,CUS00663,2,EMP0042,Cash,Completed,1682,830
ORD0007752,3/10/2023,20230310,CUS02271,6,EMP0124,Vodafone Cash,Completed,5939,4770
ORD0000515,3/10/2023,20230310,CUS01243,12,EMP0175,Cash,Completed,754,380
ORD0006379,3/10/2023,20230310,CUS02231,12,EMP0175,Credit Card,Completed,993,470
ORD0002195,3/11/2023,20230311,CUS00329,2,EMP0048,Debit Card,Completed,1235.5,630
ORD0007513,3/11/2023,20230311,CUS01389,3,EMP0066,Debit Card,Completed,1026,580
ORD0005320,3/11/2023,20230311,CUS01950,5,EMP0108,Fawry,Completed,43167,35860
ORD0009781,3/11/2023,20230311,CUS01202,8,EMP0144,Fawry,Completed,280,140
ORD0007442,3/11/2023,20230311,CUS02734,10,EMP0155,InstaPay,Completed,189,100
ORD0007137,3/11/2023,20230311,CUS02472,1,EMP0013,Vodafone Cash,Completed,645,340
ORD0002910,3/11/2023,20230311,CUS01912,2,EMP0049,Cash,Cancelled,650,320
ORD0002441,3/11/2023,20230311,CUS01293,4,EMP0091,Vodafone Cash,Completed,260,130
ORD0011982,3/11/2023,20230311,CUS01483,3,EMP0064,Credit Card,Completed,126,70
ORD0001762,3/12/2023,20230312,CUS01585,15,EMP0205,Fawry,Completed,405,210
ORD0005177,3/12/2023,20230312,CUS01171,2,EMP0033,Cash,Completed,1464.5,740
ORD0001110,3/12/2023,20230312,CUS00763,6,EMP0123,Fawry,Returned,580,280
ORD0004890,3/12/2023,20230312,CUS02195,4,EMP0089,Credit Card,Completed,779,390
ORD0003372,3/12/2023,20230312,CUS00569,3,EMP0075,Credit Card,Completed,848.5,480
ORD0008658,3/12/2023,20230312,CUS02441,15,EMP0206,InstaPay,Returned,921.5,550
ORD0001741,3/12/2023,20230312,CUS01210,9,No_Employee_id,Fawry,Completed,1306,650
ORD0003103,3/12/2023,20230312,CUS00646,3,EMP0060,Vodafone Cash,Completed,36771,39280
ORD0002911,3/12/2023,20230312,CUS02551,4,EMP0081,Debit Card,Completed,459,270
ORD0008178,3/13/2023,20230313,CUS01972,15,EMP0209,InstaPay,Completed,864,450
ORD0001090,3/13/2023,20230313,CUS00673,1,EMP0005,Vodafone Cash,Completed,2301,1170
ORD0008475,3/13/2023,20230313,CUS01794,8,EMP0141,Cash,Completed,207,110
ORD0008855,3/13/2023,20230313,CUS01538,6,EMP0115,Credit Card,Completed,324,160
ORD0008995,3/13/2023,20230313,CUS01564,15,EMP0208,Fawry,Completed,912,460
ORD0003752,3/13/2023,20230313,CUS02808,6,EMP0120,Vodafone Cash,Completed,2325.5,1210
ORD0007857,3/13/2023,20230313,CUS01088,8,EMP0140,InstaPay,Returned,1140,540
ORD0000123,3/13/2023,20230313,CUS00699,1,EMP0026,Credit Card,Completed,210,140
ORD0007446,3/13/2023,20230313,CUS02177,9,EMP0147,Fawry,Completed,11387,7840
ORD0000801,3/14/2023,20230314,CUS01493,3,EMP0078,Credit Card,Completed,152,70
ORD0000890,3/14/2023,20230314,CUS00149,4,EMP0079,Fawry,Completed,1640,1160
ORD0011744,3/14/2023,20230314,CUS01907,4,EMP0094,Credit Card,Returned,5250,4240
ORD0008649,3/14/2023,20230314,CUS00926,1,No_Employee_id,Credit Card,Completed,972,520
ORD0000321,3/14/2023,20230314,CUS02068,5,EMP0107,Credit Card,Completed,942,530
ORD0009826,3/15/2023,20230315,CUS02868,2,EMP0033,Fawry,Completed,170,80
ORD0004676,3/15/2023,20230315,CUS02444,6,EMP0117,Credit Card,Completed,297,160
ORD0003564,3/15/2023,20230315,CUS00222,6,EMP0122,Vodafone Cash,Returned,730,350
ORD0002240,3/15/2023,20230315,CUS00339,3,EMP0057,Credit Card,Completed,256.5,130
ORD0010795,3/15/2023,20230315,CUS00157,12,EMP0184,Credit Card,Completed,1368,720
ORD0011092,3/15/2023,20230315,CUS00172,4,EMP0081,Debit Card,Completed,33660,31500
ORD0011235,3/15/2023,20230315,CUS01217,13,EMP0187,InstaPay,Completed,672,350
ORD0011454,3/15/2023,20230315,CUS01645,15,No_Employee_id,Credit Card,Completed,6905,5740
ORD0009072,3/16/2023,20230316,CUS00524,4,EMP0093,Debit Card,Returned,19700,18480
ORD0000372,3/16/2023,20230316,CUS00708,6,EMP0121,InstaPay,Completed,1360,800
ORD0001621,3/16/2023,20230316,CUS02102,12,EMP0178,InstaPay,Completed,165,100
ORD0011218,3/16/2023,20230316,CUS00372,2,EMP0051,Credit Card,Completed,2573,1290
ORD0005610,3/16/2023,20230316,CUS01290,12,EMP0177,Vodafone Cash,Completed,2096,1070
ORD0002895,3/16/2023,20230316,CUS00288,4,EMP0086,Fawry,Completed,648,340
ORD0004358,3/16/2023,20230316,CUS01850,14,EMP0201,Debit Card,Completed,8568,6290
ORD0006412,3/16/2023,20230316,CUS01064,7,EMP0130,Debit Card,Completed,2211,1180
ORD0003490,3/16/2023,20230316,CUS02023,9,EMP0151,Fawry,Completed,337,190
ORD0008550,3/16/2023,20230316,CUS02312,14,EMP0196,Debit Card,Completed,2920.5,1950
ORD0007272,3/16/2023,20230316,CUS02609,4,EMP0087,Credit Card,Completed,1354,760
ORD0011240,3/16/2023,20230316,CUS00479,2,EMP0039,InstaPay,Completed,1606,790
ORD0002183,3/16/2023,20230316,CUS02672,1,EMP0004,Fawry,Completed,18000,16000
ORD0000542,3/16/2023,20230316,CUS01082,11,EMP0172,InstaPay,Completed,280,140
ORD0000259,3/16/2023,20230316,CUS01660,4,EMP0081,Credit Card,Completed,1350,880
ORD0005742,3/17/2023,20230317,CUS01604,4,EMP0081,Fawry,Completed,2430,1200
ORD0001295,3/17/2023,20230317,CUS00541,4,EMP0086,Debit Card,Cancelled,85.5,40
ORD0008266,3/17/2023,20230317,CUS01410,13,EMP0190,Cash,Completed,823.5,400
ORD0003952,3/17/2023,20230317,CUS02197,4,EMP0093,Credit Card,Returned,399,280
ORD0001229,3/17/2023,20230317,CUS00136,4,EMP0091,Credit Card,Completed,160,70
ORD0011046,3/17/2023,20230317,CUS00636,3,EMP0071,Debit Card,Completed,8000,6400
ORD0002199,3/17/2023,20230317,CUS02474,4,EMP0094,Cash,Completed,65051,52220
ORD0008769,3/17/2023,20230317,CUS02054,1,EMP0014,Vodafone Cash,Completed,803.5,470
ORD0002358,3/17/2023,20230317,CUS00812,15,EMP0206,Vodafone Cash,Returned,7356,7070
ORD0011993,3/18/2023,20230318,CUS01932,2,EMP0039,Cash,Completed,14450,12760
ORD0000011,3/18/2023,20230318,CUS01644,5,EMP0096,Fawry,Completed,1531,760
ORD0001650,3/18/2023,20230318,CUS01729,2,EMP0047,Debit Card,Completed,1950,1140
ORD0003170,3/18/2023,20230318,CUS00815,2,EMP0037,InstaPay,Completed,4792,3160
ORD0008968,3/18/2023,20230318,CUS02103,1,EMP0028,Fawry,Completed,6491,5330
ORD0011472,3/18/2023,20230318,CUS00926,15,EMP0211,Debit Card,Completed,12415.5,11180
ORD0005097,3/18/2023,20230318,CUS00347,1,EMP0005,Vodafone Cash,Completed,310,180
ORD0010351,3/18/2023,20230318,CUS02950,13,EMP0187,Cash,Completed,192,120
ORD0008460,3/18/2023,20230318,CUS00855,12,EMP0181,Credit Card,Completed,28310,23800
ORD0001077,3/18/2023,20230318,CUS02548,4,No_Employee_id,Fawry,Completed,448,280
ORD0011343,3/18/2023,20230318,CUS00212,2,EMP0046,InstaPay,Completed,891,480
ORD0001098,3/18/2023,20230318,CUS01000,1,EMP0014,Debit Card,Completed,10560,10600
ORD0011618,3/18/2023,20230318,CUS02323,3,EMP0068,Credit Card,Completed,6259.5,5280
ORD0000424,3/18/2023,20230318,CUS02222,1,EMP0012,Fawry,Completed,288,160
ORD0011664,3/18/2023,20230318,CUS02372,5,EMP0105,Cash,Completed,576,360
ORD0009032,3/19/2023,20230319,CUS02829,3,EMP0070,Cash,Completed,247,120
ORD0001854,3/19/2023,20230319,CUS02738,3,EMP0071,Credit Card,Completed,1291.5,760
ORD0000285,3/19/2023,20230319,CUS02646,4,EMP0085,Cash,Completed,965,500
ORD0006475,3/19/2023,20230319,CUS01334,13,No_Employee_id,InstaPay,Completed,951,480
ORD0005582,3/19/2023,20230319,CUS01243,10,No_Employee_id,Debit Card,Completed,1206,590
ORD0008891,3/19/2023,20230319,CUS01286,8,EMP0144,Vodafone Cash,Completed,240,120
ORD0008136,3/20/2023,20230320,CUS01908,2,EMP0033,Cash,Completed,2180.5,1130
ORD0008346,3/20/2023,20230320,CUS01395,14,EMP0195,Debit Card,Completed,4566,2240
ORD0010979,3/20/2023,20230320,CUS00700,1,EMP0006,InstaPay,Completed,789.5,410
ORD0009427,3/20/2023,20230320,CUS02629,4,EMP0090,Vodafone Cash,Completed,1404,1010
ORD0010197,3/20/2023,20230320,CUS01017,15,EMP0210,Debit Card,Completed,1040,500
ORD0007976,3/20/2023,20230320,CUS01911,4,EMP0080,Credit Card,Completed,27219,21410
ORD0004130,3/20/2023,20230320,CUS00771,14,EMP0194,Vodafone Cash,Completed,350,170
ORD0005463,3/20/2023,20230320,CUS01539,3,EMP0060,Debit Card,Completed,140,60
ORD0008436,3/20/2023,20230320,CUS01989,5,No_Employee_id,Fawry,Completed,30827,24370
ORD0001821,3/20/2023,20230320,CUS00917,3,EMP0070,Credit Card,Completed,2430,1830
ORD0002575,3/20/2023,20230320,CUS01981,7,EMP0133,Fawry,Completed,497,250
ORD0008303,3/20/2023,20230320,CUS01640,5,EMP0100,Fawry,Completed,50505,44840
ORD0000164,3/20/2023,20230320,CUS01599,5,EMP0103,Vodafone Cash,Returned,304,160
ORD0007364,3/21/2023,20230321,CUS00685,12,EMP0183,Debit Card,Completed,974,530
ORD0006761,3/21/2023,20230321,CUS02689,13,No_Employee_id,Credit Card,Completed,564,280
ORD0002143,3/21/2023,20230321,CUS02863,6,EMP0113,Cash,Completed,2021,1070
ORD0001857,3/21/2023,20230321,CUS00082,2,EMP0029,Debit Card,Completed,413,190
ORD0011461,3/21/2023,20230321,CUS01108,14,EMP0200,Credit Card,Completed,300,150
ORD0007845,3/21/2023,20230321,CUS00668,1,EMP0002,InstaPay,Completed,845.5,440
ORD0000148,3/21/2023,20230321,CUS02191,7,EMP0131,Cash,Completed,2585,1430
ORD0000296,3/21/2023,20230321,CUS01397,1,EMP0026,Fawry,Completed,3320.5,1780
ORD0008616,3/21/2023,20230321,CUS00344,10,EMP0156,InstaPay,Completed,142.5,70
ORD0008415,3/21/2023,20230321,CUS00595,4,EMP0088,Vodafone Cash,Completed,853,410
ORD0007586,3/21/2023,20230321,CUS00862,3,EMP0072,Cash,Completed,495,320
ORD0000766,3/21/2023,20230321,CUS01079,3,EMP0061,InstaPay,Completed,1446,780
ORD0005703,3/21/2023,20230321,CUS00094,3,EMP0067,Cash,Completed,351.5,180
ORD0004836,3/21/2023,20230321,CUS00641,4,EMP0090,InstaPay,Completed,200,90
ORD0000500,3/22/2023,20230322,CUS02647,9,EMP0150,Fawry,Completed,504,260
ORD0010037,3/22/2023,20230322,CUS00469,5,EMP0105,Credit Card,Completed,200,90
ORD0005379,3/22/2023,20230322,CUS01789,6,EMP0124,Cash,Returned,1785.5,1040
ORD0011544,3/22/2023,20230322,CUS02083,3,EMP0063,Vodafone Cash,Completed,28000,22400
ORD0003256,3/22/2023,20230322,CUS01245,5,EMP0112,Fawry,Completed,484.5,270
ORD0000919,3/22/2023,20230322,CUS01894,7,EMP0129,Fawry,Completed,1309,720
ORD0008137,3/22/2023,20230322,CUS01634,3,EMP0071,Credit Card,Completed,1118,620
ORD0005138,3/22/2023,20230322,CUS02819,14,EMP0197,Fawry,Completed,1579.5,860
ORD0004180,3/23/2023,20230323,CUS00699,5,No_Employee_id,Cash,Completed,492,280
ORD0003901,3/23/2023,20230323,CUS02011,2,EMP0048,Cash,Completed,630,300
ORD0005454,3/23/2023,20230323,CUS00571,4,EMP0093,Vodafone Cash,Completed,1250,630
ORD0004015,3/23/2023,20230323,CUS01526,5,EMP0109,Cash,Completed,1513,790
ORD0005136,3/23/2023,20230323,CUS00944,1,No_Employee_id,Cash,Completed,561,280
ORD0001522,3/23/2023,20230323,CUS02258,6,EMP0118,Cash,Completed,24168,18980
ORD0004666,3/23/2023,20230323,CUS01791,3,No_Employee_id,Credit Card,Completed,2441,1380
ORD0010443,3/23/2023,20230323,CUS01698,13,EMP0189,Vodafone Cash,Completed,746,380
ORD0011116,3/23/2023,20230323,CUS01322,3,EMP0076,Fawry,Completed,3292,1710
ORD0010346,3/23/2023,20230323,CUS01071,4,No_Employee_id,Credit Card,Completed,2205,1430
ORD0007713,3/23/2023,20230323,CUS00320,14,EMP0201,Credit Card,Returned,378,210
ORD0011909,3/23/2023,20230323,CUS00586,1,EMP0009,Fawry,Completed,970,470
ORD0006845,3/23/2023,20230323,CUS00135,1,EMP0004,Cash,Returned,399.5,230
ORD0010009,3/24/2023,20230324,CUS01883,2,EMP0041,InstaPay,Completed,908,420
ORD0009041,3/24/2023,20230324,CUS00779,6,EMP0124,Credit Card,Completed,828,440
ORD0008720,3/24/2023,20230324,CUS02646,3,EMP0077,Debit Card,Completed,998,560
ORD0001579,3/24/2023,20230324,CUS01513,15,EMP0206,Cash,Completed,630,300
ORD0010357,3/24/2023,20230324,CUS02477,1,EMP0008,Vodafone Cash,Returned,190,90
ORD0001384,3/24/2023,20230324,CUS00710,6,EMP0117,Vodafone Cash,Completed,2306,1220
ORD0002651,3/24/2023,20230324,CUS02323,9,EMP0150,Fawry,Completed,332.5,170
ORD0002058,3/24/2023,20230324,CUS02580,3,EMP0060,Debit Card,Completed,12128,12070
ORD0001421,3/24/2023,20230324,CUS00369,1,EMP0008,Credit Card,Returned,1038,580
ORD0007679,3/24/2023,20230324,CUS01224,2,EMP0033,Debit Card,Completed,252,140
ORD0007803,3/24/2023,20230324,CUS01410,1,No_Employee_id,Fawry,Completed,35797.5,30000
ORD0001368,3/25/2023,20230325,CUS01114,4,EMP0089,Fawry,Completed,659,380
ORD0002006,3/25/2023,20230325,CUS01240,1,EMP0005,Credit Card,Completed,1021,700
ORD0011340,3/25/2023,20230325,CUS01253,4,EMP0085,Vodafone Cash,Completed,2160,1200
ORD0003954,3/25/2023,20230325,CUS02299,1,EMP0015,InstaPay,Completed,681.5,330
ORD0003839,3/25/2023,20230325,CUS01510,2,EMP0039,Debit Card,Completed,367,210
ORD0000877,3/25/2023,20230325,CUS00743,2,No_Employee_id,Fawry,Completed,1800,1600
ORD0000835,3/25/2023,20230325,CUS00206,4,EMP0084,InstaPay,Completed,3800,3200
ORD0003163,3/25/2023,20230325,CUS02427,2,EMP0029,Credit Card,Completed,17724,13730
ORD0009257,3/25/2023,20230325,CUS02313,3,EMP0074,Fawry,Completed,200,100
ORD0008327,3/25/2023,20230325,CUS01213,4,EMP0079,InstaPay,Completed,380,180
ORD0002781,3/25/2023,20230325,CUS00558,7,EMP0133,Vodafone Cash,Completed,1540,770
ORD0000187,3/25/2023,20230325,CUS01713,3,EMP0061,Credit Card,Completed,1530,1500
ORD0001097,3/25/2023,20230325,CUS02743,1,EMP0003,Credit Card,Completed,168,100
ORD0002686,3/25/2023,20230325,CUS00315,10,EMP0153,Fawry,Completed,561.5,320
ORD0003446,3/25/2023,20230325,CUS00225,5,EMP0100,Vodafone Cash,Completed,512,320
ORD0008110,3/25/2023,20230325,CUS02804,7,EMP0128,InstaPay,Completed,2999,1570
ORD0011819,3/25/2023,20230325,CUS02579,1,EMP0023,Cash,Completed,1448,700
ORD0003519,3/26/2023,20230326,CUS00355,15,EMP0205,InstaPay,Completed,3134.5,1560
ORD0006284,3/26/2023,20230326,CUS02258,1,EMP0023,Fawry,Returned,1938,1060
ORD0010089,3/26/2023,20230326,CUS00716,8,EMP0144,Vodafone Cash,Completed,14900,11900
ORD0005092,3/26/2023,20230326,CUS02088,4,EMP0086,Fawry,Completed,1215,660
ORD0008542,3/26/2023,20230326,CUS01978,1,EMP0011,Debit Card,Completed,3286,1720
ORD0008661,3/26/2023,20230326,CUS00639,12,EMP0182,Cash,Completed,1810,880
ORD0010902,3/26/2023,20230326,CUS00109,11,EMP0170,Cash,Cancelled,16369,12950
ORD0010140,3/26/2023,20230326,CUS02010,1,EMP0022,InstaPay,Completed,825,440
ORD0008342,3/26/2023,20230326,CUS00695,2,No_Employee_id,Cash,Completed,8125,6500
ORD0003856,3/26/2023,20230326,CUS00351,3,EMP0059,Fawry,Completed,300,140
ORD0003908,3/26/2023,20230326,CUS01631,11,EMP0165,Cash,Completed,351.5,180
ORD0009522,3/27/2023,20230327,CUS01568,12,EMP0183,Fawry,Completed,560,340
ORD0006940,3/27/2023,20230327,CUS02058,10,EMP0162,Fawry,Completed,1026,510
ORD0001398,3/27/2023,20230327,CUS00736,1,EMP0023,Fawry,Completed,304,170
ORD0006500,3/27/2023,20230327,CUS01147,2,EMP0052,InstaPay,Completed,453,270
ORD0008097,3/27/2023,20230327,CUS01061,8,EMP0138,Cash,Completed,555,280
ORD0002864,3/27/2023,20230327,CUS01884,4,EMP0094,Debit Card,Completed,1411,820
ORD0007695,3/27/2023,20230327,CUS01344,12,EMP0179,InstaPay,Completed,2160,1800
ORD0011686,3/27/2023,20230327,CUS00550,2,EMP0052,InstaPay,Completed,30591,31980
ORD0007983,3/27/2023,20230327,CUS01645,12,EMP0182,Cash,Completed,16548.5,12800
ORD0010331,3/27/2023,20230327,CUS02249,2,EMP0040,Fawry,Completed,1249,640
ORD0010350,3/28/2023,20230328,CUS00815,5,EMP0100,Fawry,Completed,858,430
ORD0011281,3/28/2023,20230328,CUS00932,13,No_Employee_id,InstaPay,Completed,11960,10580
ORD0011105,3/28/2023,20230328,CUS02304,10,EMP0157,InstaPay,Completed,760,370
ORD0009432,3/28/2023,20230328,CUS01896,1,EMP0003,Cash,Completed,7908,6440
ORD0000577,3/28/2023,20230328,CUS00172,2,EMP0048,Debit Card,Cancelled,1776,880
ORD0004633,3/28/2023,20230328,CUS01259,3,EMP0078,InstaPay,Returned,504,280
ORD0005181,3/29/2023,20230329,CUS02204,1,EMP0001,Vodafone Cash,Completed,714,400
ORD0010683,3/29/2023,20230329,CUS02518,12,EMP0184,Cash,Completed,630,310
ORD0005183,3/29/2023,20230329,CUS01421,1,EMP0022,Cash,Completed,2294,1160
ORD0005452,3/29/2023,20230329,CUS01720,1,EMP0007,Debit Card,Returned,507.5,310
ORD0004216,3/29/2023,20230329,CUS02422,6,EMP0123,Vodafone Cash,Returned,531,290
ORD0011608,3/29/2023,20230329,CUS01662,7,EMP0129,Cash,Completed,180,80
ORD0000955,3/29/2023,20230329,CUS01811,2,EMP0032,Debit Card,Completed,331.5,180
ORD0000911,3/29/2023,20230329,CUS00957,1,EMP0004,Debit Card,Completed,1571.5,870
ORD0008681,3/29/2023,20230329,CUS00541,2,EMP0030,Cash,Returned,800.5,440
ORD0001569,3/29/2023,20230329,CUS01992,1,EMP0023,Debit Card,Completed,21612.5,17970
ORD0009359,3/29/2023,20230329,CUS02563,2,EMP0045,Debit Card,Completed,20142.5,16070
ORD0005809,3/29/2023,20230329,CUS00647,1,EMP0009,Fawry,Completed,875.5,450
ORD0004482,3/30/2023,20230330,CUS01208,1,EMP0022,Credit Card,Completed,725,390
ORD0010169,3/30/2023,20230330,CUS00609,6,EMP0123,Credit Card,Completed,576,300
ORD0003657,3/30/2023,20230330,CUS02515,2,EMP0033,Credit Card,Completed,200,90
ORD0007415,3/30/2023,20230330,CUS02453,14,EMP0201,Debit Card,Completed,799,460
ORD0008708,3/30/2023,20230330,CUS01669,15,EMP0213,Vodafone Cash,Completed,1595,910
ORD0007051,3/30/2023,20230330,CUS01490,11,EMP0166,Cash,Completed,136,70
ORD0004230,3/30/2023,20230330,CUS01169,4,EMP0092,Credit Card,Completed,10436,8020
ORD0004999,3/30/2023,20230330,CUS00799,13,EMP0187,Debit Card,Completed,1648.5,970
ORD0009681,3/30/2023,20230330,CUS02806,9,EMP0151,Credit Card,Returned,2127,1170
ORD0001434,3/30/2023,20230330,CUS00980,13,EMP0186,InstaPay,Completed,906,480
ORD0007795,3/30/2023,20230330,CUS00127,2,EMP0033,InstaPay,Completed,480,230
ORD0010862,3/31/2023,20230331,CUS01496,3,EMP0057,Vodafone Cash,Completed,1805,880
ORD0008305,3/31/2023,20230331,CUS00532,1,EMP0026,Fawry,Completed,680,340
ORD0003932,3/31/2023,20230331,CUS00697,1,EMP0014,Cash,Completed,638,340
ORD0002822,3/31/2023,20230331,CUS00966,4,EMP0087,Fawry,Completed,133,70
ORD0004929,3/31/2023,20230331,CUS00307,10,EMP0159,InstaPay,Completed,410,200
ORD0002467,3/31/2023,20230331,CUS01729,10,EMP0158,Vodafone Cash,Completed,552,300
ORD0001401,3/31/2023,20230331,CUS02312,1,EMP0011,Vodafone Cash,Returned,266,140
ORD0002568,3/31/2023,20230331,CUS02967,9,EMP0150,InstaPay,Completed,547,290
ORD0006147,3/31/2023,20230331,CUS02697,3,EMP0062,Fawry,Completed,12666,10560
ORD0004167,3/31/2023,20230331,CUS02309,12,EMP0184,Cash,Completed,5757,4720
ORD0007157,3/31/2023,20230331,CUS02862,2,EMP0029,Credit Card,Completed,39396,31000
ORD0001083,3/31/2023,20230331,CUS02037,7,EMP0134,Fawry,Completed,675.5,380
ORD0001070,3/31/2023,20230331,CUS02991,12,No_Employee_id,Vodafone Cash,Completed,1768.5,1030
ORD0003526,3/31/2023,20230331,CUS02686,15,EMP0210,Cash,Completed,304,140
ORD0009530,3/31/2023,20230331,CUS00914,2,EMP0030,Vodafone Cash,Completed,548,250
ORD0010102,4/1/2023,20230401,CUS00186,3,EMP0066,Cash,Completed,1615,810
ORD0010513,4/1/2023,20230401,CUS01855,10,EMP0155,Fawry,Completed,381,230
ORD0001430,4/1/2023,20230401,CUS00414,11,EMP0167,Vodafone Cash,Returned,2996,1550
ORD0004334,4/1/2023,20230401,CUS02592,5,EMP0101,Credit Card,Completed,4241.5,3470
ORD0011758,4/1/2023,20230401,CUS00863,6,EMP0116,InstaPay,Completed,1067,580
ORD0004302,4/1/2023,20230401,CUS02132,4,EMP0085,Vodafone Cash,Completed,2446,1340
ORD0002992,4/1/2023,20230401,CUS00330,5,EMP0099,Fawry,Completed,504,280
ORD0000660,4/1/2023,20230401,CUS01731,13,EMP0188,Vodafone Cash,Completed,469,280
ORD0005425,4/1/2023,20230401,CUS01065,1,EMP0004,InstaPay,Returned,280.5,160
ORD0004342,4/2/2023,20230402,CUS02036,4,EMP0082,Credit Card,Completed,68,40
ORD0007868,4/2/2023,20230402,CUS00971,10,EMP0157,Cash,Completed,1020,480
ORD0001672,4/2/2023,20230402,CUS02952,12,EMP0182,InstaPay,Completed,1239,690
ORD0008059,4/2/2023,20230402,CUS01452,2,EMP0039,Fawry,Completed,3153,1590
ORD0002923,4/2/2023,20230402,CUS02358,2,EMP0045,InstaPay,Completed,2079,1030
ORD0010876,4/2/2023,20230402,CUS00795,1,EMP0003,Vodafone Cash,Completed,2542.5,1710
ORD0000932,4/2/2023,20230402,CUS01883,2,EMP0040,Credit Card,Completed,135,70
ORD0000700,4/2/2023,20230402,CUS02392,2,No_Employee_id,InstaPay,Completed,459,250
ORD0002092,4/2/2023,20230402,CUS00948,1,EMP0011,Debit Card,Completed,4050,2000
ORD0009198,4/2/2023,20230402,CUS02568,2,EMP0048,Debit Card,Completed,300,140
ORD0002646,4/2/2023,20230402,CUS02602,3,EMP0060,Debit Card,Returned,800,360
ORD0006871,4/2/2023,20230402,CUS00246,3,EMP0055,Vodafone Cash,Completed,28845,23620
ORD0002752,4/2/2023,20230402,CUS01846,11,EMP0166,Fawry,Completed,144,80
ORD0000227,4/2/2023,20230402,CUS01574,2,EMP0052,InstaPay,Completed,289,160
ORD0010251,4/2/2023,20230402,CUS02129,9,EMP0147,Credit Card,Completed,251,150
ORD0005523,4/2/2023,20230402,CUS01431,2,No_Employee_id,Vodafone Cash,Completed,980,480
ORD0004395,4/2/2023,20230402,CUS01459,3,EMP0055,Credit Card,Completed,14535,12000
ORD0011205,4/2/2023,20230402,CUS00187,11,EMP0167,Credit Card,Returned,168,100
ORD0004881,4/3/2023,20230403,CUS02083,1,EMP0013,Debit Card,Completed,19290,15310
ORD0006975,4/3/2023,20230403,CUS01210,4,EMP0092,Vodafone Cash,Completed,1000,520
ORD0010655,4/3/2023,20230403,CUS02192,6,EMP0120,Debit Card,Completed,10594,9520
ORD0006552,4/3/2023,20230403,CUS01587,14,EMP0196,Credit Card,Completed,905,460
ORD0009297,4/3/2023,20230403,CUS01745,5,EMP0095,Credit Card,Completed,1670,810
ORD0005294,4/3/2023,20230403,CUS00720,2,EMP0046,Cash,Completed,1375,690
ORD0011421,4/3/2023,20230403,CUS01150,14,EMP0197,Debit Card,Completed,13200,10500
ORD0011671,4/3/2023,20230403,CUS00380,5,EMP0101,Credit Card,Completed,12235.5,10700
ORD0001386,4/3/2023,20230403,CUS01611,6,EMP0126,Credit Card,Completed,6032.5,4910
ORD0006945,4/3/2023,20230403,CUS01999,3,EMP0061,InstaPay,Completed,1027.5,500
ORD0006847,4/3/2023,20230403,CUS00615,12,EMP0177,Debit Card,Completed,1148.5,580
ORD0010101,4/4/2023,20230404,CUS02263,2,EMP0051,Cash,Returned,1081,580
ORD0002003,4/4/2023,20230404,CUS01008,12,EMP0179,Fawry,Completed,260,130
ORD0006097,4/4/2023,20230404,CUS01845,3,EMP0064,InstaPay,Completed,1092,610
ORD0006902,4/4/2023,20230404,CUS01619,3,No_Employee_id,InstaPay,Completed,2194.5,1140
ORD0008516,4/4/2023,20230404,CUS00093,7,EMP0133,Fawry,Completed,569,280
ORD0002939,4/4/2023,20230404,CUS00049,2,EMP0044,Vodafone Cash,Completed,1104,660
ORD0011570,4/4/2023,20230404,CUS02915,4,EMP0091,Debit Card,Cancelled,624,390
ORD0006255,4/4/2023,20230404,CUS01121,10,EMP0153,Debit Card,Completed,576,280
ORD0011060,4/4/2023,20230404,CUS02143,15,EMP0208,Credit Card,Completed,1774,940
ORD0000476,4/4/2023,20230404,CUS00800,11,EMP0169,Fawry,Completed,160,70
ORD0010407,4/4/2023,20230404,CUS02761,7,EMP0132,Cash,Completed,315,150
ORD0011337,4/4/2023,20230404,CUS00442,6,EMP0115,Debit Card,Completed,645,330
ORD0007905,4/4/2023,20230404,CUS02970,6,No_Employee_id,Vodafone Cash,Completed,1112,550
ORD0006624,4/4/2023,20230404,CUS02315,9,EMP0149,Fawry,Completed,740.5,450
ORD0001847,4/5/2023,20230405,CUS01944,14,EMP0196,Debit Card,Completed,1237,620
ORD0011362,4/5/2023,20230405,CUS02586,10,EMP0153,Credit Card,Completed,363.5,190
ORD0000116,4/5/2023,20230405,CUS00256,12,EMP0184,Debit Card,Returned,10152,8880
ORD0009434,4/5/2023,20230405,CUS00081,6,EMP0117,Cash,Completed,1290,600
ORD0011628,4/5/2023,20230405,CUS01705,3,EMP0073,InstaPay,Completed,1171.5,590
ORD0004182,4/5/2023,20230405,CUS01513,4,EMP0080,Fawry,Completed,280,140
ORD0011424,4/5/2023,20230405,CUS01201,1,EMP0017,Debit Card,Completed,1657.5,860
ORD0003985,4/6/2023,20230406,CUS02087,12,EMP0180,Debit Card,Completed,427.5,210
ORD0007088,4/6/2023,20230406,CUS00789,4,EMP0093,Cash,Completed,600,400
ORD0008946,4/6/2023,20230406,CUS02172,11,EMP0171,Cash,Completed,1184.5,650
ORD0007130,4/6/2023,20230406,CUS01431,8,EMP0144,Debit Card,Completed,510,290
ORD0009189,4/6/2023,20230406,CUS00664,5,EMP0105,Vodafone Cash,Completed,1857,1150
ORD0003726,4/6/2023,20230406,CUS02967,1,EMP0015,Vodafone Cash,Completed,399,200
ORD0011386,4/6/2023,20230406,CUS01539,11,EMP0171,Debit Card,Completed,433,210
ORD0009264,4/6/2023,20230406,CUS02784,1,EMP0012,InstaPay,Completed,323,170
ORD0005764,4/6/2023,20230406,CUS00003,13,EMP0189,Debit Card,Completed,199.5,100
ORD0003442,4/6/2023,20230406,CUS02983,1,EMP0007,Vodafone Cash,Completed,399,280
ORD0009759,4/6/2023,20230406,CUS01198,2,EMP0044,Credit Card,Completed,229.5,120
ORD0010804,4/7/2023,20230407,CUS00017,4,EMP0082,Credit Card,Returned,600,290
ORD0003590,4/7/2023,20230407,CUS02292,10,EMP0152,Fawry,Returned,5900,4700
ORD0007692,4/7/2023,20230407,CUS01144,1,EMP0013,Cash,Completed,50860,45030
ORD0002387,4/7/2023,20230407,CUS01838,4,EMP0082,Credit Card,Completed,1768,880
ORD0007634,4/8/2023,20230408,CUS00092,3,EMP0071,Debit Card,Completed,864,440
ORD0008165,4/8/2023,20230408,CUS02604,3,EMP0068,Cash,Completed,880.5,480
ORD0011412,4/8/2023,20230408,CUS02674,11,EMP0172,Credit Card,Completed,360,160
ORD0007849,4/8/2023,20230408,CUS00304,14,EMP0194,Fawry,Completed,1026,510
ORD0007046,4/8/2023,20230408,CUS02530,6,EMP0120,Debit Card,Completed,34438,33300
ORD0004005,4/8/2023,20230408,CUS00388,3,EMP0066,Cash,Completed,2509,1320
ORD0006371,4/8/2023,20230408,CUS01313,10,EMP0157,Cash,Returned,598,280
ORD0003125,4/8/2023,20230408,CUS00957,11,EMP0168,InstaPay,Completed,3190,1570
ORD0006753,4/9/2023,20230409,CUS02022,5,EMP0100,Fawry,Completed,28494,23380
ORD0005531,4/9/2023,20230409,CUS02596,13,EMP0191,InstaPay,Completed,1984,1170
ORD0005175,4/9/2023,20230409,CUS00455,7,EMP0129,Credit Card,Completed,1360,700
ORD0000642,4/9/2023,20230409,CUS01769,13,EMP0191,Vodafone Cash,Completed,1482,790
ORD0000822,4/9/2023,20230409,CUS01160,3,EMP0072,InstaPay,Completed,234,130
ORD0003210,4/9/2023,20230409,CUS00623,1,EMP0025,Credit Card,Completed,563,290
ORD0009587,4/9/2023,20230409,CUS01100,2,EMP0032,InstaPay,Completed,8455,7100
ORD0000795,4/10/2023,20230410,CUS00714,1,EMP0028,Debit Card,Completed,630,300
ORD0010341,4/10/2023,20230410,CUS00511,11,EMP0171,Debit Card,Completed,960,460
ORD0000338,4/10/2023,20230410,CUS02515,10,EMP0159,Fawry,Completed,900,480
ORD0006898,4/10/2023,20230410,CUS00326,8,EMP0138,Credit Card,Completed,30144,24070
ORD0004879,4/10/2023,20230410,CUS02181,7,EMP0130,Cash,Completed,1800,1600
ORD0006939,4/10/2023,20230410,CUS00666,12,EMP0178,Cash,Completed,19084,15210
ORD0011610,4/10/2023,20230410,CUS02951,8,No_Employee_id,Cash,Completed,493,290
ORD0009436,4/10/2023,20230410,CUS02266,14,EMP0201,Credit Card,Completed,714,400
ORD0007374,4/10/2023,20230410,CUS02588,4,EMP0088,Cash,Completed,1311,790
ORD0000014,4/10/2023,20230410,CUS01472,3,EMP0077,Debit Card,Completed,19048,20000
ORD0000875,4/11/2023,20230411,CUS00388,1,EMP0022,Fawry,Returned,664,320
ORD0001609,4/11/2023,20230411,CUS01468,14,EMP0203,Debit Card,Completed,399,210
ORD0004597,4/11/2023,20230411,CUS00980,2,EMP0036,Debit Card,Completed,390,180
ORD0003409,4/11/2023,20230411,CUS02219,5,EMP0098,Cash,Completed,753,370
ORD0007372,4/11/2023,20230411,CUS00429,13,EMP0191,Vodafone Cash,Completed,2183.5,1120
ORD0008628,4/11/2023,20230411,CUS01661,5,No_Employee_id,InstaPay,Completed,860,400
ORD0006083,4/11/2023,20230411,CUS01435,3,EMP0072,Cash,Completed,1740,840
ORD0009567,4/11/2023,20230411,CUS01238,9,EMP0150,InstaPay,Completed,1439,730
ORD0004967,4/11/2023,20230411,CUS00158,3,EMP0066,InstaPay,Completed,176,110
ORD0009878,4/11/2023,20230411,CUS01000,7,EMP0127,Vodafone Cash,Completed,770,380
ORD0008204,4/11/2023,20230411,CUS00110,10,EMP0161,Fawry,Completed,306,170
ORD0007091,4/11/2023,20230411,CUS00244,2,EMP0044,Credit Card,Completed,2169.5,1080
ORD0002770,4/11/2023,20230411,CUS02068,13,EMP0190,Debit Card,Returned,861,420
ORD0010383,4/11/2023,20230411,CUS01370,9,No_Employee_id,Credit Card,Completed,2026,1100
ORD0006187,4/12/2023,20230412,CUS02300,9,EMP0146,Credit Card,Returned,873,440
ORD0008257,4/12/2023,20230412,CUS01055,1,No_Employee_id,Debit Card,Returned,492,250
ORD0009536,4/12/2023,20230412,CUS00347,6,EMP0123,Cash,Completed,184,110
ORD0003441,4/12/2023,20230412,CUS00969,3,EMP0067,Cash,Cancelled,4967.5,3770
ORD0004683,4/12/2023,20230412,CUS02256,6,EMP0123,InstaPay,Completed,1270,880
ORD0003104,4/12/2023,20230412,CUS00753,13,EMP0193,Vodafone Cash,Completed,2037,980
ORD0008067,4/12/2023,20230412,CUS02054,1,EMP0026,Vodafone Cash,Completed,200,90
ORD0005817,4/12/2023,20230412,CUS02374,6,EMP0119,Vodafone Cash,Completed,1686,900
ORD0005201,4/12/2023,20230412,CUS01747,2,EMP0041,Vodafone Cash,Completed,450,240
ORD0008937,4/12/2023,20230412,CUS00452,11,EMP0170,Credit Card,Completed,10312.5,8170
ORD0001968,4/13/2023,20230413,CUS02089,9,EMP0148,InstaPay,Completed,1166,610
ORD0005758,4/13/2023,20230413,CUS00562,3,EMP0067,InstaPay,Completed,927,510
ORD0004992,4/13/2023,20230413,CUS02578,2,EMP0041,Debit Card,Completed,1451,740
ORD0009320,4/13/2023,20230413,CUS00132,14,EMP0203,Vodafone Cash,Completed,1090,560
ORD0001049,4/13/2023,20230413,CUS01494,12,EMP0177,Credit Card,Completed,56160,44840
ORD0006112,4/13/2023,20230413,CUS02419,5,EMP0109,Debit Card,Completed,136,80
ORD0009899,4/14/2023,20230414,CUS02129,12,EMP0181,InstaPay,Completed,4475,4140
ORD0000043,4/14/2023,20230414,CUS01898,1,EMP0025,Credit Card,Completed,1200.5,630
ORD0010748,4/14/2023,20230414,CUS01552,8,EMP0141,Vodafone Cash,Completed,85.5,40
ORD0009080,4/14/2023,20230414,CUS01630,10,EMP0163,Debit Card,Completed,1283,700
ORD0005409,4/14/2023,20230414,CUS02245,5,EMP0101,Vodafone Cash,Completed,772.5,370
ORD0010896,4/14/2023,20230414,CUS01442,8,EMP0137,InstaPay,Completed,9112.5,8070
ORD0002963,4/14/2023,20230414,CUS00129,4,EMP0089,Fawry,Completed,260,120
ORD0010131,4/14/2023,20230414,CUS01794,7,EMP0128,Debit Card,Completed,117,60
ORD0006915,4/14/2023,20230414,CUS00652,4,No_Employee_id,Credit Card,Completed,6772.5,5160
ORD0005098,4/14/2023,20230414,CUS00013,2,EMP0034,Vodafone Cash,Returned,1264,650
ORD0001346,4/15/2023,20230415,CUS02528,3,No_Employee_id,Debit Card,Cancelled,255,140
ORD0001056,4/15/2023,20230415,CUS01107,1,EMP0001,Debit Card,Completed,1076,530
ORD0011746,4/15/2023,20230415,CUS01113,4,EMP0081,Cash,Completed,513,260
ORD0008047,4/15/2023,20230415,CUS00105,1,EMP0011,Fawry,Completed,754,440
ORD0006437,4/15/2023,20230415,CUS00860,9,EMP0147,Credit Card,Completed,322.5,210
ORD0010742,4/15/2023,20230415,CUS02382,1,EMP0003,Fawry,Completed,576,280
ORD0000026,4/15/2023,20230415,CUS02317,3,EMP0063,Debit Card,Completed,746,380
ORD0007798,4/15/2023,20230415,CUS00168,3,EMP0064,InstaPay,Completed,3723,1830
ORD0009717,4/15/2023,20230415,CUS00919,1,EMP0015,Fawry,Completed,1043,560
ORD0003819,4/15/2023,20230415,CUS01035,12,EMP0181,Vodafone Cash,Completed,58770,52400
ORD0010298,4/16/2023,20230416,CUS00160,9,EMP0149,Debit Card,Completed,3916,2170
ORD0011177,4/16/2023,20230416,CUS01438,3,EMP0074,Vodafone Cash,Completed,4561,3200
ORD0007114,4/16/2023,20230416,CUS00162,5,EMP0100,Fawry,Completed,161.5,90
ORD0001168,4/17/2023,20230417,CUS02066,1,EMP0026,InstaPay,Returned,582,300
ORD0010285,4/17/2023,20230417,CUS00664,6,EMP0116,InstaPay,Completed,7208,4720
ORD0006859,4/17/2023,20230417,CUS02482,3,EMP0077,Credit Card,Completed,1878,1150
ORD0006787,4/17/2023,20230417,CUS02938,1,EMP0021,Credit Card,Completed,1040,510
ORD0005638,4/17/2023,20230417,CUS01673,4,EMP0085,Debit Card,Completed,2000,970
ORD0001796,4/17/2023,20230417,CUS00086,3,EMP0063,Fawry,Completed,600,280
ORD0005466,4/17/2023,20230417,CUS02073,2,EMP0039,Fawry,Completed,610,290
ORD0000565,4/17/2023,20230417,CUS00040,4,EMP0086,InstaPay,Completed,2196,1100
ORD0010484,4/17/2023,20230417,CUS01542,1,EMP0021,InstaPay,Completed,864.5,450
ORD0010343,4/17/2023,20230417,CUS02137,3,EMP0068,Vodafone Cash,Completed,2957,1450
ORD0009980,4/17/2023,20230417,CUS00243,9,No_Employee_id,Credit Card,Completed,1750.5,880
ORD0003499,4/17/2023,20230417,CUS00948,2,EMP0053,Credit Card,Completed,2463,1480
ORD0004450,4/17/2023,20230417,CUS02656,1,EMP0021,InstaPay,Completed,432,220
ORD0004944,4/17/2023,20230417,CUS01604,2,EMP0046,InstaPay,Completed,1322,770
ORD0000551,4/18/2023,20230418,CUS01561,11,EMP0167,Debit Card,Completed,170,80
ORD0003156,4/18/2023,20230418,CUS02179,1,EMP0020,Fawry,Completed,6136,5000
ORD0009227,4/18/2023,20230418,CUS00724,3,EMP0078,Credit Card,Completed,1020,940
ORD0004370,4/18/2023,20230418,CUS02049,13,EMP0190,Cash,Completed,300,150
ORD0000993,4/18/2023,20230418,CUS01999,10,EMP0163,Fawry,Completed,2815,2290
ORD0011922,4/18/2023,20230418,CUS01049,13,EMP0190,Vodafone Cash,Completed,15150,16200
ORD0009928,4/18/2023,20230418,CUS01469,5,EMP0096,Vodafone Cash,Completed,2814,1590
ORD0000914,4/18/2023,20230418,CUS02021,15,EMP0215,Cash,Cancelled,1074,520
ORD0003703,4/18/2023,20230418,CUS02375,3,EMP0072,Vodafone Cash,Completed,290,140
ORD0008484,4/18/2023,20230418,CUS00204,6,EMP0118,Debit Card,Completed,27260,21580
ORD0010055,4/18/2023,20230418,CUS02595,1,EMP0011,Vodafone Cash,Returned,1000,500
ORD0004383,4/18/2023,20230418,CUS01227,15,EMP0214,Fawry,Completed,2482,1920
ORD0005616,4/18/2023,20230418,CUS02277,14,EMP0202,Debit Card,Completed,315,170
ORD0002506,4/18/2023,20230418,CUS01098,2,EMP0039,Debit Card,Completed,180,80
ORD0010386,4/18/2023,20230418,CUS01000,3,EMP0055,Debit Card,Completed,2256,1170
ORD0008582,4/18/2023,20230418,CUS01425,2,EMP0030,InstaPay,Completed,1161,560
ORD0000385,4/18/2023,20230418,CUS01009,1,EMP0006,InstaPay,Completed,1440,690
ORD0006649,4/19/2023,20230419,CUS01643,6,EMP0125,Vodafone Cash,Completed,150,70
ORD0001886,4/19/2023,20230419,CUS01291,12,EMP0181,Debit Card,Completed,420,280
ORD0009295,4/19/2023,20230419,CUS00100,2,EMP0049,Fawry,Completed,1175,590
ORD0008495,4/19/2023,20230419,CUS02202,5,EMP0112,Cash,Completed,1751,950
ORD0007768,4/19/2023,20230419,CUS00204,3,EMP0074,Fawry,Completed,260,120
ORD0004779,4/19/2023,20230419,CUS02326,13,EMP0186,Fawry,Completed,2855,1550
ORD0007499,4/19/2023,20230419,CUS02977,3,EMP0072,Fawry,Completed,337,180
ORD0010675,4/19/2023,20230419,CUS01693,15,EMP0208,InstaPay,Completed,300,150
ORD0008417,4/19/2023,20230419,CUS02509,13,No_Employee_id,Debit Card,Completed,6320,5790
ORD0006661,4/19/2023,20230419,CUS02531,6,EMP0123,Vodafone Cash,Completed,200,100
ORD0003553,4/19/2023,20230419,CUS00431,6,EMP0114,Credit Card,Completed,1651,950
ORD0007381,4/19/2023,20230419,CUS01215,10,EMP0152,Credit Card,Completed,504,280
ORD0007400,4/19/2023,20230419,CUS02230,5,EMP0095,Vodafone Cash,Completed,238,140
ORD0008622,4/20/2023,20230420,CUS01298,3,EMP0060,Cash,Completed,1972,1340
ORD0009684,4/20/2023,20230420,CUS00625,2,EMP0051,Vodafone Cash,Completed,276,180
ORD0004846,4/20/2023,20230420,CUS01621,6,EMP0117,Cash,Completed,790,480
ORD0001215,4/20/2023,20230420,CUS00116,7,EMP0132,Fawry,Completed,360,170
ORD0004849,4/20/2023,20230420,CUS02483,1,EMP0006,Debit Card,Completed,240,160
ORD0007580,4/20/2023,20230420,CUS01839,11,EMP0172,Fawry,Completed,160,90
ORD0001445,4/20/2023,20230420,CUS02246,4,EMP0088,Debit Card,Completed,144,70
ORD0002772,4/20/2023,20230420,CUS02176,9,EMP0146,Credit Card,Completed,460,230
ORD0007906,4/20/2023,20230420,CUS00603,4,EMP0081,Cash,Completed,820,380
ORD0009956,4/20/2023,20230420,CUS00668,8,EMP0142,Cash,Completed,1200,1200
ORD0011930,4/20/2023,20230420,CUS00344,4,EMP0092,Fawry,Completed,450,270
ORD0002453,4/21/2023,20230421,CUS00656,2,EMP0030,InstaPay,Completed,1100,540
ORD0003759,4/21/2023,20230421,CUS02888,15,EMP0205,Credit Card,Completed,455,280
ORD0000976,4/21/2023,20230421,CUS01693,13,EMP0185,Vodafone Cash,Returned,10200,8100
ORD0011816,4/21/2023,20230421,CUS00858,4,EMP0087,Debit Card,Completed,510,270
ORD0007792,4/21/2023,20230421,CUS02631,3,No_Employee_id,Credit Card,Completed,455,230
ORD0010473,4/21/2023,20230421,CUS00156,2,EMP0029,Fawry,Completed,6010,5160
ORD0001082,4/21/2023,20230421,CUS01098,2,EMP0030,Vodafone Cash,Completed,1083,630
ORD0000584,4/21/2023,20230421,CUS01852,12,No_Employee_id,Cash,Completed,20400,16000
ORD0000978,4/21/2023,20230421,CUS01437,5,EMP0111,InstaPay,Completed,2912,1620
ORD0008055,4/21/2023,20230421,CUS01909,15,EMP0215,InstaPay,Completed,1662.5,960
ORD0004630,4/21/2023,20230421,CUS00701,10,EMP0162,Credit Card,Completed,2218,1820
ORD0006728,4/22/2023,20230422,CUS01951,2,EMP0041,Cash,Completed,332.5,170
ORD0010781,4/22/2023,20230422,CUS02438,15,EMP0216,InstaPay,Completed,504,280
ORD0007734,4/22/2023,20230422,CUS01318,6,EMP0125,InstaPay,Completed,2120,1120
ORD0010765,4/22/2023,20230422,CUS00971,10,EMP0158,Credit Card,Completed,140,70
ORD0001273,4/22/2023,20230422,CUS00434,2,EMP0053,Debit Card,Completed,376,190
ORD0001355,4/22/2023,20230422,CUS00198,5,EMP0102,Fawry,Completed,2421.5,1550
ORD0007453,4/22/2023,20230422,CUS00258,11,EMP0166,Cash,Completed,7000,5600
ORD0011463,4/22/2023,20230422,CUS00331,2,EMP0035,Cash,Completed,360,180
ORD0008994,4/22/2023,20230422,CUS01175,1,EMP0004,Fawry,Completed,3012,1520
ORD0002978,4/23/2023,20230423,CUS02488,2,EMP0037,InstaPay,Completed,460,220
ORD0002285,4/23/2023,20230423,CUS02909,4,EMP0089,InstaPay,Cancelled,490,240
ORD0005240,4/23/2023,20230423,CUS01776,2,EMP0046,InstaPay,Cancelled,680,340
ORD0011790,4/23/2023,20230423,CUS02323,13,EMP0192,Debit Card,Completed,1596,830
ORD0008880,4/23/2023,20230423,CUS01309,12,EMP0175,Credit Card,Completed,720,330
ORD0003776,4/23/2023,20230423,CUS02630,3,EMP0061,Credit Card,Returned,300,140
ORD0002251,4/23/2023,20230423,CUS02327,3,EMP0073,Credit Card,Completed,1155,570
ORD0007327,4/23/2023,20230423,CUS02928,4,EMP0091,Debit Card,Completed,1252,650
ORD0000969,4/23/2023,20230423,CUS02175,6,EMP0113,InstaPay,Completed,497,250
ORD0011055,4/23/2023,20230423,CUS02945,2,EMP0048,Debit Card,Completed,2712,1470
ORD0011350,4/24/2023,20230424,CUS02365,3,EMP0074,InstaPay,Completed,612,340
ORD0006226,4/24/2023,20230424,CUS02983,13,EMP0192,Credit Card,Completed,1354.5,700
ORD0000337,4/24/2023,20230424,CUS01070,13,EMP0192,Fawry,Completed,1434,830
ORD0007921,4/24/2023,20230424,CUS00876,9,EMP0151,InstaPay,Returned,1098,560
ORD0002571,4/24/2023,20230424,CUS01050,15,EMP0209,Credit Card,Completed,52750,49200
ORD0003934,4/24/2023,20230424,CUS00148,1,EMP0016,Debit Card,Completed,2162.5,1160
ORD0001163,4/25/2023,20230425,CUS02984,5,EMP0105,Debit Card,Completed,40440,32700
ORD0009578,4/25/2023,20230425,CUS02745,5,EMP0107,Credit Card,Completed,819,440
ORD0004611,4/25/2023,20230425,CUS02808,3,EMP0078,Cash,Completed,46642.5,37550
ORD0001035,4/25/2023,20230425,CUS01561,2,EMP0033,Credit Card,Completed,740,360
ORD0007643,4/25/2023,20230425,CUS00657,4,EMP0089,InstaPay,Completed,600,280
ORD0002111,4/25/2023,20230425,CUS01245,14,EMP0195,Cash,Completed,408.5,210
ORD0011747,4/25/2023,20230425,CUS01169,4,EMP0091,Debit Card,Completed,19764,17250
ORD0010869,4/25/2023,20230425,CUS02182,6,EMP0113,Cash,Completed,204,110
ORD0011755,4/25/2023,20230425,CUS02119,4,EMP0088,Cash,Completed,891.5,440
ORD0001280,4/25/2023,20230425,CUS00581,4,EMP0092,Debit Card,Returned,515,270
ORD0007624,4/25/2023,20230425,CUS01693,13,EMP0190,Fawry,Returned,2040,1030
ORD0005647,4/25/2023,20230425,CUS01041,4,EMP0080,Cash,Completed,340,160
ORD0003717,4/25/2023,20230425,CUS00359,1,EMP0017,InstaPay,Completed,3078,1600
ORD0009591,4/25/2023,20230425,CUS00408,12,EMP0179,Cash,Returned,15402.5,12160
ORD0007507,4/26/2023,20230426,CUS00018,4,EMP0094,Debit Card,Completed,15493,12580
ORD0008101,4/26/2023,20230426,CUS01026,3,EMP0075,Debit Card,Completed,918,480
ORD0011007,4/26/2023,20230426,CUS01617,4,EMP0080,InstaPay,Completed,999,540
ORD0000027,4/26/2023,20230426,CUS00440,14,EMP0196,Vodafone Cash,Completed,210,100
ORD0001290,4/26/2023,20230426,CUS01300,11,EMP0166,Fawry,Completed,445,240
ORD0000893,4/26/2023,20230426,CUS02108,8,No_Employee_id,Credit Card,Completed,144,70
ORD0004468,4/26/2023,20230426,CUS02434,7,EMP0134,Debit Card,Completed,3289,1790
ORD0004310,4/26/2023,20230426,CUS02974,1,EMP0014,Vodafone Cash,Completed,853.5,430
ORD0010260,4/26/2023,20230426,CUS02672,2,EMP0031,Credit Card,Completed,5013,3960
ORD0001348,4/27/2023,20230427,CUS00294,6,EMP0123,Cash,Cancelled,24320,20600
ORD0006682,4/27/2023,20230427,CUS01415,1,EMP0003,InstaPay,Completed,9144,6980
ORD0005501,4/27/2023,20230427,CUS02401,4,EMP0079,Fawry,Completed,453,230
ORD0006169,4/27/2023,20230427,CUS00758,3,EMP0068,InstaPay,Completed,2389.5,1330
ORD0001638,4/27/2023,20230427,CUS01221,7,EMP0133,Cash,Completed,240,120
ORD0008499,4/27/2023,20230427,CUS01237,3,EMP0062,Credit Card,Completed,40810,35990
ORD0000858,4/27/2023,20230427,CUS01452,5,EMP0112,Fawry,Completed,3515,1850
ORD0004985,4/27/2023,20230427,CUS01896,4,EMP0094,Debit Card,Completed,684,360
ORD0010146,4/27/2023,20230427,CUS01932,9,EMP0148,Cash,Completed,900,800
ORD0001815,4/27/2023,20230427,CUS02327,10,EMP0159,InstaPay,Completed,689,340
ORD0011095,4/27/2023,20230427,CUS01108,8,EMP0141,Fawry,Completed,187,110
ORD0008216,4/28/2023,20230428,CUS00123,2,EMP0033,Cash,Completed,4250,4000
ORD0003689,4/28/2023,20230428,CUS00270,5,EMP0108,Credit Card,Completed,465.5,240
ORD0007166,4/28/2023,20230428,CUS01229,1,No_Employee_id,Fawry,Completed,168,100
ORD0007441,4/28/2023,20230428,CUS00040,8,EMP0139,Debit Card,Completed,294.5,150
ORD0011625,4/28/2023,20230428,CUS01365,4,EMP0094,Vodafone Cash,Returned,1050,570
ORD0007647,4/28/2023,20230428,CUS01145,13,EMP0190,Debit Card,Completed,1620,830
ORD0003530,4/29/2023,20230429,CUS00508,12,EMP0183,InstaPay,Completed,2230,1450
ORD0001502,4/29/2023,20230429,CUS00945,5,No_Employee_id,Vodafone Cash,Returned,26660,23690
ORD0010459,4/29/2023,20230429,CUS00210,15,EMP0214,Vodafone Cash,Completed,1378,720
ORD0007884,4/29/2023,20230429,CUS00530,6,EMP0123,Fawry,Returned,437,220
ORD0009010,4/29/2023,20230429,CUS00666,15,EMP0208,InstaPay,Completed,556,280
ORD0004617,4/29/2023,20230429,CUS01954,3,EMP0061,Cash,Completed,135,70
ORD0010704,4/29/2023,20230429,CUS00906,5,EMP0107,Cash,Completed,952,490
ORD0008254,4/29/2023,20230429,CUS02941,13,EMP0189,Vodafone Cash,Completed,1961,1050
ORD0005725,4/29/2023,20230429,CUS01601,12,EMP0182,InstaPay,Completed,12234,12620
ORD0005020,4/29/2023,20230429,CUS02598,13,EMP0192,Vodafone Cash,Completed,3824,1940
ORD0001616,4/29/2023,20230429,CUS00445,3,EMP0064,Credit Card,Completed,560,260
ORD0010909,4/29/2023,20230429,CUS00458,12,EMP0182,Debit Card,Completed,270,140
ORD0000323,4/29/2023,20230429,CUS00551,10,EMP0160,Fawry,Completed,598.5,310
ORD0008293,4/29/2023,20230429,CUS02342,5,EMP0112,InstaPay,Completed,5760,4390
ORD0008606,4/30/2023,20230430,CUS01516,10,EMP0163,InstaPay,Completed,414,220
ORD0001138,4/30/2023,20230430,CUS00737,3,EMP0063,Vodafone Cash,Completed,42380,35980
ORD0004406,4/30/2023,20230430,CUS02629,2,EMP0032,Cash,Completed,190,90
ORD0011986,4/30/2023,20230430,CUS01725,4,EMP0094,Vodafone Cash,Completed,3046.5,1680
ORD0008833,4/30/2023,20230430,CUS00956,10,EMP0154,Vodafone Cash,Completed,1818,940
ORD0006350,4/30/2023,20230430,CUS00483,12,EMP0182,Fawry,Completed,210,100
ORD0011887,4/30/2023,20230430,CUS00330,4,EMP0091,Debit Card,Returned,319.5,180
ORD0004363,4/30/2023,20230430,CUS02193,5,EMP0110,Debit Card,Returned,223.5,110
ORD0008733,4/30/2023,20230430,CUS02402,3,EMP0057,Vodafone Cash,Completed,534,300
ORD0008756,4/30/2023,20230430,CUS01175,5,EMP0107,InstaPay,Completed,228,120
ORD0004329,5/1/2023,20230501,CUS01423,2,EMP0043,Fawry,Completed,475,240
ORD0009588,5/1/2023,20230501,CUS00850,10,EMP0153,Cash,Completed,2090,1040
ORD0006637,5/1/2023,20230501,CUS01879,14,EMP0195,Debit Card,Completed,1168,600
ORD0011292,5/1/2023,20230501,CUS02397,1,EMP0003,Debit Card,Completed,440,220
ORD0010776,5/1/2023,20230501,CUS00961,14,EMP0199,Fawry,Completed,1615,840
ORD0001335,5/1/2023,20230501,CUS00273,3,EMP0055,Vodafone Cash,Completed,1043,590
ORD0003513,5/1/2023,20230501,CUS00918,12,EMP0184,InstaPay,Completed,18657.5,16480
ORD0003208,5/1/2023,20230501,CUS00918,3,EMP0075,Credit Card,Completed,1366,710
ORD0002148,5/1/2023,20230501,CUS01993,13,EMP0185,Credit Card,Completed,1339,680
ORD0011947,5/1/2023,20230501,CUS01605,1,EMP0013,Vodafone Cash,Completed,23983,18840
ORD0005849,5/1/2023,20230501,CUS00687,4,EMP0094,InstaPay,Returned,851,420
ORD0001991,5/1/2023,20230501,CUS00709,15,EMP0215,Cash,Returned,4178,2110
ORD0011407,5/1/2023,20230501,CUS01381,1,EMP0021,InstaPay,Completed,425,240
ORD0011611,5/2/2023,20230502,CUS00643,4,EMP0088,Credit Card,Completed,2481,1260
ORD0011560,5/2/2023,20230502,CUS02414,1,EMP0014,InstaPay,Completed,14455,12020
ORD0006380,5/2/2023,20230502,CUS02710,3,EMP0075,Vodafone Cash,Completed,548,290
ORD0003607,5/2/2023,20230502,CUS01286,1,EMP0024,Credit Card,Completed,760,360
ORD0006051,5/2/2023,20230502,CUS00076,11,EMP0172,Debit Card,Completed,130,60
ORD0002074,5/2/2023,20230502,CUS02297,1,EMP0027,InstaPay,Completed,770,380
ORD0004304,5/2/2023,20230502,CUS00649,12,EMP0180,Debit Card,Completed,7110,6040
ORD0004149,5/2/2023,20230502,CUS00310,4,No_Employee_id,Cash,Completed,152,80
ORD0004311,5/2/2023,20230502,CUS01543,14,EMP0197,Cash,Completed,170,80
ORD0006611,5/2/2023,20230502,CUS01790,8,EMP0144,Cash,Returned,1250,1020
ORD0001613,5/2/2023,20230502,CUS02931,5,EMP0100,Debit Card,Returned,714,480
ORD0007666,5/2/2023,20230502,CUS00804,2,EMP0029,Debit Card,Completed,17152.5,16740
ORD0001559,5/2/2023,20230502,CUS01981,14,EMP0203,Debit Card,Completed,9591,7440
ORD0003397,5/3/2023,20230503,CUS01903,5,EMP0102,Debit Card,Completed,760,360
ORD0010476,5/3/2023,20230503,CUS01880,1,EMP0021,Vodafone Cash,Completed,1470,720
ORD0003993,5/3/2023,20230503,CUS02427,2,EMP0045,Fawry,Completed,142.5,70
ORD0004664,5/3/2023,20230503,CUS01399,5,No_Employee_id,Debit Card,Completed,19307,21410
ORD0001088,5/3/2023,20230503,CUS02051,6,EMP0114,Debit Card,Completed,2268,1240
ORD0003241,5/3/2023,20230503,CUS02400,13,EMP0189,Credit Card,Completed,840,510
ORD0004223,5/3/2023,20230503,CUS01320,1,EMP0015,Vodafone Cash,Completed,171,90
ORD0002065,5/3/2023,20230503,CUS02485,9,No_Employee_id,Fawry,Completed,1310,650
ORD0008300,5/3/2023,20230503,CUS02900,2,EMP0047,Vodafone Cash,Returned,5206,2590
ORD0007600,5/3/2023,20230503,CUS02425,4,EMP0080,Fawry,Completed,342,170
ORD0010901,5/3/2023,20230503,CUS00013,2,EMP0054,Debit Card,Completed,1344,720
ORD0005053,5/3/2023,20230503,CUS02129,14,EMP0199,Cash,Completed,237.5,120
ORD0007662,5/3/2023,20230503,CUS01536,1,EMP0024,Fawry,Completed,28770,24130
ORD0003237,5/4/2023,20230504,CUS00695,7,EMP0128,InstaPay,Completed,360,210
ORD0011273,5/4/2023,20230504,CUS01207,2,EMP0049,Vodafone Cash,Completed,16740,14900
ORD0006977,5/4/2023,20230504,CUS01320,5,EMP0102,Credit Card,Completed,180.5,90
ORD0002721,5/4/2023,20230504,CUS02197,1,EMP0018,Credit Card,Completed,1746,850
ORD0006028,5/4/2023,20230504,CUS02942,1,EMP0018,Cash,Completed,1017,510
ORD0005558,5/4/2023,20230504,CUS01351,6,EMP0120,Fawry,Completed,800,400
ORD0007215,5/4/2023,20230504,CUS00528,13,EMP0192,Credit Card,Completed,270,130
ORD0006283,5/4/2023,20230504,CUS00017,9,EMP0147,InstaPay,Completed,385,270
ORD0009315,5/4/2023,20230504,CUS02228,8,EMP0144,Credit Card,Completed,336,200
ORD0004700,5/4/2023,20230504,CUS01702,3,EMP0060,Vodafone Cash,Completed,423,230
ORD0000290,5/4/2023,20230504,CUS00359,2,EMP0048,InstaPay,Completed,60160,47860
ORD0005962,5/4/2023,20230504,CUS02666,5,EMP0095,Vodafone Cash,Completed,1460,770
ORD0002423,5/4/2023,20230504,CUS01700,15,No_Employee_id,Fawry,Completed,3386,1830
ORD0006815,5/5/2023,20230505,CUS01336,14,EMP0201,Fawry,Completed,756.5,380
ORD0002726,5/5/2023,20230505,CUS01429,7,EMP0130,Credit Card,Completed,2881,1590
ORD0009820,5/5/2023,20230505,CUS01302,5,EMP0111,InstaPay,Completed,560,340
ORD0003514,5/5/2023,20230505,CUS02784,11,EMP0168,Credit Card,Completed,1280,780
ORD0010844,5/5/2023,20230505,CUS01241,2,EMP0033,Fawry,Completed,680,390
ORD0005938,5/5/2023,20230505,CUS00066,13,EMP0192,Debit Card,Completed,2052,1670
ORD0011616,5/5/2023,20230505,CUS01781,12,EMP0174,Fawry,Completed,442,260
ORD0003366,5/5/2023,20230505,CUS01299,6,EMP0124,Cash,Completed,1143,610
ORD0009708,5/5/2023,20230505,CUS00304,11,EMP0165,Credit Card,Returned,756,380
ORD0010498,5/5/2023,20230505,CUS00322,1,EMP0013,Fawry,Completed,594,290
ORD0001533,5/5/2023,20230505,CUS00333,2,EMP0036,InstaPay,Completed,880,400
ORD0009417,5/6/2023,20230506,CUS00638,1,EMP0004,Cash,Completed,1650,860
ORD0011722,5/6/2023,20230506,CUS02809,1,No_Employee_id,Cash,Completed,3165.5,1770
ORD0005331,5/6/2023,20230506,CUS02713,10,EMP0156,Credit Card,Completed,680,320
ORD0000197,5/6/2023,20230506,CUS00210,14,EMP0197,Vodafone Cash,Returned,504,300
ORD0008603,5/6/2023,20230506,CUS00826,14,EMP0194,Cash,Completed,208,120
ORD0011279,5/6/2023,20230506,CUS00163,11,EMP0168,Cash,Completed,5361,4180
ORD0001865,5/6/2023,20230506,CUS00838,3,EMP0055,Vodafone Cash,Completed,1151.5,560
ORD0007341,5/6/2023,20230506,CUS00530,1,EMP0004,Credit Card,Completed,170,80
ORD0006641,5/6/2023,20230506,CUS00953,5,EMP0102,InstaPay,Completed,972,510
ORD0007784,5/6/2023,20230506,CUS01351,8,No_Employee_id,Cash,Completed,260,130
ORD0006105,5/6/2023,20230506,CUS02544,1,EMP0025,Fawry,Completed,230,110
ORD0000553,5/6/2023,20230506,CUS00125,6,No_Employee_id,InstaPay,Completed,200,100
ORD0006217,5/7/2023,20230507,CUS01930,5,EMP0103,Debit Card,Completed,764,440
ORD0009285,5/7/2023,20230507,CUS00686,3,No_Employee_id,Cash,Completed,189,100
ORD0000870,5/7/2023,20230507,CUS01072,1,EMP0007,Cash,Completed,357,200
ORD0002634,5/7/2023,20230507,CUS00273,2,EMP0044,Credit Card,Completed,833,480
ORD0003995,5/7/2023,20230507,CUS00247,13,EMP0189,Vodafone Cash,Completed,562,300
ORD0005973,5/7/2023,20230507,CUS01699,3,EMP0056,Credit Card,Completed,1448,700
ORD0005444,5/7/2023,20230507,CUS00433,4,EMP0086,InstaPay,Completed,729,400
ORD0011695,5/8/2023,20230508,CUS00911,2,EMP0044,Vodafone Cash,Completed,722.5,420
ORD0002900,5/8/2023,20230508,CUS02756,5,EMP0095,Credit Card,Cancelled,885.5,480
ORD0008123,5/8/2023,20230508,CUS01078,3,EMP0055,Credit Card,Completed,15204,12080
ORD0003492,5/8/2023,20230508,CUS00190,3,EMP0056,Vodafone Cash,Completed,610,300
ORD0004883,5/8/2023,20230508,CUS01184,5,EMP0098,InstaPay,Completed,819,410
ORD0004760,5/8/2023,20230508,CUS00462,2,EMP0039,Vodafone Cash,Completed,800,700
ORD0005517,5/8/2023,20230508,CUS00697,14,EMP0198,Debit Card,Completed,6272,4960
ORD0004397,5/8/2023,20230508,CUS02069,2,EMP0045,Vodafone Cash,Completed,306,160
ORD0010404,5/8/2023,20230508,CUS00259,4,EMP0092,Cash,Completed,150,80
ORD0010583,5/8/2023,20230508,CUS01298,2,EMP0034,Credit Card,Completed,180.5,90
ORD0005297,5/8/2023,20230508,CUS01418,6,EMP0123,Debit Card,Completed,734,370
ORD0003335,5/8/2023,20230508,CUS01518,2,EMP0052,InstaPay,Returned,266,140
ORD0006218,5/8/2023,20230508,CUS02939,13,EMP0193,InstaPay,Completed,720,380
ORD0001962,5/9/2023,20230509,CUS00297,2,EMP0042,Fawry,Returned,357,180
ORD0004554,5/9/2023,20230509,CUS01814,4,EMP0087,Debit Card,Completed,7168.5,5340
ORD0008479,5/9/2023,20230509,CUS01142,3,EMP0068,Vodafone Cash,Completed,255,160
ORD0006170,5/9/2023,20230509,CUS02676,3,EMP0065,Fawry,Completed,270,150
ORD0006117,5/9/2023,20230509,CUS02155,6,No_Employee_id,Cash,Completed,1664,1120
ORD0002116,5/9/2023,20230509,CUS01701,7,EMP0135,Cash,Completed,870,450
ORD0010898,5/9/2023,20230509,CUS00079,1,EMP0002,Cash,Completed,10981,8520
ORD0009986,5/9/2023,20230509,CUS02693,13,EMP0188,Credit Card,Returned,3326.5,1640
ORD0011566,5/9/2023,20230509,CUS01160,2,EMP0046,InstaPay,Completed,778,400
ORD0000438,5/10/2023,20230510,CUS02739,6,No_Employee_id,Vodafone Cash,Completed,524,280
ORD0010029,5/10/2023,20230510,CUS02385,2,EMP0039,Debit Card,Completed,210,100
ORD0007904,5/10/2023,20230510,CUS02417,7,EMP0135,Vodafone Cash,Cancelled,85.5,40
ORD0010773,5/10/2023,20230510,CUS00004,10,EMP0161,Credit Card,Completed,891.5,490
ORD0001943,5/10/2023,20230510,CUS02648,12,EMP0182,InstaPay,Completed,150,70
ORD0010488,5/10/2023,20230510,CUS02273,8,EMP0138,Credit Card,Completed,3333,1860
ORD0001541,5/10/2023,20230510,CUS02598,2,EMP0054,Cash,Completed,300,140
ORD0006162,5/10/2023,20230510,CUS01687,7,EMP0130,Debit Card,Completed,31849.5,27400
ORD0006150,5/11/2023,20230511,CUS01498,5,EMP0112,Fawry,Cancelled,24485.5,22200
ORD0004991,5/11/2023,20230511,CUS00641,7,EMP0127,Fawry,Returned,5756,5040
ORD0007241,5/11/2023,20230511,CUS02062,5,EMP0105,Vodafone Cash,Completed,1391,1050
ORD0004663,5/11/2023,20230511,CUS02380,10,EMP0155,Cash,Cancelled,460,230
ORD0008144,5/11/2023,20230511,CUS01529,10,EMP0155,Fawry,Completed,304,140
ORD0002121,5/11/2023,20230511,CUS00128,3,No_Employee_id,InstaPay,Completed,1360,640
ORD0001021,5/11/2023,20230511,CUS01509,4,EMP0080,Cash,Returned,2360,1170
ORD0008167,5/11/2023,20230511,CUS01957,1,EMP0010,Fawry,Completed,2571,1910
ORD0005695,5/11/2023,20230511,CUS00091,5,EMP0097,Fawry,Completed,14950,13000
ORD0007104,5/11/2023,20230511,CUS01624,3,EMP0074,Cash,Returned,532,280
ORD0002981,5/11/2023,20230511,CUS01301,7,No_Employee_id,Vodafone Cash,Completed,1645,820
ORD0008238,5/11/2023,20230511,CUS01033,12,EMP0181,Fawry,Completed,1254,640
ORD0005239,5/11/2023,20230511,CUS02694,7,EMP0130,InstaPay,Completed,170,80
ORD0003875,5/11/2023,20230511,CUS00777,12,EMP0176,Debit Card,Completed,160,70
ORD0006712,5/11/2023,20230511,CUS02602,12,EMP0174,Fawry,Completed,378,200
ORD0005618,5/11/2023,20230511,CUS00456,1,EMP0027,Debit Card,Completed,391.5,200
ORD0000864,5/11/2023,20230511,CUS00772,2,EMP0040,Fawry,Completed,17402,15260
ORD0004603,5/12/2023,20230512,CUS02722,6,No_Employee_id,Credit Card,Completed,680,330
ORD0002789,5/12/2023,20230512,CUS02897,15,EMP0207,Cash,Completed,1437,790
ORD0008496,5/12/2023,20230512,CUS00208,5,EMP0096,InstaPay,Completed,17861.5,18890
ORD0004749,5/12/2023,20230512,CUS00405,3,EMP0065,Vodafone Cash,Completed,440,200
ORD0007504,5/12/2023,20230512,CUS00065,3,EMP0078,Vodafone Cash,Completed,315,170
ORD0008869,5/12/2023,20230512,CUS02376,7,EMP0133,Credit Card,Returned,32213,26950
ORD0011246,5/12/2023,20230512,CUS01481,1,EMP0022,Debit Card,Completed,90,40
ORD0001703,5/12/2023,20230512,CUS02405,7,EMP0129,Vodafone Cash,Completed,80,40
ORD0004738,5/12/2023,20230512,CUS02640,2,EMP0048,Vodafone Cash,Completed,522.5,270
ORD0006631,5/12/2023,20230512,CUS00852,2,EMP0033,InstaPay,Completed,182,130
ORD0011937,5/12/2023,20230512,CUS01845,10,EMP0156,Debit Card,Completed,2282.5,1160
ORD0003077,5/13/2023,20230513,CUS00827,3,EMP0064,Debit Card,Returned,6689,5300
ORD0010911,5/13/2023,20230513,CUS02855,12,EMP0178,Credit Card,Cancelled,1793,940
ORD0010216,5/13/2023,20230513,CUS02881,4,EMP0082,Vodafone Cash,Completed,1133,630
ORD0006212,5/13/2023,20230513,CUS02319,14,EMP0202,Debit Card,Completed,1514,860
ORD0005822,5/13/2023,20230513,CUS00206,15,EMP0206,Debit Card,Completed,2210,2000
ORD0007891,5/13/2023,20230513,CUS01483,12,EMP0183,Credit Card,Completed,399.5,230
ORD0005048,5/13/2023,20230513,CUS02361,1,EMP0022,Vodafone Cash,Returned,567,300
ORD0007262,5/13/2023,20230513,CUS02577,8,EMP0139,Debit Card,Completed,179,110
ORD0003829,5/13/2023,20230513,CUS00026,8,EMP0137,Debit Card,Returned,1632,940
ORD0004457,5/13/2023,20230513,CUS00175,6,EMP0123,Vodafone Cash,Completed,2619,1320
ORD0009382,5/13/2023,20230513,CUS01276,6,EMP0115,Debit Card,Completed,1285,670
ORD0005001,5/13/2023,20230513,CUS02069,9,EMP0150,Vodafone Cash,Completed,5181.5,2620
ORD0002821,5/13/2023,20230513,CUS00318,12,EMP0174,Credit Card,Completed,642.5,330
ORD0010722,5/14/2023,20230514,CUS00238,10,EMP0154,InstaPay,Completed,810,450
ORD0008492,5/14/2023,20230514,CUS00752,3,No_Employee_id,Debit Card,Completed,190,90
ORD0007776,5/14/2023,20230514,CUS00327,1,EMP0015,Cash,Completed,30300,24300
ORD0006382,5/14/2023,20230514,CUS01215,3,EMP0071,Vodafone Cash,Cancelled,678,380
ORD0003424,5/14/2023,20230514,CUS01641,2,EMP0046,Vodafone Cash,Completed,13063.5,10730
ORD0000821,5/14/2023,20230514,CUS02289,3,EMP0077,Cash,Completed,868,440
ORD0004531,5/14/2023,20230514,CUS02780,1,EMP0005,Fawry,Completed,500,240
ORD0007847,5/14/2023,20230514,CUS02638,6,EMP0113,Fawry,Completed,36701,32040
ORD0007614,5/14/2023,20230514,CUS01925,3,No_Employee_id,Fawry,Completed,18137,16320
ORD0000037,5/14/2023,20230514,CUS01861,4,EMP0090,Credit Card,Completed,210,110
ORD0005837,5/15/2023,20230515,CUS01710,5,EMP0096,Cash,Completed,1372.5,660
ORD0000837,5/15/2023,20230515,CUS00511,14,EMP0198,Fawry,Completed,12200,10740
ORD0006934,5/15/2023,20230515,CUS02687,1,EMP0024,InstaPay,Completed,800,340
ORD0001024,5/15/2023,20230515,CUS01676,11,EMP0164,Debit Card,Completed,14782,13000
ORD0004096,5/15/2023,20230515,CUS01685,6,EMP0120,Debit Card,Completed,1368,840
ORD0000694,5/15/2023,20230515,CUS01516,2,EMP0053,InstaPay,Completed,2281.5,1110
ORD0008135,5/15/2023,20230515,CUS00113,6,No_Employee_id,InstaPay,Completed,639,350
ORD0009780,5/16/2023,20230516,CUS01059,5,EMP0095,Fawry,Completed,1542,780
ORD0007296,5/16/2023,20230516,CUS01443,15,EMP0213,Debit Card,Completed,1120,700
ORD0001624,5/16/2023,20230516,CUS00887,8,EMP0144,InstaPay,Cancelled,840,440
ORD0007054,5/16/2023,20230516,CUS00046,4,EMP0083,Fawry,Completed,746.5,410
ORD0010873,5/16/2023,20230516,CUS00560,7,EMP0136,Vodafone Cash,Completed,760,350
ORD0010851,5/16/2023,20230516,CUS02642,2,EMP0041,Credit Card,Completed,270,130
ORD0001392,5/16/2023,20230516,CUS00592,5,EMP0100,Credit Card,Completed,540,270
ORD0006678,5/16/2023,20230516,CUS01603,1,EMP0012,Cash,Returned,1554,790
ORD0010989,5/16/2023,20230516,CUS01148,1,EMP0011,Cash,Cancelled,240,110
ORD0002388,5/16/2023,20230516,CUS01222,14,EMP0200,Debit Card,Completed,465,230
ORD0001706,5/17/2023,20230517,CUS00189,4,EMP0091,Vodafone Cash,Completed,2265,1120
ORD0005737,5/17/2023,20230517,CUS01060,4,EMP0083,Vodafone Cash,Completed,3544,1810
ORD0001881,5/17/2023,20230517,CUS02803,2,EMP0030,InstaPay,Completed,540,280
ORD0010114,5/17/2023,20230517,CUS00583,4,EMP0090,InstaPay,Cancelled,997.5,510
ORD0002096,5/17/2023,20230517,CUS02537,4,EMP0092,Credit Card,Completed,2805,1510
ORD0002510,5/17/2023,20230517,CUS01888,4,EMP0094,Vodafone Cash,Completed,26829.5,22530
ORD0009237,5/17/2023,20230517,CUS00785,10,EMP0156,InstaPay,Completed,1294,1050
ORD0011837,5/17/2023,20230517,CUS02182,4,EMP0080,Cash,Returned,720,360
ORD0009787,5/17/2023,20230517,CUS01145,1,EMP0023,Cash,Completed,886,440
ORD0008245,5/18/2023,20230518,CUS01971,2,EMP0052,InstaPay,Completed,210,120
ORD0005290,5/18/2023,20230518,CUS00335,5,EMP0098,Cash,Completed,565,330
ORD0010680,5/18/2023,20230518,CUS01837,3,EMP0070,Cash,Completed,1452,860
ORD0004505,5/18/2023,20230518,CUS02883,6,EMP0124,Cash,Completed,893,460
ORD0003849,5/18/2023,20230518,CUS00468,6,EMP0126,Fawry,Completed,1171,590
ORD0006450,5/18/2023,20230518,CUS02275,3,EMP0071,InstaPay,Completed,1982,1330
ORD0002411,5/18/2023,20230518,CUS02393,8,EMP0138,Vodafone Cash,Completed,1337,680
ORD0005043,5/18/2023,20230518,CUS02523,1,EMP0008,Vodafone Cash,Completed,733,410
ORD0003763,5/18/2023,20230518,CUS02488,2,EMP0035,InstaPay,Completed,1224,680
ORD0003130,5/18/2023,20230518,CUS02824,3,EMP0071,Debit Card,Completed,471,220
ORD0003743,5/18/2023,20230518,CUS01540,6,EMP0123,Debit Card,Completed,1107,560
ORD0000053,5/18/2023,20230518,CUS00939,3,EMP0066,Credit Card,Returned,5767.5,4940
ORD0011864,5/19/2023,20230519,CUS02227,8,No_Employee_id,Credit Card,Completed,950,500
ORD0002602,5/19/2023,20230519,CUS02334,3,EMP0071,Credit Card,Completed,422.5,210
ORD0007508,5/19/2023,20230519,CUS02856,5,No_Employee_id,Credit Card,Completed,680,320
ORD0000289,5/19/2023,20230519,CUS01376,13,EMP0193,Cash,Completed,1604,860
ORD0008635,5/19/2023,20230519,CUS02319,3,EMP0065,Debit Card,Completed,924,450
ORD0011220,5/19/2023,20230519,CUS00079,5,EMP0097,Fawry,Cancelled,1923,1000
ORD0002049,5/19/2023,20230519,CUS02528,3,EMP0066,Credit Card,Returned,779,400
ORD0001304,5/19/2023,20230519,CUS02680,6,EMP0114,Vodafone Cash,Completed,1242,720
ORD0003988,5/20/2023,20230520,CUS01130,4,EMP0088,Vodafone Cash,Completed,6391,5320
ORD0008764,5/20/2023,20230520,CUS00230,2,EMP0045,Cash,Completed,180,80
ORD0002687,5/20/2023,20230520,CUS01789,5,EMP0110,Fawry,Completed,792,400
ORD0004802,5/20/2023,20230520,CUS01289,1,EMP0015,Vodafone Cash,Returned,579.5,300
ORD0000884,5/20/2023,20230520,CUS02276,2,EMP0037,Debit Card,Completed,442,250
ORD0011650,5/20/2023,20230520,CUS02349,5,EMP0101,Credit Card,Cancelled,279,150
ORD0010069,5/20/2023,20230520,CUS01164,13,EMP0187,InstaPay,Returned,28620,25400
ORD0008011,5/20/2023,20230520,CUS02424,5,EMP0106,Credit Card,Completed,1795.5,930
ORD0005828,5/20/2023,20230520,CUS01676,3,EMP0057,Fawry,Returned,12540,10600
ORD0011940,5/20/2023,20230520,CUS02209,10,EMP0159,Fawry,Completed,895.5,490
ORD0006093,5/20/2023,20230520,CUS02994,5,EMP0107,Vodafone Cash,Completed,11116,8810
ORD0005439,5/20/2023,20230520,CUS00829,7,EMP0132,Cash,Completed,142.5,70
ORD0005808,5/21/2023,20230521,CUS01903,10,EMP0153,Cash,Completed,450,200
ORD0007933,5/21/2023,20230521,CUS00355,2,EMP0036,Credit Card,Completed,1032,630
ORD0000262,5/21/2023,20230521,CUS01811,5,EMP0104,Debit Card,Completed,1898,990
ORD0004997,5/21/2023,20230521,CUS02174,2,EMP0046,Fawry,Completed,15672,15640
ORD0011372,5/21/2023,20230521,CUS01086,8,EMP0137,Credit Card,Completed,108,60
ORD0006586,5/21/2023,20230521,CUS01658,11,EMP0170,Debit Card,Completed,876.5,530
ORD0005754,5/21/2023,20230521,CUS00339,2,EMP0041,Cash,Completed,31940,25470
ORD0006227,5/21/2023,20230521,CUS01289,4,EMP0086,Vodafone Cash,Completed,160,80
ORD0006531,5/21/2023,20230521,CUS02045,1,EMP0024,Credit Card,Completed,1813.5,900
ORD0009704,5/21/2023,20230521,CUS01259,9,EMP0145,Fawry,Cancelled,913,480
ORD0011020,5/21/2023,20230521,CUS02404,2,EMP0043,Credit Card,Completed,456,210
ORD0010970,5/22/2023,20230522,CUS00049,5,EMP0099,Fawry,Returned,3200,2400
ORD0010399,5/22/2023,20230522,CUS00425,1,EMP0025,Cash,Completed,25752,20670
ORD0001473,5/22/2023,20230522,CUS00476,2,EMP0029,Vodafone Cash,Cancelled,3855.5,1980
ORD0004098,5/22/2023,20230522,CUS00883,1,EMP0027,Fawry,Completed,620,300
ORD0003375,5/22/2023,20230522,CUS00416,2,EMP0054,Debit Card,Completed,1695.5,970
ORD0011079,5/22/2023,20230522,CUS00631,3,EMP0061,Fawry,Returned,963.5,570
ORD0004197,5/22/2023,20230522,CUS01451,1,EMP0010,Vodafone Cash,Completed,43289,40160
ORD0004392,5/22/2023,20230522,CUS00576,1,EMP0027,Fawry,Completed,11920,11900
ORD0006132,5/23/2023,20230523,CUS02282,10,EMP0152,Cash,Completed,1196,580
ORD0001935,5/23/2023,20230523,CUS01173,5,EMP0098,Cash,Cancelled,120,60
ORD0009204,5/23/2023,20230523,CUS01149,10,EMP0157,Vodafone Cash,Completed,1799.5,910
ORD0001926,5/23/2023,20230523,CUS01471,2,EMP0035,Cash,Cancelled,4176,3010
ORD0001719,5/23/2023,20230523,CUS02342,4,EMP0090,Debit Card,Completed,919.5,490
ORD0007285,5/23/2023,20230523,CUS01231,1,EMP0010,InstaPay,Cancelled,1575.5,820
ORD0005959,5/23/2023,20230523,CUS00123,6,EMP0126,Debit Card,Completed,391,220
ORD0008929,5/23/2023,20230523,CUS00594,4,EMP0094,Fawry,Completed,10060,10670
ORD0005772,5/23/2023,20230523,CUS02444,2,EMP0037,InstaPay,Completed,14745,15200
ORD0011573,5/23/2023,20230523,CUS02456,5,EMP0099,InstaPay,Returned,6336,5480
ORD0009905,5/23/2023,20230523,CUS01724,12,EMP0180,Credit Card,Returned,468,240
ORD0008812,5/23/2023,20230523,CUS00468,14,EMP0201,Cash,Completed,597.5,300
ORD0010230,5/24/2023,20230524,CUS00329,3,EMP0068,InstaPay,Completed,960,460
ORD0006026,5/24/2023,20230524,CUS02088,3,EMP0056,Debit Card,Completed,706.5,350
ORD0002310,5/24/2023,20230524,CUS00629,13,EMP0189,Vodafone Cash,Completed,1640,1370
ORD0010191,5/24/2023,20230524,CUS00183,11,EMP0166,Credit Card,Completed,427.5,220
ORD0010644,5/24/2023,20230524,CUS00992,6,EMP0115,Debit Card,Returned,6147,4830
ORD0005532,5/24/2023,20230524,CUS02033,1,EMP0013,Debit Card,Completed,722,370
ORD0000715,5/24/2023,20230524,CUS01646,15,EMP0211,Vodafone Cash,Completed,2318,1200
ORD0000159,5/25/2023,20230525,CUS02421,11,EMP0164,Vodafone Cash,Completed,1927.5,1050
ORD0008337,5/25/2023,20230525,CUS01039,3,EMP0070,Cash,Cancelled,210,130
ORD0003124,5/25/2023,20230525,CUS00995,15,EMP0209,Cash,Completed,1566,810
ORD0008334,5/25/2023,20230525,CUS01655,9,EMP0146,Debit Card,Completed,44100,35400
ORD0009365,5/25/2023,20230525,CUS00570,6,EMP0117,InstaPay,Completed,2268,1100
ORD0007853,5/25/2023,20230525,CUS02310,7,EMP0129,Cash,Completed,9324.5,8350
ORD0000033,5/25/2023,20230525,CUS02633,10,EMP0161,Debit Card,Completed,765,450
ORD0003338,5/25/2023,20230525,CUS01880,2,EMP0030,Fawry,Completed,64,40
ORD0005818,5/25/2023,20230525,CUS00620,3,EMP0077,Fawry,Completed,2772,1450
ORD0009404,5/25/2023,20230525,CUS00509,3,EMP0066,Cash,Completed,135,70
ORD0008501,5/25/2023,20230525,CUS01102,3,EMP0059,Debit Card,Completed,243,130
ORD0002345,5/25/2023,20230525,CUS02921,14,EMP0200,Fawry,Completed,1369.5,700
ORD0003804,5/25/2023,20230525,CUS02861,4,EMP0079,Credit Card,Completed,780,390
ORD0004480,5/25/2023,20230525,CUS01897,4,EMP0087,Fawry,Completed,2806.5,1570
ORD0009219,5/25/2023,20230525,CUS02318,1,EMP0015,Fawry,Returned,844.5,450
ORD0011908,5/25/2023,20230525,CUS00228,5,No_Employee_id,Vodafone Cash,Completed,12983,10210
ORD0009595,5/26/2023,20230526,CUS01148,1,EMP0024,Vodafone Cash,Completed,230,110
ORD0007919,5/26/2023,20230526,CUS02682,6,EMP0120,Cash,Completed,752,400
ORD0003195,5/26/2023,20230526,CUS00972,8,EMP0139,InstaPay,Completed,864,520
ORD0008815,5/26/2023,20230526,CUS00331,2,EMP0054,Fawry,Completed,11979.5,11000
ORD0008887,5/26/2023,20230526,CUS00256,2,EMP0037,InstaPay,Completed,792,420
ORD0004671,5/26/2023,20230526,CUS02141,10,EMP0159,Credit Card,Completed,117,60
ORD0007021,5/26/2023,20230526,CUS00971,2,EMP0045,Fawry,Completed,1555.5,730
ORD0002831,5/26/2023,20230526,CUS01061,15,EMP0206,Cash,Completed,1370,920
ORD0010535,5/26/2023,20230526,CUS02254,4,EMP0079,InstaPay,Completed,2940,1550
ORD0010467,5/26/2023,20230526,CUS00952,5,EMP0108,Vodafone Cash,Completed,11220.5,9160
ORD0010820,5/26/2023,20230526,CUS00557,1,EMP0016,Credit Card,Completed,1952,1080
ORD0007540,5/26/2023,20230526,CUS01174,5,EMP0097,Credit Card,Completed,880,410
ORD0011151,5/27/2023,20230527,CUS02227,7,EMP0135,Vodafone Cash,Completed,1500,730
ORD0005135,5/27/2023,20230527,CUS01763,8,EMP0139,Vodafone Cash,Completed,2489,1280
ORD0000965,5/27/2023,20230527,CUS00697,1,EMP0021,Debit Card,Completed,6564.5,5120
ORD0007539,5/27/2023,20230527,CUS02287,6,EMP0115,Credit Card,Completed,396,200
ORD0010481,5/27/2023,20230527,CUS00362,8,EMP0138,Cash,Completed,1247,610
ORD0010907,5/27/2023,20230527,CUS02145,13,EMP0188,InstaPay,Completed,344,210
ORD0002734,5/27/2023,20230527,CUS01516,5,No_Employee_id,Vodafone Cash,Completed,1241,630
ORD0004128,5/27/2023,20230527,CUS02116,3,EMP0063,InstaPay,Completed,803,430
ORD0001722,5/27/2023,20230527,CUS00997,1,EMP0005,InstaPay,Completed,357,200
ORD0006075,5/27/2023,20230527,CUS02435,3,EMP0077,Debit Card,Completed,408,210
ORD0001641,5/27/2023,20230527,CUS02240,14,EMP0200,Cash,Completed,481.5,300
ORD0009064,5/28/2023,20230528,CUS02100,7,EMP0132,Credit Card,Completed,830,410
ORD0010590,5/28/2023,20230528,CUS01489,2,EMP0053,Fawry,Completed,623,430
ORD0004877,5/28/2023,20230528,CUS01583,7,EMP0130,Credit Card,Completed,1900,950
ORD0011379,5/28/2023,20230528,CUS02425,3,EMP0056,Vodafone Cash,Completed,421,240
ORD0008021,5/28/2023,20230528,CUS00979,8,EMP0140,Debit Card,Completed,280,170
ORD0011978,5/28/2023,20230528,CUS01239,2,EMP0033,InstaPay,Completed,603,330
ORD0011809,5/28/2023,20230528,CUS01659,7,EMP0129,Fawry,Cancelled,8223,6020
ORD0006870,5/28/2023,20230528,CUS00731,2,EMP0039,Vodafone Cash,Completed,1251.5,650
ORD0010573,5/28/2023,20230528,CUS02449,14,EMP0202,Vodafone Cash,Completed,585,310
ORD0011737,5/28/2023,20230528,CUS00116,1,EMP0012,Cash,Completed,1020,500
ORD0005025,5/28/2023,20230528,CUS02953,2,EMP0042,Debit Card,Completed,2040,1000
ORD0006402,5/28/2023,20230528,CUS01218,3,EMP0070,Fawry,Returned,1326.5,720
ORD0003977,5/29/2023,20230529,CUS01307,10,EMP0155,Credit Card,Completed,2336,1140
ORD0006550,5/29/2023,20230529,CUS01959,14,EMP0201,Cash,Completed,1868,980
ORD0004143,5/29/2023,20230529,CUS02400,10,No_Employee_id,Debit Card,Completed,602,420
ORD0009103,5/29/2023,20230529,CUS00312,15,EMP0212,Cash,Completed,1807,980
ORD0000269,5/29/2023,20230529,CUS02669,7,EMP0127,Credit Card,Completed,240,140
ORD0000407,5/29/2023,20230529,CUS02196,12,EMP0180,Cash,Completed,233,140
ORD0001263,5/29/2023,20230529,CUS01292,4,EMP0090,Cash,Completed,480,230
ORD0006801,5/29/2023,20230529,CUS02300,10,No_Employee_id,Fawry,Completed,10080,8900
ORD0005728,5/29/2023,20230529,CUS02046,2,EMP0047,Debit Card,Completed,1807.5,960
ORD0007729,5/29/2023,20230529,CUS01433,2,EMP0034,Cash,Completed,1161,620
ORD0006650,5/29/2023,20230529,CUS02686,2,EMP0040,Debit Card,Completed,650,320
ORD0008792,5/29/2023,20230529,CUS00811,1,EMP0023,Fawry,Completed,314.5,180
ORD0007972,5/29/2023,20230529,CUS02306,14,EMP0196,Debit Card,Completed,171,90
ORD0002570,5/30/2023,20230530,CUS01072,15,EMP0208,Credit Card,Completed,2964,1520
ORD0011876,5/30/2023,20230530,CUS00340,6,EMP0123,Fawry,Completed,25838,20100
ORD0010594,5/30/2023,20230530,CUS00830,12,EMP0176,Debit Card,Completed,326.5,170
ORD0000052,5/30/2023,20230530,CUS00890,5,EMP0108,Cash,Returned,2000,1600
ORD0006741,5/30/2023,20230530,CUS00981,1,EMP0023,InstaPay,Completed,672,360
ORD0010730,5/30/2023,20230530,CUS00349,2,EMP0034,InstaPay,Completed,1026,540
ORD0003086,5/30/2023,20230530,CUS00910,4,EMP0083,Credit Card,Completed,180,80
ORD0002874,5/30/2023,20230530,CUS02611,11,EMP0172,Debit Card,Completed,13550,11970
ORD0002644,5/30/2023,20230530,CUS02351,3,EMP0060,Vodafone Cash,Completed,1009.5,530
ORD0005972,5/30/2023,20230530,CUS00550,6,EMP0123,Debit Card,Completed,1064.5,550
ORD0001460,5/30/2023,20230530,CUS02199,5,EMP0106,Fawry,Completed,610,300
ORD0004635,5/30/2023,20230530,CUS02663,7,EMP0129,Cash,Completed,117,60
ORD0006800,5/30/2023,20230530,CUS02481,13,EMP0193,Fawry,Returned,1394,890
ORD0002404,5/30/2023,20230530,CUS02577,2,EMP0037,Debit Card,Completed,690,340
ORD0004338,5/30/2023,20230530,CUS01718,3,EMP0055,InstaPay,Completed,1400,1000
ORD0000572,5/30/2023,20230530,CUS02352,5,EMP0097,Fawry,Completed,1410,670
ORD0006544,5/30/2023,20230530,CUS00194,4,EMP0080,Fawry,Completed,255,140
ORD0006994,5/31/2023,20230531,CUS02895,11,EMP0172,Cash,Completed,380,180
ORD0003172,5/31/2023,20230531,CUS01505,7,EMP0134,Cash,Completed,1203.5,720
ORD0002501,5/31/2023,20230531,CUS01537,5,EMP0112,Credit Card,Completed,95,40
ORD0001176,5/31/2023,20230531,CUS02191,15,EMP0215,Debit Card,Completed,1890,920
ORD0011919,6/1/2023,20230601,CUS02928,9,EMP0146,Credit Card,Completed,6268,5590
ORD0003342,6/1/2023,20230601,CUS02433,7,EMP0134,Credit Card,Completed,13930,10960
ORD0001221,6/1/2023,20230601,CUS00958,3,EMP0059,InstaPay,Completed,2538,1380
ORD0008138,6/1/2023,20230601,CUS01404,13,EMP0187,Credit Card,Completed,200,100
ORD0011190,6/1/2023,20230601,CUS01220,7,EMP0135,Vodafone Cash,Completed,1900,910
ORD0006889,6/1/2023,20230601,CUS02531,2,EMP0031,Vodafone Cash,Completed,172.5,110
ORD0007154,6/1/2023,20230601,CUS01332,1,EMP0015,Debit Card,Completed,16174,14740
ORD0010688,6/1/2023,20230601,CUS01832,15,EMP0215,Vodafone Cash,Completed,705,360
ORD0005785,6/1/2023,20230601,CUS02869,6,EMP0121,InstaPay,Completed,425,240
ORD0007950,6/2/2023,20230602,CUS01646,15,EMP0216,Vodafone Cash,Completed,1164,720
ORD0003026,6/2/2023,20230602,CUS00443,2,EMP0040,Fawry,Completed,15585,12290
ORD0007876,6/2/2023,20230602,CUS00706,3,No_Employee_id,InstaPay,Completed,468,250
ORD0007681,6/2/2023,20230602,CUS02831,5,EMP0098,Debit Card,Completed,1064,560
ORD0005462,6/2/2023,20230602,CUS01601,13,EMP0185,Vodafone Cash,Completed,361.5,200
ORD0010809,6/2/2023,20230602,CUS02613,3,EMP0061,Fawry,Completed,423,230
ORD0001426,6/2/2023,20230602,CUS01267,4,EMP0090,InstaPay,Completed,16907,13480
ORD0004175,6/2/2023,20230602,CUS00656,1,EMP0020,Credit Card,Returned,750,380
ORD0008001,6/2/2023,20230602,CUS00551,5,EMP0109,InstaPay,Completed,30000,24000
ORD0011587,6/2/2023,20230602,CUS02236,15,EMP0214,Cash,Completed,490,240
ORD0004195,6/2/2023,20230602,CUS01927,11,EMP0172,Vodafone Cash,Completed,1767,900
ORD0005709,6/2/2023,20230602,CUS01411,1,EMP0009,InstaPay,Completed,1330,740
ORD0011745,6/3/2023,20230603,CUS00369,1,EMP0004,Fawry,Completed,2385,1280
ORD0001183,6/3/2023,20230603,CUS00377,8,EMP0144,Credit Card,Completed,939,470
ORD0003427,6/3/2023,20230603,CUS01414,14,EMP0199,Vodafone Cash,Completed,152,70
ORD0008905,6/3/2023,20230603,CUS00012,8,EMP0140,Credit Card,Completed,742,360
ORD0008546,6/3/2023,20230603,CUS02419,4,EMP0080,Fawry,Completed,642,340
ORD0007741,6/3/2023,20230603,CUS00259,2,EMP0036,Fawry,Completed,1260,660
ORD0005565,6/3/2023,20230603,CUS01191,5,EMP0111,Debit Card,Completed,600,500
ORD0008139,6/3/2023,20230603,CUS02535,8,EMP0140,Vodafone Cash,Completed,3760,2960
ORD0009298,6/3/2023,20230603,CUS02261,6,EMP0125,Fawry,Completed,135,70
ORD0009132,6/4/2023,20230604,CUS02324,3,EMP0075,InstaPay,Completed,1620,800
ORD0006584,6/4/2023,20230604,CUS02465,1,EMP0017,Debit Card,Completed,513,240
ORD0009993,6/4/2023,20230604,CUS02755,1,EMP0014,Credit Card,Completed,1860,930
ORD0002974,6/4/2023,20230604,CUS02919,12,EMP0174,Fawry,Completed,199.5,100
ORD0000977,6/4/2023,20230604,CUS01589,3,EMP0066,Fawry,Completed,31088,24450
ORD0005830,6/5/2023,20230605,CUS01674,2,EMP0035,Fawry,Returned,2528,1390
ORD0001320,6/5/2023,20230605,CUS01383,5,EMP0098,Credit Card,Completed,370,180
ORD0000293,6/5/2023,20230605,CUS00640,4,EMP0090,Vodafone Cash,Completed,821,430
ORD0004248,6/5/2023,20230605,CUS01941,12,EMP0175,InstaPay,Returned,2232,1080
ORD0008234,6/5/2023,20230605,CUS01201,7,EMP0136,InstaPay,Returned,2976,1930
ORD0010460,6/5/2023,20230605,CUS02584,3,EMP0075,Fawry,Completed,29280,29400
ORD0005522,6/5/2023,20230605,CUS00549,4,EMP0089,Vodafone Cash,Completed,4893,2650
ORD0000770,6/5/2023,20230605,CUS02833,1,EMP0001,Debit Card,Completed,2536,1440
ORD0003149,6/6/2023,20230606,CUS00347,7,EMP0133,Vodafone Cash,Completed,8623.5,7700
ORD0001787,6/6/2023,20230606,CUS01962,12,EMP0176,Credit Card,Completed,133,60
ORD0005930,6/6/2023,20230606,CUS01940,15,EMP0207,Debit Card,Completed,396,200
ORD0007885,6/6/2023,20230606,CUS00180,5,EMP0102,InstaPay,Completed,25397,19820
ORD0000917,6/6/2023,20230606,CUS01028,9,EMP0148,Debit Card,Completed,640,320
ORD0007727,6/6/2023,20230606,CUS01559,3,EMP0066,InstaPay,Completed,2422.5,1260
ORD0011301,6/6/2023,20230606,CUS02209,2,EMP0035,Vodafone Cash,Completed,1120,570
ORD0009252,6/6/2023,20230606,CUS02382,10,EMP0159,Credit Card,Completed,320,150
ORD0007229,6/6/2023,20230606,CUS00617,2,EMP0047,Debit Card,Completed,199.5,100
ORD0011038,6/6/2023,20230606,CUS02637,4,EMP0083,Credit Card,Completed,11186,10460
ORD0006743,6/6/2023,20230606,CUS00380,12,EMP0181,InstaPay,Completed,630,310
ORD0004423,6/7/2023,20230607,CUS01991,4,EMP0088,InstaPay,Returned,228,110
ORD0010060,6/7/2023,20230607,CUS00457,3,EMP0065,Vodafone Cash,Returned,150,70
ORD0003627,6/7/2023,20230607,CUS02974,11,EMP0173,Vodafone Cash,Completed,741,390
ORD0008939,6/7/2023,20230607,CUS00026,1,EMP0001,InstaPay,Completed,1140,600
ORD0008029,6/7/2023,20230607,CUS02242,11,EMP0169,Debit Card,Returned,1386,690
ORD0001505,6/8/2023,20230608,CUS02728,5,EMP0104,Cash,Completed,414,200
ORD0009998,6/8/2023,20230608,CUS02526,12,EMP0184,InstaPay,Completed,2360,1340
ORD0005844,6/8/2023,20230608,CUS00168,12,EMP0181,InstaPay,Completed,3616,1880
ORD0004567,6/8/2023,20230608,CUS00338,13,EMP0188,Debit Card,Completed,272,140
ORD0007730,6/8/2023,20230608,CUS00594,7,EMP0134,Cash,Completed,228,120
ORD0011435,6/8/2023,20230608,CUS01867,13,EMP0185,Debit Card,Completed,194,100
ORD0006114,6/8/2023,20230608,CUS02259,4,EMP0082,InstaPay,Completed,418,220
ORD0009855,6/8/2023,20230608,CUS00671,3,EMP0055,Debit Card,Completed,1507.5,970
ORD0010579,6/8/2023,20230608,CUS00762,14,EMP0203,Cash,Completed,1073.5,560
ORD0004646,6/8/2023,20230608,CUS01174,8,EMP0142,Credit Card,Completed,29405,23950
ORD0000132,6/8/2023,20230608,CUS00055,11,EMP0164,Fawry,Completed,260,130
ORD0010745,6/8/2023,20230608,CUS01199,1,EMP0024,Fawry,Completed,2434,1230
ORD0011241,6/8/2023,20230608,CUS01996,11,EMP0173,Cash,Completed,4690,4090
ORD0000874,6/8/2023,20230608,CUS00473,11,EMP0169,Cash,Completed,2401,1180
ORD0004778,6/9/2023,20230609,CUS02991,11,EMP0172,InstaPay,Cancelled,1078,760
ORD0011801,6/9/2023,20230609,CUS00574,14,EMP0200,Vodafone Cash,Completed,1236,630
ORD0004019,6/9/2023,20230609,CUS01755,3,EMP0070,Vodafone Cash,Completed,2148,1240
ORD0008556,6/9/2023,20230609,CUS02211,6,EMP0118,InstaPay,Returned,512,300
ORD0001324,6/9/2023,20230609,CUS02216,5,EMP0101,Fawry,Completed,13174,10440
ORD0002139,6/9/2023,20230609,CUS01535,8,No_Employee_id,Debit Card,Completed,356,160
ORD0011276,6/9/2023,20230609,CUS00477,2,EMP0047,Debit Card,Completed,3215,2440
ORD0011998,6/9/2023,20230609,CUS01846,1,EMP0007,Fawry,Completed,298,150
ORD0011413,6/9/2023,20230609,CUS00486,6,EMP0118,Cash,Completed,4622.5,3130
ORD0006512,6/9/2023,20230609,CUS00227,5,EMP0108,Credit Card,Completed,360,160
ORD0004746,6/9/2023,20230609,CUS02653,6,EMP0125,Debit Card,Completed,12272,10360
ORD0005285,6/9/2023,20230609,CUS02836,6,EMP0123,Cash,Completed,414,220
ORD0005386,6/10/2023,20230610,CUS02039,5,EMP0104,Credit Card,Completed,3370,1760
ORD0002308,6/10/2023,20230610,CUS01100,4,EMP0088,InstaPay,Completed,200,90
ORD0011209,6/10/2023,20230610,CUS02590,13,EMP0186,Fawry,Completed,668,380
ORD0005259,6/10/2023,20230610,CUS02432,6,EMP0117,Vodafone Cash,Completed,2714,1470
ORD0008106,6/10/2023,20230610,CUS01257,1,EMP0014,Vodafone Cash,Completed,720,400
ORD0007655,6/10/2023,20230610,CUS01695,3,EMP0066,Debit Card,Completed,272,160
ORD0000807,6/10/2023,20230610,CUS00133,4,EMP0079,Credit Card,Completed,686,340
ORD0008114,6/10/2023,20230610,CUS01879,4,EMP0086,Fawry,Completed,860,420
ORD0002748,6/10/2023,20230610,CUS02602,15,EMP0211,Debit Card,Completed,540,250
ORD0011558,6/10/2023,20230610,CUS00172,5,EMP0095,Fawry,Completed,270,140
ORD0011803,6/10/2023,20230610,CUS01678,14,EMP0194,Cash,Completed,560,280
ORD0004519,6/11/2023,20230611,CUS02988,10,EMP0162,Fawry,Returned,1271.5,590
ORD0003320,6/11/2023,20230611,CUS01171,1,EMP0010,Cash,Completed,1980,990
ORD0001745,6/11/2023,20230611,CUS01613,2,EMP0051,InstaPay,Returned,142.5,70
ORD0007278,6/11/2023,20230611,CUS02971,11,No_Employee_id,Cash,Completed,17036.5,15520
ORD0005110,6/11/2023,20230611,CUS00550,10,EMP0152,Debit Card,Completed,248,150
ORD0006134,6/11/2023,20230611,CUS01280,3,EMP0065,Credit Card,Completed,476,230
ORD0010318,6/11/2023,20230611,CUS01964,5,EMP0112,Debit Card,Completed,1202,600
ORD0004377,6/11/2023,20230611,CUS00846,5,EMP0106,Cash,Completed,1011.5,510
ORD0001396,6/11/2023,20230611,CUS00948,12,EMP0178,Fawry,Completed,2010,1030
ORD0003655,6/11/2023,20230611,CUS02366,2,EMP0044,Debit Card,Completed,37471.5,30820
ORD0003633,6/12/2023,20230612,CUS00701,7,EMP0133,InstaPay,Completed,905,450
ORD0006145,6/12/2023,20230612,CUS02495,9,EMP0149,Cash,Completed,16055,13500
ORD0002886,6/12/2023,20230612,CUS02237,5,EMP0109,Vodafone Cash,Completed,1335,710
ORD0007991,6/12/2023,20230612,CUS02953,7,EMP0131,Vodafone Cash,Completed,765,380
ORD0000734,6/12/2023,20230612,CUS02133,5,EMP0112,Vodafone Cash,Completed,342,160
ORD0010201,6/12/2023,20230612,CUS00369,1,EMP0015,Fawry,Completed,459,250
ORD0004637,6/12/2023,20230612,CUS02009,3,EMP0063,Debit Card,Completed,720,360
ORD0001549,6/12/2023,20230612,CUS01908,7,EMP0135,Cash,Completed,1161,620
ORD0003289,6/12/2023,20230612,CUS01965,14,EMP0194,Cash,Completed,577,330
ORD0005706,6/12/2023,20230612,CUS01855,5,EMP0111,Debit Card,Returned,1080,1000
ORD0011788,6/12/2023,20230612,CUS02897,5,EMP0110,Credit Card,Completed,816,440
ORD0001596,6/13/2023,20230613,CUS01287,7,EMP0133,Debit Card,Cancelled,600,270
ORD0001414,6/13/2023,20230613,CUS02199,7,EMP0136,InstaPay,Completed,2223,1200
ORD0002090,6/13/2023,20230613,CUS00949,1,EMP0022,Fawry,Completed,5010,4200
ORD0005475,6/13/2023,20230613,CUS00276,12,EMP0175,Fawry,Completed,590,290
ORD0006843,6/13/2023,20230613,CUS00026,3,EMP0071,Cash,Completed,662,340
ORD0000825,6/13/2023,20230613,CUS00887,2,No_Employee_id,Cash,Completed,924,640
ORD0008286,6/13/2023,20230613,CUS02291,2,EMP0038,Cash,Completed,142.5,70
ORD0008884,6/13/2023,20230613,CUS00059,1,EMP0007,Vodafone Cash,Completed,13370,11860
ORD0001822,6/13/2023,20230613,CUS01487,3,EMP0071,Fawry,Completed,961.5,510
ORD0002475,6/13/2023,20230613,CUS02499,1,EMP0027,Debit Card,Completed,780,360
ORD0010531,6/13/2023,20230613,CUS00405,13,EMP0193,Debit Card,Completed,543,280
ORD0008320,6/14/2023,20230614,CUS00075,14,EMP0200,Cash,Completed,1668,970
ORD0005687,6/14/2023,20230614,CUS01162,3,EMP0057,InstaPay,Returned,1153,590
ORD0006052,6/14/2023,20230614,CUS02615,5,EMP0112,InstaPay,Completed,279,150
ORD0007861,6/14/2023,20230614,CUS02562,14,EMP0199,Vodafone Cash,Cancelled,1850,960
ORD0002946,6/14/2023,20230614,CUS00178,3,EMP0066,InstaPay,Completed,616,310
ORD0004001,6/14/2023,20230614,CUS00106,1,EMP0016,InstaPay,Completed,520,250
ORD0010327,6/14/2023,20230614,CUS00527,5,EMP0109,InstaPay,Completed,1312,710
ORD0010814,6/14/2023,20230614,CUS01440,2,EMP0037,Vodafone Cash,Completed,1104,530
ORD0011305,6/15/2023,20230615,CUS00278,5,EMP0103,Cash,Completed,19704,16380
ORD0011230,6/15/2023,20230615,CUS01355,1,EMP0021,Cash,Cancelled,1132,600
ORD0007736,6/15/2023,20230615,CUS02844,2,EMP0030,InstaPay,Completed,902,460
ORD0004529,6/15/2023,20230615,CUS01810,7,EMP0130,Cash,Completed,432,240
ORD0008301,6/15/2023,20230615,CUS01280,4,EMP0084,Vodafone Cash,Completed,441,300
ORD0011791,6/15/2023,20230615,CUS02514,4,EMP0079,Vodafone Cash,Completed,20615,16280
ORD0011984,6/15/2023,20230615,CUS01376,3,EMP0056,Debit Card,Completed,1363,730
ORD0008408,6/15/2023,20230615,CUS00547,6,EMP0125,Vodafone Cash,Completed,43985,34980
ORD0002382,6/15/2023,20230615,CUS02273,5,EMP0111,Fawry,Completed,940,490
ORD0004885,6/15/2023,20230615,CUS00968,1,EMP0027,Fawry,Returned,5945,5480
ORD0010879,6/15/2023,20230615,CUS01490,7,EMP0129,Credit Card,Cancelled,855,450
ORD0002107,6/15/2023,20230615,CUS01011,3,EMP0062,Cash,Cancelled,248,150
ORD0002948,6/15/2023,20230615,CUS00065,1,EMP0025,InstaPay,Completed,2563,1980
ORD0010075,6/16/2023,20230616,CUS01464,14,EMP0203,Credit Card,Completed,15132.5,12930
ORD0006267,6/16/2023,20230616,CUS00294,3,EMP0070,Credit Card,Completed,1195.5,640
ORD0002710,6/16/2023,20230616,CUS00174,13,EMP0192,Cash,Completed,570,280
ORD0009811,6/16/2023,20230616,CUS00408,3,EMP0055,Fawry,Completed,2902,1930
ORD0006841,6/16/2023,20230616,CUS01309,12,EMP0181,Vodafone Cash,Completed,936,550
ORD0006030,6/16/2023,20230616,CUS02635,4,EMP0080,Debit Card,Completed,1089,570
ORD0001651,6/16/2023,20230616,CUS00216,1,EMP0003,Credit Card,Completed,1543,840
ORD0008219,6/16/2023,20230616,CUS02650,4,EMP0079,Fawry,Completed,399,210
ORD0003599,6/16/2023,20230616,CUS00579,13,EMP0189,InstaPay,Completed,1170,610
ORD0004035,6/16/2023,20230616,CUS02617,4,EMP0084,Credit Card,Completed,836,440
ORD0007613,6/16/2023,20230616,CUS00759,2,EMP0044,Vodafone Cash,Completed,85.5,40
ORD0009904,6/17/2023,20230617,CUS02927,12,EMP0177,Cash,Completed,2736,1330
ORD0003852,6/17/2023,20230617,CUS01977,14,EMP0194,Vodafone Cash,Completed,335.5,180
ORD0011303,6/17/2023,20230617,CUS02609,1,EMP0006,Cash,Cancelled,247,120
ORD0006890,6/17/2023,20230617,CUS02256,3,EMP0076,Vodafone Cash,Completed,383,210
ORD0002357,6/17/2023,20230617,CUS00995,2,EMP0034,Fawry,Completed,1705,1000
ORD0001742,6/17/2023,20230617,CUS00317,1,EMP0012,Vodafone Cash,Completed,11589,9910
ORD0011156,6/17/2023,20230617,CUS00677,11,EMP0166,Fawry,Completed,1290,630
ORD0003094,6/17/2023,20230617,CUS01851,6,EMP0121,Fawry,Completed,414,220
ORD0008209,6/17/2023,20230617,CUS02908,1,No_Employee_id,InstaPay,Completed,1030,490
ORD0009449,6/17/2023,20230617,CUS00647,8,EMP0140,Fawry,Completed,332.5,170
ORD0004306,6/17/2023,20230617,CUS01848,13,EMP0185,Vodafone Cash,Cancelled,357,210
ORD0007770,6/18/2023,20230618,CUS01481,6,EMP0122,Fawry,Completed,846,470
ORD0004399,6/18/2023,20230618,CUS02563,8,EMP0141,Fawry,Returned,1872,1010
ORD0000652,6/18/2023,20230618,CUS01819,4,EMP0091,Vodafone Cash,Completed,240,140
ORD0002028,6/18/2023,20230618,CUS01208,1,EMP0021,InstaPay,Completed,256,160
ORD0000763,6/18/2023,20230618,CUS00334,5,EMP0109,Cash,Completed,720,350
ORD0010799,6/18/2023,20230618,CUS02636,13,EMP0193,Credit Card,Completed,152,70
ORD0005264,6/18/2023,20230618,CUS01524,1,EMP0018,Vodafone Cash,Completed,348,170
ORD0001680,6/18/2023,20230618,CUS02693,7,EMP0129,Cash,Completed,195.5,110
ORD0007343,6/18/2023,20230618,CUS01681,2,EMP0041,Cash,Completed,11590,9800
ORD0000703,6/18/2023,20230618,CUS02238,3,EMP0076,InstaPay,Completed,1397,700
ORD0011359,6/19/2023,20230619,CUS02805,12,EMP0175,Debit Card,Completed,798,420
ORD0001963,6/19/2023,20230619,CUS02910,3,EMP0072,Cash,Completed,5440,4220
ORD0000690,6/19/2023,20230619,CUS02575,1,EMP0009,InstaPay,Completed,1900.5,1160
ORD0002196,6/19/2023,20230619,CUS01641,11,EMP0170,Fawry,Completed,432,250
ORD0009851,6/19/2023,20230619,CUS02524,2,EMP0038,Cash,Cancelled,1154,750
ORD0007953,6/19/2023,20230619,CUS01190,2,EMP0045,InstaPay,Completed,85,40
ORD0001552,6/19/2023,20230619,CUS01535,1,EMP0025,Vodafone Cash,Completed,874,460
ORD0011924,6/19/2023,20230619,CUS01120,5,EMP0101,Fawry,Completed,1411.5,750
ORD0008811,6/19/2023,20230619,CUS01083,14,EMP0201,Fawry,Completed,1315,670
ORD0011661,6/19/2023,20230619,CUS00956,12,EMP0181,Vodafone Cash,Completed,7402.5,5640
ORD0006756,6/19/2023,20230619,CUS02747,3,EMP0073,Vodafone Cash,Completed,327.5,180
ORD0009391,6/19/2023,20230619,CUS02216,8,EMP0144,Vodafone Cash,Completed,384,220
ORD0003415,6/19/2023,20230619,CUS00880,2,EMP0031,Vodafone Cash,Completed,2372,1240
ORD0000105,6/20/2023,20230620,CUS01648,2,EMP0029,InstaPay,Completed,228,110
ORD0001518,6/20/2023,20230620,CUS02650,13,EMP0191,InstaPay,Completed,480,220
ORD0002919,6/20/2023,20230620,CUS00326,3,EMP0062,Debit Card,Completed,16616,15420
ORD0001363,6/20/2023,20230620,CUS02744,10,EMP0154,Cash,Completed,1452,720
ORD0009831,6/20/2023,20230620,CUS00011,3,EMP0077,Credit Card,Completed,594,320
ORD0010206,6/20/2023,20230620,CUS00669,13,EMP0189,Debit Card,Completed,683,460
ORD0010760,6/20/2023,20230620,CUS00263,4,EMP0089,Vodafone Cash,Returned,1528,790
ORD0011016,6/20/2023,20230620,CUS01364,2,EMP0047,Credit Card,Completed,440,200
ORD0001117,6/20/2023,20230620,CUS01161,13,EMP0188,Vodafone Cash,Completed,1080,590
ORD0005134,6/20/2023,20230620,CUS02972,3,EMP0070,Cash,Completed,430,210
ORD0001380,6/20/2023,20230620,CUS01392,5,EMP0107,Vodafone Cash,Completed,130,60
ORD0004640,6/21/2023,20230621,CUS01517,1,EMP0005,Cash,Completed,20543.5,16380
ORD0003264,6/21/2023,20230621,CUS00525,15,EMP0204,Fawry,Completed,2500,1260
ORD0002140,6/21/2023,20230621,CUS02785,14,EMP0199,Cash,Completed,939,480
ORD0000982,6/21/2023,20230621,CUS00373,11,EMP0172,Cash,Completed,117,60
ORD0000076,6/21/2023,20230621,CUS02046,12,EMP0180,Credit Card,Completed,820,390
ORD0006025,6/21/2023,20230621,CUS00634,5,EMP0100,Fawry,Completed,230,110
ORD0001297,6/21/2023,20230621,CUS00340,2,EMP0036,Cash,Completed,1600,800
ORD0001026,6/21/2023,20230621,CUS00890,11,EMP0172,Vodafone Cash,Completed,2101.5,1490
ORD0009690,6/21/2023,20230621,CUS00461,4,EMP0082,Credit Card,Completed,480,280
ORD0005163,6/21/2023,20230621,CUS00445,4,EMP0093,Fawry,Completed,153,80
ORD0009701,6/21/2023,20230621,CUS01044,5,No_Employee_id,Debit Card,Completed,7010,5250
ORD0004405,6/21/2023,20230621,CUS01752,3,EMP0078,Cash,Completed,867.5,740
ORD0006124,6/21/2023,20230621,CUS01988,13,EMP0188,Debit Card,Completed,679.5,390
ORD0006833,6/21/2023,20230621,CUS01420,2,EMP0052,Fawry,Completed,667.5,350
ORD0003844,6/21/2023,20230621,CUS01705,1,EMP0025,Vodafone Cash,Completed,9090,8100
ORD0003259,6/22/2023,20230622,CUS01720,11,EMP0167,Vodafone Cash,Completed,720,360
ORD0000179,6/22/2023,20230622,CUS01228,11,EMP0169,Vodafone Cash,Completed,342,170
ORD0011229,6/22/2023,20230622,CUS01234,1,EMP0019,Cash,Completed,90,40
ORD0004759,6/22/2023,20230622,CUS02501,13,EMP0190,InstaPay,Completed,801,420
ORD0008554,6/22/2023,20230622,CUS01965,8,EMP0137,Credit Card,Completed,840,400
ORD0011905,6/22/2023,20230622,CUS02035,9,EMP0148,Debit Card,Completed,673.5,340
ORD0000312,6/22/2023,20230622,CUS01860,7,No_Employee_id,Debit Card,Completed,3272,1720
ORD0009646,6/22/2023,20230622,CUS01128,4,EMP0089,Fawry,Completed,1647,890
ORD0003465,6/22/2023,20230622,CUS00446,11,EMP0169,Fawry,Completed,2400,1170
ORD0004841,6/22/2023,20230622,CUS00496,6,EMP0114,Debit Card,Completed,314.5,180
ORD0007732,6/22/2023,20230622,CUS00802,12,EMP0182,Fawry,Completed,1530,750
ORD0009001,6/22/2023,20230622,CUS02422,7,EMP0131,Fawry,Completed,931,470
ORD0003471,6/22/2023,20230622,CUS01337,7,EMP0127,InstaPay,Returned,972.5,500
ORD0006256,6/22/2023,20230622,CUS00131,3,EMP0061,Fawry,Completed,330,160
ORD0011479,6/22/2023,20230622,CUS02601,2,EMP0034,Vodafone Cash,Cancelled,450,210
ORD0000747,6/22/2023,20230622,CUS01693,7,EMP0132,InstaPay,Completed,4302,2520
ORD0009442,6/22/2023,20230622,CUS01300,6,EMP0119,Debit Card,Completed,551,290
ORD0000396,6/22/2023,20230622,CUS02526,15,EMP0210,Vodafone Cash,Completed,39794,35460
ORD0009238,6/22/2023,20230622,CUS00106,13,EMP0189,Credit Card,Completed,150,70
ORD0005169,6/22/2023,20230622,CUS00644,4,EMP0090,InstaPay,Returned,230,110
ORD0006367,6/23/2023,20230623,CUS00669,5,EMP0097,InstaPay,Completed,360,180
ORD0009340,6/23/2023,20230623,CUS00861,2,EMP0049,Fawry,Completed,4206,2160
ORD0005242,6/23/2023,20230623,CUS02968,8,EMP0142,Debit Card,Completed,1322,660
ORD0007200,6/23/2023,20230623,CUS02891,2,No_Employee_id,Credit Card,Completed,1064,550
ORD0002998,6/23/2023,20230623,CUS01250,10,EMP0152,Fawry,Completed,133,70
ORD0009500,6/23/2023,20230623,CUS00344,11,EMP0169,InstaPay,Completed,300,140
ORD0008952,6/23/2023,20230623,CUS01266,1,EMP0022,Fawry,Completed,200,80
ORD0000962,6/23/2023,20230623,CUS01632,4,EMP0079,Debit Card,Completed,25760,20670
ORD0009002,6/23/2023,20230623,CUS02746,1,No_Employee_id,InstaPay,Completed,240,120
ORD0011953,6/24/2023,20230624,CUS01635,10,EMP0156,Cash,Completed,493,280
ORD0010187,6/24/2023,20230624,CUS00161,2,EMP0052,Vodafone Cash,Completed,90,60
ORD0008249,6/24/2023,20230624,CUS00099,3,EMP0067,Credit Card,Completed,1300,640
ORD0000029,6/24/2023,20230624,CUS02987,7,EMP0128,Vodafone Cash,Returned,180,80
ORD0005530,6/24/2023,20230624,CUS01960,7,EMP0130,Cash,Completed,456,240
ORD0007840,6/24/2023,20230624,CUS02736,4,No_Employee_id,Vodafone Cash,Completed,838.5,420
ORD0009816,6/24/2023,20230624,CUS00145,1,EMP0010,Cash,Completed,1345.5,740
ORD0002202,6/24/2023,20230624,CUS02640,15,EMP0216,Cash,Completed,622.5,410
ORD0006809,6/24/2023,20230624,CUS01354,15,EMP0212,Cash,Completed,9237,7540
ORD0006401,6/25/2023,20230625,CUS01907,8,EMP0142,Fawry,Completed,7100,6010
ORD0009343,6/25/2023,20230625,CUS02704,3,EMP0073,Debit Card,Completed,360,170
ORD0002794,6/25/2023,20230625,CUS00519,13,EMP0193,Debit Card,Completed,140,70
ORD0007627,6/25/2023,20230625,CUS00170,11,EMP0165,Cash,Completed,1473,720
ORD0000521,6/25/2023,20230625,CUS00679,2,EMP0038,Credit Card,Completed,1700,840
ORD0011291,6/26/2023,20230626,CUS02533,10,EMP0162,InstaPay,Completed,67156.5,56430
ORD0011370,6/26/2023,20230626,CUS00730,10,EMP0153,InstaPay,Completed,1815,970
ORD0004346,6/26/2023,20230626,CUS00209,3,EMP0076,Vodafone Cash,Completed,119,70
ORD0008522,6/26/2023,20230626,CUS02911,1,EMP0017,Cash,Completed,427.5,220
ORD0004733,6/26/2023,20230626,CUS01163,1,EMP0016,Credit Card,Completed,534,310
ORD0000038,6/26/2023,20230626,CUS02737,15,EMP0209,InstaPay,Completed,2633,1430
ORD0002798,6/26/2023,20230626,CUS02280,15,EMP0209,Credit Card,Completed,1432.5,740
ORD0003131,6/26/2023,20230626,CUS02909,3,EMP0075,Fawry,Completed,1270,610
ORD0001246,6/26/2023,20230626,CUS00155,14,EMP0201,Debit Card,Completed,144,70
ORD0010612,6/27/2023,20230627,CUS00331,12,EMP0180,Fawry,Completed,936,520
ORD0003321,6/27/2023,20230627,CUS01854,6,EMP0125,Cash,Cancelled,770,360
ORD0005369,6/27/2023,20230627,CUS01310,6,EMP0120,InstaPay,Completed,456,240
ORD0009433,6/27/2023,20230627,CUS02770,12,EMP0174,Debit Card,Completed,35150,29600
ORD0007175,6/27/2023,20230627,CUS02379,2,EMP0041,InstaPay,Completed,260,120
ORD0005568,6/27/2023,20230627,CUS01968,13,EMP0190,Credit Card,Completed,563,300
ORD0006384,6/27/2023,20230627,CUS02527,3,EMP0075,InstaPay,Completed,2344.5,1250
ORD0000778,6/27/2023,20230627,CUS02653,6,EMP0113,InstaPay,Completed,37000,29600
ORD0007918,6/27/2023,20230627,CUS01057,5,EMP0103,Credit Card,Completed,13199,11180
ORD0010017,6/27/2023,20230627,CUS01971,12,EMP0180,Cash,Completed,610,280
ORD0006612,6/27/2023,20230627,CUS01974,2,EMP0033,InstaPay,Completed,504,310
ORD0010439,6/27/2023,20230627,CUS01990,12,EMP0175,Debit Card,Completed,3690.5,1970
ORD0005964,6/27/2023,20230627,CUS02348,1,EMP0015,Credit Card,Completed,3627.5,1860
ORD0001994,6/27/2023,20230627,CUS00858,7,EMP0128,InstaPay,Completed,405,210
ORD0000570,6/27/2023,20230627,CUS00252,12,EMP0175,Credit Card,Completed,1229,640
ORD0007037,6/27/2023,20230627,CUS01535,13,EMP0193,Credit Card,Completed,51269,42620
ORD0010708,6/27/2023,20230627,CUS00312,2,EMP0052,Credit Card,Completed,240,120
ORD0006321,6/27/2023,20230627,CUS01426,2,EMP0034,Cash,Completed,1479.5,770
ORD0005825,6/27/2023,20230627,CUS01182,12,EMP0179,Debit Card,Completed,10982,9740
ORD0008196,6/28/2023,20230628,CUS02099,2,EMP0039,Fawry,Completed,440,200
ORD0004080,6/28/2023,20230628,CUS02573,9,EMP0147,Debit Card,Completed,400,200
ORD0001085,6/28/2023,20230628,CUS01991,2,EMP0031,Cash,Completed,472.5,300
ORD0010122,6/28/2023,20230628,CUS02260,1,EMP0020,Credit Card,Completed,437,220
ORD0003279,6/28/2023,20230628,CUS00866,12,EMP0183,Vodafone Cash,Completed,15756,12330
ORD0010576,6/28/2023,20230628,CUS00725,10,EMP0161,Cash,Completed,411,210
ORD0008431,6/28/2023,20230628,CUS01054,2,No_Employee_id,InstaPay,Completed,1793.5,1060
ORD0008156,6/28/2023,20230628,CUS01107,3,EMP0075,Credit Card,Completed,5622,4830
ORD0003621,6/28/2023,20230628,CUS02284,1,EMP0007,Cash,Completed,81,40
ORD0000248,6/28/2023,20230628,CUS02572,4,EMP0081,Vodafone Cash,Completed,2800,1360
ORD0002093,6/28/2023,20230628,CUS01643,11,EMP0168,InstaPay,Completed,270,130
ORD0009069,6/29/2023,20230629,CUS00453,12,EMP0177,Cash,Returned,350,170
ORD0007685,6/29/2023,20230629,CUS00235,4,EMP0093,Vodafone Cash,Completed,460,220
ORD0004484,6/29/2023,20230629,CUS00116,5,EMP0104,Vodafone Cash,Completed,510,250
ORD0001941,6/29/2023,20230629,CUS02806,3,EMP0062,Credit Card,Completed,1043.5,520
ORD0002126,6/29/2023,20230629,CUS01874,6,No_Employee_id,Vodafone Cash,Completed,117,60
ORD0007251,6/29/2023,20230629,CUS00405,8,EMP0137,Debit Card,Completed,3244,1620
ORD0009633,6/29/2023,20230629,CUS02149,1,EMP0003,InstaPay,Cancelled,1072,580
ORD0007945,6/29/2023,20230629,CUS01097,3,EMP0069,Fawry,Completed,399,200
ORD0004941,6/30/2023,20230630,CUS02930,3,EMP0061,Debit Card,Completed,2416.5,1180
ORD0009714,6/30/2023,20230630,CUS02519,5,EMP0099,InstaPay,Returned,613,320
ORD0005328,6/30/2023,20230630,CUS02674,13,EMP0186,Vodafone Cash,Completed,594,310
ORD0006771,6/30/2023,20230630,CUS01721,10,EMP0152,Credit Card,Completed,2464,1230
ORD0009468,6/30/2023,20230630,CUS01089,1,EMP0017,Debit Card,Completed,45719,36310
ORD0001195,6/30/2023,20230630,CUS02306,6,EMP0126,Vodafone Cash,Completed,488,300
ORD0007958,6/30/2023,20230630,CUS01387,8,EMP0141,Fawry,Completed,153,80
ORD0002833,6/30/2023,20230630,CUS01074,11,EMP0168,Fawry,Completed,460,230
ORD0006758,6/30/2023,20230630,CUS01702,15,EMP0205,Credit Card,Returned,960,480
ORD0008898,6/30/2023,20230630,CUS00495,13,EMP0190,Credit Card,Completed,11370,11260
ORD0006723,6/30/2023,20230630,CUS01597,9,EMP0145,InstaPay,Completed,8020,8260
ORD0000394,6/30/2023,20230630,CUS02610,3,EMP0061,InstaPay,Returned,1458,810
ORD0007067,6/30/2023,20230630,CUS01381,8,EMP0139,Fawry,Completed,90,40
ORD0011806,6/30/2023,20230630,CUS01902,6,EMP0120,Credit Card,Completed,540,260
ORD0003712,7/1/2023,20230701,CUS00767,2,EMP0038,Fawry,Completed,948,490
ORD0002818,7/1/2023,20230701,CUS02926,6,EMP0114,Credit Card,Cancelled,701,350
ORD0002517,7/1/2023,20230701,CUS01165,11,EMP0173,Debit Card,Completed,3010.5,1510
ORD0008500,7/1/2023,20230701,CUS02316,15,EMP0210,Debit Card,Completed,2745,2270
ORD0010578,7/1/2023,20230701,CUS02850,5,EMP0102,Credit Card,Completed,540,260
ORD0008489,7/1/2023,20230701,CUS00696,10,EMP0155,Vodafone Cash,Completed,11847.5,9120
ORD0002511,7/1/2023,20230701,CUS00580,1,EMP0016,InstaPay,Completed,280,140
ORD0000077,7/1/2023,20230701,CUS00779,14,EMP0203,InstaPay,Completed,1674,910
ORD0000151,7/1/2023,20230701,CUS01161,7,EMP0130,InstaPay,Completed,1296,670
ORD0002369,7/1/2023,20230701,CUS01778,10,EMP0154,Vodafone Cash,Completed,910,450
ORD0001908,7/1/2023,20230701,CUS02372,2,EMP0029,Vodafone Cash,Returned,336,230
ORD0009255,7/1/2023,20230701,CUS00260,11,EMP0165,InstaPay,Completed,1083,560
ORD0006770,7/1/2023,20230701,CUS00031,2,EMP0038,InstaPay,Returned,700,350
ORD0010054,7/1/2023,20230701,CUS00069,6,EMP0118,Credit Card,Completed,1541.5,760
ORD0002649,7/1/2023,20230701,CUS01590,7,EMP0135,Debit Card,Completed,402,230
ORD0009020,7/1/2023,20230701,CUS01107,1,EMP0001,InstaPay,Completed,23760,21000
ORD0006551,7/1/2023,20230701,CUS02236,1,EMP0028,Debit Card,Completed,90,40
ORD0011186,7/1/2023,20230701,CUS01454,4,EMP0086,Debit Card,Completed,2253,1130
ORD0005781,7/2/2023,20230702,CUS00084,2,EMP0054,Vodafone Cash,Returned,140,70
ORD0003536,7/2/2023,20230702,CUS01203,2,EMP0030,Cash,Completed,97.5,60
ORD0009657,7/2/2023,20230702,CUS00745,9,EMP0149,Fawry,Completed,476,260
ORD0009327,7/2/2023,20230702,CUS02681,10,EMP0161,Debit Card,Completed,1097.5,560
ORD0003555,7/2/2023,20230702,CUS02437,10,EMP0162,Vodafone Cash,Completed,18395,15460
ORD0011214,7/2/2023,20230702,CUS01945,12,EMP0175,Vodafone Cash,Completed,1001,560
ORD0008534,7/2/2023,20230702,CUS01861,1,EMP0023,Cash,Returned,76.5,40
ORD0002849,7/2/2023,20230702,CUS01503,3,EMP0073,Fawry,Completed,432.5,220
ORD0003865,7/2/2023,20230702,CUS00483,5,EMP0111,Fawry,Completed,1173,620
ORD0000136,7/3/2023,20230703,CUS01562,6,EMP0124,Vodafone Cash,Completed,7500,8000
ORD0009439,7/3/2023,20230703,CUS02226,2,EMP0048,InstaPay,Completed,2517.5,1260
ORD0007056,7/3/2023,20230703,CUS02180,5,EMP0098,InstaPay,Completed,648,340
ORD0007908,7/3/2023,20230703,CUS02147,4,EMP0086,InstaPay,Completed,277.5,180
ORD0003127,7/3/2023,20230703,CUS02549,5,EMP0107,Fawry,Completed,4500,4000
ORD0002469,7/3/2023,20230703,CUS01642,12,No_Employee_id,Debit Card,Completed,532.5,310
ORD0011143,7/3/2023,20230703,CUS02798,5,EMP0105,Cash,Cancelled,450,220
ORD0004042,7/3/2023,20230703,CUS00488,4,EMP0084,Credit Card,Completed,18729.5,14930
ORD0009663,7/3/2023,20230703,CUS01527,7,EMP0136,Fawry,Completed,55143,48430
ORD0009557,7/3/2023,20230703,CUS02982,8,EMP0144,Debit Card,Completed,256.5,130
ORD0000841,7/3/2023,20230703,CUS02053,5,EMP0103,Debit Card,Completed,12215,9240
ORD0008435,7/3/2023,20230703,CUS00067,11,EMP0164,Vodafone Cash,Completed,1007,490
ORD0003037,7/4/2023,20230704,CUS00124,9,EMP0148,Cash,Completed,399.5,230
ORD0002778,7/4/2023,20230704,CUS02185,2,EMP0053,Credit Card,Completed,1864.5,1110
ORD0006585,7/4/2023,20230704,CUS02724,14,EMP0194,InstaPay,Completed,120,70
ORD0002899,7/4/2023,20230704,CUS02615,14,EMP0201,Credit Card,Completed,1486,800
ORD0005227,7/4/2023,20230704,CUS02183,3,EMP0058,Debit Card,Completed,540,270
ORD0001679,7/4/2023,20230704,CUS01784,8,EMP0138,Debit Card,Completed,2900,1450
ORD0010210,7/4/2023,20230704,CUS00648,12,EMP0174,Cash,Completed,612,350
ORD0006353,7/4/2023,20230704,CUS01538,12,EMP0178,Debit Card,Completed,142.5,70
ORD0008819,7/4/2023,20230704,CUS02015,10,EMP0157,Fawry,Returned,15000,12000
ORD0000687,7/4/2023,20230704,CUS02572,13,EMP0187,Debit Card,Completed,549,300
ORD0003705,7/4/2023,20230704,CUS00647,4,EMP0086,Debit Card,Completed,1246.5,660
ORD0010030,7/5/2023,20230705,CUS01157,2,EMP0033,Fawry,Completed,135,70
ORD0001235,7/5/2023,20230705,CUS02657,1,EMP0012,Cash,Completed,580,310
ORD0002917,7/5/2023,20230705,CUS01510,15,EMP0208,InstaPay,Completed,396,220
ORD0006613,7/5/2023,20230705,CUS02739,13,No_Employee_id,Debit Card,Completed,551,290
ORD0002120,7/5/2023,20230705,CUS01909,3,EMP0074,InstaPay,Completed,869,450
ORD0006988,7/5/2023,20230705,CUS02295,3,EMP0073,Debit Card,Completed,15581,12290
ORD0003350,7/5/2023,20230705,CUS01080,8,EMP0139,Vodafone Cash,Returned,1001,540
ORD0009393,7/5/2023,20230705,CUS00167,7,EMP0134,Debit Card,Completed,180.5,90
ORD0005288,7/5/2023,20230705,CUS01098,1,EMP0020,Cash,Completed,2512,1280
ORD0000085,7/5/2023,20230705,CUS02584,8,EMP0143,Credit Card,Completed,26400,21000
ORD0002230,7/6/2023,20230706,CUS01125,6,EMP0118,Cash,Completed,5845,5220
ORD0011818,7/6/2023,20230706,CUS00184,3,EMP0057,Vodafone Cash,Completed,150,70
ORD0006172,7/6/2023,20230706,CUS01624,12,EMP0184,Fawry,Completed,250,120
ORD0002188,7/6/2023,20230706,CUS01407,3,EMP0075,Vodafone Cash,Completed,1198,700
ORD0002533,7/6/2023,20230706,CUS00793,8,EMP0144,Debit Card,Completed,608,280
ORD0011034,7/6/2023,20230706,CUS00769,2,EMP0032,Fawry,Completed,405,210
ORD0007386,7/6/2023,20230706,CUS01368,2,No_Employee_id,InstaPay,Completed,16050,12700
ORD0001809,7/6/2023,20230706,CUS02683,2,EMP0042,Fawry,Cancelled,1880,900
ORD0006908,7/6/2023,20230706,CUS01173,1,EMP0020,Cash,Completed,690,340
ORD0004111,7/6/2023,20230706,CUS00195,9,EMP0146,Debit Card,Completed,737,380
ORD0010925,7/6/2023,20230706,CUS02744,6,EMP0113,Fawry,Completed,419.5,200
ORD0003711,7/6/2023,20230706,CUS02049,1,EMP0026,Debit Card,Cancelled,1056,500
ORD0005715,7/6/2023,20230706,CUS01571,12,EMP0178,Debit Card,Completed,684,370
ORD0007984,7/6/2023,20230706,CUS02064,3,EMP0061,Vodafone Cash,Completed,90,40
ORD0007390,7/6/2023,20230706,CUS01805,13,EMP0187,Credit Card,Returned,1026,570
ORD0008075,7/6/2023,20230706,CUS02560,3,EMP0060,Debit Card,Returned,20701.5,18070
ORD0010734,7/6/2023,20230706,CUS01932,10,EMP0156,Fawry,Completed,311,150
ORD0006393,7/6/2023,20230706,CUS01968,2,EMP0051,Credit Card,Returned,287,160
ORD0010633,7/6/2023,20230706,CUS02236,2,EMP0034,InstaPay,Completed,290,140
ORD0001765,7/7/2023,20230707,CUS02170,5,EMP0112,Fawry,Completed,575.5,320
ORD0010094,7/7/2023,20230707,CUS00339,1,EMP0001,InstaPay,Cancelled,3770,1920
ORD0002569,7/7/2023,20230707,CUS02473,11,No_Employee_id,Credit Card,Completed,48170,45060
ORD0006822,7/7/2023,20230707,CUS00748,10,EMP0153,Vodafone Cash,Completed,217.5,110
ORD0003784,7/7/2023,20230707,CUS02242,3,EMP0061,Vodafone Cash,Completed,280,170
ORD0004722,7/7/2023,20230707,CUS02928,14,EMP0201,Vodafone Cash,Completed,2290,1120
ORD0007149,7/7/2023,20230707,CUS02441,12,EMP0174,Fawry,Completed,945,660
ORD0007311,7/7/2023,20230707,CUS01415,15,EMP0212,Cash,Completed,4545.5,2800
ORD0002562,7/7/2023,20230707,CUS00657,15,EMP0215,Cash,Completed,576,280
ORD0010355,7/7/2023,20230707,CUS00233,1,EMP0017,Cash,Completed,450,210
ORD0002157,7/7/2023,20230707,CUS01246,2,EMP0033,Debit Card,Completed,703.5,380
ORD0009992,7/7/2023,20230707,CUS02511,5,EMP0095,InstaPay,Returned,12440,11700
ORD0008832,7/7/2023,20230707,CUS01879,11,EMP0172,InstaPay,Completed,1646,830
ORD0007271,7/7/2023,20230707,CUS01832,3,EMP0058,InstaPay,Completed,580,290
ORD0008263,7/7/2023,20230707,CUS00053,6,EMP0115,Credit Card,Completed,1852,1050
ORD0004789,7/8/2023,20230708,CUS00551,1,EMP0001,Cash,Returned,2542,1290
ORD0007691,7/8/2023,20230708,CUS02304,9,EMP0150,Vodafone Cash,Returned,513,270
ORD0006072,7/8/2023,20230708,CUS00279,10,EMP0161,Debit Card,Returned,130,60
ORD0009957,7/8/2023,20230708,CUS01431,15,EMP0214,Fawry,Returned,1964.5,1100
ORD0000709,7/8/2023,20230708,CUS00510,3,No_Employee_id,Credit Card,Returned,730,350
ORD0010881,7/8/2023,20230708,CUS02625,5,EMP0100,Fawry,Completed,2695,2330
ORD0003501,7/8/2023,20230708,CUS00970,2,EMP0053,Vodafone Cash,Completed,2364,1340
ORD0006039,7/8/2023,20230708,CUS00056,9,EMP0148,Fawry,Completed,229.5,130
ORD0006999,7/8/2023,20230708,CUS02503,4,EMP0090,Debit Card,Completed,432,220
ORD0008314,7/9/2023,20230709,CUS00785,14,EMP0196,Cash,Completed,690,340
ORD0004669,7/9/2023,20230709,CUS01340,12,EMP0174,Fawry,Completed,333,180
ORD0006078,7/9/2023,20230709,CUS00404,10,No_Employee_id,Vodafone Cash,Completed,595.5,330
ORD0011121,7/9/2023,20230709,CUS01999,7,EMP0132,Fawry,Completed,7173,5760
ORD0000374,7/9/2023,20230709,CUS00672,7,EMP0135,Cash,Completed,1971,1080
ORD0005563,7/9/2023,20230709,CUS01377,7,EMP0129,Credit Card,Completed,2490,1230
ORD0000683,7/9/2023,20230709,CUS00276,10,EMP0161,Fawry,Completed,567.5,320
ORD0004557,7/9/2023,20230709,CUS00371,2,EMP0047,Fawry,Completed,693.5,370
ORD0002152,7/9/2023,20230709,CUS02649,2,EMP0037,Vodafone Cash,Completed,1717.5,890
ORD0002921,7/9/2023,20230709,CUS02416,1,EMP0022,Vodafone Cash,Completed,976,600
ORD0009853,7/9/2023,20230709,CUS02743,12,EMP0180,Debit Card,Completed,225,150
ORD0001058,7/9/2023,20230709,CUS01003,1,EMP0012,InstaPay,Completed,270,170
ORD0000165,7/9/2023,20230709,CUS00329,1,EMP0018,Debit Card,Completed,640,320
ORD0005489,7/9/2023,20230709,CUS01402,2,EMP0045,Credit Card,Completed,165,100
ORD0002695,7/10/2023,20230710,CUS00489,10,EMP0162,Credit Card,Completed,210,100
ORD0007073,7/10/2023,20230710,CUS00824,7,EMP0136,Cash,Completed,6500,5200
ORD0000860,7/10/2023,20230710,CUS00010,11,EMP0168,Fawry,Returned,360,200
ORD0007223,7/10/2023,20230710,CUS01217,14,EMP0196,InstaPay,Returned,300,140
ORD0001270,7/10/2023,20230710,CUS01661,14,EMP0200,Cash,Completed,584,310
ORD0007712,7/10/2023,20230710,CUS00509,3,EMP0058,Credit Card,Completed,46080,41200
ORD0006619,7/10/2023,20230710,CUS02885,9,EMP0147,Vodafone Cash,Completed,460,210
ORD0006711,7/10/2023,20230710,CUS01056,2,EMP0050,Fawry,Completed,540,290
ORD0004847,7/11/2023,20230711,CUS00717,11,EMP0170,Cash,Completed,2974,1720
ORD0001264,7/11/2023,20230711,CUS01517,4,EMP0080,Vodafone Cash,Completed,270,150
ORD0005776,7/11/2023,20230711,CUS01584,1,EMP0009,InstaPay,Completed,4562,2620
ORD0006041,7/11/2023,20230711,CUS01496,2,EMP0044,Credit Card,Returned,360,170
ORD0010950,7/11/2023,20230711,CUS00674,13,EMP0185,Credit Card,Completed,960,460
ORD0002819,7/11/2023,20230711,CUS00956,13,EMP0187,Fawry,Completed,790,390
ORD0000120,7/11/2023,20230711,CUS01748,2,EMP0035,Vodafone Cash,Completed,414,220
ORD0006811,7/12/2023,20230712,CUS00724,1,EMP0011,Vodafone Cash,Completed,423,230
ORD0002806,7/12/2023,20230712,CUS00174,1,EMP0003,Fawry,Completed,374,210
ORD0000153,7/12/2023,20230712,CUS01163,8,EMP0144,Vodafone Cash,Completed,7200,6400
ORD0001691,7/12/2023,20230712,CUS02746,3,EMP0075,Vodafone Cash,Returned,4222,2090
ORD0002965,7/12/2023,20230712,CUS01213,5,EMP0104,Credit Card,Completed,324,170
ORD0004616,7/12/2023,20230712,CUS00718,4,EMP0090,Vodafone Cash,Completed,520,240
ORD0007186,7/12/2023,20230712,CUS02979,5,EMP0106,Cash,Completed,366,190
ORD0009151,7/12/2023,20230712,CUS00240,4,EMP0082,Credit Card,Completed,180,100
ORD0000536,7/12/2023,20230712,CUS00069,1,EMP0019,Vodafone Cash,Completed,921,540
ORD0003651,7/12/2023,20230712,CUS00312,1,EMP0008,InstaPay,Completed,970,550
ORD0009913,7/12/2023,20230712,CUS01355,15,EMP0205,Cash,Completed,1262,630
ORD0002102,7/12/2023,20230712,CUS01781,6,EMP0114,Vodafone Cash,Completed,873,480
ORD0009542,7/12/2023,20230712,CUS00998,4,EMP0079,Vodafone Cash,Returned,510,290
ORD0008595,7/13/2023,20230713,CUS02751,12,EMP0177,Debit Card,Completed,12715,10050
ORD0000842,7/13/2023,20230713,CUS02079,1,EMP0022,Credit Card,Cancelled,3180,2270
ORD0003230,7/13/2023,20230713,CUS02991,4,EMP0094,Fawry,Completed,579,300
ORD0000092,7/13/2023,20230713,CUS00703,14,EMP0203,Fawry,Completed,432,270
ORD0007505,7/13/2023,20230713,CUS00476,11,EMP0173,Vodafone Cash,Completed,646,320
ORD0006903,7/13/2023,20230713,CUS01233,2,EMP0035,Fawry,Completed,432,270
ORD0008962,7/13/2023,20230713,CUS02841,12,EMP0180,InstaPay,Completed,472,250
ORD0007245,7/13/2023,20230713,CUS00704,2,EMP0054,Fawry,Completed,531,260
ORD0010125,7/13/2023,20230713,CUS00145,1,EMP0006,Fawry,Completed,602,420
ORD0005392,7/13/2023,20230713,CUS00364,1,No_Employee_id,Debit Card,Completed,2091,1040
ORD0010292,7/13/2023,20230713,CUS02762,1,EMP0009,Fawry,Cancelled,749,360
ORD0008657,7/13/2023,20230713,CUS01341,14,EMP0203,InstaPay,Completed,1093,560
ORD0001220,7/14/2023,20230714,CUS01100,2,EMP0038,Debit Card,Returned,2431.5,1180
ORD0001209,7/14/2023,20230714,CUS01134,1,EMP0028,Fawry,Completed,400.5,220
ORD0007185,7/14/2023,20230714,CUS00622,7,EMP0130,Fawry,Completed,161.5,90
ORD0002713,7/14/2023,20230714,CUS01946,4,EMP0091,Credit Card,Completed,230,110
ORD0006487,7/14/2023,20230714,CUS02646,1,EMP0011,Fawry,Completed,1780,900
ORD0011572,7/14/2023,20230714,CUS01445,14,EMP0202,Credit Card,Cancelled,180.5,90
ORD0002214,7/14/2023,20230714,CUS00421,10,No_Employee_id,InstaPay,Completed,20950,17510
ORD0000686,7/14/2023,20230714,CUS02156,6,EMP0122,Fawry,Returned,170,80
ORD0008494,7/14/2023,20230714,CUS02454,10,EMP0155,Fawry,Completed,11490,9270
ORD0007607,7/15/2023,20230715,CUS00542,7,EMP0132,Fawry,Returned,2760,1330
ORD0011503,7/15/2023,20230715,CUS01039,1,EMP0005,Credit Card,Completed,3060,2800
ORD0005801,7/15/2023,20230715,CUS02444,10,EMP0152,Cash,Cancelled,1236,570
ORD0000611,7/15/2023,20230715,CUS02019,6,EMP0113,Cash,Cancelled,200,100
ORD0000471,7/15/2023,20230715,CUS01218,1,EMP0015,Debit Card,Completed,140,70
ORD0000267,7/15/2023,20230715,CUS01331,4,EMP0090,Fawry,Completed,566,280
ORD0007757,7/15/2023,20230715,CUS00844,2,EMP0036,Debit Card,Completed,10497,8260
ORD0007113,7/15/2023,20230715,CUS00266,8,EMP0144,Credit Card,Completed,320,140
ORD0000746,7/15/2023,20230715,CUS01979,2,EMP0032,InstaPay,Completed,2500,2000
ORD0005274,7/15/2023,20230715,CUS00447,6,EMP0121,InstaPay,Returned,21161,22510
ORD0005063,7/16/2023,20230716,CUS00298,14,EMP0197,Credit Card,Completed,230,110
ORD0000762,7/16/2023,20230716,CUS00471,9,EMP0147,Vodafone Cash,Completed,12295,9110
ORD0004438,7/16/2023,20230716,CUS01422,2,EMP0042,Debit Card,Completed,4619,3510
ORD0011108,7/16/2023,20230716,CUS02651,2,EMP0052,Vodafone Cash,Completed,690,330
ORD0002125,7/16/2023,20230716,CUS00129,13,No_Employee_id,Credit Card,Completed,360,170
ORD0000593,7/16/2023,20230716,CUS00084,6,EMP0122,Debit Card,Completed,695,350
ORD0000247,7/16/2023,20230716,CUS01898,5,EMP0108,Debit Card,Completed,608,370
ORD0008323,7/16/2023,20230716,CUS00124,2,EMP0032,InstaPay,Completed,414,220
ORD0004258,7/16/2023,20230716,CUS00841,1,EMP0002,InstaPay,Completed,1641,1330
ORD0003828,7/16/2023,20230716,CUS00846,2,EMP0030,Credit Card,Completed,207,110
ORD0005428,7/17/2023,20230717,CUS00754,15,EMP0206,Debit Card,Returned,590.5,340
ORD0011184,7/17/2023,20230717,CUS01426,3,EMP0067,Credit Card,Completed,540,260
ORD0010463,7/17/2023,20230717,CUS00863,3,EMP0061,InstaPay,Completed,540,280
ORD0000664,7/17/2023,20230717,CUS01730,1,EMP0013,Debit Card,Returned,1860,910
ORD0002594,7/17/2023,20230717,CUS02093,15,EMP0213,Cash,Completed,661.5,330
ORD0004547,7/17/2023,20230717,CUS01707,10,EMP0153,Credit Card,Completed,252,140
ORD0007300,7/17/2023,20230717,CUS01256,12,EMP0179,Vodafone Cash,Completed,210,100
ORD0000126,7/17/2023,20230717,CUS01043,6,EMP0116,Credit Card,Completed,673.5,380
ORD0007063,7/17/2023,20230717,CUS01224,6,EMP0123,Vodafone Cash,Returned,1171,570
ORD0003626,7/17/2023,20230717,CUS01444,2,EMP0045,Debit Card,Completed,23817.5,20130
ORD0007475,7/18/2023,20230718,CUS01198,9,EMP0151,Credit Card,Completed,770,410
ORD0000760,7/18/2023,20230718,CUS00933,11,EMP0166,Fawry,Completed,1920,920
ORD0002955,7/18/2023,20230718,CUS00219,1,EMP0010,Vodafone Cash,Completed,1780,1180
ORD0008648,7/18/2023,20230718,CUS01384,4,EMP0086,Vodafone Cash,Completed,960,480
ORD0010934,7/18/2023,20230718,CUS02415,15,EMP0206,Debit Card,Completed,1244,640
ORD0010905,7/18/2023,20230718,CUS02148,5,No_Employee_id,Vodafone Cash,Completed,1964,1100
ORD0010775,7/18/2023,20230718,CUS02263,12,EMP0182,Cash,Completed,160,80
ORD0004958,7/18/2023,20230718,CUS02806,11,EMP0166,Cash,Returned,35640,31500
ORD0002408,7/18/2023,20230718,CUS01267,4,EMP0090,Cash,Completed,310,150
ORD0006812,7/18/2023,20230718,CUS01923,11,EMP0171,Credit Card,Completed,15400,13640
ORD0003227,7/18/2023,20230718,CUS00763,1,EMP0021,Fawry,Completed,152,70
ORD0011138,7/18/2023,20230718,CUS02690,1,EMP0013,Vodafone Cash,Completed,766,400
ORD0002455,7/18/2023,20230718,CUS02559,8,EMP0144,Fawry,Completed,660,320
ORD0003658,7/18/2023,20230718,CUS01362,3,EMP0058,InstaPay,Completed,130,60
ORD0009793,7/18/2023,20230718,CUS00494,10,EMP0159,Vodafone Cash,Completed,1060,520
ORD0000301,7/19/2023,20230719,CUS01268,4,EMP0088,Cash,Completed,740,370
ORD0002882,7/19/2023,20230719,CUS00895,7,EMP0130,InstaPay,Completed,2048.5,1030
ORD0011535,7/19/2023,20230719,CUS02027,10,EMP0154,InstaPay,Completed,528,320
ORD0003368,7/19/2023,20230719,CUS00890,2,EMP0044,Debit Card,Completed,2783.5,2090
ORD0005472,7/19/2023,20230719,CUS02657,3,EMP0076,Credit Card,Completed,729,400
ORD0009215,7/19/2023,20230719,CUS02137,7,EMP0134,Debit Card,Completed,7200,5600
ORD0010100,7/20/2023,20230720,CUS00873,4,EMP0087,Fawry,Completed,324,180
ORD0010725,7/20/2023,20230720,CUS01357,14,EMP0200,Vodafone Cash,Completed,8160,8000
ORD0005678,7/20/2023,20230720,CUS02133,8,EMP0141,Vodafone Cash,Completed,629,360
ORD0011505,7/20/2023,20230720,CUS00315,1,EMP0008,Vodafone Cash,Completed,14133,11270
ORD0007576,7/20/2023,20230720,CUS01791,13,EMP0187,InstaPay,Completed,1262,610
ORD0000524,7/20/2023,20230720,CUS00617,1,EMP0019,Fawry,Completed,200,100
ORD0005854,7/20/2023,20230720,CUS01100,8,EMP0141,Vodafone Cash,Completed,59133,49530
ORD0008605,7/20/2023,20230720,CUS02781,3,EMP0068,Debit Card,Completed,12070,10590
ORD0006337,7/21/2023,20230721,CUS01933,7,EMP0131,Vodafone Cash,Completed,547.5,280
ORD0008506,7/21/2023,20230721,CUS00413,11,No_Employee_id,Credit Card,Returned,432,210
ORD0011093,7/21/2023,20230721,CUS01836,4,EMP0080,Debit Card,Completed,334,200
ORD0010333,7/21/2023,20230721,CUS01000,5,EMP0098,InstaPay,Completed,1800,1600
ORD0008033,7/21/2023,20230721,CUS02224,4,EMP0086,InstaPay,Completed,23605,20680
ORD0011133,7/21/2023,20230721,CUS00984,4,EMP0090,Cash,Completed,880,440
ORD0009915,7/21/2023,20230721,CUS02984,12,EMP0180,Credit Card,Completed,723,360
ORD0006000,7/21/2023,20230721,CUS00975,14,EMP0195,InstaPay,Completed,1161,570
ORD0004993,7/21/2023,20230721,CUS02231,3,EMP0065,Credit Card,Completed,720,360
ORD0000352,7/21/2023,20230721,CUS02627,4,EMP0093,Debit Card,Completed,504,280
ORD0000718,7/21/2023,20230721,CUS00971,1,EMP0006,InstaPay,Completed,380,180
ORD0003347,7/21/2023,20230721,CUS00724,3,EMP0062,InstaPay,Completed,1521,880
ORD0001654,7/21/2023,20230721,CUS01934,12,EMP0182,Vodafone Cash,Completed,216,120
ORD0006090,7/21/2023,20230721,CUS00349,6,EMP0114,Credit Card,Completed,2615,1340
ORD0004510,7/21/2023,20230721,CUS02059,13,EMP0191,Cash,Returned,270,150
ORD0002083,7/21/2023,20230721,CUS02476,11,EMP0164,Debit Card,Completed,1833,1510
ORD0003159,7/22/2023,20230722,CUS02810,1,EMP0003,Credit Card,Returned,387,210
ORD0008645,7/22/2023,20230722,CUS00990,3,EMP0056,Vodafone Cash,Returned,336,180
ORD0000963,7/22/2023,20230722,CUS00398,1,EMP0022,InstaPay,Completed,459,250
ORD0002967,7/22/2023,20230722,CUS02655,13,EMP0187,Credit Card,Completed,1998,990
ORD0005073,7/22/2023,20230722,CUS02544,9,EMP0150,Vodafone Cash,Completed,12108,10540
ORD0011576,7/22/2023,20230722,CUS01449,3,EMP0072,Vodafone Cash,Completed,15390,12040
ORD0010713,7/22/2023,20230722,CUS01310,10,EMP0163,Cash,Returned,468,260
ORD0011792,7/22/2023,20230722,CUS01781,3,EMP0075,Vodafone Cash,Completed,638,320
ORD0007061,7/22/2023,20230722,CUS02553,2,EMP0044,Credit Card,Returned,1372,700
ORD0002137,7/22/2023,20230722,CUS02301,6,EMP0114,Credit Card,Completed,396,220
ORD0003843,7/23/2023,20230723,CUS00183,1,EMP0026,Credit Card,Cancelled,1782,1070
ORD0009369,7/23/2023,20230723,CUS00855,3,EMP0069,Fawry,Completed,20400,16200
ORD0001125,7/23/2023,20230723,CUS00703,11,EMP0169,Fawry,Completed,700,350
ORD0009333,7/23/2023,20230723,CUS00374,12,EMP0177,Vodafone Cash,Completed,1693,850
ORD0004110,7/23/2023,20230723,CUS00834,4,EMP0082,InstaPay,Completed,6750,6000
ORD0001726,7/23/2023,20230723,CUS01329,1,EMP0015,Fawry,Completed,1055.5,540
ORD0007865,7/23/2023,20230723,CUS01661,1,EMP0011,Debit Card,Completed,335.5,170
ORD0005209,7/23/2023,20230723,CUS00920,3,EMP0064,Credit Card,Completed,774,410
ORD0008343,7/23/2023,20230723,CUS01177,3,EMP0078,Cash,Completed,68504,60390
ORD0003589,7/24/2023,20230724,CUS00174,2,EMP0040,Cash,Completed,6959,5210
ORD0010769,7/24/2023,20230724,CUS00470,10,EMP0157,Credit Card,Completed,495,330
ORD0001309,7/24/2023,20230724,CUS01114,11,EMP0173,Credit Card,Completed,800,700
ORD0010178,7/24/2023,20230724,CUS01236,4,EMP0090,Credit Card,Completed,1192,620
ORD0010231,7/24/2023,20230724,CUS01237,1,EMP0014,Fawry,Returned,1265,760
ORD0009073,7/24/2023,20230724,CUS02804,2,EMP0031,Credit Card,Completed,39397.5,33170
ORD0007506,7/24/2023,20230724,CUS00859,4,EMP0082,Cash,Completed,505.5,250
ORD0002309,7/24/2023,20230724,CUS01454,12,EMP0179,Fawry,Completed,931.5,510
ORD0007470,7/24/2023,20230724,CUS01740,5,No_Employee_id,Debit Card,Completed,142.5,70
ORD0008330,7/24/2023,20230724,CUS00873,1,EMP0007,Debit Card,Completed,136,80
ORD0007772,7/24/2023,20230724,CUS01239,8,EMP0139,Credit Card,Completed,26381,24480
ORD0006850,7/24/2023,20230724,CUS01135,5,EMP0100,Credit Card,Completed,1190,680
ORD0002118,7/24/2023,20230724,CUS01196,5,No_Employee_id,Cash,Completed,720,360
ORD0004030,7/25/2023,20230725,CUS01780,2,EMP0033,Fawry,Completed,775.5,400
ORD0011760,7/25/2023,20230725,CUS01799,1,EMP0001,Credit Card,Returned,480,260
ORD0002284,7/25/2023,20230725,CUS02040,13,EMP0193,Credit Card,Completed,637.5,420
ORD0009326,7/25/2023,20230725,CUS00857,10,EMP0162,Fawry,Completed,625,340
ORD0007487,7/25/2023,20230725,CUS01999,1,No_Employee_id,Cash,Completed,5470,4150
ORD0003346,7/25/2023,20230725,CUS02921,1,EMP0025,Debit Card,Completed,3452,2030
ORD0011962,7/25/2023,20230725,CUS02637,10,EMP0159,Cash,Completed,1044,560
ORD0003631,7/25/2023,20230725,CUS00962,4,No_Employee_id,Vodafone Cash,Completed,2184.5,1070
ORD0000534,7/25/2023,20230725,CUS02668,3,EMP0075,Vodafone Cash,Completed,21800,20120
ORD0005059,7/25/2023,20230725,CUS00716,5,EMP0111,Credit Card,Completed,225,110
ORD0003292,7/25/2023,20230725,CUS02687,4,EMP0087,Credit Card,Completed,1073.5,580
ORD0003308,7/25/2023,20230725,CUS02845,3,EMP0062,Cash,Completed,333,180
ORD0008368,7/26/2023,20230726,CUS02201,15,EMP0209,Debit Card,Completed,24694,20430
ORD0011367,7/26/2023,20230726,CUS01266,15,EMP0213,Fawry,Completed,360,160
ORD0000859,7/26/2023,20230726,CUS00516,4,EMP0092,Cash,Completed,140,70
ORD0006948,7/26/2023,20230726,CUS02416,3,EMP0056,Fawry,Completed,997.5,520
ORD0005989,7/26/2023,20230726,CUS02605,11,EMP0172,Fawry,Completed,207,110
ORD0006592,7/26/2023,20230726,CUS02024,1,EMP0024,Vodafone Cash,Completed,612,320
ORD0001164,7/26/2023,20230726,CUS01580,3,EMP0075,Cash,Completed,602.5,310
ORD0009260,7/26/2023,20230726,CUS02654,11,EMP0167,Vodafone Cash,Completed,21977,17020
ORD0007477,7/26/2023,20230726,CUS02684,3,EMP0056,Credit Card,Completed,260,120
ORD0003063,7/26/2023,20230726,CUS01213,5,EMP0099,Vodafone Cash,Completed,540,260
ORD0006153,7/26/2023,20230726,CUS01056,1,EMP0011,InstaPay,Completed,3632,2140
ORD0006199,7/26/2023,20230726,CUS02900,8,EMP0137,Credit Card,Completed,2586,1960
ORD0011018,7/27/2023,20230727,CUS00496,1,EMP0013,Credit Card,Completed,14573,12550
ORD0007140,7/27/2023,20230727,CUS02623,5,EMP0103,Fawry,Completed,7534,7320
ORD0003362,7/27/2023,20230727,CUS00007,4,EMP0080,Debit Card,Completed,660,320
ORD0009015,7/27/2023,20230727,CUS00575,2,EMP0052,Fawry,Completed,1727,880
ORD0000491,7/27/2023,20230727,CUS01373,1,EMP0026,Vodafone Cash,Completed,339,180
ORD0007900,7/27/2023,20230727,CUS00765,3,EMP0075,Credit Card,Completed,6483.5,4750
ORD0000023,7/27/2023,20230727,CUS00031,8,EMP0142,Fawry,Completed,500,290
ORD0003996,7/27/2023,20230727,CUS01199,6,EMP0114,InstaPay,Completed,382.5,220
ORD0008291,7/27/2023,20230727,CUS00859,6,EMP0113,Debit Card,Completed,63600,50800
ORD0004740,7/27/2023,20230727,CUS00109,1,No_Employee_id,Debit Card,Completed,18800,16200
ORD0000900,7/28/2023,20230728,CUS02974,12,EMP0181,Debit Card,Completed,330,160
ORD0005385,7/28/2023,20230728,CUS00162,2,EMP0051,Credit Card,Cancelled,6000,4800
ORD0004513,7/28/2023,20230728,CUS01462,1,EMP0024,InstaPay,Completed,180,80
ORD0000260,7/28/2023,20230728,CUS00502,13,EMP0185,Debit Card,Completed,220,110
ORD0004533,7/28/2023,20230728,CUS01888,2,EMP0032,Credit Card,Completed,1685,820
ORD0006017,7/28/2023,20230728,CUS02121,1,EMP0023,Credit Card,Completed,555,270
ORD0005889,7/28/2023,20230728,CUS00096,3,EMP0064,InstaPay,Completed,456,210
ORD0011196,7/28/2023,20230728,CUS02567,1,EMP0015,Vodafone Cash,Completed,1106.5,620
ORD0002776,7/28/2023,20230728,CUS01225,3,EMP0057,Vodafone Cash,Cancelled,2146,1360
ORD0001249,7/28/2023,20230728,CUS01313,6,EMP0115,Fawry,Completed,760,400
ORD0008798,7/28/2023,20230728,CUS01586,5,EMP0095,Cash,Completed,660,320
ORD0009652,7/28/2023,20230728,CUS00646,2,EMP0039,Debit Card,Completed,8114,6480
ORD0009627,7/29/2023,20230729,CUS02742,3,EMP0073,Fawry,Returned,774,410
ORD0009806,7/29/2023,20230729,CUS01630,11,No_Employee_id,Fawry,Completed,37930,32200
ORD0009251,7/29/2023,20230729,CUS00848,7,EMP0127,Credit Card,Completed,1018.5,490
ORD0007924,7/29/2023,20230729,CUS01803,1,EMP0004,Debit Card,Returned,330,160
ORD0003813,7/29/2023,20230729,CUS00456,1,EMP0001,Credit Card,Completed,860,420
ORD0006958,7/29/2023,20230729,CUS01510,10,EMP0154,Cash,Completed,2522,1430
ORD0010174,7/29/2023,20230729,CUS00095,12,EMP0181,Debit Card,Completed,4024.5,2250
ORD0001574,7/30/2023,20230730,CUS02443,10,No_Employee_id,Credit Card,Completed,931,480
ORD0003600,7/30/2023,20230730,CUS00867,6,EMP0119,Vodafone Cash,Completed,2216,1320
ORD0004250,7/30/2023,20230730,CUS01876,11,EMP0171,Cash,Completed,300,140
ORD0008954,7/30/2023,20230730,CUS02927,8,EMP0142,Fawry,Cancelled,5098,3960
ORD0005641,7/30/2023,20230730,CUS02477,11,EMP0169,Vodafone Cash,Completed,1120,560
ORD0009036,7/30/2023,20230730,CUS00596,5,EMP0109,Fawry,Completed,387,210
ORD0008058,7/30/2023,20230730,CUS02565,14,EMP0197,Vodafone Cash,Completed,700,340
ORD0002194,7/30/2023,20230730,CUS01534,13,EMP0188,Debit Card,Completed,232,140
ORD0010233,7/30/2023,20230730,CUS01869,11,EMP0170,Fawry,Completed,18300,19600
ORD0004812,7/30/2023,20230730,CUS00306,1,EMP0021,Fawry,Completed,720,360
ORD0008788,7/30/2023,20230730,CUS02806,6,No_Employee_id,Vodafone Cash,Completed,1300.5,720
ORD0011626,7/31/2023,20230731,CUS02375,5,No_Employee_id,InstaPay,Completed,230,110
ORD0003789,7/31/2023,20230731,CUS02009,12,EMP0182,Credit Card,Completed,1370,670
ORD0001345,7/31/2023,20230731,CUS00778,6,EMP0116,Fawry,Completed,1052,540
ORD0004394,7/31/2023,20230731,CUS02316,5,EMP0104,Fawry,Completed,405,210
ORD0003196,7/31/2023,20230731,CUS02540,2,EMP0040,Credit Card,Completed,1702.5,910
ORD0008917,7/31/2023,20230731,CUS00205,12,EMP0182,Debit Card,Completed,952,480
ORD0001876,7/31/2023,20230731,CUS02903,7,EMP0133,InstaPay,Completed,10370,9800
ORD0010259,7/31/2023,20230731,CUS02742,1,EMP0013,Vodafone Cash,Completed,600,360
ORD0004077,7/31/2023,20230731,CUS00638,6,EMP0124,Fawry,Completed,720,360
ORD0007502,7/31/2023,20230731,CUS02959,1,EMP0010,Vodafone Cash,Completed,21120,21200
ORD0007496,8/1/2023,20230801,CUS00796,2,EMP0049,Credit Card,Completed,247,120
ORD0008696,8/1/2023,20230801,CUS02081,3,EMP0077,InstaPay,Completed,11524,10660
ORD0001019,8/1/2023,20230801,CUS00719,3,EMP0066,Credit Card,Completed,1536,780
ORD0003417,8/1/2023,20230801,CUS01911,3,EMP0069,Credit Card,Completed,1512,960
ORD0011510,8/1/2023,20230801,CUS02569,7,EMP0134,Vodafone Cash,Completed,119,60
ORD0007899,8/1/2023,20230801,CUS02080,1,EMP0008,Credit Card,Returned,300,140
ORD0011989,8/1/2023,20230801,CUS00232,7,EMP0136,Debit Card,Completed,904,460
ORD0001228,8/1/2023,20230801,CUS00974,7,EMP0132,Vodafone Cash,Completed,2847,1600
ORD0010650,8/1/2023,20230801,CUS01810,8,EMP0142,Cash,Completed,323,170
ORD0005504,8/1/2023,20230801,CUS01902,15,EMP0209,Credit Card,Cancelled,480,290
ORD0010848,8/1/2023,20230801,CUS01520,4,EMP0087,InstaPay,Completed,674,370
ORD0006991,8/1/2023,20230801,CUS00733,4,EMP0085,InstaPay,Completed,880,420
ORD0009133,8/1/2023,20230801,CUS01977,3,EMP0068,InstaPay,Completed,200,120
ORD0000994,8/1/2023,20230801,CUS00269,1,EMP0012,Fawry,Completed,2697,1350
ORD0010314,8/2/2023,20230802,CUS01307,7,EMP0133,Credit Card,Completed,182,130
ORD0010200,8/2/2023,20230802,CUS02735,2,EMP0041,Debit Card,Completed,792,440
ORD0001593,8/2/2023,20230802,CUS02568,5,EMP0104,InstaPay,Cancelled,570,500
ORD0011201,8/2/2023,20230802,CUS02386,4,EMP0083,InstaPay,Completed,270,140
ORD0007966,8/2/2023,20230802,CUS01222,2,EMP0052,Vodafone Cash,Completed,1177,660
ORD0000232,8/2/2023,20230802,CUS01664,6,EMP0123,Fawry,Completed,900,470
ORD0003799,8/2/2023,20230802,CUS01716,1,EMP0007,Fawry,Completed,255,170
ORD0005796,8/2/2023,20230802,CUS00118,4,EMP0086,Cash,Completed,310,150
ORD0005533,8/2/2023,20230802,CUS00448,6,EMP0115,Vodafone Cash,Cancelled,783,410
ORD0004043,8/2/2023,20230802,CUS02539,7,EMP0136,InstaPay,Completed,90,40
ORD0008563,8/2/2023,20230802,CUS00184,12,EMP0176,Credit Card,Completed,34530,32230
ORD0008193,8/2/2023,20230802,CUS01761,2,EMP0044,Credit Card,Completed,270,140
ORD0003681,8/2/2023,20230802,CUS02252,7,EMP0135,Credit Card,Completed,1650,810
ORD0004051,8/2/2023,20230802,CUS01174,12,EMP0176,Cash,Completed,554,290
ORD0005029,8/3/2023,20230803,CUS01523,5,EMP0111,Vodafone Cash,Completed,710,350
ORD0001288,8/3/2023,20230803,CUS00214,6,EMP0121,Credit Card,Completed,791,430
ORD0000972,8/3/2023,20230803,CUS01653,5,EMP0096,Vodafone Cash,Completed,360,210
ORD0009394,8/3/2023,20230803,CUS02423,12,EMP0179,Vodafone Cash,Completed,1260,620
ORD0011040,8/3/2023,20230803,CUS00380,1,EMP0005,InstaPay,Completed,292.5,160
ORD0000897,8/3/2023,20230803,CUS02143,2,EMP0051,InstaPay,Completed,567,300
ORD0010957,8/4/2023,20230804,CUS00954,1,EMP0016,Fawry,Completed,1111.5,530
ORD0007180,8/4/2023,20230804,CUS01787,9,EMP0146,Cash,Completed,1734,1000
ORD0001981,8/4/2023,20230804,CUS02798,15,EMP0216,Credit Card,Returned,1560,780
ORD0009981,8/4/2023,20230804,CUS01315,2,EMP0053,Vodafone Cash,Completed,1648,860
ORD0003529,8/4/2023,20230804,CUS01137,3,EMP0075,InstaPay,Completed,536,290
ORD0005089,8/4/2023,20230804,CUS02120,1,EMP0013,Credit Card,Completed,30106,23970
ORD0005713,8/4/2023,20230804,CUS02316,7,EMP0130,Cash,Completed,416,260
ORD0009571,8/4/2023,20230804,CUS00967,14,EMP0202,InstaPay,Completed,11880,9600
ORD0009419,8/4/2023,20230804,CUS01074,10,EMP0156,Vodafone Cash,Completed,225,140
ORD0004608,8/4/2023,20230804,CUS00273,7,EMP0131,Debit Card,Cancelled,2999.5,2540
ORD0000386,8/4/2023,20230804,CUS02025,12,EMP0176,InstaPay,Completed,821,450
ORD0008347,8/5/2023,20230805,CUS01357,14,EMP0196,Vodafone Cash,Completed,5112,3920
ORD0007744,8/5/2023,20230805,CUS01293,5,EMP0100,Credit Card,Completed,224,160
ORD0010338,8/5/2023,20230805,CUS00611,3,EMP0064,Vodafone Cash,Completed,1183.5,590
ORD0004341,8/5/2023,20230805,CUS02260,14,EMP0195,Fawry,Completed,1615,870
ORD0002938,8/5/2023,20230805,CUS00719,2,EMP0050,Fawry,Completed,2400,1170
ORD0007281,8/5/2023,20230805,CUS01472,4,EMP0094,Cash,Returned,699,380
ORD0002976,8/5/2023,20230805,CUS02225,14,EMP0196,Vodafone Cash,Completed,2302,1210
ORD0004433,8/5/2023,20230805,CUS01311,2,EMP0045,Cash,Completed,739.5,420
ORD0000644,8/5/2023,20230805,CUS02515,4,EMP0093,InstaPay,Completed,2774,1440
ORD0003079,8/5/2023,20230805,CUS02242,5,EMP0107,Vodafone Cash,Completed,759,390
ORD0005465,8/5/2023,20230805,CUS00421,15,EMP0211,Debit Card,Completed,1881,980
ORD0010640,8/5/2023,20230805,CUS00157,8,EMP0143,Debit Card,Completed,430,210
ORD0000610,8/5/2023,20230805,CUS00924,14,EMP0195,Credit Card,Completed,5560,3980
ORD0011679,8/6/2023,20230806,CUS01538,4,EMP0090,Vodafone Cash,Completed,678,360
ORD0001536,8/6/2023,20230806,CUS01826,6,EMP0116,Debit Card,Completed,396,220
ORD0011470,8/6/2023,20230806,CUS00937,2,EMP0035,InstaPay,Completed,247,120
ORD0004499,8/6/2023,20230806,CUS01717,2,No_Employee_id,Cash,Completed,126,70
ORD0009239,8/6/2023,20230806,CUS02941,3,EMP0057,Debit Card,Completed,41080,35960
ORD0007178,8/6/2023,20230806,CUS01856,4,EMP0093,Fawry,Completed,48734,38680
ORD0009480,8/6/2023,20230806,CUS01663,1,EMP0014,Debit Card,Completed,500,240
ORD0002857,8/6/2023,20230806,CUS01297,2,EMP0030,Vodafone Cash,Completed,1480,730
ORD0002995,8/6/2023,20230806,CUS01910,1,EMP0005,Debit Card,Completed,1972,1090
ORD0000946,8/6/2023,20230806,CUS01380,1,EMP0010,Cash,Completed,255,170
ORD0007455,8/6/2023,20230806,CUS02267,11,EMP0167,InstaPay,Completed,1872,920
ORD0004282,8/6/2023,20230806,CUS01902,1,EMP0004,Credit Card,Completed,280,170
ORD0007927,8/6/2023,20230806,CUS00415,11,EMP0165,Cash,Completed,162,80
ORD0010489,8/6/2023,20230806,CUS00912,2,EMP0049,InstaPay,Completed,682.5,340
ORD0005906,8/7/2023,20230807,CUS00602,7,EMP0134,Vodafone Cash,Completed,2052,1120
ORD0005540,8/7/2023,20230807,CUS00509,12,No_Employee_id,Cash,Completed,13692,12050
ORD0003176,8/7/2023,20230807,CUS01520,5,EMP0112,Vodafone Cash,Completed,8010,7100
ORD0006581,8/7/2023,20230807,CUS02696,3,EMP0061,Cash,Completed,520,220
ORD0010837,8/7/2023,20230807,CUS00995,14,EMP0199,Fawry,Completed,1062,580
ORD0000682,8/7/2023,20230807,CUS02185,1,EMP0007,Cash,Completed,987,510
ORD0000936,8/7/2023,20230807,CUS02633,5,EMP0103,Credit Card,Returned,13180,10820
ORD0001428,8/7/2023,20230807,CUS01163,1,EMP0009,InstaPay,Completed,210,100
ORD0008375,8/8/2023,20230808,CUS01080,13,EMP0185,Fawry,Completed,150,70
ORD0007224,8/8/2023,20230808,CUS00048,2,EMP0049,Debit Card,Completed,5000,4000
ORD0003015,8/8/2023,20230808,CUS02070,4,EMP0089,Fawry,Completed,3464,1840
ORD0010163,8/8/2023,20230808,CUS00864,5,EMP0102,Credit Card,Completed,990,480
ORD0010797,8/8/2023,20230808,CUS02500,14,EMP0202,Cash,Completed,800,430
ORD0000207,8/8/2023,20230808,CUS00271,12,EMP0183,Fawry,Returned,31326.5,24610
ORD0009975,8/8/2023,20230808,CUS01143,15,EMP0216,Vodafone Cash,Completed,420,210
ORD0011173,8/8/2023,20230808,CUS00382,7,EMP0129,Cash,Completed,150,70
ORD0009605,8/8/2023,20230808,CUS02900,11,EMP0171,Cash,Completed,140,90
ORD0002872,8/8/2023,20230808,CUS02880,2,EMP0032,Debit Card,Returned,689,410
ORD0001532,8/9/2023,20230809,CUS02755,2,EMP0045,Credit Card,Completed,4728,3440
ORD0006704,8/9/2023,20230809,CUS01415,11,EMP0173,Debit Card,Completed,45230,36330
ORD0003229,8/9/2023,20230809,CUS00447,10,EMP0159,Cash,Completed,774,440
ORD0010336,8/9/2023,20230809,CUS02358,10,EMP0156,Cash,Completed,168,100
ORD0011577,8/10/2023,20230810,CUS00417,15,EMP0214,InstaPay,Completed,750,360
ORD0001116,8/10/2023,20230810,CUS00968,3,EMP0061,InstaPay,Completed,2739,1350
ORD0004234,8/10/2023,20230810,CUS01590,5,EMP0104,Cash,Completed,243,130
ORD0007738,8/10/2023,20230810,CUS00073,5,EMP0097,Credit Card,Completed,9560,9740
ORD0004990,8/10/2023,20230810,CUS02820,11,EMP0172,Debit Card,Completed,510,250
ORD0006740,8/10/2023,20230810,CUS00051,7,EMP0130,Credit Card,Completed,11621,11410
ORD0011192,8/10/2023,20230810,CUS02185,1,EMP0024,Cash,Completed,256,160
ORD0005794,8/10/2023,20230810,CUS01393,9,EMP0151,Vodafone Cash,Completed,21311,18250
ORD0007179,8/10/2023,20230810,CUS01703,7,No_Employee_id,InstaPay,Completed,1344,700
ORD0000355,8/10/2023,20230810,CUS02162,2,EMP0040,Credit Card,Completed,1340,660
ORD0008824,8/10/2023,20230810,CUS01605,10,EMP0154,Cash,Completed,340,160
ORD0004998,8/11/2023,20230811,CUS00471,4,EMP0089,Credit Card,Completed,740,330
ORD0011795,8/11/2023,20230811,CUS00928,2,EMP0044,Cash,Completed,1354,760
ORD0003421,8/11/2023,20230811,CUS02641,15,EMP0216,Fawry,Completed,1000,490
ORD0003629,8/11/2023,20230811,CUS01024,6,EMP0120,Cash,Completed,541,280
ORD0002663,8/11/2023,20230811,CUS00916,11,EMP0173,Vodafone Cash,Completed,684,340
ORD0005173,8/11/2023,20230811,CUS00909,5,EMP0099,InstaPay,Completed,22800.5,20050
ORD0011917,8/11/2023,20230811,CUS00317,10,EMP0158,InstaPay,Completed,43600,34800
ORD0011059,8/11/2023,20230811,CUS02976,4,EMP0081,Cash,Completed,171,90
ORD0006817,8/11/2023,20230811,CUS02234,6,EMP0122,InstaPay,Completed,243,120
ORD0011943,8/11/2023,20230811,CUS00321,1,EMP0012,Cash,Completed,693,380
ORD0006086,8/12/2023,20230812,CUS02162,1,EMP0011,Fawry,Completed,238,140
ORD0004804,8/12/2023,20230812,CUS01396,3,EMP0072,Vodafone Cash,Completed,72,40
ORD0006923,8/12/2023,20230812,CUS02617,6,EMP0117,Debit Card,Completed,390,180
ORD0009960,8/12/2023,20230812,CUS01598,15,EMP0209,InstaPay,Returned,1045,500
ORD0006554,8/12/2023,20230812,CUS00586,7,EMP0134,Cash,Completed,190,90
ORD0008270,8/12/2023,20230812,CUS01514,2,EMP0040,InstaPay,Completed,678,400
ORD0006399,8/12/2023,20230812,CUS01902,5,EMP0103,Debit Card,Completed,448,280
ORD0005036,8/12/2023,20230812,CUS01161,1,EMP0028,Vodafone Cash,Completed,13086,13340
ORD0007299,8/12/2023,20230812,CUS00940,1,EMP0014,Credit Card,Completed,17550.5,14090
ORD0005054,8/12/2023,20230812,CUS00737,8,EMP0140,Vodafone Cash,Completed,461,260
ORD0009190,8/13/2023,20230813,CUS00727,4,EMP0088,InstaPay,Completed,722,380
ORD0001078,8/13/2023,20230813,CUS00396,3,EMP0072,Credit Card,Returned,572.5,340
ORD0000776,8/13/2023,20230813,CUS01096,14,EMP0195,Vodafone Cash,Returned,470,230
ORD0006065,8/13/2023,20230813,CUS01381,5,EMP0112,Cash,Completed,1233,620
ORD0011382,8/13/2023,20230813,CUS01986,6,EMP0115,Credit Card,Completed,288,160
ORD0010728,8/13/2023,20230813,CUS01916,11,EMP0168,InstaPay,Completed,903,540
ORD0006148,8/13/2023,20230813,CUS00653,4,EMP0083,Vodafone Cash,Completed,1646,800
ORD0006848,8/13/2023,20230813,CUS02080,3,EMP0056,InstaPay,Completed,427.5,220
ORD0010619,8/14/2023,20230814,CUS00194,1,EMP0014,Vodafone Cash,Completed,5605,4700
ORD0007970,8/14/2023,20230814,CUS00880,2,EMP0033,Vodafone Cash,Cancelled,836,420
ORD0004094,8/14/2023,20230814,CUS01598,1,EMP0021,Cash,Cancelled,1372.5,680
ORD0000506,8/14/2023,20230814,CUS01705,6,EMP0125,Vodafone Cash,Returned,10738,8940
ORD0006152,8/14/2023,20230814,CUS00812,5,EMP0103,Debit Card,Completed,616,350
ORD0004471,8/14/2023,20230814,CUS02487,11,EMP0166,Credit Card,Completed,15035,11980
ORD0011346,8/14/2023,20230814,CUS01892,1,EMP0023,Cash,Completed,805,480
ORD0007380,8/14/2023,20230814,CUS01451,10,EMP0163,Vodafone Cash,Completed,332.5,190
ORD0008076,8/14/2023,20230814,CUS00063,5,EMP0098,Cash,Completed,23051,18090
ORD0005626,8/14/2023,20230814,CUS00969,6,EMP0114,Credit Card,Completed,4427,4300
ORD0007834,8/14/2023,20230814,CUS02159,2,EMP0050,Credit Card,Completed,570,270
ORD0002438,8/14/2023,20230814,CUS00739,12,EMP0177,Debit Card,Cancelled,494,240
ORD0008651,8/15/2023,20230815,CUS02280,3,EMP0071,Debit Card,Completed,300,140
ORD0001777,8/15/2023,20230815,CUS02449,1,EMP0011,Fawry,Completed,168,100
ORD0005381,8/15/2023,20230815,CUS01236,5,EMP0096,Vodafone Cash,Completed,2418,1220
ORD0005768,8/15/2023,20230815,CUS02163,1,EMP0007,Vodafone Cash,Completed,112,70
ORD0002365,8/15/2023,20230815,CUS01818,5,EMP0101,Vodafone Cash,Completed,14160,14100
ORD0005410,8/15/2023,20230815,CUS00954,3,EMP0071,Cash,Completed,885,520
ORD0003344,8/16/2023,20230816,CUS02769,11,EMP0166,Debit Card,Completed,880,400
ORD0004751,8/16/2023,20230816,CUS02872,2,EMP0051,InstaPay,Completed,6140,4860
ORD0003000,8/16/2023,20230816,CUS00982,2,EMP0029,Credit Card,Completed,1345,660
ORD0008264,8/16/2023,20230816,CUS00527,4,EMP0087,Fawry,Completed,240,120
ORD0002463,8/16/2023,20230816,CUS02831,1,EMP0017,Fawry,Completed,405.5,240
ORD0004506,8/16/2023,20230816,CUS01675,14,EMP0198,Debit Card,Completed,864.5,420
ORD0003675,8/17/2023,20230817,CUS02501,1,EMP0028,Credit Card,Completed,2957,1500
ORD0006754,8/17/2023,20230817,CUS01900,10,EMP0155,InstaPay,Completed,399,210
ORD0004314,8/17/2023,20230817,CUS00781,3,EMP0072,Fawry,Returned,2400,1560
ORD0001105,8/17/2023,20230817,CUS00346,3,EMP0061,Fawry,Completed,594,300
ORD0005819,8/17/2023,20230817,CUS00878,6,EMP0116,Debit Card,Completed,14400,12800
ORD0002779,8/17/2023,20230817,CUS02002,11,EMP0169,Vodafone Cash,Completed,15785,12440
ORD0002292,8/17/2023,20230817,CUS01323,2,EMP0050,Debit Card,Cancelled,510,240
ORD0011322,8/17/2023,20230817,CUS02698,1,EMP0019,Fawry,Completed,1051,550
ORD0000599,8/17/2023,20230817,CUS02423,3,No_Employee_id,Vodafone Cash,Completed,729,390
ORD0007171,8/17/2023,20230817,CUS02974,5,EMP0095,Vodafone Cash,Completed,400,250
ORD0000317,8/17/2023,20230817,CUS00490,5,EMP0104,Vodafone Cash,Returned,5310,4700
ORD0001957,8/18/2023,20230818,CUS00349,3,EMP0055,InstaPay,Completed,4500,3220
ORD0001623,8/18/2023,20230818,CUS01534,2,EMP0033,Debit Card,Completed,639,350
ORD0007703,8/18/2023,20230818,CUS01299,2,EMP0053,Vodafone Cash,Completed,408,220
ORD0000382,8/18/2023,20230818,CUS00722,4,EMP0083,Vodafone Cash,Returned,750,380
ORD0007512,8/18/2023,20230818,CUS01578,6,EMP0121,Credit Card,Completed,1244,610
ORD0005041,8/18/2023,20230818,CUS02760,15,EMP0209,Fawry,Completed,616,320
ORD0007534,8/18/2023,20230818,CUS01705,1,EMP0018,Fawry,Returned,127.5,70
ORD0003888,8/18/2023,20230818,CUS02767,3,EMP0065,Vodafone Cash,Cancelled,2235,1220
ORD0011595,8/18/2023,20230818,CUS01302,5,EMP0109,InstaPay,Completed,26700,28400
ORD0011789,8/18/2023,20230818,CUS01914,1,EMP0010,Vodafone Cash,Completed,320,140
ORD0005490,8/18/2023,20230818,CUS02986,2,EMP0042,Cash,Completed,1097.5,590
ORD0002159,8/19/2023,20230819,CUS00853,4,EMP0092,Fawry,Completed,906,500
ORD0011532,8/19/2023,20230819,CUS01774,15,EMP0215,Debit Card,Completed,648,340
ORD0003677,8/19/2023,20230819,CUS00044,7,EMP0134,Vodafone Cash,Completed,30559,24200
ORD0003060,8/19/2023,20230819,CUS02140,11,EMP0173,InstaPay,Returned,2513,1330
ORD0006888,8/19/2023,20230819,CUS02912,11,EMP0169,Vodafone Cash,Cancelled,189,100
ORD0008677,8/19/2023,20230819,CUS00071,3,EMP0063,Cash,Cancelled,1633.5,970
ORD0010904,8/19/2023,20230819,CUS02780,11,EMP0166,InstaPay,Returned,494,260
ORD0006920,8/19/2023,20230819,CUS00113,4,EMP0089,Fawry,Completed,1560,750
ORD0006742,8/19/2023,20230819,CUS01958,1,EMP0014,InstaPay,Completed,1776,880
ORD0008809,8/19/2023,20230819,CUS00100,1,EMP0006,Credit Card,Returned,1906,940
ORD0003833,8/19/2023,20230819,CUS01106,5,EMP0096,Debit Card,Returned,1044,580
ORD0010270,8/19/2023,20230819,CUS00680,12,EMP0174,InstaPay,Completed,1411,860
ORD0005377,8/19/2023,20230819,CUS01709,2,EMP0050,Fawry,Completed,425,240
ORD0007711,8/20/2023,20230820,CUS01310,6,EMP0121,Credit Card,Completed,2528.5,1610
ORD0002855,8/20/2023,20230820,CUS01988,4,EMP0081,Vodafone Cash,Completed,136,80
ORD0002331,8/20/2023,20230820,CUS00335,2,EMP0037,Credit Card,Completed,200,90
ORD0006881,8/20/2023,20230820,CUS01799,4,EMP0092,Fawry,Completed,16708.5,14200
ORD0007528,8/20/2023,20230820,CUS00551,1,EMP0009,Credit Card,Completed,460,230
ORD0011856,8/20/2023,20230820,CUS01342,12,EMP0179,Cash,Completed,16078,13200
ORD0000367,8/20/2023,20230820,CUS02451,3,EMP0068,Vodafone Cash,Returned,1065,710
ORD0001677,8/20/2023,20230820,CUS00429,1,EMP0003,Debit Card,Completed,3600,3200
ORD0004498,8/20/2023,20230820,CUS01081,12,EMP0177,Vodafone Cash,Completed,396,220
ORD0000713,8/21/2023,20230821,CUS01049,8,EMP0137,Debit Card,Completed,628.5,350
ORD0001588,8/21/2023,20230821,CUS00788,1,No_Employee_id,InstaPay,Completed,750,350
ORD0009824,8/21/2023,20230821,CUS02168,6,EMP0122,Credit Card,Completed,1054.5,580
ORD0006186,8/21/2023,20230821,CUS01627,9,EMP0146,Cash,Completed,2329,1160
ORD0005151,8/21/2023,20230821,CUS01613,5,EMP0109,InstaPay,Completed,620,300
ORD0006709,8/21/2023,20230821,CUS00969,3,EMP0072,Debit Card,Cancelled,1555.5,900
ORD0004147,8/21/2023,20230821,CUS02161,10,No_Employee_id,Credit Card,Completed,290,140
ORD0008739,8/21/2023,20230821,CUS00598,9,EMP0149,Credit Card,Completed,244,110
ORD0006317,8/21/2023,20230821,CUS02067,11,EMP0167,Credit Card,Completed,1688.5,910
ORD0007903,8/21/2023,20230821,CUS02548,10,EMP0155,Vodafone Cash,Returned,1590,770
ORD0006683,8/21/2023,20230821,CUS02522,3,EMP0073,Cash,Completed,120,70
ORD0011023,8/22/2023,20230822,CUS02201,3,EMP0065,Cash,Cancelled,1597,860
ORD0000672,8/22/2023,20230822,CUS00184,1,No_Employee_id,Credit Card,Completed,144,70
ORD0004104,8/22/2023,20230822,CUS01028,6,EMP0123,Cash,Completed,1249.5,720
ORD0001498,8/22/2023,20230822,CUS00481,1,EMP0003,Credit Card,Completed,378,210
ORD0004696,8/22/2023,20230822,CUS00674,8,EMP0140,Cash,Completed,245.5,120
ORD0006166,8/22/2023,20230822,CUS01230,11,EMP0172,InstaPay,Completed,427.5,210
ORD0011456,8/22/2023,20230822,CUS00831,3,EMP0070,Vodafone Cash,Completed,1020,580
ORD0004708,8/22/2023,20230822,CUS02419,10,EMP0154,Fawry,Completed,1200,590
ORD0011082,8/22/2023,20230822,CUS00581,11,EMP0167,Debit Card,Completed,260,120
ORD0007785,8/22/2023,20230822,CUS02558,9,EMP0148,Credit Card,Completed,927,490
ORD0000923,8/22/2023,20230822,CUS01338,10,EMP0152,Debit Card,Completed,1357,690
ORD0010483,8/23/2023,20230823,CUS01168,6,EMP0116,Debit Card,Completed,315,170
ORD0005767,8/23/2023,20230823,CUS02339,10,EMP0158,Cash,Completed,477,240
ORD0007596,8/23/2023,20230823,CUS01730,8,EMP0142,InstaPay,Returned,1310,630
ORD0011582,8/23/2023,20230823,CUS01309,1,EMP0021,Debit Card,Completed,22390,17690
ORD0003164,8/23/2023,20230823,CUS00177,3,EMP0075,InstaPay,Completed,1240,600
ORD0010491,8/23/2023,20230823,CUS02299,12,EMP0180,Fawry,Completed,486,260
ORD0008665,8/23/2023,20230823,CUS00576,10,EMP0155,Cash,Completed,3225,1610
ORD0004835,8/23/2023,20230823,CUS02403,2,EMP0053,Debit Card,Completed,1381,690
ORD0010244,8/23/2023,20230823,CUS01843,8,EMP0140,Credit Card,Completed,144,70
ORD0005614,8/24/2023,20230824,CUS01036,1,EMP0012,InstaPay,Completed,920,460
ORD0007385,8/24/2023,20230824,CUS02236,13,EMP0188,Vodafone Cash,Completed,601,280
ORD0009559,8/24/2023,20230824,CUS02105,12,EMP0183,InstaPay,Completed,1451,820
ORD0007105,8/24/2023,20230824,CUS01668,8,EMP0140,Fawry,Returned,840,390
ORD0003340,8/24/2023,20230824,CUS02811,3,EMP0072,Debit Card,Completed,304,180
ORD0008046,8/24/2023,20230824,CUS00105,9,EMP0145,Fawry,Cancelled,1754,990
ORD0011166,8/24/2023,20230824,CUS00798,4,EMP0092,Cash,Completed,12200,9800
ORD0010554,8/25/2023,20230825,CUS02443,2,EMP0033,Fawry,Completed,1276,680
ORD0008527,8/25/2023,20230825,CUS01414,1,EMP0018,InstaPay,Completed,475,250
ORD0002803,8/25/2023,20230825,CUS02370,3,EMP0059,Cash,Completed,2996,1730
ORD0005511,8/25/2023,20230825,CUS02186,2,EMP0029,Cash,Completed,110.5,60
ORD0007750,8/25/2023,20230825,CUS01166,1,EMP0001,Credit Card,Completed,1240,600
ORD0008859,8/26/2023,20230826,CUS02746,11,No_Employee_id,Cash,Completed,480,220
ORD0003814,8/26/2023,20230826,CUS00748,11,EMP0165,Fawry,Completed,1496,850
ORD0010047,8/26/2023,20230826,CUS01737,2,EMP0041,Vodafone Cash,Completed,726.5,420
ORD0007425,8/26/2023,20230826,CUS00895,10,EMP0154,Vodafone Cash,Completed,290,140
ORD0006938,8/26/2023,20230826,CUS01364,8,EMP0140,Cash,Completed,1749.5,860
ORD0007952,8/26/2023,20230826,CUS01941,10,EMP0152,Debit Card,Completed,1230,650
ORD0005869,8/26/2023,20230826,CUS01289,7,EMP0128,InstaPay,Completed,27164,21620
ORD0000370,8/26/2023,20230826,CUS02683,8,EMP0138,Cash,Cancelled,2285,1200
ORD0008981,8/26/2023,20230826,CUS02720,2,EMP0033,Vodafone Cash,Completed,52640,46330
ORD0011516,8/26/2023,20230826,CUS00735,2,EMP0048,Cash,Completed,34542,30380
ORD0002253,8/26/2023,20230826,CUS00827,8,EMP0141,Debit Card,Completed,416.5,190
ORD0010237,8/27/2023,20230827,CUS02205,2,EMP0044,Cash,Completed,644,360
ORD0005792,8/27/2023,20230827,CUS01934,1,EMP0014,Credit Card,Completed,920,440
ORD0006038,8/27/2023,20230827,CUS02311,12,EMP0176,Debit Card,Completed,456,220
ORD0002835,8/27/2023,20230827,CUS02394,11,EMP0170,InstaPay,Completed,1934,950
ORD0008331,8/27/2023,20230827,CUS00873,11,EMP0171,Fawry,Completed,375,210
ORD0002489,8/27/2023,20230827,CUS00426,6,EMP0114,Vodafone Cash,Returned,300,140
ORD0009959,8/27/2023,20230827,CUS02919,3,EMP0063,Debit Card,Completed,11900,11200
ORD0001240,8/28/2023,20230828,CUS02473,3,EMP0055,Fawry,Completed,2411,1280
ORD0008466,8/28/2023,20230828,CUS01062,1,No_Employee_id,Cash,Completed,247,130
ORD0010614,8/28/2023,20230828,CUS01319,1,EMP0021,Cash,Completed,720,360
ORD0008810,8/28/2023,20230828,CUS01132,1,EMP0024,InstaPay,Completed,4792,3090
ORD0004152,8/28/2023,20230828,CUS00883,1,EMP0022,Cash,Completed,1523,800
ORD0003402,8/28/2023,20230828,CUS02153,12,EMP0183,Fawry,Completed,260,130
ORD0002576,8/28/2023,20230828,CUS02976,1,EMP0017,InstaPay,Completed,1272.5,690
ORD0004844,8/28/2023,20230828,CUS01511,4,EMP0085,Fawry,Returned,45143,35690
ORD0009659,8/28/2023,20230828,CUS02830,5,EMP0100,Vodafone Cash,Completed,2411,1280
ORD0004823,8/28/2023,20230828,CUS00542,4,EMP0084,Vodafone Cash,Completed,1274,670
ORD0007497,8/28/2023,20230828,CUS00219,5,EMP0101,Debit Card,Completed,5000,4000
ORD0008369,8/28/2023,20230828,CUS00142,3,EMP0073,InstaPay,Completed,928.5,530
ORD0004211,8/28/2023,20230828,CUS01165,4,EMP0092,Fawry,Completed,1230,660
ORD0003185,8/28/2023,20230828,CUS02971,1,EMP0020,InstaPay,Completed,323,180
ORD0003328,8/28/2023,20230828,CUS00838,4,No_Employee_id,Fawry,Cancelled,629,360
ORD0003299,8/28/2023,20230828,CUS02392,9,EMP0150,Vodafone Cash,Cancelled,266,140
ORD0001884,8/29/2023,20230829,CUS02497,2,EMP0032,InstaPay,Completed,384,210
ORD0004982,8/29/2023,20230829,CUS02098,2,EMP0043,Vodafone Cash,Completed,1086,550
ORD0006205,8/29/2023,20230829,CUS01587,14,EMP0196,Debit Card,Completed,4501,2820
ORD0007025,8/29/2023,20230829,CUS02710,9,EMP0148,Fawry,Completed,285,140
ORD0011514,8/29/2023,20230829,CUS02933,2,EMP0049,Vodafone Cash,Completed,693,380
ORD0010262,8/29/2023,20230829,CUS00936,3,EMP0069,Fawry,Returned,571.5,310
ORD0003041,8/29/2023,20230829,CUS01769,6,EMP0113,InstaPay,Completed,11200,8900
ORD0011793,8/29/2023,20230829,CUS01603,7,No_Employee_id,Debit Card,Returned,2953,2160
ORD0003062,8/29/2023,20230829,CUS01083,3,EMP0056,Cash,Completed,7126,5690
ORD0008913,8/29/2023,20230829,CUS02220,2,EMP0042,Fawry,Completed,646,320
ORD0007081,8/29/2023,20230829,CUS00583,6,EMP0116,InstaPay,Completed,8900,7100
ORD0000192,8/29/2023,20230829,CUS01433,13,EMP0191,Credit Card,Completed,590,290
ORD0003314,8/30/2023,20230830,CUS00760,3,EMP0076,Fawry,Completed,182,130
ORD0002127,8/30/2023,20230830,CUS01279,5,EMP0102,Fawry,Completed,229.5,130
ORD0010390,8/30/2023,20230830,CUS01889,2,EMP0049,Vodafone Cash,Completed,621,330
ORD0004385,8/30/2023,20230830,CUS01914,8,EMP0143,Fawry,Returned,364,260
ORD0007518,8/30/2023,20230830,CUS02924,5,EMP0104,Debit Card,Completed,494,260
ORD0000912,8/30/2023,20230830,CUS01603,3,EMP0073,InstaPay,Completed,351.5,190
ORD0004582,8/30/2023,20230830,CUS02293,4,EMP0089,Cash,Returned,1650,810
ORD0000339,8/30/2023,20230830,CUS02232,6,EMP0121,Debit Card,Completed,780,380
ORD0006092,8/30/2023,20230830,CUS02918,1,EMP0018,Vodafone Cash,Completed,2319,1160
ORD0004869,8/31/2023,20230831,CUS01345,3,EMP0072,Debit Card,Completed,72,40
ORD0009730,8/31/2023,20230831,CUS01122,3,EMP0065,Credit Card,Completed,220,100
ORD0002165,8/31/2023,20230831,CUS01346,2,EMP0042,InstaPay,Completed,10200,8100
ORD0001790,8/31/2023,20230831,CUS02871,3,EMP0066,Debit Card,Completed,778,370
ORD0008957,8/31/2023,20230831,CUS02356,8,EMP0137,Vodafone Cash,Completed,1916,930
ORD0000935,8/31/2023,20230831,CUS01496,3,EMP0075,Fawry,Completed,993.5,480
ORD0005851,8/31/2023,20230831,CUS00194,13,EMP0190,Vodafone Cash,Completed,7729,5840
ORD0008440,8/31/2023,20230831,CUS02103,10,EMP0157,Cash,Completed,2180,1680
ORD0000502,8/31/2023,20230831,CUS01493,11,EMP0165,Credit Card,Completed,1260,680
ORD0003107,9/1/2023,20230901,CUS02530,5,No_Employee_id,InstaPay,Completed,720,360
ORD0007965,9/1/2023,20230901,CUS00484,13,EMP0186,Vodafone Cash,Completed,684,360
ORD0006499,9/1/2023,20230901,CUS02790,14,EMP0198,Vodafone Cash,Completed,10100,8100
ORD0001504,9/1/2023,20230901,CUS00267,1,EMP0019,Vodafone Cash,Returned,3980,1960
ORD0000774,9/1/2023,20230901,CUS02343,9,EMP0151,InstaPay,Completed,2124,1150
ORD0004858,9/1/2023,20230901,CUS02121,2,EMP0054,Fawry,Completed,1110,530
ORD0005189,9/1/2023,20230901,CUS01729,5,EMP0109,Credit Card,Completed,28030,23980
ORD0008538,9/1/2023,20230901,CUS01671,5,EMP0107,Cash,Completed,32803.5,27150
ORD0000921,9/1/2023,20230901,CUS00878,14,EMP0202,Cash,Completed,9218,7520
ORD0005301,9/1/2023,20230901,CUS00957,10,EMP0157,Cash,Completed,1370,900
ORD0005267,9/1/2023,20230901,CUS01965,7,No_Employee_id,Debit Card,Completed,1496,800
ORD0006241,9/2/2023,20230902,CUS02404,3,EMP0064,Vodafone Cash,Completed,2243.5,1220
ORD0002321,9/2/2023,20230902,CUS00653,3,EMP0063,Debit Card,Completed,781,390
ORD0005838,9/2/2023,20230902,CUS01795,6,EMP0122,Credit Card,Completed,7275,5640
ORD0005117,9/2/2023,20230902,CUS02889,9,EMP0148,Vodafone Cash,Completed,678,340
ORD0011649,9/2/2023,20230902,CUS01542,11,EMP0167,Cash,Completed,3392.5,1690
ORD0007815,9/3/2023,20230903,CUS01201,8,EMP0138,InstaPay,Completed,1350,1200
ORD0011477,9/3/2023,20230903,CUS01206,13,EMP0193,InstaPay,Completed,1173.5,600
ORD0009481,9/3/2023,20230903,CUS00772,11,EMP0170,Credit Card,Completed,349,200
ORD0011870,9/3/2023,20230903,CUS01663,4,EMP0093,Debit Card,Completed,540,300
ORD0011708,9/3/2023,20230903,CUS00572,4,EMP0086,Debit Card,Completed,549.5,270
ORD0008777,9/3/2023,20230903,CUS00450,1,EMP0021,Fawry,Completed,1603,830
ORD0001490,9/3/2023,20230903,CUS01855,6,EMP0126,Credit Card,Completed,512,280
ORD0001990,9/3/2023,20230903,CUS02747,10,EMP0154,Vodafone Cash,Returned,247,120
ORD0006802,9/4/2023,20230904,CUS02273,2,EMP0052,Credit Card,Completed,660,320
ORD0004767,9/4/2023,20230904,CUS01319,3,EMP0057,Credit Card,Completed,1423,760
ORD0011623,9/4/2023,20230904,CUS02440,3,No_Employee_id,Fawry,Completed,360,190
ORD0009136,9/4/2023,20230904,CUS00390,3,EMP0064,Fawry,Completed,1456.5,710
ORD0006009,9/4/2023,20230904,CUS00542,5,EMP0102,Debit Card,Returned,399,210
ORD0007218,9/4/2023,20230904,CUS01005,3,EMP0065,Cash,Completed,3237.5,1820
ORD0000119,9/4/2023,20230904,CUS02612,2,EMP0032,Vodafone Cash,Completed,707.5,350
ORD0003935,9/4/2023,20230904,CUS02089,14,EMP0198,Vodafone Cash,Returned,160,70
ORD0005602,9/4/2023,20230904,CUS00334,9,EMP0151,Fawry,Returned,520,240
ORD0001181,9/4/2023,20230904,CUS02889,4,EMP0093,InstaPay,Completed,1279,700
ORD0003242,9/5/2023,20230905,CUS02207,1,No_Employee_id,Vodafone Cash,Completed,300,150
ORD0000997,9/5/2023,20230905,CUS02297,3,EMP0073,Cash,Completed,204,120
ORD0006108,9/5/2023,20230905,CUS01823,11,EMP0168,Credit Card,Completed,1139,610
ORD0006018,9/5/2023,20230905,CUS01484,11,EMP0172,InstaPay,Completed,615,290
ORD0001898,9/5/2023,20230905,CUS02960,3,EMP0055,Debit Card,Completed,560,280
ORD0000873,9/5/2023,20230905,CUS01820,2,EMP0036,Cash,Completed,1097,560
ORD0003419,9/5/2023,20230905,CUS01180,10,EMP0154,Fawry,Completed,120,70
ORD0008849,9/5/2023,20230905,CUS00470,3,EMP0077,Cash,Completed,2156,1110
ORD0003672,9/5/2023,20230905,CUS01897,11,EMP0173,Credit Card,Completed,1481,790
ORD0007786,9/5/2023,20230905,CUS00826,1,EMP0003,Cash,Completed,396,220
ORD0002744,9/5/2023,20230905,CUS00104,15,EMP0209,Cash,Completed,880,430
ORD0000453,9/5/2023,20230905,CUS01670,8,EMP0137,Debit Card,Completed,512,280
ORD0005802,9/5/2023,20230905,CUS00080,2,EMP0043,Cash,Completed,486,270
ORD0002272,9/5/2023,20230905,CUS00668,1,EMP0002,Debit Card,Completed,475,250
ORD0000448,9/5/2023,20230905,CUS02520,9,EMP0145,Vodafone Cash,Completed,18371,15700
ORD0005253,9/6/2023,20230906,CUS02284,1,EMP0014,Credit Card,Completed,260,130
ORD0002544,9/6/2023,20230906,CUS01416,11,EMP0165,Vodafone Cash,Completed,160,70
ORD0004701,9/6/2023,20230906,CUS02072,15,EMP0209,Fawry,Completed,632,300
ORD0003837,9/6/2023,20230906,CUS00566,3,EMP0070,Vodafone Cash,Completed,266,140
ORD0000538,9/6/2023,20230906,CUS02824,3,EMP0066,Vodafone Cash,Completed,1405.5,750
ORD0006907,9/6/2023,20230906,CUS02483,12,EMP0182,InstaPay,Completed,957.5,500
ORD0002484,9/6/2023,20230906,CUS00990,9,EMP0150,Fawry,Completed,1670,1180
ORD0003842,9/6/2023,20230906,CUS01312,2,No_Employee_id,Cash,Completed,535,260
ORD0009586,9/6/2023,20230906,CUS00028,2,EMP0039,Vodafone Cash,Completed,2290,1170
ORD0006243,9/6/2023,20230906,CUS02981,8,EMP0144,Credit Card,Completed,3116,1650
ORD0000620,9/6/2023,20230906,CUS00932,2,EMP0033,Debit Card,Completed,530,260
ORD0011938,9/6/2023,20230906,CUS01509,11,EMP0172,Credit Card,Completed,2637,1510
ORD0001370,9/6/2023,20230906,CUS00292,2,EMP0031,Cash,Completed,760,360
ORD0001848,9/6/2023,20230906,CUS02755,2,EMP0047,InstaPay,Completed,600,500
ORD0002379,9/6/2023,20230906,CUS02836,11,EMP0166,Credit Card,Completed,2010.5,1050
ORD0010638,9/6/2023,20230906,CUS01054,4,EMP0089,Vodafone Cash,Completed,4046,2260
ORD0000961,9/7/2023,20230907,CUS00829,6,EMP0120,Cash,Completed,437,220
ORD0009653,9/7/2023,20230907,CUS01162,3,EMP0061,Debit Card,Completed,450,240
ORD0004177,9/7/2023,20230907,CUS02860,15,EMP0208,Debit Card,Completed,909.5,480
ORD0008252,9/7/2023,20230907,CUS02065,9,EMP0145,Fawry,Completed,270,130
ORD0004269,9/7/2023,20230907,CUS00365,5,EMP0099,Cash,Returned,378,190
ORD0000691,9/7/2023,20230907,CUS02734,11,EMP0166,Vodafone Cash,Completed,10170,8860
ORD0010726,9/7/2023,20230907,CUS01295,14,EMP0203,Debit Card,Completed,26137.5,24510
ORD0010556,9/7/2023,20230907,CUS00076,4,EMP0090,InstaPay,Completed,4425,4700
ORD0010073,9/8/2023,20230908,CUS02616,2,EMP0046,Vodafone Cash,Completed,108,60
ORD0008694,9/8/2023,20230908,CUS02096,13,EMP0185,InstaPay,Cancelled,10910,10080
ORD0001582,9/8/2023,20230908,CUS00271,3,EMP0071,Vodafone Cash,Completed,919.5,700
ORD0002641,9/8/2023,20230908,CUS02250,6,EMP0126,Fawry,Completed,37346,29760
ORD0006295,9/8/2023,20230908,CUS02178,14,EMP0201,InstaPay,Completed,610,300
ORD0009801,9/8/2023,20230908,CUS02881,6,EMP0115,Credit Card,Completed,554,300
ORD0011948,9/8/2023,20230908,CUS01275,4,EMP0088,Credit Card,Completed,1580,760
ORD0009621,9/8/2023,20230908,CUS00618,9,EMP0146,Vodafone Cash,Returned,8010,7100
ORD0001326,9/8/2023,20230908,CUS00254,14,EMP0197,Fawry,Completed,1386,760
ORD0001752,9/9/2023,20230909,CUS01800,4,EMP0080,Vodafone Cash,Returned,15029,10840
ORD0004290,9/9/2023,20230909,CUS01484,12,EMP0182,InstaPay,Completed,561,320
ORD0001457,9/9/2023,20230909,CUS01323,8,EMP0144,Credit Card,Completed,171,80
ORD0011973,9/9/2023,20230909,CUS01983,2,EMP0034,Credit Card,Completed,399.5,230
ORD0000539,9/9/2023,20230909,CUS01881,8,EMP0144,Debit Card,Completed,240,120
ORD0010059,9/9/2023,20230909,CUS02589,11,EMP0171,Fawry,Cancelled,945,500
ORD0009869,9/9/2023,20230909,CUS02173,6,EMP0121,Fawry,Completed,541.5,280
ORD0007254,9/9/2023,20230909,CUS02933,4,EMP0080,InstaPay,Completed,361,180
ORD0000931,9/9/2023,20230909,CUS00418,14,EMP0195,InstaPay,Completed,480,220
ORD0005314,9/9/2023,20230909,CUS01666,6,EMP0123,Cash,Completed,1634,810
ORD0001855,9/10/2023,20230910,CUS01917,7,EMP0130,Credit Card,Returned,504,340
ORD0005814,9/10/2023,20230910,CUS00362,3,EMP0069,InstaPay,Completed,701.5,360
ORD0009504,9/10/2023,20230910,CUS01548,7,EMP0136,Cash,Completed,494,240
ORD0005766,9/10/2023,20230910,CUS01484,11,No_Employee_id,Credit Card,Completed,1136,560
ORD0008531,9/10/2023,20230910,CUS01253,15,EMP0216,InstaPay,Completed,76.5,40
ORD0010891,9/10/2023,20230910,CUS02704,10,EMP0156,Cash,Completed,2185,1360
ORD0001374,9/10/2023,20230910,CUS00922,4,EMP0085,Cash,Returned,2140,1670
ORD0006137,9/10/2023,20230910,CUS02698,7,EMP0134,Vodafone Cash,Completed,475,240
ORD0007862,9/10/2023,20230910,CUS02050,3,EMP0077,Cash,Cancelled,19542,16280
ORD0006196,9/10/2023,20230910,CUS00469,1,EMP0023,InstaPay,Completed,1524,750
ORD0005211,9/10/2023,20230910,CUS02623,2,EMP0044,Debit Card,Completed,2707.5,1470
ORD0005200,9/10/2023,20230910,CUS01189,1,EMP0019,Fawry,Completed,360,170
ORD0005423,9/11/2023,20230911,CUS02231,2,EMP0029,InstaPay,Completed,1680,810
ORD0009332,9/11/2023,20230911,CUS00572,15,EMP0204,Vodafone Cash,Completed,1353.5,670
ORD0006236,9/11/2023,20230911,CUS00679,3,EMP0061,Vodafone Cash,Completed,127.5,70
ORD0009725,9/11/2023,20230911,CUS00480,8,EMP0137,Vodafone Cash,Cancelled,1329,720
ORD0005594,9/11/2023,20230911,CUS02491,13,EMP0186,Fawry,Completed,26472,25390
ORD0004884,9/11/2023,20230911,CUS01562,12,EMP0177,Credit Card,Returned,384,230
ORD0004610,9/11/2023,20230911,CUS02818,2,No_Employee_id,Vodafone Cash,Completed,228,120
ORD0003480,9/11/2023,20230911,CUS01721,1,EMP0015,Debit Card,Completed,531,290
ORD0011219,9/11/2023,20230911,CUS01393,2,EMP0038,Vodafone Cash,Completed,1138.5,610
ORD0011733,9/11/2023,20230911,CUS02456,2,EMP0048,Credit Card,Returned,774,420
ORD0002073,9/11/2023,20230911,CUS00331,5,EMP0108,Vodafone Cash,Completed,1476,770
ORD0007086,9/11/2023,20230911,CUS01881,6,EMP0114,InstaPay,Completed,2470,2000
ORD0010856,9/12/2023,20230912,CUS02417,12,EMP0178,Cash,Completed,634,370
ORD0000659,9/12/2023,20230912,CUS01256,6,EMP0117,Cash,Completed,2590,1390
ORD0011445,9/12/2023,20230912,CUS02142,3,EMP0062,Vodafone Cash,Completed,16355,12900
ORD0002234,9/12/2023,20230912,CUS01108,4,EMP0080,Debit Card,Completed,2112,1110
ORD0007153,9/12/2023,20230912,CUS01579,3,EMP0076,InstaPay,Completed,988,520
ORD0006680,9/12/2023,20230912,CUS01345,3,EMP0058,Debit Card,Completed,1462,770
ORD0009137,9/12/2023,20230912,CUS01851,10,EMP0155,Credit Card,Completed,630,310
ORD0009686,9/12/2023,20230912,CUS01462,13,EMP0185,Credit Card,Completed,360,180
ORD0005730,9/12/2023,20230912,CUS01443,3,EMP0074,Debit Card,Completed,870,420
ORD0005094,9/12/2023,20230912,CUS02301,15,EMP0212,Vodafone Cash,Completed,300,140
ORD0010992,9/12/2023,20230912,CUS00136,6,EMP0116,Cash,Completed,658.5,400
ORD0008084,9/12/2023,20230912,CUS02498,6,EMP0123,InstaPay,Completed,187,100
ORD0007563,9/12/2023,20230912,CUS01771,1,EMP0011,Fawry,Returned,459,260
ORD0003918,9/13/2023,20230913,CUS02845,13,EMP0188,InstaPay,Completed,340,160
ORD0003336,9/13/2023,20230913,CUS02671,10,EMP0153,Credit Card,Completed,261,130
ORD0005081,9/13/2023,20230913,CUS01154,3,EMP0067,Credit Card,Completed,5850,5200
ORD0004170,9/13/2023,20230913,CUS01157,2,EMP0030,InstaPay,Completed,1654,920
ORD0010395,9/13/2023,20230913,CUS02033,1,EMP0011,Debit Card,Completed,160,70
ORD0006358,9/14/2023,20230914,CUS01203,2,EMP0045,Vodafone Cash,Completed,3697.5,1870
ORD0009454,9/14/2023,20230914,CUS00326,11,EMP0171,Vodafone Cash,Completed,2400,1390
ORD0010198,9/14/2023,20230914,CUS01799,5,EMP0105,InstaPay,Completed,397,200
ORD0005974,9/14/2023,20230914,CUS02376,1,EMP0009,Vodafone Cash,Completed,14576,12110
ORD0004592,9/14/2023,20230914,CUS01475,11,EMP0165,Fawry,Completed,11500,9100
ORD0009947,9/14/2023,20230914,CUS02720,5,No_Employee_id,Fawry,Completed,765.5,500
ORD0009737,9/14/2023,20230914,CUS01502,2,EMP0030,Vodafone Cash,Completed,604,340
ORD0006140,9/14/2023,20230914,CUS00421,6,EMP0124,Vodafone Cash,Completed,860,480
ORD0002716,9/14/2023,20230914,CUS00549,3,EMP0068,Debit Card,Completed,3749.5,1970
ORD0009254,9/14/2023,20230914,CUS02545,5,EMP0111,Debit Card,Completed,14967,11400
ORD0006989,9/14/2023,20230914,CUS01523,1,EMP0015,Cash,Completed,450,250
ORD0004014,9/14/2023,20230914,CUS02073,2,EMP0029,Fawry,Cancelled,1400,670
ORD0008297,9/14/2023,20230914,CUS02130,4,EMP0080,Cash,Completed,776.5,430
ORD0010620,9/14/2023,20230914,CUS02855,1,EMP0015,Vodafone Cash,Completed,1440,680
ORD0007817,9/14/2023,20230914,CUS00807,12,No_Employee_id,Credit Card,Completed,1224,690
ORD0002769,9/14/2023,20230914,CUS02566,3,EMP0069,Debit Card,Completed,9552,8340
ORD0006932,9/14/2023,20230914,CUS00313,1,EMP0002,Fawry,Completed,961,500
ORD0002583,9/14/2023,20230914,CUS00956,11,EMP0167,Vodafone Cash,Completed,886.5,470
ORD0006638,9/15/2023,20230915,CUS01315,1,EMP0026,InstaPay,Completed,1580,900
ORD0000307,9/15/2023,20230915,CUS01352,3,EMP0077,Debit Card,Completed,1207,580
ORD0000938,9/15/2023,20230915,CUS01623,2,EMP0050,InstaPay,Completed,90,40
ORD0002908,9/15/2023,20230915,CUS00477,10,EMP0156,Fawry,Returned,780,390
ORD0008574,9/15/2023,20230915,CUS01651,3,EMP0067,Debit Card,Completed,25600,20600
ORD0005608,9/15/2023,20230915,CUS00095,2,EMP0051,InstaPay,Completed,532,280
ORD0002150,9/15/2023,20230915,CUS01930,1,EMP0015,Cash,Completed,1764,890
ORD0009362,9/15/2023,20230915,CUS01420,3,EMP0056,InstaPay,Completed,918.5,450
ORD0005469,9/15/2023,20230915,CUS00784,3,EMP0061,Fawry,Completed,3107,1670
ORD0011485,9/15/2023,20230915,CUS02537,1,EMP0012,Fawry,Completed,1054.5,540
ORD0001667,9/15/2023,20230915,CUS00862,1,EMP0022,Credit Card,Completed,408,220
ORD0006503,9/15/2023,20230915,CUS00008,6,EMP0126,InstaPay,Completed,440,220
ORD0002397,9/15/2023,20230915,CUS01451,1,EMP0023,Fawry,Completed,1170,620
ORD0005841,9/16/2023,20230916,CUS00167,6,EMP0121,Vodafone Cash,Completed,13106.5,13210
ORD0008121,9/16/2023,20230916,CUS01267,10,EMP0157,Credit Card,Completed,1563,800
ORD0005528,9/16/2023,20230916,CUS02968,10,EMP0156,Vodafone Cash,Completed,2418,1320
ORD0009462,9/16/2023,20230916,CUS02269,10,EMP0157,InstaPay,Completed,2744,1550
ORD0000601,9/16/2023,20230916,CUS02241,2,EMP0041,Cash,Completed,300,140
ORD0005659,9/16/2023,20230916,CUS02427,2,EMP0041,InstaPay,Completed,6142,6680
ORD0010316,9/16/2023,20230916,CUS02139,1,EMP0019,Debit Card,Completed,8390,6610
ORD0003831,9/16/2023,20230916,CUS02763,14,EMP0202,InstaPay,Completed,7565,7100
ORD0002418,9/16/2023,20230916,CUS00291,3,EMP0070,Debit Card,Completed,414,220
ORD0011617,9/16/2023,20230916,CUS01768,2,EMP0029,InstaPay,Completed,136,80
ORD0009745,9/16/2023,20230916,CUS00903,13,EMP0185,Cash,Completed,1380,690
ORD0001685,9/17/2023,20230917,CUS01661,10,EMP0159,Fawry,Completed,200,80
ORD0011294,9/17/2023,20230917,CUS00403,1,EMP0025,Debit Card,Completed,1174,600
ORD0011851,9/17/2023,20230917,CUS00487,11,EMP0164,Fawry,Completed,1024.5,570
ORD0003285,9/17/2023,20230917,CUS00657,2,EMP0036,Cash,Completed,693,380
ORD0003143,9/17/2023,20230917,CUS02094,1,EMP0010,Credit Card,Completed,1480,740
ORD0002699,9/17/2023,20230917,CUS01871,15,EMP0204,Debit Card,Completed,1131,540
ORD0007161,9/17/2023,20230917,CUS02949,5,EMP0097,InstaPay,Completed,1152,680
ORD0006953,9/18/2023,20230918,CUS01419,4,No_Employee_id,Cash,Returned,136,70
ORD0007420,9/18/2023,20230918,CUS00864,6,EMP0121,InstaPay,Completed,1430,700
ORD0009276,9/18/2023,20230918,CUS02583,4,EMP0084,Credit Card,Completed,703,360
ORD0001885,9/18/2023,20230918,CUS02129,1,EMP0027,InstaPay,Completed,142.5,90
ORD0011648,9/18/2023,20230918,CUS02992,6,EMP0121,Debit Card,Completed,1595.5,850
ORD0008463,9/18/2023,20230918,CUS02251,7,EMP0128,Cash,Completed,1440,720
ORD0003706,9/18/2023,20230918,CUS00572,11,EMP0168,Fawry,Completed,2888,1480
ORD0005084,9/18/2023,20230918,CUS02181,1,EMP0007,Debit Card,Completed,246.5,140
ORD0007020,9/19/2023,20230919,CUS02041,2,EMP0049,Credit Card,Completed,1170,600
ORD0009085,9/19/2023,20230919,CUS02540,1,EMP0009,Fawry,Completed,2512.5,1340
ORD0000741,9/19/2023,20230919,CUS00432,13,EMP0189,InstaPay,Completed,270,150
ORD0009056,9/19/2023,20230919,CUS01802,5,EMP0103,InstaPay,Completed,126,70
ORD0001713,9/19/2023,20230919,CUS00106,2,No_Employee_id,Debit Card,Completed,740,360
ORD0009358,9/19/2023,20230919,CUS02363,10,EMP0154,Fawry,Completed,347,170
ORD0006736,9/19/2023,20230919,CUS02463,6,EMP0122,Cash,Returned,1290,630
ORD0005693,9/19/2023,20230919,CUS01809,2,No_Employee_id,Credit Card,Completed,252,140
ORD0009516,9/19/2023,20230919,CUS02470,4,EMP0092,Credit Card,Returned,603,310
ORD0009306,9/19/2023,20230919,CUS02016,3,EMP0055,Fawry,Completed,150,70
ORD0002707,9/19/2023,20230919,CUS02423,13,EMP0186,Debit Card,Completed,4002,3060
ORD0005811,9/19/2023,20230919,CUS01118,2,EMP0046,Cash,Completed,950,510
ORD0008961,9/20/2023,20230920,CUS01242,14,EMP0198,Fawry,Completed,330,160
ORD0002263,9/20/2023,20230920,CUS00218,6,EMP0124,Vodafone Cash,Completed,1246,630
ORD0002547,9/20/2023,20230920,CUS01268,1,EMP0025,Debit Card,Completed,1155,580
ORD0007466,9/20/2023,20230920,CUS00695,3,EMP0062,Cash,Completed,320,160
ORD0002556,9/20/2023,20230920,CUS02296,8,EMP0139,Fawry,Completed,882,480
ORD0007911,9/20/2023,20230920,CUS00303,1,EMP0007,Credit Card,Cancelled,135,70
ORD0009301,9/20/2023,20230920,CUS02836,14,EMP0194,Debit Card,Completed,4782,2420
ORD0008625,9/20/2023,20230920,CUS00240,1,No_Employee_id,Vodafone Cash,Completed,5793,2940
ORD0005449,9/20/2023,20230920,CUS02749,1,No_Employee_id,Vodafone Cash,Completed,333,180
ORD0003073,9/20/2023,20230920,CUS01920,2,No_Employee_id,Cash,Cancelled,918,510
ORD0003889,9/21/2023,20230921,CUS01999,2,EMP0029,InstaPay,Completed,912,440
ORD0004273,9/21/2023,20230921,CUS00845,7,EMP0129,InstaPay,Completed,240,150
ORD0000434,9/21/2023,20230921,CUS00908,4,EMP0083,Fawry,Completed,910.5,520
ORD0000996,9/21/2023,20230921,CUS00795,4,EMP0085,Fawry,Completed,1338,700
ORD0005442,9/21/2023,20230921,CUS02685,2,EMP0031,Credit Card,Completed,1722,820
ORD0006398,9/21/2023,20230921,CUS01110,4,EMP0085,InstaPay,Completed,637.5,360
ORD0006713,9/21/2023,20230921,CUS01529,2,EMP0051,InstaPay,Completed,228,120
ORD0004070,9/21/2023,20230921,CUS01272,2,EMP0047,Credit Card,Completed,532,270
ORD0010617,9/21/2023,20230921,CUS01217,1,EMP0010,Vodafone Cash,Completed,216,110
ORD0006110,9/21/2023,20230921,CUS00647,9,EMP0151,Fawry,Completed,830,540
ORD0011975,9/21/2023,20230921,CUS01426,1,No_Employee_id,InstaPay,Completed,1471,720
ORD0005857,9/21/2023,20230921,CUS00733,2,EMP0034,Cash,Completed,1349,700
ORD0001361,9/21/2023,20230921,CUS00789,1,EMP0007,Cash,Completed,5120,3240
ORD0005832,9/21/2023,20230921,CUS00954,4,EMP0080,Vodafone Cash,Completed,1740,870
ORD0002261,9/21/2023,20230921,CUS01750,2,EMP0038,Debit Card,Completed,535.5,300
ORD0003254,9/22/2023,20230922,CUS00054,1,EMP0005,Credit Card,Completed,216,120
ORD0003367,9/22/2023,20230922,CUS01248,3,EMP0058,Cash,Completed,133,60
ORD0012000,9/22/2023,20230922,CUS02891,2,EMP0045,Debit Card,Completed,1240,600
ORD0000196,9/22/2023,20230922,CUS01669,5,EMP0096,InstaPay,Completed,8972,8300
ORD0008056,9/22/2023,20230922,CUS00187,3,EMP0055,Cash,Completed,270,140
ORD0008576,9/22/2023,20230922,CUS00728,2,EMP0039,Fawry,Completed,189,100
ORD0006490,9/22/2023,20230922,CUS00199,3,EMP0060,Vodafone Cash,Completed,793,430
ORD0001537,9/22/2023,20230922,CUS02835,4,EMP0081,Credit Card,Completed,662,370
ORD0001289,9/22/2023,20230922,CUS00935,3,EMP0069,Cash,Completed,468,260
ORD0001983,9/22/2023,20230922,CUS02817,7,EMP0136,Debit Card,Completed,1224.5,680
ORD0007910,9/22/2023,20230922,CUS02330,2,EMP0031,Debit Card,Completed,1272.5,630
ORD0010523,9/22/2023,20230922,CUS00682,1,No_Employee_id,Credit Card,Completed,1752,860
ORD0001798,9/22/2023,20230922,CUS02804,10,EMP0155,Debit Card,Completed,513,270
ORD0010356,9/23/2023,20230923,CUS02847,9,No_Employee_id,Cash,Completed,745,370
ORD0000872,9/23/2023,20230923,CUS02393,2,EMP0044,Credit Card,Completed,720,340
ORD0000030,9/23/2023,20230923,CUS02706,7,EMP0129,InstaPay,Completed,2333,1210
ORD0010539,9/23/2023,20230923,CUS01105,11,EMP0171,Cash,Completed,3049,1630
ORD0011145,9/23/2023,20230923,CUS01149,5,EMP0098,Vodafone Cash,Completed,243,120
ORD0001233,9/23/2023,20230923,CUS00091,3,EMP0062,Fawry,Completed,2288,1150
ORD0002814,9/23/2023,20230923,CUS00208,3,EMP0058,Fawry,Completed,90,40
ORD0004710,9/23/2023,20230923,CUS02448,11,EMP0168,InstaPay,Completed,1458,780
ORD0010885,9/23/2023,20230923,CUS02237,2,EMP0051,Vodafone Cash,Completed,810,410
ORD0008850,9/23/2023,20230923,CUS02211,15,EMP0205,InstaPay,Completed,1648.5,910
ORD0007588,9/23/2023,20230923,CUS00157,13,EMP0192,Cash,Completed,418,220
ORD0010417,9/23/2023,20230923,CUS00381,1,EMP0002,InstaPay,Completed,10719,9180
ORD0002512,9/24/2023,20230924,CUS00594,13,EMP0185,Credit Card,Completed,388,180
ORD0000411,9/24/2023,20230924,CUS02449,4,EMP0081,Fawry,Returned,1664,820
ORD0010433,9/24/2023,20230924,CUS02341,3,EMP0067,Cash,Completed,1501,850
ORD0005702,9/24/2023,20230924,CUS01457,11,EMP0167,Cash,Completed,600,280
ORD0004398,9/24/2023,20230924,CUS00140,13,EMP0188,Fawry,Completed,964,500
ORD0000035,9/24/2023,20230924,CUS02728,3,EMP0075,Credit Card,Completed,12200,9800
ORD0009294,9/24/2023,20230924,CUS02828,4,EMP0086,Cash,Completed,9252,7340
ORD0001248,9/24/2023,20230924,CUS02993,1,EMP0012,Cash,Completed,360,180
ORD0003739,9/24/2023,20230924,CUS01349,2,EMP0049,Cash,Completed,430,210
ORD0010747,9/25/2023,20230925,CUS02301,15,EMP0209,Credit Card,Completed,1075,550
ORD0006933,9/25/2023,20230925,CUS02048,2,EMP0053,Credit Card,Completed,420,200
ORD0006198,9/25/2023,20230925,CUS02811,14,EMP0200,Vodafone Cash,Completed,3026.5,1690
ORD0009784,9/25/2023,20230925,CUS02993,2,EMP0040,Credit Card,Completed,2315,1810
ORD0003773,9/25/2023,20230925,CUS01893,7,EMP0127,Fawry,Completed,432,230
ORD0011965,9/25/2023,20230925,CUS00537,3,EMP0069,InstaPay,Completed,128,70
ORD0003787,9/25/2023,20230925,CUS00815,14,EMP0201,Vodafone Cash,Completed,835,490
ORD0004212,9/25/2023,20230925,CUS02818,2,EMP0039,Cash,Completed,510,280
ORD0005994,9/25/2023,20230925,CUS00984,5,EMP0103,Cash,Completed,384,230
ORD0002069,9/26/2023,20230926,CUS01009,13,EMP0193,Debit Card,Completed,792,440
ORD0003288,9/26/2023,20230926,CUS02769,4,EMP0083,Credit Card,Completed,678,360
ORD0009415,9/26/2023,20230926,CUS00089,2,EMP0045,Fawry,Completed,2344,1420
ORD0002465,9/26/2023,20230926,CUS01026,2,EMP0034,Cash,Completed,9728,8620
ORD0006032,9/26/2023,20230926,CUS01560,8,EMP0142,Cash,Completed,3492.5,2340
ORD0005573,9/27/2023,20230927,CUS01772,3,EMP0071,Fawry,Completed,1560,760
ORD0006587,9/27/2023,20230927,CUS02428,2,EMP0052,InstaPay,Completed,1444,1140
ORD0008428,9/27/2023,20230927,CUS00423,8,EMP0144,Vodafone Cash,Completed,6583.5,5540
ORD0000325,9/27/2023,20230927,CUS01576,10,EMP0153,Debit Card,Completed,510,290
ORD0004657,9/27/2023,20230927,CUS01505,9,EMP0149,Credit Card,Completed,1239,730
ORD0001945,9/27/2023,20230927,CUS00688,11,EMP0167,Cash,Completed,494,240
ORD0009341,9/27/2023,20230927,CUS00894,7,EMP0133,Fawry,Completed,972,510
ORD0000157,9/27/2023,20230927,CUS02669,14,EMP0196,Vodafone Cash,Completed,2407,1250
ORD0001084,9/27/2023,20230927,CUS00132,10,EMP0158,Debit Card,Completed,1094.5,570
ORD0007112,9/27/2023,20230927,CUS02595,1,EMP0023,Cash,Returned,1216,740
ORD0007897,9/27/2023,20230927,CUS01151,1,No_Employee_id,Credit Card,Completed,2902,2240
ORD0006698,9/27/2023,20230927,CUS01328,10,EMP0161,Cash,Returned,1445.5,1000
ORD0006662,9/28/2023,20230928,CUS00496,2,EMP0048,Cash,Completed,2158,1240
ORD0008618,9/28/2023,20230928,CUS02046,1,EMP0007,Debit Card,Completed,2275.5,1380
ORD0002584,9/28/2023,20230928,CUS02023,8,No_Employee_id,Fawry,Completed,940,460
ORD0006278,9/28/2023,20230928,CUS02344,5,EMP0103,Credit Card,Completed,1487,770
ORD0010936,9/28/2023,20230928,CUS01903,2,EMP0051,InstaPay,Completed,553,280
ORD0010702,9/28/2023,20230928,CUS01686,8,EMP0143,InstaPay,Completed,54621,48110
ORD0001548,9/28/2023,20230928,CUS00712,7,EMP0136,Credit Card,Completed,4137,3610
ORD0007938,9/28/2023,20230928,CUS00720,2,EMP0045,Fawry,Completed,847,440
ORD0005991,9/29/2023,20230929,CUS00432,2,EMP0050,InstaPay,Completed,20148,15990
ORD0009651,9/29/2023,20230929,CUS01639,4,EMP0082,Cash,Completed,1660,810
ORD0009608,9/29/2023,20230929,CUS02537,13,EMP0186,Fawry,Completed,774,410
ORD0007421,9/29/2023,20230929,CUS00704,2,EMP0032,Credit Card,Completed,741,340
ORD0006268,9/29/2023,20230929,CUS00795,3,EMP0077,Cash,Cancelled,24617,18890
ORD0004022,9/29/2023,20230929,CUS02057,11,EMP0173,Cash,Returned,470,250
ORD0000057,9/29/2023,20230929,CUS00920,6,EMP0120,Fawry,Completed,243,120
ORD0001154,9/29/2023,20230929,CUS02840,3,EMP0073,Fawry,Completed,37788,42440
ORD0000808,9/29/2023,20230929,CUS00334,3,EMP0075,Credit Card,Completed,773.5,460
ORD0007280,9/29/2023,20230929,CUS00822,4,EMP0087,InstaPay,Completed,144,70
ORD0003990,9/29/2023,20230929,CUS00371,1,EMP0005,Debit Card,Completed,98,60
ORD0011969,9/30/2023,20230930,CUS00357,4,EMP0093,Vodafone Cash,Returned,234,120
ORD0007084,9/30/2023,20230930,CUS00047,5,EMP0099,Credit Card,Completed,230,110
ORD0004437,9/30/2023,20230930,CUS02292,2,EMP0033,Credit Card,Completed,1200,600
ORD0008735,9/30/2023,20230930,CUS01846,4,EMP0089,Fawry,Completed,456,240
ORD0000631,9/30/2023,20230930,CUS02546,10,EMP0161,InstaPay,Completed,8066.5,7390
ORD0009345,9/30/2023,20230930,CUS00073,4,EMP0094,Debit Card,Completed,225,110
ORD0004647,9/30/2023,20230930,CUS02107,5,EMP0098,Credit Card,Returned,536,280
ORD0010647,9/30/2023,20230930,CUS01102,9,EMP0145,InstaPay,Completed,1067,530
ORD0011180,9/30/2023,20230930,CUS01762,2,EMP0044,Credit Card,Completed,674,340
ORD0010010,9/30/2023,20230930,CUS02544,2,EMP0030,Cash,Completed,876,460
ORD0010099,9/30/2023,20230930,CUS01079,3,EMP0062,InstaPay,Completed,672,400
ORD0007297,9/30/2023,20230930,CUS02010,12,EMP0184,Debit Card,Completed,5490,4900
ORD0005038,9/30/2023,20230930,CUS00816,12,EMP0177,InstaPay,Completed,216,120
ORD0010468,9/30/2023,20230930,CUS00006,12,EMP0178,Fawry,Completed,1324.5,690
ORD0009071,9/30/2023,20230930,CUS02148,4,EMP0086,InstaPay,Completed,840,420
ORD0002691,10/1/2023,20231001,CUS00048,2,EMP0046,InstaPay,Completed,957.5,480
ORD0000949,10/1/2023,20231001,CUS00218,2,EMP0054,InstaPay,Completed,19663,16830
ORD0005688,10/1/2023,20231001,CUS02451,1,EMP0004,Vodafone Cash,Returned,2080,1040
ORD0011232,10/1/2023,20231001,CUS01000,8,EMP0137,InstaPay,Completed,1009,460
ORD0003002,10/1/2023,20231001,CUS00492,2,EMP0050,Cash,Completed,560,280
ORD0011364,10/1/2023,20231001,CUS01621,12,EMP0174,Credit Card,Completed,1590,790
ORD0006365,10/1/2023,20231001,CUS00010,3,EMP0061,Vodafone Cash,Completed,198,100
ORD0005866,10/1/2023,20231001,CUS02232,8,EMP0142,InstaPay,Completed,648,340
ORD0009666,10/1/2023,20231001,CUS01679,3,No_Employee_id,Cash,Completed,510,250
ORD0001618,10/1/2023,20231001,CUS02137,12,EMP0176,Cash,Completed,285,150
ORD0007559,10/1/2023,20231001,CUS02908,3,EMP0056,Cash,Completed,923,500
ORD0010128,10/1/2023,20231001,CUS00424,6,EMP0118,Credit Card,Completed,1274,680
ORD0000446,10/1/2023,20231001,CUS01716,7,EMP0136,Vodafone Cash,Completed,160,70
ORD0006790,10/1/2023,20231001,CUS01961,1,EMP0013,Fawry,Completed,680,320
ORD0009106,10/1/2023,20231001,CUS00308,12,EMP0180,Vodafone Cash,Completed,1559.5,880
ORD0007270,10/2/2023,20231002,CUS02059,4,EMP0082,Debit Card,Cancelled,3162,1830
ORD0007349,10/2/2023,20231002,CUS02879,5,EMP0109,Cash,Returned,1441,720
ORD0001611,10/2/2023,20231002,CUS01089,3,EMP0064,Debit Card,Completed,25080,21200
ORD0004859,10/2/2023,20231002,CUS00701,1,EMP0025,Vodafone Cash,Completed,320,140
ORD0009140,10/2/2023,20231002,CUS02755,12,EMP0181,Credit Card,Completed,1246.5,650
ORD0002727,10/2/2023,20231002,CUS01711,2,EMP0038,InstaPay,Completed,314,160
ORD0006895,10/2/2023,20231002,CUS02127,9,No_Employee_id,Vodafone Cash,Completed,13395.5,10610
ORD0001020,10/2/2023,20231002,CUS00669,2,EMP0044,Fawry,Returned,243,130
ORD0002815,10/2/2023,20231002,CUS02944,1,EMP0015,InstaPay,Completed,2300,1220
ORD0003822,10/2/2023,20231002,CUS01379,5,EMP0106,Debit Card,Completed,10412,8440
ORD0005774,10/2/2023,20231002,CUS00888,4,EMP0079,Cash,Completed,1940,960
ORD0005236,10/3/2023,20231003,CUS02845,5,EMP0098,Vodafone Cash,Completed,513,270
ORD0006223,10/3/2023,20231003,CUS01642,5,EMP0104,Vodafone Cash,Completed,13804,12140
ORD0002969,10/3/2023,20231003,CUS02463,14,EMP0199,Credit Card,Completed,770,350
ORD0001516,10/3/2023,20231003,CUS01331,4,EMP0092,InstaPay,Completed,1677,890
ORD0005334,10/3/2023,20231003,CUS01459,4,EMP0090,Debit Card,Cancelled,510,290
ORD0010396,10/3/2023,20231003,CUS01972,2,EMP0033,Cash,Completed,633,380
ORD0010419,10/3/2023,20231003,CUS02572,12,EMP0175,Cash,Completed,203,140
ORD0007275,10/3/2023,20231003,CUS01048,13,No_Employee_id,Vodafone Cash,Completed,456,210
ORD0003746,10/3/2023,20231003,CUS02599,15,EMP0210,Cash,Completed,1690,820
ORD0008032,10/3/2023,20231003,CUS01864,1,EMP0023,Fawry,Completed,13760,10770
ORD0006834,10/3/2023,20231003,CUS01751,15,EMP0211,InstaPay,Completed,612,320
ORD0010883,10/3/2023,20231003,CUS02673,7,EMP0127,Credit Card,Cancelled,1647,900
ORD0001771,10/3/2023,20231003,CUS00831,1,EMP0004,Credit Card,Completed,729,380
ORD0000447,10/4/2023,20231004,CUS00145,11,EMP0165,Cash,Completed,600,300
ORD0010971,10/4/2023,20231004,CUS01371,2,No_Employee_id,Fawry,Completed,112.5,70
ORD0007008,10/4/2023,20231004,CUS00526,7,No_Employee_id,InstaPay,Completed,171,90
ORD0007907,10/4/2023,20231004,CUS01779,4,EMP0084,Fawry,Returned,20105.5,15680
ORD0010546,10/4/2023,20231004,CUS00347,8,EMP0139,Debit Card,Cancelled,5532,3200
ORD0008862,10/4/2023,20231004,CUS02527,1,EMP0010,Vodafone Cash,Completed,1544,840
ORD0011458,10/4/2023,20231004,CUS00295,1,EMP0022,Debit Card,Completed,13857,12530
ORD0002029,10/4/2023,20231004,CUS01116,9,EMP0150,InstaPay,Cancelled,172.5,110
ORD0000999,10/4/2023,20231004,CUS00352,5,EMP0111,InstaPay,Completed,112,70
ORD0000015,10/4/2023,20231004,CUS01409,6,No_Employee_id,Debit Card,Completed,76.5,40
ORD0004569,10/4/2023,20231004,CUS02310,11,EMP0167,Credit Card,Completed,590,290
ORD0001929,10/5/2023,20231005,CUS01697,10,EMP0152,Cash,Completed,1746,900
ORD0010398,10/5/2023,20231005,CUS02560,5,EMP0107,InstaPay,Completed,1413,710
ORD0002119,10/5/2023,20231005,CUS02245,10,EMP0155,Debit Card,Completed,57879.5,45630
ORD0004319,10/5/2023,20231005,CUS00511,4,EMP0090,Cash,Completed,160,70
ORD0006814,10/5/2023,20231005,CUS00258,10,EMP0154,Cash,Completed,8327,6140
ORD0008243,10/5/2023,20231005,CUS01395,2,EMP0054,Vodafone Cash,Completed,5795,4900
ORD0001567,10/5/2023,20231005,CUS00135,2,EMP0038,InstaPay,Completed,240,110
ORD0000202,10/5/2023,20231005,CUS01334,5,EMP0107,Vodafone Cash,Completed,16450,13200
ORD0007879,10/5/2023,20231005,CUS01581,1,EMP0008,Fawry,Returned,3260,1580
ORD0008537,10/6/2023,20231006,CUS00571,13,EMP0185,Debit Card,Completed,800,390
ORD0010520,10/6/2023,20231006,CUS01265,3,EMP0072,Debit Card,Completed,1495.5,930
ORD0004574,10/6/2023,20231006,CUS02888,10,EMP0159,Fawry,Cancelled,120,80
ORD0010252,10/6/2023,20231006,CUS00249,4,EMP0094,Credit Card,Completed,5381.5,2720
ORD0011967,10/6/2023,20231006,CUS00997,4,EMP0082,Vodafone Cash,Completed,874,640
ORD0008362,10/7/2023,20231007,CUS02223,4,EMP0086,InstaPay,Completed,584,290
ORD0006285,10/7/2023,20231007,CUS00914,12,EMP0175,Debit Card,Completed,420,210
ORD0001477,10/7/2023,20231007,CUS00948,4,EMP0093,Credit Card,Completed,1919,1040
ORD0005640,10/7/2023,20231007,CUS00370,6,EMP0114,InstaPay,Completed,1287,720
ORD0009283,10/7/2023,20231007,CUS01935,2,EMP0032,Credit Card,Completed,1023,500
ORD0005276,10/7/2023,20231007,CUS00998,9,EMP0148,InstaPay,Completed,340,160
ORD0002124,10/7/2023,20231007,CUS00967,5,EMP0106,InstaPay,Returned,2055,1090
ORD0000925,10/8/2023,20231008,CUS02742,15,EMP0215,Fawry,Completed,2609,1400
ORD0001708,10/8/2023,20231008,CUS02750,2,EMP0036,Credit Card,Completed,60144,47940
ORD0002848,10/8/2023,20231008,CUS00341,9,No_Employee_id,Vodafone Cash,Completed,8000,6400
ORD0000003,10/8/2023,20231008,CUS01275,2,EMP0049,Fawry,Completed,322.5,210
ORD0010103,10/8/2023,20231008,CUS00966,2,EMP0050,InstaPay,Completed,450,220
ORD0003431,10/8/2023,20231008,CUS02495,9,EMP0146,InstaPay,Returned,288,140
ORD0008508,10/8/2023,20231008,CUS00494,2,EMP0029,Cash,Completed,423,230
ORD0004049,10/9/2023,20231009,CUS01452,2,EMP0033,Debit Card,Completed,142.5,70
ORD0002812,10/9/2023,20231009,CUS01670,15,EMP0212,Debit Card,Completed,360,160
ORD0003387,10/9/2023,20231009,CUS01272,6,EMP0120,InstaPay,Completed,392,280
ORD0002532,10/9/2023,20231009,CUS02638,1,EMP0021,Debit Card,Completed,1152,590
ORD0008513,10/9/2023,20231009,CUS01305,12,EMP0184,Credit Card,Returned,11463.5,9140
ORD0007722,10/9/2023,20231009,CUS00556,2,EMP0053,InstaPay,Completed,336,170
ORD0001412,10/9/2023,20231009,CUS00012,1,EMP0016,Debit Card,Completed,114,60
ORD0000633,10/9/2023,20231009,CUS01461,4,EMP0087,Credit Card,Completed,11447,9560
ORD0009558,10/9/2023,20231009,CUS01629,7,EMP0127,Credit Card,Completed,390,260
ORD0007550,10/9/2023,20231009,CUS02539,2,EMP0038,Fawry,Completed,300,140
ORD0008433,10/9/2023,20231009,CUS01562,15,EMP0212,Fawry,Completed,24522,27020
ORD0005765,10/9/2023,20231009,CUS02195,2,EMP0052,Debit Card,Completed,8729,9900
ORD0007393,10/9/2023,20231009,CUS01888,7,EMP0129,Credit Card,Completed,230,110
ORD0010393,10/10/2023,20231010,CUS01619,2,No_Employee_id,InstaPay,Completed,272.5,130
ORD0002850,10/10/2023,20231010,CUS02710,5,EMP0099,Debit Card,Completed,142.5,70
ORD0007449,10/10/2023,20231010,CUS00974,5,EMP0110,Cash,Completed,2154,1040
ORD0000632,10/10/2023,20231010,CUS01363,2,EMP0029,Fawry,Completed,468,250
ORD0002075,10/10/2023,20231010,CUS02422,15,EMP0214,Debit Card,Completed,171,90
ORD0009966,10/10/2023,20231010,CUS00394,2,EMP0045,Vodafone Cash,Completed,795,450
ORD0007118,10/10/2023,20231010,CUS01264,6,EMP0116,Fawry,Completed,984,490
ORD0004307,10/10/2023,20231010,CUS00766,11,EMP0170,Fawry,Completed,1565.5,790
ORD0004318,10/10/2023,20231010,CUS01184,7,EMP0130,Fawry,Completed,450.5,240
ORD0000390,10/10/2023,20231010,CUS02778,7,EMP0128,Debit Card,Completed,1064,560
ORD0002225,10/10/2023,20231010,CUS00807,4,EMP0085,InstaPay,Completed,442,250
ORD0007439,10/10/2023,20231010,CUS01204,4,EMP0091,InstaPay,Completed,988,520
ORD0011914,10/10/2023,20231010,CUS00316,6,EMP0123,Debit Card,Completed,610,300
ORD0005915,10/10/2023,20231010,CUS01882,1,EMP0007,Cash,Completed,650,320
ORD0005920,10/10/2023,20231010,CUS00888,6,EMP0114,Fawry,Completed,442,250
ORD0002962,10/10/2023,20231010,CUS00112,14,EMP0201,Fawry,Completed,247.5,120
ORD0010518,10/11/2023,20231011,CUS02008,13,EMP0192,Credit Card,Cancelled,8455,7100
ORD0002632,10/11/2023,20231011,CUS02425,6,EMP0121,Vodafone Cash,Completed,877.5,420
ORD0007322,10/11/2023,20231011,CUS01129,2,EMP0032,Vodafone Cash,Completed,160,90
ORD0002390,10/11/2023,20231011,CUS02732,12,EMP0180,Vodafone Cash,Completed,3622.5,2660
ORD0009596,10/11/2023,20231011,CUS00593,1,EMP0022,Fawry,Completed,382.5,240
ORD0007642,10/11/2023,20231011,CUS00303,13,EMP0192,InstaPay,Completed,498,270
ORD0011627,10/11/2023,20231011,CUS00568,3,EMP0073,Cash,Completed,6552.5,4880
ORD0011406,10/11/2023,20231011,CUS01413,1,EMP0006,InstaPay,Returned,210,140
ORD0005455,10/11/2023,20231011,CUS02749,14,No_Employee_id,Vodafone Cash,Completed,940,480
ORD0000588,10/11/2023,20231011,CUS00818,10,EMP0156,Cash,Completed,1160,580
ORD0002439,10/11/2023,20231011,CUS00305,1,No_Employee_id,InstaPay,Completed,1800,1800
ORD0002622,10/11/2023,20231011,CUS02317,13,EMP0186,Cash,Completed,585,350
ORD0008024,10/12/2023,20231012,CUS00961,5,EMP0109,InstaPay,Completed,112.5,70
ORD0001814,10/12/2023,20231012,CUS02146,5,EMP0111,Credit Card,Completed,1754,940
ORD0004040,10/12/2023,20231012,CUS02423,7,EMP0127,Cash,Completed,704,330
ORD0002134,10/12/2023,20231012,CUS00164,1,EMP0016,Vodafone Cash,Completed,2000,980
ORD0010549,10/12/2023,20231012,CUS01830,12,EMP0184,InstaPay,Completed,1477.5,720
ORD0008127,10/12/2023,20231012,CUS01710,11,EMP0173,Credit Card,Completed,1550,840
ORD0009338,10/12/2023,20231012,CUS02052,5,EMP0096,Fawry,Returned,10964,8130
ORD0011651,10/12/2023,20231012,CUS02814,2,EMP0046,Fawry,Completed,1742,870
ORD0011588,10/12/2023,20231012,CUS01027,2,EMP0043,InstaPay,Completed,484.5,250
ORD0009117,10/12/2023,20231012,CUS02229,4,EMP0080,Vodafone Cash,Completed,491,230
ORD0000245,10/12/2023,20231012,CUS02823,8,No_Employee_id,Vodafone Cash,Completed,260,120
ORD0009245,10/12/2023,20231012,CUS02540,1,EMP0027,Debit Card,Completed,266,140
ORD0007017,10/12/2023,20231012,CUS02170,1,EMP0006,Debit Card,Completed,2360,1160
ORD0008620,10/13/2023,20231013,CUS02153,2,EMP0049,InstaPay,Completed,448,320
ORD0002212,10/13/2023,20231013,CUS00208,2,EMP0029,Credit Card,Completed,330,160
ORD0010025,10/13/2023,20231013,CUS01338,5,EMP0098,Cash,Completed,288,140
ORD0009174,10/14/2023,20231014,CUS00552,15,EMP0208,Debit Card,Completed,387,220
ORD0000263,10/14/2023,20231014,CUS00291,4,EMP0082,Fawry,Returned,981,560
ORD0004715,10/14/2023,20231014,CUS01356,1,EMP0020,Cash,Returned,95870,76480
ORD0004233,10/14/2023,20231014,CUS02551,1,EMP0018,Fawry,Completed,2832,1410
ORD0002132,10/14/2023,20231014,CUS00279,5,EMP0101,InstaPay,Completed,1550,750
ORD0005782,10/14/2023,20231014,CUS00883,12,EMP0183,Vodafone Cash,Completed,1064,550
ORD0007650,10/14/2023,20231014,CUS01737,8,EMP0140,Cash,Completed,1330,650
ORD0000362,10/14/2023,20231014,CUS01130,3,EMP0060,Cash,Completed,1830,900
ORD0005760,10/14/2023,20231014,CUS02745,5,EMP0105,Cash,Returned,160,70
ORD0002080,10/14/2023,20231014,CUS01303,4,EMP0091,Cash,Completed,600,300
ORD0007941,10/14/2023,20231014,CUS02911,6,EMP0117,InstaPay,Completed,656,350
ORD0003069,10/15/2023,20231015,CUS00334,1,EMP0026,Debit Card,Completed,23140.5,17840
ORD0006359,10/15/2023,20231015,CUS02283,12,EMP0180,Credit Card,Completed,83304.5,69990
ORD0001628,10/15/2023,20231015,CUS02895,5,EMP0097,Fawry,Completed,4493,2430
ORD0007134,10/15/2023,20231015,CUS00421,4,EMP0080,Vodafone Cash,Completed,14231,11940
ORD0002926,10/15/2023,20231015,CUS02339,9,EMP0151,Credit Card,Completed,8422,8830
ORD0008530,10/15/2023,20231015,CUS02871,8,EMP0143,InstaPay,Completed,13117,9960
ORD0011026,10/15/2023,20231015,CUS01119,3,No_Employee_id,InstaPay,Completed,1263,660
ORD0011825,10/15/2023,20231015,CUS01823,4,EMP0080,Vodafone Cash,Completed,12000,12000
ORD0000350,10/15/2023,20231015,CUS01705,2,EMP0041,InstaPay,Completed,81,40
ORD0002989,10/15/2023,20231015,CUS01407,7,EMP0130,InstaPay,Completed,123.5,60
ORD0009134,10/15/2023,20231015,CUS00758,1,EMP0014,Credit Card,Completed,1516,770
ORD0004686,10/15/2023,20231015,CUS00955,10,EMP0157,Vodafone Cash,Completed,807,470
ORD0004936,10/15/2023,20231015,CUS00994,1,EMP0025,Cash,Completed,1890,920
ORD0003268,10/16/2023,20231016,CUS00685,1,EMP0011,Cash,Completed,38286,31860
ORD0004424,10/16/2023,20231016,CUS00031,4,EMP0093,InstaPay,Completed,18686,15870
ORD0004465,10/16/2023,20231016,CUS00620,3,EMP0075,Fawry,Completed,1030.5,520
ORD0006434,10/16/2023,20231016,CUS00536,3,EMP0055,Cash,Completed,432,230
ORD0001817,10/16/2023,20231016,CUS01382,13,EMP0193,Vodafone Cash,Completed,11800,9400
ORD0006806,10/16/2023,20231016,CUS00252,10,EMP0162,Credit Card,Completed,1611,830
ORD0004791,10/16/2023,20231016,CUS01622,5,EMP0110,Fawry,Completed,229.5,130
ORD0001371,10/16/2023,20231016,CUS00124,2,EMP0043,Fawry,Completed,1186,700
ORD0001016,10/16/2023,20231016,CUS02668,2,EMP0029,Debit Card,Completed,847.5,510
ORD0004109,10/16/2023,20231016,CUS01490,12,EMP0182,Debit Card,Completed,1939.5,1200
ORD0001753,10/16/2023,20231016,CUS00385,8,EMP0138,InstaPay,Completed,300,150
ORD0010506,10/16/2023,20231016,CUS00797,13,EMP0192,Cash,Completed,6178.5,4600
ORD0004101,10/16/2023,20231016,CUS00501,1,EMP0020,Vodafone Cash,Completed,600,290
ORD0007196,10/17/2023,20231017,CUS02995,13,EMP0190,Vodafone Cash,Completed,680,360
ORD0001577,10/17/2023,20231017,CUS00545,4,EMP0090,Debit Card,Completed,864,460
ORD0001565,10/17/2023,20231017,CUS00292,2,No_Employee_id,Fawry,Completed,3959,2140
ORD0005513,10/17/2023,20231017,CUS01069,8,EMP0142,Debit Card,Completed,541,300
ORD0000455,10/17/2023,20231017,CUS01737,14,EMP0199,Vodafone Cash,Completed,325,170
ORD0010402,10/17/2023,20231017,CUS02622,7,EMP0129,Cash,Completed,252,120
ORD0000222,10/17/2023,20231017,CUS01280,2,EMP0037,Cash,Completed,1200,580
ORD0005481,10/18/2023,20231018,CUS00760,1,EMP0006,Vodafone Cash,Completed,16352,16680
ORD0005667,10/18/2023,20231018,CUS01167,8,EMP0139,Fawry,Completed,333,180
ORD0003031,10/18/2023,20231018,CUS01997,6,EMP0124,Debit Card,Completed,1305,650
ORD0010859,10/18/2023,20231018,CUS00306,5,EMP0110,Debit Card,Completed,2296,1730
ORD0002718,10/18/2023,20231018,CUS00558,3,EMP0075,Vodafone Cash,Completed,22440,21200
ORD0011999,10/18/2023,20231018,CUS01728,8,EMP0142,Cash,Completed,26689,21140
ORD0000408,10/18/2023,20231018,CUS02498,15,EMP0213,Vodafone Cash,Completed,2134.5,1150
ORD0005327,10/18/2023,20231018,CUS01729,1,EMP0028,Fawry,Completed,669,350
ORD0003021,10/18/2023,20231018,CUS01578,4,EMP0083,Cash,Returned,1244,700
ORD0010853,10/18/2023,20231018,CUS00187,15,EMP0208,Fawry,Completed,1328,690
ORD0003146,10/18/2023,20231018,CUS00408,2,EMP0034,InstaPay,Returned,990,490
ORD0000861,10/18/2023,20231018,CUS01006,11,EMP0171,Cash,Completed,6152,4820
ORD0008737,10/18/2023,20231018,CUS01374,6,EMP0113,Vodafone Cash,Completed,627,290
ORD0004442,10/18/2023,20231018,CUS00704,1,EMP0022,Cash,Completed,1323,720
ORD0003558,10/18/2023,20231018,CUS00056,1,EMP0023,InstaPay,Completed,1578,760
ORD0001764,10/19/2023,20231019,CUS01959,2,EMP0049,Debit Card,Completed,5088,4610
ORD0007808,10/19/2023,20231019,CUS02938,3,EMP0067,InstaPay,Completed,320,140
ORD0011840,10/19/2023,20231019,CUS00308,3,EMP0060,Vodafone Cash,Completed,792,430
ORD0009527,10/19/2023,20231019,CUS02646,1,EMP0017,Debit Card,Completed,1208,920
ORD0002508,10/19/2023,20231019,CUS02646,3,EMP0077,Fawry,Completed,570,280
ORD0010415,10/19/2023,20231019,CUS00820,13,EMP0187,Cash,Completed,1240.5,620
ORD0008749,10/19/2023,20231019,CUS01765,2,EMP0051,Debit Card,Completed,128,70
ORD0011353,10/19/2023,20231019,CUS01217,3,EMP0075,Fawry,Completed,1737,890
ORD0001712,10/19/2023,20231019,CUS02738,4,EMP0092,Fawry,Returned,10900,8700
ORD0010428,10/19/2023,20231019,CUS02790,10,EMP0152,Fawry,Completed,919.5,420
ORD0003741,10/19/2023,20231019,CUS00215,2,EMP0034,Credit Card,Completed,1455,840
ORD0000530,10/19/2023,20231019,CUS00579,4,EMP0089,Credit Card,Completed,3505,1980
ORD0009496,10/20/2023,20231020,CUS01781,15,EMP0211,InstaPay,Completed,1046,530
ORD0010912,10/20/2023,20231020,CUS01247,2,EMP0037,Fawry,Completed,1593,830
ORD0001570,10/20/2023,20231020,CUS00136,12,EMP0183,Vodafone Cash,Completed,153,80
ORD0008147,10/20/2023,20231020,CUS00282,4,EMP0091,Cash,Completed,340,160
ORD0009624,10/20/2023,20231020,CUS02947,2,EMP0037,Cash,Completed,10100,8100
ORD0008230,10/20/2023,20231020,CUS00692,4,EMP0082,Fawry,Returned,216,110
ORD0005275,10/20/2023,20231020,CUS00168,5,EMP0111,Credit Card,Completed,13326,11320
ORD0005534,10/20/2023,20231020,CUS00202,10,EMP0163,Credit Card,Completed,1080,1000
ORD0002607,10/20/2023,20231020,CUS01319,12,EMP0182,Cash,Completed,1753,860
ORD0011329,10/20/2023,20231020,CUS01552,3,EMP0068,Credit Card,Completed,1042,600
ORD0010079,10/20/2023,20231020,CUS01612,11,EMP0164,Vodafone Cash,Returned,1400,640
ORD0010152,10/20/2023,20231020,CUS00163,1,EMP0003,Fawry,Completed,680,600
ORD0000467,10/20/2023,20231020,CUS02730,4,EMP0086,Fawry,Completed,1520,740
ORD0006625,10/21/2023,20231021,CUS00087,4,EMP0092,Debit Card,Completed,11938,9540
ORD0000214,10/21/2023,20231021,CUS02844,8,EMP0143,Credit Card,Cancelled,279,150
ORD0011480,10/21/2023,20231021,CUS02714,2,EMP0046,Fawry,Returned,534.5,270
ORD0001920,10/21/2023,20231021,CUS02129,3,No_Employee_id,Credit Card,Completed,14000,10880
ORD0011066,10/21/2023,20231021,CUS01200,12,EMP0179,Fawry,Completed,1420,760
ORD0010753,10/21/2023,20231021,CUS02097,2,EMP0033,Debit Card,Completed,252,130
ORD0003591,10/21/2023,20231021,CUS01290,4,EMP0094,Cash,Completed,1190,630
ORD0004203,10/21/2023,20231021,CUS00829,5,EMP0100,Credit Card,Completed,636,320
ORD0004926,10/21/2023,20231021,CUS01087,2,EMP0045,Debit Card,Cancelled,144.5,80
ORD0000988,10/21/2023,20231021,CUS02787,4,EMP0090,Debit Card,Completed,1449,780
ORD0004025,10/21/2023,20231021,CUS02528,6,EMP0120,Credit Card,Completed,1473,740
ORD0010605,10/21/2023,20231021,CUS02108,1,EMP0004,Fawry,Completed,171,90
ORD0011554,10/22/2023,20231022,CUS01311,12,EMP0182,Vodafone Cash,Cancelled,15534,15300
ORD0002078,10/22/2023,20231022,CUS00833,2,EMP0053,Vodafone Cash,Completed,21330,16760
ORD0001644,10/22/2023,20231022,CUS02533,1,EMP0003,Credit Card,Completed,623,380
ORD0011253,10/22/2023,20231022,CUS00485,5,EMP0108,Fawry,Completed,14299,14710
ORD0008421,10/22/2023,20231022,CUS00069,8,EMP0142,InstaPay,Completed,1424,700
ORD0006330,10/22/2023,20231022,CUS01580,11,EMP0167,Vodafone Cash,Completed,2122,1110
ORD0008041,10/22/2023,20231022,CUS02111,6,EMP0121,Cash,Completed,384,210
ORD0000592,10/22/2023,20231022,CUS00398,2,No_Employee_id,Fawry,Completed,290,140
ORD0001171,10/22/2023,20231022,CUS01749,2,EMP0037,InstaPay,Returned,450.5,260
ORD0003662,10/22/2023,20231022,CUS01641,4,EMP0094,Fawry,Completed,408,230
ORD0003581,10/22/2023,20231022,CUS02143,12,No_Employee_id,InstaPay,Completed,21861,18490
ORD0009936,10/22/2023,20231022,CUS00667,9,EMP0149,Vodafone Cash,Completed,15560,13360
ORD0011643,10/22/2023,20231022,CUS01543,10,EMP0152,Debit Card,Completed,3406,1780
ORD0004409,10/22/2023,20231022,CUS01890,2,EMP0031,Debit Card,Returned,378,210
ORD0007294,10/23/2023,20231023,CUS02756,8,EMP0141,Debit Card,Completed,3080,1520
ORD0003108,10/23/2023,20231023,CUS02214,1,EMP0023,Fawry,Completed,1563,820
ORD0004909,10/23/2023,20231023,CUS01056,4,EMP0093,Credit Card,Completed,144,70
ORD0011799,10/23/2023,20231023,CUS02533,4,EMP0084,Vodafone Cash,Completed,522,290
ORD0000697,10/23/2023,20231023,CUS00369,14,No_Employee_id,InstaPay,Cancelled,2500,2000
ORD0008713,10/23/2023,20231023,CUS00373,8,EMP0140,InstaPay,Completed,1272,680
ORD0001027,10/23/2023,20231023,CUS02769,4,EMP0085,Fawry,Cancelled,930.5,520
ORD0005860,10/23/2023,20231023,CUS02428,6,EMP0123,InstaPay,Completed,750.5,380
ORD0004419,10/23/2023,20231023,CUS02272,1,No_Employee_id,Vodafone Cash,Completed,528,320
ORD0002492,10/23/2023,20231023,CUS03000,10,EMP0156,Cash,Completed,940,460
ORD0011231,10/23/2023,20231023,CUS02353,1,EMP0017,InstaPay,Returned,30000,24400
ORD0005160,10/24/2023,20231024,CUS02690,10,EMP0158,Debit Card,Completed,324,180
ORD0005235,10/24/2023,20231024,CUS00691,1,EMP0018,Fawry,Completed,537.5,260
ORD0008066,10/24/2023,20231024,CUS01604,1,EMP0019,InstaPay,Completed,1257,640
ORD0001890,10/24/2023,20231024,CUS00227,8,EMP0141,Cash,Completed,823,400
ORD0010453,10/24/2023,20231024,CUS01828,13,EMP0193,Cash,Cancelled,315,170
ORD0002520,10/24/2023,20231024,CUS02275,7,EMP0132,Debit Card,Completed,1291,640
ORD0002296,10/24/2023,20231024,CUS01522,1,EMP0018,InstaPay,Completed,2010,970
ORD0005149,10/25/2023,20231025,CUS02639,3,EMP0057,Cash,Completed,914.5,520
ORD0008591,10/25/2023,20231025,CUS00116,4,EMP0084,Debit Card,Completed,528,310
ORD0003464,10/25/2023,20231025,CUS02412,3,EMP0077,InstaPay,Completed,35461,30810
ORD0010177,10/25/2023,20231025,CUS02794,10,EMP0162,Cash,Completed,260,120
ORD0002213,10/25/2023,20231025,CUS01250,3,EMP0066,Cash,Completed,1530,810
ORD0005372,10/25/2023,20231025,CUS00267,4,EMP0081,Debit Card,Completed,830,410
ORD0007075,10/25/2023,20231025,CUS02176,15,EMP0211,Debit Card,Completed,76,40
ORD0011607,10/25/2023,20231025,CUS01443,10,EMP0163,Credit Card,Completed,13194,9730
ORD0001938,10/25/2023,20231025,CUS00199,6,EMP0113,Vodafone Cash,Completed,1296,700
ORD0001652,10/25/2023,20231025,CUS01060,9,EMP0151,Credit Card,Returned,370,170
ORD0010189,10/26/2023,20231026,CUS01997,14,EMP0200,Vodafone Cash,Completed,705,350
ORD0006696,10/26/2023,20231026,CUS01444,5,EMP0098,Credit Card,Returned,13989,10890
ORD0002451,10/26/2023,20231026,CUS01887,3,EMP0070,Debit Card,Completed,1191.5,650
ORD0009042,10/26/2023,20231026,CUS00844,3,EMP0064,Credit Card,Completed,708,370
ORD0003144,10/26/2023,20231026,CUS02528,12,EMP0181,InstaPay,Completed,285,140
ORD0002043,10/26/2023,20231026,CUS01572,2,No_Employee_id,InstaPay,Cancelled,387.5,190
ORD0011437,10/26/2023,20231026,CUS01193,9,EMP0147,Cash,Completed,135,70
ORD0005440,10/26/2023,20231026,CUS01442,4,EMP0093,Debit Card,Completed,1137.5,690
ORD0007438,10/26/2023,20231026,CUS02095,5,EMP0105,Credit Card,Returned,1475,790
ORD0000836,10/26/2023,20231026,CUS00372,3,No_Employee_id,InstaPay,Completed,13428,10780
ORD0007169,10/26/2023,20231026,CUS02601,5,No_Employee_id,Vodafone Cash,Cancelled,396,220
ORD0006536,10/26/2023,20231026,CUS01262,4,EMP0084,InstaPay,Completed,459,260
ORD0002745,10/26/2023,20231026,CUS01931,2,EMP0046,InstaPay,Cancelled,1432.5,740
ORD0011251,10/26/2023,20231026,CUS01307,1,EMP0027,Credit Card,Completed,2008,1430
ORD0007839,10/26/2023,20231026,CUS01741,7,EMP0133,Cash,Completed,2755,1570
ORD0010277,10/26/2023,20231026,CUS00802,5,EMP0103,Cash,Completed,2075,1840
ORD0009523,10/26/2023,20231026,CUS01899,7,EMP0135,Cash,Completed,1632,790
ORD0002279,10/26/2023,20231026,CUS01699,14,No_Employee_id,Cash,Completed,460,220
ORD0009502,10/26/2023,20231026,CUS00909,1,EMP0001,Debit Card,Completed,932,480
ORD0000018,10/26/2023,20231026,CUS00050,4,EMP0080,Cash,Completed,630,340
ORD0001557,10/27/2023,20231027,CUS01933,7,EMP0132,Debit Card,Completed,400,200
ORD0008719,10/27/2023,20231027,CUS01042,2,EMP0042,InstaPay,Completed,432,260
ORD0010613,10/27/2023,20231027,CUS01819,3,EMP0056,Credit Card,Completed,731.5,350
ORD0000415,10/27/2023,20231027,CUS01225,10,EMP0160,Fawry,Completed,240,120
ORD0005512,10/27/2023,20231027,CUS01840,7,EMP0133,Cash,Completed,340,160
ORD0000346,10/27/2023,20231027,CUS01363,9,No_Employee_id,Cash,Completed,665,340
ORD0000391,10/27/2023,20231027,CUS01651,3,EMP0061,Debit Card,Completed,2843,1410
ORD0003068,10/27/2023,20231027,CUS00737,3,EMP0061,Credit Card,Completed,1086,570
ORD0009440,10/27/2023,20231027,CUS02529,2,EMP0031,Debit Card,Completed,11450,10710
ORD0003906,10/27/2023,20231027,CUS00765,1,EMP0015,Vodafone Cash,Completed,830,430
ORD0002738,10/27/2023,20231027,CUS01439,2,EMP0051,Credit Card,Completed,456,230
ORD0011335,10/27/2023,20231027,CUS00386,3,EMP0066,Debit Card,Completed,972,520
ORD0006307,10/27/2023,20231027,CUS00104,2,EMP0042,Credit Card,Completed,320,200
ORD0009865,10/27/2023,20231027,CUS02435,5,EMP0095,Vodafone Cash,Completed,582,360
ORD0011272,10/27/2023,20231027,CUS00024,4,EMP0094,Credit Card,Completed,1060.5,500
ORD0008561,10/27/2023,20231027,CUS00118,4,EMP0082,Debit Card,Cancelled,405,210
ORD0010042,10/27/2023,20231027,CUS02942,7,EMP0128,Credit Card,Completed,5795,4900
ORD0000867,10/27/2023,20231027,CUS02965,4,EMP0091,Cash,Completed,378,200
ORD0005333,10/28/2023,20231028,CUS00584,11,EMP0173,Credit Card,Completed,723,350
ORD0005527,10/28/2023,20231028,CUS00248,4,EMP0093,Credit Card,Completed,429,210
ORD0010359,10/28/2023,20231028,CUS01677,12,EMP0181,Credit Card,Completed,90,40
ORD0006733,10/28/2023,20231028,CUS01252,4,EMP0090,Debit Card,Completed,335,180
ORD0000403,10/28/2023,20231028,CUS00654,15,EMP0208,Cash,Completed,756,390
ORD0000699,10/28/2023,20231028,CUS00951,14,EMP0199,Debit Card,Completed,190,90
ORD0009545,10/28/2023,20231028,CUS01092,2,EMP0038,InstaPay,Completed,20400,16200
ORD0007787,10/29/2023,20231029,CUS00043,2,EMP0044,Credit Card,Completed,29800,23800
ORD0008493,10/29/2023,20231029,CUS01547,4,EMP0093,Credit Card,Returned,1728,910
ORD0005859,10/29/2023,20231029,CUS00918,6,EMP0120,Vodafone Cash,Completed,2472,1200
ORD0004923,10/29/2023,20231029,CUS02786,2,EMP0048,InstaPay,Completed,1491,810
ORD0010274,10/29/2023,20231029,CUS01442,6,EMP0125,Vodafone Cash,Completed,370,180
ORD0007443,10/29/2023,20231029,CUS00529,12,EMP0180,Vodafone Cash,Completed,2439,1250
ORD0005878,10/30/2023,20231030,CUS02675,3,No_Employee_id,Debit Card,Completed,3044,2090
ORD0009187,10/30/2023,20231030,CUS02307,8,EMP0141,Debit Card,Completed,10427,8340
ORD0003702,10/30/2023,20231030,CUS01398,10,EMP0161,Vodafone Cash,Completed,646.5,340
ORD0008698,10/30/2023,20231030,CUS02376,13,No_Employee_id,InstaPay,Completed,2400,1650
ORD0007023,10/30/2023,20231030,CUS01334,13,EMP0186,Cash,Completed,547,300
ORD0003859,10/30/2023,20231030,CUS02845,13,EMP0185,Vodafone Cash,Completed,1205,660
ORD0005033,10/30/2023,20231030,CUS01616,2,EMP0035,Cash,Completed,216,130
ORD0000863,10/30/2023,20231030,CUS02667,3,EMP0073,Fawry,Completed,187,110
ORD0003821,10/30/2023,20231030,CUS02252,5,EMP0096,Debit Card,Completed,480,230
ORD0008052,10/30/2023,20231030,CUS02325,1,EMP0003,Debit Card,Completed,1952,990
ORD0002094,10/30/2023,20231030,CUS01084,1,EMP0001,Credit Card,Completed,586.5,330
ORD0011540,10/30/2023,20231030,CUS02468,3,EMP0067,Credit Card,Completed,20249,16240
ORD0005842,10/30/2023,20231030,CUS01032,12,EMP0182,Credit Card,Completed,1846,900
ORD0008118,10/30/2023,20231030,CUS01111,5,No_Employee_id,Fawry,Completed,700,330
ORD0000067,10/30/2023,20231030,CUS02448,1,EMP0009,InstaPay,Completed,11890,9940
ORD0008503,10/30/2023,20231030,CUS02729,8,EMP0139,Cash,Completed,9590,8350
ORD0007668,10/30/2023,20231030,CUS01835,2,EMP0040,Fawry,Completed,680,390
ORD0006659,10/30/2023,20231030,CUS02305,7,EMP0133,Fawry,Completed,1801,1100
ORD0002898,10/30/2023,20231030,CUS00939,3,EMP0069,Debit Card,Completed,135,70
ORD0005467,10/30/2023,20231030,CUS00023,4,No_Employee_id,Credit Card,Completed,16684,15160
ORD0008485,10/30/2023,20231030,CUS02186,2,EMP0043,InstaPay,Completed,14837,12240
ORD0001255,10/30/2023,20231030,CUS01371,2,EMP0032,Cash,Returned,6502,4780
ORD0003361,10/31/2023,20231031,CUS02808,1,EMP0002,Fawry,Completed,136,80
ORD0009881,10/31/2023,20231031,CUS01306,10,EMP0155,Debit Card,Completed,2520,1400
ORD0006159,10/31/2023,20231031,CUS02146,7,EMP0135,Vodafone Cash,Completed,9610,8300
ORD0000111,10/31/2023,20231031,CUS01530,7,EMP0127,InstaPay,Completed,1026,520
ORD0004970,10/31/2023,20231031,CUS00191,13,EMP0190,Cash,Completed,540,270
ORD0008010,10/31/2023,20231031,CUS00894,3,No_Employee_id,Fawry,Completed,972,480
ORD0010413,10/31/2023,20231031,CUS02451,1,EMP0001,Cash,Completed,14446,10630
ORD0000254,10/31/2023,20231031,CUS01575,1,EMP0024,Credit Card,Completed,674.5,350
ORD0011884,10/31/2023,20231031,CUS02287,4,EMP0081,InstaPay,Completed,306,160
ORD0007850,10/31/2023,20231031,CUS00891,1,EMP0022,InstaPay,Completed,979.5,540
ORD0008482,10/31/2023,20231031,CUS01434,4,No_Employee_id,Credit Card,Completed,1080,520
ORD0005664,10/31/2023,20231031,CUS01211,5,EMP0107,Vodafone Cash,Completed,912,430
ORD0004575,10/31/2023,20231031,CUS02874,1,EMP0008,Cash,Completed,160,70
ORD0006258,10/31/2023,20231031,CUS02935,2,EMP0050,Fawry,Completed,598.5,300
ORD0009493,11/1/2023,20231101,CUS02807,3,EMP0069,Credit Card,Completed,468,260
ORD0005268,11/1/2023,20231101,CUS01940,3,EMP0073,Cash,Returned,255,160
ORD0010505,11/1/2023,20231101,CUS02296,1,EMP0013,Vodafone Cash,Completed,12995,10240
ORD0008807,11/1/2023,20231101,CUS02294,9,EMP0146,Credit Card,Completed,1300,1000
ORD0000024,11/1/2023,20231101,CUS00929,3,EMP0070,Cash,Completed,431.5,220
ORD0009948,11/1/2023,20231101,CUS02696,2,EMP0042,Debit Card,Completed,400,200
ORD0011730,11/1/2023,20231101,CUS00453,14,EMP0198,InstaPay,Completed,9930,10810
ORD0002319,11/1/2023,20231101,CUS00043,2,EMP0033,Credit Card,Completed,15091,12160
ORD0003507,11/1/2023,20231101,CUS00476,10,EMP0159,Fawry,Completed,480,240
ORD0001793,11/1/2023,20231101,CUS01444,1,EMP0013,Debit Card,Completed,378,200
ORD0000436,11/1/2023,20231101,CUS00867,4,EMP0081,Vodafone Cash,Completed,280,140
ORD0008152,11/2/2023,20231102,CUS02043,6,EMP0116,Vodafone Cash,Completed,1016,550
ORD0004863,11/2/2023,20231102,CUS02751,1,EMP0012,Fawry,Completed,324,170
ORD0007510,11/2/2023,20231102,CUS02634,3,EMP0067,Vodafone Cash,Completed,127.5,70
ORD0007842,11/2/2023,20231102,CUS01328,4,EMP0085,Fawry,Completed,1080,560
ORD0004718,11/2/2023,20231102,CUS02683,13,EMP0191,Debit Card,Completed,627,340
ORD0002192,11/2/2023,20231102,CUS01577,8,EMP0141,Debit Card,Completed,427.5,210
ORD0003236,11/3/2023,20231103,CUS01236,12,EMP0180,Cash,Completed,477,260
ORD0006440,11/3/2023,20231103,CUS01678,9,EMP0150,Cash,Completed,6035.5,5060
ORD0006622,11/3/2023,20231103,CUS00432,1,EMP0018,Vodafone Cash,Completed,357,250
ORD0005683,11/3/2023,20231103,CUS02646,2,EMP0052,Cash,Completed,540,240
ORD0004918,11/3/2023,20231103,CUS02701,1,EMP0015,Cash,Completed,24485,19960
ORD0009138,11/3/2023,20231103,CUS02020,6,EMP0126,Credit Card,Completed,2276,1330
ORD0002283,11/3/2023,20231103,CUS01261,2,EMP0040,InstaPay,Completed,306,170
ORD0011847,11/3/2023,20231103,CUS01117,3,EMP0064,InstaPay,Completed,190,90
ORD0010209,11/3/2023,20231103,CUS01058,2,EMP0051,Credit Card,Completed,1450,690
ORD0002761,11/3/2023,20231103,CUS02178,10,EMP0158,Fawry,Returned,360,240
ORD0007303,11/3/2023,20231103,CUS01462,1,EMP0017,Cash,Completed,396,210
ORD0010521,11/3/2023,20231103,CUS02016,4,No_Employee_id,InstaPay,Completed,527.5,300
ORD0004965,11/4/2023,20231104,CUS00791,6,EMP0116,InstaPay,Completed,990,470
ORD0000956,11/4/2023,20231104,CUS00745,12,EMP0177,Vodafone Cash,Cancelled,430,210
ORD0000948,11/4/2023,20231104,CUS01837,6,EMP0125,Cash,Completed,3709,2460
ORD0007829,11/4/2023,20231104,CUS00471,12,EMP0174,InstaPay,Completed,900,450
ORD0005769,11/4/2023,20231104,CUS02647,4,EMP0087,Vodafone Cash,Completed,228,120
ORD0009573,11/4/2023,20231104,CUS02201,1,EMP0014,Vodafone Cash,Completed,766,410
ORD0010986,11/4/2023,20231104,CUS01496,3,EMP0072,InstaPay,Completed,1900,960
ORD0010552,11/4/2023,20231104,CUS01870,5,EMP0103,Debit Card,Completed,787.5,420
ORD0011939,11/4/2023,20231104,CUS00316,3,EMP0078,Fawry,Completed,37844,30170
ORD0008940,11/4/2023,20231104,CUS00768,5,EMP0098,Debit Card,Completed,36552,33540
ORD0002764,11/4/2023,20231104,CUS02531,2,EMP0030,Vodafone Cash,Completed,1337.5,730
ORD0000562,11/4/2023,20231104,CUS02386,11,EMP0164,Debit Card,Completed,43730,36040
ORD0000827,11/4/2023,20231104,CUS01680,4,EMP0087,Fawry,Completed,288,140
ORD0007273,11/4/2023,20231104,CUS01097,15,EMP0210,Credit Card,Completed,1895.5,970
ORD0000744,11/5/2023,20231105,CUS02236,1,EMP0011,Fawry,Completed,1067,560
ORD0006428,11/5/2023,20231105,CUS01453,12,EMP0179,InstaPay,Completed,5281.5,4070
ORD0011027,11/5/2023,20231105,CUS01803,7,No_Employee_id,Cash,Returned,361,190
ORD0004095,11/5/2023,20231105,CUS02306,3,EMP0056,Fawry,Completed,2320,1120
ORD0008224,11/5/2023,20231105,CUS01066,13,EMP0187,Vodafone Cash,Cancelled,864,460
ORD0001666,11/5/2023,20231105,CUS02141,8,EMP0144,InstaPay,Completed,240,150
ORD0009375,11/6/2023,20231106,CUS01303,13,EMP0193,Credit Card,Returned,18488.5,14500
ORD0009693,11/6/2023,20231106,CUS01260,5,EMP0097,Cash,Completed,535,270
ORD0011605,11/6/2023,20231106,CUS00033,10,EMP0160,InstaPay,Completed,530,260
ORD0008588,11/6/2023,20231106,CUS00114,1,EMP0005,InstaPay,Completed,700,380
ORD0011780,11/6/2023,20231106,CUS02062,12,EMP0174,Fawry,Completed,1254,680
ORD0011567,11/6/2023,20231106,CUS01212,15,EMP0207,Fawry,Completed,266,120
ORD0004353,11/6/2023,20231106,CUS01683,5,EMP0097,Vodafone Cash,Returned,1838.5,940
ORD0010877,11/6/2023,20231106,CUS00183,5,EMP0097,Debit Card,Returned,275,120
ORD0003479,11/6/2023,20231106,CUS02939,5,EMP0104,Debit Card,Completed,3433,2320
ORD0010632,11/7/2023,20231107,CUS00277,1,EMP0014,InstaPay,Completed,1446,720
ORD0003281,11/7/2023,20231107,CUS02938,11,EMP0164,Debit Card,Completed,441,240
ORD0006664,11/7/2023,20231107,CUS00420,1,EMP0023,InstaPay,Completed,23800,22400
ORD0010139,11/7/2023,20231107,CUS00635,12,EMP0182,Credit Card,Cancelled,5100,4000
ORD0005273,11/7/2023,20231107,CUS02573,1,EMP0007,Credit Card,Completed,180,90
ORD0005682,11/7/2023,20231107,CUS01882,11,EMP0169,InstaPay,Completed,1974,1080
ORD0001924,11/7/2023,20231107,CUS01053,12,EMP0179,Debit Card,Completed,26460,23600
ORD0002665,11/7/2023,20231107,CUS02182,6,EMP0122,Cash,Completed,16740,14900
ORD0004540,11/7/2023,20231107,CUS00995,4,EMP0082,Cash,Completed,117,60
ORD0004292,11/7/2023,20231107,CUS01015,1,EMP0008,Vodafone Cash,Completed,15900,12700
ORD0006235,11/7/2023,20231107,CUS02505,9,EMP0146,Cash,Completed,252,140
ORD0004614,11/7/2023,20231107,CUS01370,4,EMP0079,Fawry,Completed,763.5,450
ORD0001550,11/8/2023,20231108,CUS00734,11,EMP0168,Cash,Completed,1719,920
ORD0011961,11/8/2023,20231108,CUS02121,5,EMP0106,Cash,Completed,484.5,250
ORD0009448,11/8/2023,20231108,CUS01042,15,EMP0210,Cash,Completed,342,170
ORD0005427,11/8/2023,20231108,CUS01703,1,EMP0019,Credit Card,Completed,216,120
ORD0004389,11/8/2023,20231108,CUS02373,3,EMP0060,Fawry,Completed,1101,600
ORD0011579,11/8/2023,20231108,CUS00614,2,No_Employee_id,Debit Card,Completed,1785,1050
ORD0001989,11/8/2023,20231108,CUS02924,9,EMP0148,Credit Card,Completed,5387,2810
ORD0010779,11/9/2023,20231109,CUS00662,10,EMP0159,Cash,Completed,5010,4990
ORD0000630,11/9/2023,20231109,CUS02656,7,EMP0130,Debit Card,Cancelled,4000,3200
ORD0007871,11/9/2023,20231109,CUS01466,1,No_Employee_id,InstaPay,Completed,946,560
ORD0000749,11/9/2023,20231109,CUS01719,4,EMP0091,Fawry,Completed,800,500
ORD0006760,11/9/2023,20231109,CUS00633,6,EMP0121,Debit Card,Completed,24912.5,21590
ORD0000088,11/9/2023,20231109,CUS01754,1,EMP0015,Vodafone Cash,Completed,240,120
ORD0010452,11/9/2023,20231109,CUS00802,6,EMP0119,Vodafone Cash,Completed,494,260
ORD0007663,11/9/2023,20231109,CUS00229,12,EMP0180,Fawry,Completed,2046,1010
ORD0005238,11/9/2023,20231109,CUS01611,11,EMP0167,Credit Card,Completed,1960,970
ORD0010431,11/10/2023,20231110,CUS02138,1,EMP0014,Vodafone Cash,Completed,682.5,360
ORD0010330,11/10/2023,20231110,CUS02062,14,EMP0200,Debit Card,Completed,1752.5,910
ORD0001167,11/10/2023,20231110,CUS00990,2,EMP0030,Credit Card,Completed,963,470
ORD0004153,11/10/2023,20231110,CUS02782,14,EMP0197,Cash,Completed,360,220
ORD0002142,11/10/2023,20231110,CUS00259,1,EMP0011,Debit Card,Completed,702,390
ORD0004837,11/10/2023,20231110,CUS00639,6,EMP0124,Vodafone Cash,Completed,647.5,350
ORD0009931,11/10/2023,20231110,CUS01197,4,EMP0090,Credit Card,Completed,1104,570
ORD0010651,11/10/2023,20231110,CUS01741,4,EMP0087,Vodafone Cash,Completed,2145,1090
ORD0003925,11/10/2023,20231110,CUS00898,6,EMP0126,Fawry,Completed,450,250
ORD0003337,11/10/2023,20231110,CUS02343,2,EMP0049,Fawry,Completed,1752,930
ORD0011549,11/10/2023,20231110,CUS00635,6,EMP0121,Vodafone Cash,Cancelled,4542,2470
ORD0010956,11/10/2023,20231110,CUS00794,8,EMP0138,Credit Card,Completed,1900,1600
ORD0009484,11/11/2023,20231111,CUS01377,1,EMP0010,Cash,Returned,420,210
ORD0008175,11/11/2023,20231111,CUS02968,14,EMP0199,InstaPay,Returned,497.5,280
ORD0008638,11/11/2023,20231111,CUS00252,6,EMP0114,Fawry,Cancelled,5090,2680
ORD0000071,11/11/2023,20231111,CUS02836,8,EMP0140,Vodafone Cash,Completed,750,370
ORD0003637,11/11/2023,20231111,CUS01724,13,EMP0191,Debit Card,Completed,1040.5,560
ORD0006404,11/11/2023,20231111,CUS02028,3,EMP0067,Cash,Completed,340,160
ORD0000787,11/11/2023,20231111,CUS01411,6,EMP0116,Debit Card,Returned,1364,680
ORD0006715,11/11/2023,20231111,CUS01096,5,EMP0101,Debit Card,Completed,600,310
ORD0007237,11/11/2023,20231111,CUS01702,10,EMP0154,InstaPay,Completed,37754.5,33350
ORD0000853,11/11/2023,20231111,CUS00420,6,EMP0122,Credit Card,Completed,357,200
ORD0004549,11/12/2023,20231112,CUS01958,11,EMP0167,InstaPay,Completed,5996,4710
ORD0011769,11/12/2023,20231112,CUS00340,2,EMP0031,InstaPay,Completed,720,600
ORD0000366,11/12/2023,20231112,CUS02945,7,EMP0134,Vodafone Cash,Completed,224,140
ORD0005382,11/12/2023,20231112,CUS00079,2,EMP0049,Debit Card,Completed,18615,19800
ORD0009420,11/12/2023,20231112,CUS01696,3,EMP0061,Fawry,Completed,1200,720
ORD0009983,11/12/2023,20231112,CUS02186,1,EMP0009,Cash,Completed,333,180
ORD0002564,11/12/2023,20231112,CUS02598,3,EMP0064,InstaPay,Completed,120,70
ORD0006538,11/12/2023,20231112,CUS00816,10,EMP0162,Fawry,Completed,20431,19100
ORD0009422,11/12/2023,20231112,CUS01730,4,EMP0083,Fawry,Completed,1496,880
ORD0002013,11/12/2023,20231112,CUS01913,5,EMP0102,Cash,Completed,2167,1160
ORD0007479,11/12/2023,20231112,CUS01193,5,EMP0107,InstaPay,Completed,200,100
ORD0011258,11/12/2023,20231112,CUS02990,14,EMP0197,Credit Card,Completed,1196,680
ORD0007648,11/12/2023,20231112,CUS00680,12,EMP0177,Credit Card,Completed,275,150
ORD0009689,11/13/2023,20231113,CUS02619,8,No_Employee_id,Debit Card,Completed,480,230
ORD0006304,11/13/2023,20231113,CUS02894,5,No_Employee_id,Cash,Completed,1761.5,1290
ORD0010342,11/13/2023,20231113,CUS01478,1,EMP0017,Fawry,Returned,224,120
ORD0005496,11/13/2023,20231113,CUS01945,15,EMP0212,Vodafone Cash,Completed,689,370
ORD0002017,11/13/2023,20231113,CUS01274,1,EMP0003,Cash,Cancelled,780,360
ORD0009938,11/14/2023,20231114,CUS02820,1,EMP0028,Vodafone Cash,Completed,372,180
ORD0001312,11/14/2023,20231114,CUS01348,14,EMP0195,Credit Card,Completed,320,140
ORD0005910,11/14/2023,20231114,CUS02164,15,No_Employee_id,Credit Card,Completed,8170,6500
ORD0001139,11/14/2023,20231114,CUS02195,7,EMP0128,Vodafone Cash,Completed,26850,23790
ORD0005125,11/14/2023,20231114,CUS00779,3,EMP0071,InstaPay,Completed,23760,21000
ORD0004403,11/14/2023,20231114,CUS02429,6,EMP0115,Credit Card,Completed,446.5,230
ORD0009211,11/14/2023,20231114,CUS00786,6,EMP0121,Cash,Completed,2198,1130
ORD0010589,11/15/2023,20231115,CUS00598,1,EMP0015,Fawry,Completed,2700,1320
ORD0000432,11/15/2023,20231115,CUS02947,15,EMP0209,Fawry,Completed,210,100
ORD0003851,11/15/2023,20231115,CUS01989,2,EMP0041,Debit Card,Returned,153,80
ORD0003407,11/15/2023,20231115,CUS01135,3,EMP0075,Debit Card,Completed,340,160
ORD0000051,11/15/2023,20231115,CUS00223,2,EMP0050,Credit Card,Completed,294.5,150
ORD0004814,11/15/2023,20231115,CUS02941,4,EMP0093,Vodafone Cash,Completed,1035,530
ORD0000327,11/15/2023,20231115,CUS01948,11,EMP0166,Credit Card,Cancelled,6860,5180
ORD0002585,11/15/2023,20231115,CUS02931,4,EMP0079,Debit Card,Completed,200,100
ORD0010968,11/15/2023,20231115,CUS00383,14,No_Employee_id,Cash,Completed,939,520
ORD0008002,11/15/2023,20231115,CUS00444,1,EMP0020,Credit Card,Completed,616.5,300
ORD0004907,11/15/2023,20231115,CUS01049,1,EMP0012,Credit Card,Completed,1003,520
ORD0001811,11/16/2023,20231116,CUS02221,2,EMP0032,Fawry,Completed,348,190
ORD0005918,11/16/2023,20231116,CUS01961,11,EMP0166,Debit Card,Completed,1453.5,830
ORD0003018,11/16/2023,20231116,CUS00720,5,EMP0106,Fawry,Completed,490,240
ORD0008005,11/16/2023,20231116,CUS00334,1,EMP0009,Credit Card,Completed,7905,5550
ORD0004116,11/16/2023,20231116,CUS01648,13,EMP0186,Fawry,Completed,4270,2120
ORD0000378,11/16/2023,20231116,CUS01309,2,EMP0052,Cash,Returned,972,480
ORD0000306,11/16/2023,20231116,CUS01755,3,EMP0076,Cash,Completed,1604,790
ORD0000531,11/16/2023,20231116,CUS02303,3,EMP0062,Debit Card,Completed,420,280
ORD0008621,11/16/2023,20231116,CUS00840,5,EMP0095,Fawry,Completed,2152,1180
ORD0006253,11/16/2023,20231116,CUS01715,2,EMP0050,Debit Card,Completed,1270,1030
ORD0000908,11/16/2023,20231116,CUS02295,3,EMP0077,InstaPay,Completed,1200,750
ORD0008241,11/16/2023,20231116,CUS00557,2,EMP0040,Credit Card,Completed,234,130
ORD0006491,11/16/2023,20231116,CUS01591,5,EMP0102,Fawry,Completed,1600,1400
ORD0011787,11/16/2023,20231116,CUS00021,9,EMP0145,Cash,Completed,144,70
ORD0000517,11/16/2023,20231116,CUS00955,1,EMP0016,Fawry,Completed,1459,740
ORD0004483,11/17/2023,20231117,CUS00595,4,EMP0086,Fawry,Completed,934,490
ORD0004360,11/17/2023,20231117,CUS01196,12,EMP0183,Fawry,Returned,441,300
ORD0005412,11/17/2023,20231117,CUS01996,15,EMP0212,Cash,Cancelled,140,70
ORD0010297,11/17/2023,20231117,CUS00703,15,EMP0206,InstaPay,Completed,270,120
ORD0009924,11/17/2023,20231117,CUS02636,14,EMP0194,Fawry,Completed,8802,8320
ORD0010004,11/17/2023,20231117,CUS01533,3,EMP0069,Fawry,Completed,978,520
ORD0002553,11/17/2023,20231117,CUS01609,14,EMP0198,Debit Card,Completed,275,130
ORD0011072,11/18/2023,20231118,CUS01280,2,EMP0049,Cash,Cancelled,10000,8000
ORD0005892,11/18/2023,20231118,CUS01310,11,EMP0172,InstaPay,Completed,152,90
ORD0009270,11/18/2023,20231118,CUS01267,1,EMP0027,Vodafone Cash,Completed,54370,49380
ORD0003339,11/18/2023,20231118,CUS01339,4,EMP0091,Cash,Completed,1350,640
ORD0011877,11/18/2023,20231118,CUS01800,1,EMP0004,Vodafone Cash,Completed,1560,760
ORD0004460,11/18/2023,20231118,CUS00734,2,No_Employee_id,Cash,Completed,390,240
ORD0000678,11/18/2023,20231118,CUS01882,3,EMP0073,Debit Card,Completed,15112,11460
ORD0007530,11/18/2023,20231118,CUS02955,1,EMP0007,Cash,Completed,204,110
ORD0004316,11/18/2023,20231118,CUS01367,15,EMP0209,Vodafone Cash,Completed,280,120
ORD0000464,11/18/2023,20231118,CUS00032,6,EMP0125,Cash,Completed,11173.5,8490
ORD0004914,11/18/2023,20231118,CUS01154,1,EMP0005,Debit Card,Completed,1207.5,600
ORD0008089,11/18/2023,20231118,CUS00476,4,EMP0086,Cash,Completed,2853.5,1470
ORD0001506,11/19/2023,20231119,CUS02780,3,EMP0056,Cash,Completed,1362,760
ORD0009248,11/19/2023,20231119,CUS02126,1,EMP0014,Fawry,Completed,1650,810
ORD0000980,11/19/2023,20231119,CUS01513,4,EMP0088,Fawry,Completed,6496.5,5200
ORD0011692,11/19/2023,20231119,CUS02671,2,EMP0031,Cash,Completed,296,180
ORD0007065,11/19/2023,20231119,CUS02476,2,EMP0046,InstaPay,Returned,1136,560
ORD0009177,11/19/2023,20231119,CUS01611,1,No_Employee_id,Vodafone Cash,Completed,382.5,190
ORD0002977,11/19/2023,20231119,CUS02860,1,EMP0004,Vodafone Cash,Completed,1348,710
ORD0003548,11/19/2023,20231119,CUS02212,5,EMP0106,Vodafone Cash,Completed,26400,21200
ORD0004866,11/19/2023,20231119,CUS02957,15,EMP0206,Debit Card,Completed,210,100
ORD0002004,11/19/2023,20231119,CUS01301,3,No_Employee_id,Credit Card,Completed,66530,58480
ORD0010945,11/19/2023,20231119,CUS01672,2,EMP0050,Debit Card,Returned,240,120
ORD0010142,11/20/2023,20231120,CUS01893,3,EMP0063,Cash,Completed,890,470
ORD0001880,11/20/2023,20231120,CUS02972,11,EMP0170,Credit Card,Completed,578,340
ORD0011368,11/20/2023,20231120,CUS02066,10,EMP0158,Fawry,Completed,828,440
ORD0003668,11/20/2023,20231120,CUS01959,10,EMP0162,Fawry,Completed,942,680
ORD0009416,11/20/2023,20231120,CUS01782,1,EMP0024,Vodafone Cash,Completed,22400,22400
ORD0008868,11/20/2023,20231120,CUS01461,1,EMP0028,Fawry,Completed,3405,2880
ORD0008096,11/20/2023,20231120,CUS01527,3,EMP0071,Fawry,Completed,269,130
ORD0003649,11/20/2023,20231120,CUS03000,8,EMP0142,Fawry,Completed,1370,640
ORD0000575,11/20/2023,20231120,CUS02781,12,EMP0176,Fawry,Completed,90,40
ORD0000903,11/20/2023,20231120,CUS00919,13,EMP0191,Cash,Returned,270,150
ORD0000556,11/20/2023,20231120,CUS00705,7,EMP0128,Fawry,Completed,503.5,260
ORD0007490,11/21/2023,20231121,CUS02828,3,EMP0065,Credit Card,Returned,3042.5,2740
ORD0006757,11/21/2023,20231121,CUS01173,2,EMP0050,Debit Card,Completed,5474.5,3870
ORD0010663,11/21/2023,20231121,CUS01265,6,No_Employee_id,Credit Card,Completed,16450,16300
ORD0006249,11/21/2023,20231121,CUS00359,2,No_Employee_id,Fawry,Completed,999,540
ORD0009195,11/21/2023,20231121,CUS00148,3,EMP0061,InstaPay,Completed,864,470
ORD0002680,11/21/2023,20231121,CUS01251,2,EMP0033,Fawry,Completed,440,220
ORD0005277,11/21/2023,20231121,CUS01969,5,EMP0096,Debit Card,Completed,12128,10650
ORD0006718,11/21/2023,20231121,CUS00588,3,EMP0074,Cash,Completed,709.5,350
ORD0001964,11/21/2023,20231121,CUS01472,10,EMP0159,Credit Card,Completed,2430,1200
ORD0004388,11/21/2023,20231121,CUS02933,15,EMP0215,Vodafone Cash,Completed,9980,8780
ORD0007110,11/21/2023,20231121,CUS00441,2,EMP0038,Vodafone Cash,Completed,12943,11160
ORD0001519,11/21/2023,20231121,CUS01046,2,EMP0036,InstaPay,Completed,892.5,580
ORD0010062,11/22/2023,20231122,CUS01635,3,EMP0071,Vodafone Cash,Completed,576,300
ORD0008578,11/22/2023,20231122,CUS00410,13,EMP0187,Fawry,Completed,6727,5540
ORD0005958,11/22/2023,20231122,CUS00171,12,No_Employee_id,Vodafone Cash,Completed,602,290
ORD0000755,11/22/2023,20231122,CUS01890,3,EMP0057,Fawry,Completed,432,240
ORD0004086,11/22/2023,20231122,CUS01808,1,EMP0006,Vodafone Cash,Completed,3579,1790
ORD0006024,11/22/2023,20231122,CUS02990,3,EMP0074,Fawry,Completed,1859,940
ORD0005445,11/22/2023,20231122,CUS01389,2,EMP0050,Vodafone Cash,Completed,271,150
ORD0005147,11/22/2023,20231122,CUS02152,3,EMP0072,Fawry,Completed,160,90
ORD0003595,11/22/2023,20231122,CUS01481,10,EMP0157,Debit Card,Completed,210,100
ORD0002988,11/22/2023,20231122,CUS02206,14,EMP0203,Credit Card,Completed,660,440
ORD0005261,11/22/2023,20231122,CUS02083,1,EMP0021,Credit Card,Completed,370,180
ORD0004758,11/22/2023,20231122,CUS01888,12,EMP0184,Vodafone Cash,Completed,702,360
ORD0004532,11/22/2023,20231122,CUS00700,1,EMP0005,Fawry,Completed,520,240
ORD0009128,11/22/2023,20231122,CUS02716,15,EMP0204,Vodafone Cash,Completed,342,180
ORD0011715,11/22/2023,20231122,CUS01950,5,No_Employee_id,Vodafone Cash,Completed,10596,8320
ORD0007789,11/22/2023,20231122,CUS00985,9,EMP0148,Vodafone Cash,Completed,1320,660
ORD0005176,11/22/2023,20231122,CUS00579,3,EMP0072,Credit Card,Completed,3757,2920
ORD0008791,11/23/2023,20231123,CUS01313,11,EMP0168,Credit Card,Completed,888,480
ORD0006167,11/23/2023,20231123,CUS01727,12,EMP0178,Fawry,Returned,1120,1080
ORD0000597,11/23/2023,20231123,CUS00090,2,EMP0032,Credit Card,Completed,558,300
ORD0006737,11/23/2023,20231123,CUS00308,8,EMP0142,Credit Card,Completed,4675,4340
ORD0003947,11/23/2023,20231123,CUS00876,1,EMP0016,InstaPay,Returned,11360,8740
ORD0001707,11/23/2023,20231123,CUS02071,10,EMP0159,InstaPay,Completed,260,120
ORD0001635,11/24/2023,20231124,CUS02082,1,EMP0022,Fawry,Completed,105,70
ORD0011110,11/24/2023,20231124,CUS01606,1,EMP0005,Fawry,Completed,1410,690
ORD0002177,11/24/2023,20231124,CUS02642,12,EMP0176,Cash,Completed,1096,630
ORD0002229,11/24/2023,20231124,CUS01126,2,EMP0029,InstaPay,Cancelled,270,140
ORD0008400,11/24/2023,20231124,CUS01435,5,EMP0106,Debit Card,Completed,133,90
ORD0008704,11/24/2023,20231124,CUS00622,3,EMP0078,Credit Card,Completed,1260,680
ORD0004662,11/25/2023,20231125,CUS00038,6,EMP0122,Cash,Completed,264,160
ORD0007068,11/25/2023,20231125,CUS00735,10,EMP0154,Vodafone Cash,Completed,6768,5830
ORD0001404,11/25/2023,20231125,CUS01116,3,EMP0068,InstaPay,Completed,744,350
ORD0005617,11/25/2023,20231125,CUS00373,14,EMP0201,Cash,Completed,414,250
ORD0006344,11/25/2023,20231125,CUS01797,10,EMP0154,Cash,Returned,142.5,70
ORD0005187,11/25/2023,20231125,CUS00496,2,EMP0048,InstaPay,Completed,6400,5100
ORD0003282,11/25/2023,20231125,CUS00048,6,EMP0116,Debit Card,Cancelled,770,380
ORD0002893,11/25/2023,20231125,CUS01110,5,EMP0101,Fawry,Completed,300,140
ORD0008732,11/25/2023,20231125,CUS02028,2,EMP0031,Vodafone Cash,Completed,5690,4290
ORD0002101,11/25/2023,20231125,CUS01251,4,EMP0092,Fawry,Completed,515,260
ORD0009898,11/25/2023,20231125,CUS01213,12,EMP0181,Credit Card,Completed,18800,15020
ORD0001107,11/26/2023,20231126,CUS02388,14,EMP0200,Debit Card,Completed,2941,1590
ORD0007616,11/26/2023,20231126,CUS01226,5,EMP0098,InstaPay,Completed,81,40
ORD0000995,11/26/2023,20231126,CUS02141,5,EMP0102,Vodafone Cash,Completed,1308,790
ORD0010214,11/26/2023,20231126,CUS02041,13,EMP0190,Credit Card,Completed,2170,1060
ORD0011849,11/26/2023,20231126,CUS01103,6,EMP0115,Cash,Completed,2375,1270
ORD0009463,11/26/2023,20231126,CUS02705,15,EMP0204,InstaPay,Completed,320,180
ORD0002565,11/27/2023,20231127,CUS02685,13,No_Employee_id,Debit Card,Completed,1450,810
ORD0002286,11/27/2023,20231127,CUS01157,8,EMP0143,Debit Card,Completed,1688.5,910
ORD0005394,11/27/2023,20231127,CUS01575,9,EMP0151,Vodafone Cash,Completed,399,210
ORD0003258,11/27/2023,20231127,CUS02807,7,EMP0132,Credit Card,Completed,133,70
ORD0004158,11/27/2023,20231127,CUS02319,4,EMP0086,Debit Card,Completed,240,110
ORD0000719,11/27/2023,20231127,CUS02586,4,EMP0085,InstaPay,Completed,190,90
ORD0000888,11/27/2023,20231127,CUS01959,7,EMP0133,Debit Card,Completed,1379,760
ORD0004821,11/27/2023,20231127,CUS00177,3,EMP0063,Credit Card,Completed,1824,950
ORD0009186,11/27/2023,20231127,CUS00185,9,EMP0145,Cash,Completed,268,140
ORD0011298,11/27/2023,20231127,CUS02741,1,EMP0020,Credit Card,Returned,28750,26090
ORD0010365,11/27/2023,20231127,CUS00383,3,EMP0066,Cash,Completed,350,170
ORD0006373,11/27/2023,20231127,CUS00414,1,EMP0027,Cash,Completed,41360,32670
ORD0005237,11/27/2023,20231127,CUS02949,8,EMP0143,Credit Card,Completed,612,320
ORD0010471,11/28/2023,20231128,CUS01555,2,No_Employee_id,InstaPay,Completed,1452,790
ORD0010782,11/28/2023,20231128,CUS01762,1,EMP0017,Fawry,Completed,920,440
ORD0006233,11/28/2023,20231128,CUS00662,13,No_Employee_id,Fawry,Completed,1324,690
ORD0005771,11/28/2023,20231128,CUS01598,2,EMP0046,Cash,Completed,420,210
ORD0007437,11/28/2023,20231128,CUS01494,3,EMP0062,Fawry,Completed,590,290
ORD0000954,11/28/2023,20231128,CUS00246,1,EMP0026,Cash,Cancelled,540,260
ORD0008246,11/28/2023,20231128,CUS02640,10,EMP0157,InstaPay,Completed,630,310
ORD0006192,11/28/2023,20231128,CUS01777,1,EMP0025,Credit Card,Completed,1220,600
ORD0009231,11/28/2023,20231128,CUS02058,6,EMP0123,Cash,Completed,510,240
ORD0009232,11/28/2023,20231128,CUS02479,15,EMP0213,Debit Card,Completed,3144,2520
ORD0006019,11/28/2023,20231128,CUS01831,1,EMP0028,InstaPay,Completed,2418,1620
ORD0002902,11/28/2023,20231128,CUS02196,5,EMP0103,Credit Card,Completed,480,300
ORD0007249,11/28/2023,20231128,CUS00393,15,No_Employee_id,InstaPay,Completed,171,80
ORD0003983,11/28/2023,20231128,CUS01718,14,EMP0194,Fawry,Completed,2139.5,1120
ORD0003272,11/28/2023,20231128,CUS02914,13,EMP0192,Vodafone Cash,Completed,1731.5,960
ORD0000986,11/28/2023,20231128,CUS00642,13,EMP0192,Vodafone Cash,Completed,171,90
ORD0002109,11/28/2023,20231128,CUS00791,10,No_Employee_id,Fawry,Completed,1250.5,660
ORD0008889,11/28/2023,20231128,CUS02670,6,EMP0119,Debit Card,Completed,822.5,390
ORD0007433,11/28/2023,20231128,CUS00475,7,EMP0134,Fawry,Completed,2340,1770
ORD0004678,11/28/2023,20231128,CUS00626,14,EMP0198,InstaPay,Completed,2988,1550
ORD0008285,11/29/2023,20231129,CUS01097,12,EMP0178,Fawry,Completed,2404,1210
ORD0010854,11/29/2023,20231129,CUS02427,1,EMP0002,Cash,Completed,1086.5,600
ORD0001883,11/29/2023,20231129,CUS00218,11,EMP0166,Debit Card,Completed,696,390
ORD0007575,11/29/2023,20231129,CUS00429,13,EMP0186,Debit Card,Completed,162,80
ORD0009732,11/29/2023,20231129,CUS00375,3,EMP0056,Debit Card,Completed,140,70
ORD0009752,11/29/2023,20231129,CUS00715,1,EMP0022,Fawry,Completed,641,350
ORD0009378,11/29/2023,20231129,CUS02746,9,EMP0145,Debit Card,Completed,1690,1180
ORD0001135,11/29/2023,20231129,CUS00997,6,EMP0116,Fawry,Completed,3265,1820
ORD0011644,11/29/2023,20231129,CUS02975,6,EMP0123,InstaPay,Completed,212,110
ORD0005432,11/30/2023,20231130,CUS01178,6,EMP0120,Debit Card,Completed,1345,680
ORD0002071,11/30/2023,20231130,CUS02200,5,No_Employee_id,Credit Card,Completed,718,360
ORD0006665,11/30/2023,20231130,CUS01039,3,EMP0065,InstaPay,Completed,2087.5,1180
ORD0008023,11/30/2023,20231130,CUS00415,13,EMP0187,InstaPay,Cancelled,142.5,70
ORD0001850,11/30/2023,20231130,CUS02774,1,EMP0020,Vodafone Cash,Returned,1175,710
ORD0000583,11/30/2023,20231130,CUS01072,3,EMP0063,Credit Card,Completed,2377.5,2070
ORD0000127,11/30/2023,20231130,CUS01521,7,EMP0128,Vodafone Cash,Completed,510,240
ORD0006844,11/30/2023,20231130,CUS01946,8,EMP0142,InstaPay,Completed,152,90
ORD0007301,12/1/2023,20231201,CUS01054,13,EMP0185,Cash,Completed,19238,15370
ORD0002588,12/1/2023,20231201,CUS00140,4,EMP0082,Fawry,Returned,361,180
ORD0005365,12/1/2023,20231201,CUS01075,5,EMP0108,Debit Card,Completed,81,40
ORD0002254,12/1/2023,20231201,CUS01395,1,EMP0010,InstaPay,Completed,960,480
ORD0009847,12/1/2023,20231201,CUS01289,14,EMP0199,Debit Card,Completed,2903,1620
ORD0010411,12/1/2023,20231201,CUS00240,1,EMP0010,Debit Card,Returned,130,60
ORD0003422,12/1/2023,20231201,CUS00393,4,EMP0088,Vodafone Cash,Completed,800,700
ORD0004933,12/1/2023,20231201,CUS02951,6,EMP0115,InstaPay,Completed,14113.5,13000
ORD0005017,12/1/2023,20231201,CUS00026,4,EMP0080,Cash,Completed,1038,540
ORD0003118,12/1/2023,20231201,CUS00222,15,EMP0216,Fawry,Completed,34866,30560
ORD0003909,12/2/2023,20231202,CUS02304,12,EMP0184,Credit Card,Completed,2336,1250
ORD0007974,12/2/2023,20231202,CUS00610,7,EMP0127,Debit Card,Completed,90,40
ORD0004045,12/2/2023,20231202,CUS02141,14,EMP0195,Debit Card,Completed,216,110
ORD0010266,12/2/2023,20231202,CUS00963,14,EMP0198,Fawry,Completed,1185,640
ORD0001969,12/2/2023,20231202,CUS00503,14,EMP0201,Cash,Completed,879.5,440
ORD0010257,12/2/2023,20231202,CUS02411,1,EMP0006,InstaPay,Completed,720,700
ORD0004204,12/2/2023,20231202,CUS02972,1,EMP0001,Debit Card,Completed,1930,1010
ORD0003964,12/2/2023,20231202,CUS00414,7,EMP0131,Fawry,Returned,285,200
ORD0002896,12/2/2023,20231202,CUS00728,2,EMP0036,Fawry,Completed,932,480
ORD0008637,12/2/2023,20231202,CUS00138,6,EMP0123,Vodafone Cash,Completed,360,210
ORD0002048,12/3/2023,20231203,CUS01530,5,EMP0100,Fawry,Completed,504,270
ORD0006202,12/3/2023,20231203,CUS01833,4,No_Employee_id,Vodafone Cash,Cancelled,11200,9000
ORD0006746,12/3/2023,20231203,CUS01176,8,EMP0142,Credit Card,Completed,690,330
ORD0004819,12/3/2023,20231203,CUS01295,13,EMP0191,Fawry,Completed,266,140
ORD0011950,12/3/2023,20231203,CUS02791,3,EMP0067,Cash,Completed,540,270
ORD0001153,12/3/2023,20231203,CUS01589,8,EMP0140,Cash,Completed,870,420
ORD0003937,12/3/2023,20231203,CUS01707,3,EMP0062,InstaPay,Completed,1283.5,640
ORD0008881,12/3/2023,20231203,CUS00192,5,EMP0096,Credit Card,Returned,1181,630
ORD0007474,12/3/2023,20231203,CUS02508,1,EMP0021,Fawry,Completed,227.5,110
ORD0009839,12/3/2023,20231203,CUS01135,2,EMP0044,Credit Card,Cancelled,900,440
ORD0009625,12/3/2023,20231203,CUS02422,3,EMP0055,Credit Card,Completed,942,510
ORD0007018,12/4/2023,20231204,CUS01028,2,EMP0054,Debit Card,Cancelled,1156.5,560
ORD0002525,12/4/2023,20231204,CUS01424,5,EMP0103,Vodafone Cash,Returned,128,70
ORD0010190,12/4/2023,20231204,CUS02249,14,EMP0194,Vodafone Cash,Completed,18909,16500
ORD0006156,12/4/2023,20231204,CUS02355,1,EMP0002,Cash,Returned,3422.5,1720
ORD0003182,12/4/2023,20231204,CUS02947,2,EMP0043,Debit Card,Completed,336,210
ORD0004262,12/4/2023,20231204,CUS02998,2,No_Employee_id,InstaPay,Completed,637.5,420
ORD0006042,12/4/2023,20231204,CUS02936,3,EMP0055,Fawry,Completed,24180,21390
ORD0010108,12/4/2023,20231204,CUS01137,13,EMP0187,Vodafone Cash,Completed,2500,2000
ORD0009863,12/4/2023,20231204,CUS01469,5,EMP0096,Cash,Completed,300,140
ORD0006213,12/4/2023,20231204,CUS00955,1,EMP0015,Debit Card,Completed,171,80
ORD0009111,12/4/2023,20231204,CUS00159,1,EMP0014,InstaPay,Completed,180,110
ORD0009923,12/4/2023,20231204,CUS01054,4,EMP0091,Cash,Completed,2151.5,1150
ORD0002262,12/4/2023,20231204,CUS01994,11,EMP0169,Vodafone Cash,Completed,380,220
ORD0009537,12/4/2023,20231204,CUS01407,7,EMP0131,Credit Card,Completed,17797.5,14050
ORD0006513,12/5/2023,20231205,CUS01795,1,EMP0002,InstaPay,Completed,81,40
ORD0011878,12/5/2023,20231205,CUS01357,14,EMP0196,Fawry,Completed,600,260
ORD0005011,12/5/2023,20231205,CUS02557,11,EMP0169,Debit Card,Completed,564,300
ORD0001223,12/5/2023,20231205,CUS00771,13,EMP0192,Debit Card,Completed,2698.5,1410
ORD0010534,12/5/2023,20231205,CUS02597,3,EMP0070,Debit Card,Completed,330,160
ORD0004172,12/5/2023,20231205,CUS01819,12,EMP0183,Credit Card,Completed,520,290
ORD0010426,12/5/2023,20231205,CUS02595,11,EMP0172,Vodafone Cash,Cancelled,180,80
ORD0003120,12/5/2023,20231205,CUS02334,7,EMP0128,Vodafone Cash,Completed,1491.5,850
ORD0001729,12/5/2023,20231205,CUS02062,9,EMP0145,Cash,Returned,966,500
ORD0000865,12/5/2023,20231205,CUS00797,1,EMP0003,Vodafone Cash,Completed,400,250
ORD0004132,12/5/2023,20231205,CUS01046,4,EMP0080,Credit Card,Completed,2327.5,1270
ORD0005166,12/5/2023,20231205,CUS02363,3,EMP0067,Debit Card,Returned,180,120
ORD0004609,12/6/2023,20231206,CUS01626,3,EMP0078,Cash,Returned,21390,17760
ORD0008572,12/6/2023,20231206,CUS00210,4,EMP0081,Credit Card,Completed,135,70
ORD0000758,12/6/2023,20231206,CUS00007,3,EMP0062,Fawry,Returned,540,280
ORD0000739,12/6/2023,20231206,CUS01948,10,EMP0155,Credit Card,Returned,240,120
ORD0005873,12/6/2023,20231206,CUS02907,7,EMP0128,Vodafone Cash,Completed,5028,2630
ORD0005401,12/6/2023,20231206,CUS02805,5,EMP0107,Vodafone Cash,Completed,24400,19600
ORD0005252,12/6/2023,20231206,CUS02965,15,EMP0215,Fawry,Completed,247,130
ORD0002079,12/6/2023,20231206,CUS01059,5,EMP0103,InstaPay,Completed,1290,590
ORD0009909,12/6/2023,20231206,CUS00707,10,EMP0162,Vodafone Cash,Completed,840,420
ORD0003847,12/6/2023,20231206,CUS00537,4,EMP0079,Fawry,Cancelled,288,170
ORD0010681,12/6/2023,20231206,CUS00558,14,EMP0203,InstaPay,Cancelled,5885,5380
ORD0006076,12/6/2023,20231206,CUS02229,9,EMP0145,Debit Card,Completed,700,340
ORD0003463,12/6/2023,20231206,CUS00573,14,EMP0202,Debit Card,Completed,1139.5,630
ORD0004294,12/6/2023,20231206,CUS01889,5,EMP0105,Cash,Completed,460,230
ORD0006423,12/6/2023,20231206,CUS00147,6,EMP0124,Credit Card,Completed,2696,1340
ORD0010607,12/6/2023,20231206,CUS00036,3,EMP0059,Cash,Completed,540,260
ORD0002364,12/6/2023,20231206,CUS01718,8,EMP0142,Credit Card,Completed,420,240
ORD0003826,12/7/2023,20231207,CUS01984,11,EMP0169,Vodafone Cash,Completed,592,310
ORD0011067,12/7/2023,20231207,CUS01590,14,EMP0197,Cash,Completed,3315,1700
ORD0011369,12/7/2023,20231207,CUS00291,14,EMP0198,Vodafone Cash,Completed,3309.5,1650
ORD0002577,12/7/2023,20231207,CUS01725,7,EMP0131,Cash,Completed,2126,1100
ORD0009942,12/7/2023,20231207,CUS02034,8,No_Employee_id,Vodafone Cash,Cancelled,17489,16370
ORD0008951,12/7/2023,20231207,CUS00630,15,EMP0207,Fawry,Completed,4864.5,4780
ORD0006400,12/7/2023,20231207,CUS01990,1,EMP0009,Cash,Completed,36020.5,28030
ORD0006332,12/8/2023,20231208,CUS00087,10,EMP0155,Credit Card,Completed,13677,12780
ORD0011751,12/8/2023,20231208,CUS00387,2,EMP0047,Fawry,Completed,2554,1270
ORD0000016,12/8/2023,20231208,CUS02436,3,EMP0066,Debit Card,Completed,418,220
ORD0003341,12/8/2023,20231208,CUS02282,2,EMP0044,Credit Card,Completed,2181.5,1140
ORD0003404,12/8/2023,20231208,CUS02687,12,EMP0179,Credit Card,Completed,721,360
ORD0004503,12/8/2023,20231208,CUS02628,1,EMP0008,Debit Card,Returned,21450,17710
ORD0009492,12/8/2023,20231208,CUS02524,2,EMP0051,InstaPay,Completed,133,70
ORD0005279,12/8/2023,20231208,CUS00616,4,EMP0087,Credit Card,Returned,920,770
ORD0011425,12/8/2023,20231208,CUS00264,3,No_Employee_id,Cash,Completed,5320,4500
ORD0005585,12/8/2023,20231208,CUS00978,4,EMP0094,Fawry,Returned,760,430
ORD0009710,12/8/2023,20231208,CUS00261,3,EMP0072,Vodafone Cash,Completed,646,380
ORD0003539,12/8/2023,20231208,CUS00830,4,EMP0089,Credit Card,Completed,31610,25500
ORD0005278,12/9/2023,20231209,CUS02894,4,EMP0090,Credit Card,Completed,306,160
ORD0004660,12/9/2023,20231209,CUS02088,7,EMP0135,Credit Card,Completed,416,260
ORD0007151,12/9/2023,20231209,CUS01052,12,EMP0176,Fawry,Completed,880,440
ORD0011537,12/9/2023,20231209,CUS00139,6,EMP0125,Debit Card,Completed,2457.5,1480
ORD0000768,12/9/2023,20231209,CUS00558,4,EMP0083,InstaPay,Completed,514.5,250
ORD0001913,12/9/2023,20231209,CUS00640,5,EMP0110,Credit Card,Completed,2399,1220
ORD0000602,12/9/2023,20231209,CUS00836,6,EMP0114,Vodafone Cash,Returned,584,300
ORD0010692,12/9/2023,20231209,CUS02258,1,EMP0015,Vodafone Cash,Completed,300,140
ORD0003504,12/9/2023,20231209,CUS00609,1,EMP0005,Fawry,Completed,975,490
ORD0009145,12/9/2023,20231209,CUS02019,4,EMP0090,Debit Card,Cancelled,3288,2000
ORD0006144,12/10/2023,20231210,CUS02991,5,EMP0097,Fawry,Completed,5410,4680
ORD0005605,12/10/2023,20231210,CUS00075,4,EMP0087,Credit Card,Completed,468,260
ORD0005093,12/10/2023,20231210,CUS00278,6,EMP0122,Debit Card,Returned,716,350
ORD0004501,12/10/2023,20231210,CUS02909,5,EMP0097,Credit Card,Completed,331.5,180
ORD0006692,12/10/2023,20231210,CUS02133,4,EMP0089,Cash,Completed,19898,17480
ORD0004725,12/10/2023,20231210,CUS02043,13,EMP0191,InstaPay,Completed,2040,990
ORD0001115,12/10/2023,20231210,CUS00052,6,EMP0119,Credit Card,Completed,1452,800
ORD0008083,12/10/2023,20231210,CUS00701,3,No_Employee_id,Cash,Completed,1485,770
ORD0006590,12/10/2023,20231210,CUS00367,10,EMP0156,Vodafone Cash,Completed,150,70
ORD0004475,12/10/2023,20231210,CUS01283,4,EMP0082,Vodafone Cash,Completed,540,250
ORD0000002,12/10/2023,20231210,CUS01109,11,EMP0168,Cash,Completed,2020,1020
ORD0010052,12/10/2023,20231210,CUS00062,4,EMP0088,Credit Card,Completed,6148.5,4860
ORD0004752,12/11/2023,20231211,CUS01567,8,EMP0140,Credit Card,Completed,168,100
ORD0000283,12/11/2023,20231211,CUS01950,12,EMP0180,Vodafone Cash,Completed,2646,2240
ORD0005649,12/11/2023,20231211,CUS00010,9,EMP0145,Debit Card,Completed,324,170
ORD0001480,12/11/2023,20231211,CUS02798,6,EMP0118,Debit Card,Completed,10418,8450
ORD0008519,12/11/2023,20231211,CUS00926,8,EMP0144,Credit Card,Completed,1622,870
ORD0007282,12/11/2023,20231211,CUS02206,3,EMP0056,Credit Card,Completed,513,270
ORD0004851,12/11/2023,20231211,CUS01745,3,EMP0055,Debit Card,Completed,3814,2970
ORD0006396,12/11/2023,20231211,CUS01706,1,EMP0009,InstaPay,Completed,1770,1030
ORD0004376,12/11/2023,20231211,CUS00103,1,EMP0002,Fawry,Completed,5534,4840
ORD0010920,12/11/2023,20231211,CUS01942,4,EMP0094,Debit Card,Completed,320,200
ORD0002424,12/11/2023,20231211,CUS02033,4,EMP0092,Vodafone Cash,Completed,136,80
ORD0007577,12/12/2023,20231212,CUS00710,15,EMP0215,Debit Card,Completed,1368,710
ORD0010196,12/12/2023,20231212,CUS02907,12,EMP0180,Vodafone Cash,Completed,598.5,300
ORD0010843,12/12/2023,20231212,CUS02199,3,EMP0055,InstaPay,Completed,3509.5,1740
ORD0005388,12/12/2023,20231212,CUS02038,3,EMP0058,InstaPay,Completed,10632,9690
ORD0008814,12/12/2023,20231212,CUS01229,2,EMP0047,Debit Card,Completed,1787,960
ORD0005966,12/12/2023,20231212,CUS01573,7,EMP0127,Cash,Completed,34683,27270
ORD0009007,12/12/2023,20231212,CUS01632,4,EMP0082,Credit Card,Completed,276,170
ORD0004889,12/12/2023,20231212,CUS00080,3,EMP0060,Vodafone Cash,Completed,370,180
ORD0003008,12/12/2023,20231212,CUS02876,1,EMP0008,Fawry,Completed,10400,8430
ORD0007569,12/12/2023,20231212,CUS01892,13,EMP0191,Credit Card,Completed,374,200
ORD0001030,12/12/2023,20231212,CUS00778,3,EMP0068,Fawry,Completed,432,230
ORD0004444,12/12/2023,20231212,CUS02070,7,EMP0128,InstaPay,Completed,90,40
ORD0004728,12/12/2023,20231212,CUS00090,4,EMP0088,Credit Card,Completed,3280,1600
ORD0008272,12/12/2023,20231212,CUS02317,1,EMP0028,Vodafone Cash,Completed,2077.5,1170
ORD0009891,12/13/2023,20231213,CUS00176,7,EMP0129,Vodafone Cash,Completed,1290,620
ORD0007739,12/13/2023,20231213,CUS00857,2,EMP0049,Fawry,Returned,2890,1490
ORD0000809,12/13/2023,20231213,CUS00076,1,EMP0021,Cash,Completed,360,180
ORD0004741,12/13/2023,20231213,CUS00512,6,EMP0116,Credit Card,Returned,5872,5110
ORD0005483,12/13/2023,20231213,CUS01659,13,EMP0185,Debit Card,Completed,247,120
ORD0002430,12/13/2023,20231213,CUS02721,9,EMP0151,Cash,Returned,549,260
ORD0007832,12/13/2023,20231213,CUS01173,1,EMP0026,Cash,Completed,1660,1120
ORD0002749,12/14/2023,20231214,CUS01048,15,EMP0207,Debit Card,Completed,500,280
ORD0011360,12/14/2023,20231214,CUS00370,12,EMP0174,Credit Card,Completed,460,220
ORD0009528,12/14/2023,20231214,CUS02486,1,EMP0028,Cash,Completed,629,360
ORD0009525,12/14/2023,20231214,CUS01432,1,EMP0002,Debit Card,Completed,240,110
ORD0002393,12/14/2023,20231214,CUS00067,12,EMP0178,Vodafone Cash,Completed,5100,4000
ORD0009623,12/14/2023,20231214,CUS00790,14,EMP0202,Cash,Completed,712,330
ORD0008169,12/14/2023,20231214,CUS02666,5,EMP0098,InstaPay,Returned,792.5,390
ORD0007472,12/14/2023,20231214,CUS01678,12,EMP0182,Debit Card,Completed,2542.5,1400
ORD0002377,12/14/2023,20231214,CUS01175,6,EMP0120,Cash,Completed,189,100
ORD0005205,12/14/2023,20231214,CUS02411,7,EMP0136,Vodafone Cash,Completed,320.5,160
ORD0011476,12/14/2023,20231214,CUS00684,5,EMP0099,Debit Card,Completed,252,140
ORD0008085,12/15/2023,20231215,CUS02959,9,EMP0150,Credit Card,Completed,280.5,160
ORD0007268,12/15/2023,20231215,CUS02873,4,EMP0086,Fawry,Completed,1065,620
ORD0007124,12/15/2023,20231215,CUS02995,9,EMP0146,InstaPay,Completed,690,340
ORD0007604,12/15/2023,20231215,CUS02740,13,EMP0188,Fawry,Completed,140,70
ORD0002171,12/15/2023,20231215,CUS02619,4,EMP0084,Fawry,Completed,702,360
ORD0011139,12/15/2023,20231215,CUS00678,8,EMP0143,Cash,Completed,1506,830
ORD0003890,12/15/2023,20231215,CUS02108,5,EMP0108,Credit Card,Returned,9333,8220
ORD0009129,12/15/2023,20231215,CUS02493,7,EMP0133,Vodafone Cash,Completed,432,210
ORD0010000,12/15/2023,20231215,CUS00404,1,EMP0009,Cash,Completed,476,230
ORD0003899,12/15/2023,20231215,CUS00214,3,EMP0070,Cash,Completed,520,240
ORD0009388,12/15/2023,20231215,CUS00235,4,EMP0085,InstaPay,Completed,153,80
ORD0005692,12/16/2023,20231216,CUS01080,7,EMP0128,Vodafone Cash,Completed,3632,2120
ORD0005820,12/16/2023,20231216,CUS00465,3,EMP0056,Fawry,Completed,2592.5,1420
ORD0007816,12/16/2023,20231216,CUS00924,6,EMP0123,Credit Card,Completed,2112,1200
ORD0006783,12/16/2023,20231216,CUS02903,8,EMP0143,Credit Card,Completed,210,100
ORD0001356,12/16/2023,20231216,CUS01350,6,EMP0118,InstaPay,Returned,504,300
ORD0008307,12/16/2023,20231216,CUS00659,14,EMP0202,Vodafone Cash,Completed,470,230
ORD0003832,12/17/2023,20231217,CUS02204,1,EMP0011,InstaPay,Completed,20976,16140
ORD0006366,12/17/2023,20231217,CUS00447,5,EMP0112,Debit Card,Cancelled,768.5,400
ORD0000145,12/17/2023,20231217,CUS02915,3,EMP0062,Credit Card,Completed,16840,13620
ORD0010553,12/17/2023,20231217,CUS01213,11,EMP0168,Fawry,Completed,1605.5,830
ORD0007119,12/17/2023,20231217,CUS00883,1,EMP0003,Fawry,Completed,13821,10810
ORD0008411,12/17/2023,20231217,CUS00745,1,EMP0012,Vodafone Cash,Completed,813,470
ORD0004088,12/17/2023,20231217,CUS02198,6,EMP0120,Vodafone Cash,Completed,11800,9400
ORD0004919,12/17/2023,20231217,CUS02989,1,EMP0025,Credit Card,Cancelled,1466,830
ORD0006918,12/17/2023,20231217,CUS01479,2,EMP0039,Fawry,Completed,2107,1030
ORD0002470,12/17/2023,20231217,CUS02105,3,EMP0065,Credit Card,Completed,270,120
ORD0009346,12/17/2023,20231217,CUS00120,11,EMP0164,Cash,Completed,870,530
ORD0009932,12/17/2023,20231217,CUS02445,11,No_Employee_id,Vodafone Cash,Completed,2784,1610
ORD0011043,12/18/2023,20231218,CUS00162,7,EMP0135,Vodafone Cash,Completed,1348.5,720
ORD0000217,12/18/2023,20231218,CUS02782,2,EMP0051,Fawry,Completed,20580,17840
ORD0000194,12/18/2023,20231218,CUS01850,3,EMP0070,Fawry,Completed,747,410
ORD0005984,12/18/2023,20231218,CUS02516,5,EMP0112,InstaPay,Completed,42529,33560
ORD0006626,12/18/2023,20231218,CUS02548,3,EMP0058,Fawry,Completed,896,460
ORD0000798,12/18/2023,20231218,CUS01722,1,EMP0005,Debit Card,Cancelled,180,100
ORD0004763,12/18/2023,20231218,CUS00285,4,EMP0094,Credit Card,Completed,2325,1140
ORD0006719,12/19/2023,20231219,CUS00415,2,EMP0054,InstaPay,Completed,180,80
ORD0004320,12/19/2023,20231219,CUS02748,14,EMP0199,Credit Card,Completed,1098,540
ORD0003728,12/19/2023,20231219,CUS02037,1,EMP0017,Credit Card,Completed,304,160
ORD0011500,12/19/2023,20231219,CUS00403,4,EMP0083,Cash,Completed,350,170
ORD0004973,12/19/2023,20231219,CUS01798,2,EMP0041,InstaPay,Completed,1112,600
ORD0009113,12/19/2023,20231219,CUS00229,3,EMP0077,Fawry,Completed,199.5,100
ORD0001292,12/19/2023,20231219,CUS02648,1,EMP0019,Vodafone Cash,Completed,260,130
ORD0009478,12/19/2023,20231219,CUS02418,3,EMP0073,InstaPay,Completed,1439,730
ORD0003808,12/19/2023,20231219,CUS01098,4,No_Employee_id,InstaPay,Completed,540,280
ORD0004241,12/19/2023,20231219,CUS00599,11,EMP0168,Fawry,Completed,1110,540
ORD0000887,12/19/2023,20231219,CUS02139,13,EMP0192,Cash,Completed,360,160
ORD0002260,12/20/2023,20231220,CUS00458,12,EMP0178,Cash,Completed,10479,8540
ORD0009683,12/20/2023,20231220,CUS01479,4,EMP0082,Debit Card,Completed,378,200
ORD0009331,12/20/2023,20231220,CUS00386,6,EMP0115,Debit Card,Completed,519.5,270
ORD0011862,12/20/2023,20231220,CUS00627,6,EMP0114,Credit Card,Completed,890,440
ORD0011844,12/20/2023,20231220,CUS00353,6,EMP0119,InstaPay,Completed,1159.5,610
ORD0004089,12/20/2023,20231220,CUS02756,3,EMP0077,Debit Card,Completed,1016,500
ORD0008391,12/20/2023,20231220,CUS00929,1,EMP0018,Fawry,Completed,3728,2070
ORD0003011,12/20/2023,20231220,CUS01757,11,EMP0171,InstaPay,Completed,136,70
ORD0002852,12/20/2023,20231220,CUS00779,14,EMP0202,Fawry,Completed,1196,630
ORD0001492,12/20/2023,20231220,CUS02328,8,EMP0141,Credit Card,Cancelled,601.5,300
ORD0009665,12/20/2023,20231220,CUS01981,4,EMP0081,Fawry,Completed,1510,720
ORD0009639,12/20/2023,20231220,CUS00571,4,EMP0091,Fawry,Completed,288,140
ORD0006459,12/20/2023,20231220,CUS02396,7,EMP0130,InstaPay,Completed,1161,630
ORD0006505,12/21/2023,20231221,CUS01921,3,EMP0077,Fawry,Completed,600,290
ORD0001199,12/21/2023,20231221,CUS00289,4,EMP0085,InstaPay,Cancelled,1780,880
ORD0008227,12/21/2023,20231221,CUS02084,8,EMP0141,Cash,Completed,1836,960
ORD0002233,12/21/2023,20231221,CUS01722,8,EMP0137,InstaPay,Completed,920,440
ORD0006909,12/21/2023,20231221,CUS00616,2,EMP0053,Fawry,Completed,726,350
ORD0001485,12/21/2023,20231221,CUS01682,2,EMP0040,Cash,Completed,152,70
ORD0008653,12/21/2023,20231221,CUS02451,1,EMP0001,Debit Card,Completed,477,260
ORD0000651,12/21/2023,20231221,CUS01656,10,No_Employee_id,Fawry,Completed,216,130
ORD0005732,12/21/2023,20231221,CUS02948,10,EMP0162,Debit Card,Completed,152,70
ORD0004983,12/21/2023,20231221,CUS01235,8,EMP0139,Cash,Completed,414,220
ORD0006165,12/21/2023,20231221,CUS00231,14,EMP0194,Fawry,Completed,432,220
ORD0008117,12/21/2023,20231221,CUS01772,13,EMP0185,InstaPay,Completed,3052.5,1680
ORD0006535,12/21/2023,20231221,CUS02550,4,EMP0090,Credit Card,Completed,320,170
ORD0001540,12/22/2023,20231222,CUS01625,1,EMP0013,Cash,Completed,1212,660
ORD0009622,12/22/2023,20231222,CUS01259,12,EMP0181,Cash,Completed,1331,680
ORD0005552,12/22/2023,20231222,CUS02945,1,No_Employee_id,Vodafone Cash,Returned,405,260
ORD0006567,12/22/2023,20231222,CUS02157,6,EMP0119,InstaPay,Completed,282,140
ORD0000110,12/22/2023,20231222,CUS00121,6,EMP0120,Debit Card,Completed,918,540
ORD0002635,12/22/2023,20231222,CUS00147,2,EMP0049,Credit Card,Cancelled,270,140
ORD0010946,12/22/2023,20231222,CUS02540,13,EMP0192,Vodafone Cash,Cancelled,210,100
ORD0010179,12/22/2023,20231222,CUS02775,3,EMP0055,InstaPay,Cancelled,2367,1220
ORD0011107,12/22/2023,20231222,CUS00021,6,EMP0120,Cash,Completed,160,70
ORD0008836,12/23/2023,20231223,CUS02188,1,EMP0012,Debit Card,Completed,130,60
ORD0007220,12/23/2023,20231223,CUS01926,1,EMP0013,Debit Card,Completed,3445,1800
ORD0004842,12/23/2023,20231223,CUS00882,4,EMP0083,Fawry,Completed,260,130
ORD0008771,12/23/2023,20231223,CUS00733,1,EMP0010,Fawry,Completed,439,230
ORD0005391,12/23/2023,20231223,CUS02751,6,EMP0113,InstaPay,Completed,720,380
ORD0001819,12/24/2023,20231224,CUS00373,12,EMP0181,InstaPay,Completed,240,120
ORD0004467,12/24/2023,20231224,CUS00831,11,EMP0169,Cash,Completed,860,410
ORD0009695,12/24/2023,20231224,CUS00651,9,EMP0151,InstaPay,Completed,450,210
ORD0005045,12/24/2023,20231224,CUS00733,4,EMP0082,Debit Card,Completed,1269,690
ORD0007391,12/24/2023,20231224,CUS01879,12,EMP0176,Credit Card,Completed,2010.5,1100
ORD0002809,12/24/2023,20231224,CUS02131,7,EMP0128,Credit Card,Completed,3045,2190
ORD0008087,12/24/2023,20231224,CUS00327,13,EMP0187,Cash,Completed,592,300
ORD0004327,12/24/2023,20231224,CUS01952,2,EMP0034,InstaPay,Returned,627,330
ORD0004285,12/25/2023,20231225,CUS02459,2,EMP0049,Credit Card,Completed,486,240
ORD0011941,12/25/2023,20231225,CUS02351,5,EMP0101,Vodafone Cash,Completed,720,400
ORD0005868,12/25/2023,20231225,CUS00240,6,No_Employee_id,Credit Card,Completed,34592.5,30420
ORD0003914,12/25/2023,20231225,CUS01067,2,EMP0041,Vodafone Cash,Completed,204,120
ORD0006483,12/25/2023,20231225,CUS00322,6,EMP0125,Credit Card,Completed,399,200
ORD0000786,12/25/2023,20231225,CUS02173,1,EMP0019,Cash,Completed,433,210
ORD0005623,12/25/2023,20231225,CUS01900,5,EMP0111,Fawry,Completed,569.5,310
ORD0000548,12/25/2023,20231225,CUS00182,5,EMP0098,Vodafone Cash,Completed,885.5,590
ORD0001003,12/25/2023,20231225,CUS00441,10,EMP0160,Fawry,Completed,594,320
ORD0010454,12/25/2023,20231225,CUS01094,2,EMP0030,Credit Card,Completed,280,140
ORD0006646,12/25/2023,20231225,CUS00854,7,EMP0135,Credit Card,Completed,6900,5600
ORD0011243,12/25/2023,20231225,CUS02322,12,EMP0174,Credit Card,Completed,350,170
ORD0007239,12/25/2023,20231225,CUS00938,11,No_Employee_id,Cash,Completed,675,370
ORD0007096,12/25/2023,20231225,CUS02351,3,EMP0073,Debit Card,Completed,791,410
ORD0001377,12/26/2023,20231226,CUS00002,3,EMP0056,Cash,Completed,803,400
ORD0001575,12/26/2023,20231226,CUS00450,10,EMP0161,Credit Card,Completed,2127.5,1110
ORD0008353,12/26/2023,20231226,CUS02929,3,EMP0075,Debit Card,Completed,90,40
ORD0008276,12/26/2023,20231226,CUS02516,3,EMP0066,Fawry,Returned,960,460
ORD0009766,12/26/2023,20231226,CUS02996,5,EMP0102,Vodafone Cash,Completed,5747.5,4770
ORD0010006,12/26/2023,20231226,CUS00510,8,EMP0143,Fawry,Returned,3476,1800
ORD0003512,12/26/2023,20231226,CUS00771,10,EMP0163,Debit Card,Completed,1035,540
ORD0011482,12/26/2023,20231226,CUS02439,6,EMP0118,Debit Card,Completed,31330,24640
ORD0006605,12/26/2023,20231226,CUS02084,7,EMP0127,InstaPay,Completed,840,410
ORD0001092,12/26/2023,20231226,CUS01871,3,EMP0076,Debit Card,Completed,306,170
ORD0004989,12/26/2023,20231226,CUS01168,11,EMP0170,Vodafone Cash,Returned,700,410
ORD0003691,12/26/2023,20231226,CUS01815,10,No_Employee_id,Vodafone Cash,Completed,1539,860
ORD0003733,12/26/2023,20231226,CUS01919,14,EMP0202,Vodafone Cash,Completed,493,280
ORD0011596,12/27/2023,20231227,CUS02296,11,EMP0167,Credit Card,Completed,621.5,310
ORD0005947,12/27/2023,20231227,CUS01690,10,EMP0154,Cash,Completed,1214,690
ORD0007188,12/27/2023,20231227,CUS00681,12,EMP0181,Vodafone Cash,Completed,1653,810
ORD0001612,12/27/2023,20231227,CUS01798,1,EMP0018,Fawry,Returned,530,260
ORD0011946,12/27/2023,20231227,CUS01625,15,EMP0205,Fawry,Returned,1089,560
ORD0005070,12/28/2023,20231228,CUS02448,6,EMP0124,Cash,Completed,2262,1160
ORD0000628,12/28/2023,20231228,CUS00765,12,EMP0181,Vodafone Cash,Completed,553.5,310
ORD0009392,12/28/2023,20231228,CUS01056,14,No_Employee_id,Debit Card,Completed,202.5,120
ORD0011761,12/28/2023,20231228,CUS01882,6,EMP0124,Fawry,Completed,608,280
ORD0007812,12/28/2023,20231228,CUS02827,10,EMP0163,InstaPay,Completed,836,440
ORD0003228,12/28/2023,20231228,CUS00372,15,EMP0213,InstaPay,Completed,1214,770
ORD0001302,12/28/2023,20231228,CUS00488,14,EMP0197,Debit Card,Completed,3525,1850
ORD0011534,12/28/2023,20231228,CUS02474,5,EMP0109,Vodafone Cash,Completed,11800,9400
ORD0006864,12/28/2023,20231228,CUS02125,11,EMP0169,Cash,Completed,750,800
ORD0004466,12/28/2023,20231228,CUS02996,3,EMP0056,Credit Card,Completed,8252,6230
ORD0009964,12/28/2023,20231228,CUS01264,2,EMP0031,Debit Card,Returned,2044,1110
ORD0002810,12/28/2023,20231228,CUS01616,4,EMP0088,Vodafone Cash,Completed,405,220
ORD0001772,12/28/2023,20231228,CUS01137,4,EMP0083,Credit Card,Completed,460,220
ORD0004527,12/28/2023,20231228,CUS00642,6,EMP0119,InstaPay,Completed,340,160
ORD0002546,12/28/2023,20231228,CUS02621,1,EMP0024,Cash,Completed,55650,48430
ORD0011848,12/28/2023,20231228,CUS00044,15,EMP0214,Debit Card,Returned,1551,790
ORD0004254,12/28/2023,20231228,CUS02515,13,EMP0187,Cash,Cancelled,612,320
ORD0011619,12/28/2023,20231228,CUS02011,10,EMP0158,Fawry,Completed,32866.5,26260
ORD0005976,12/28/2023,20231228,CUS00050,5,EMP0103,Vodafone Cash,Completed,1135,640
ORD0010921,12/29/2023,20231229,CUS00974,2,EMP0038,Vodafone Cash,Completed,3509,2210
ORD0007503,12/29/2023,20231229,CUS01069,9,EMP0146,Vodafone Cash,Completed,3291,2110
ORD0002061,12/29/2023,20231229,CUS01809,14,EMP0198,InstaPay,Completed,243,130
ORD0010872,12/29/2023,20231229,CUS02306,3,EMP0057,Cash,Completed,4496.5,2220
ORD0005116,12/29/2023,20231229,CUS00464,3,EMP0057,InstaPay,Completed,182,130
ORD0006524,12/29/2023,20231229,CUS00963,7,EMP0128,Vodafone Cash,Completed,1911.5,1150
ORD0001956,12/29/2023,20231229,CUS00219,10,EMP0153,Vodafone Cash,Returned,142.5,70
ORD0006387,12/29/2023,20231229,CUS02938,13,EMP0186,Debit Card,Completed,19040,17800
ORD0008747,12/29/2023,20231229,CUS02794,1,No_Employee_id,InstaPay,Completed,280,140
ORD0006385,12/29/2023,20231229,CUS01618,5,EMP0102,Cash,Completed,3435,2360
ORD0005882,12/29/2023,20231229,CUS02251,4,EMP0090,Credit Card,Completed,5265,4280
ORD0000817,12/29/2023,20231229,CUS02151,3,EMP0065,Debit Card,Completed,1724,920
ORD0001961,12/29/2023,20231229,CUS01585,5,EMP0095,Debit Card,Completed,72,40
ORD0004171,12/29/2023,20231229,CUS00438,5,EMP0101,Debit Card,Completed,1080,520
ORD0009673,12/30/2023,20231230,CUS00467,6,EMP0123,Vodafone Cash,Completed,2040,1170
ORD0002020,12/30/2023,20231230,CUS02044,12,EMP0179,InstaPay,Completed,12780,12350
ORD0002459,12/30/2023,20231230,CUS01276,15,EMP0216,InstaPay,Completed,1050,500
ORD0007716,12/30/2023,20231230,CUS00694,1,EMP0002,Vodafone Cash,Completed,19933.5,17540
ORD0000402,12/30/2023,20231230,CUS02305,1,EMP0022,Fawry,Completed,5600,4500
ORD0011239,12/30/2023,20231230,CUS02676,5,EMP0098,Vodafone Cash,Completed,39500,31600
ORD0010412,12/30/2023,20231230,CUS02158,2,EMP0032,InstaPay,Completed,2510,1580
ORD0010679,12/30/2023,20231230,CUS02981,4,EMP0093,Fawry,Completed,1726,890
ORD0003518,12/30/2023,20231230,CUS02948,9,EMP0150,Debit Card,Completed,376,230
ORD0001637,12/31/2023,20231231,CUS01592,3,EMP0057,InstaPay,Completed,10980,9800
ORD0000470,12/31/2023,20231231,CUS02800,2,EMP0050,Vodafone Cash,Completed,1656,1030
ORD0003325,12/31/2023,20231231,CUS00926,1,EMP0011,Vodafone Cash,Completed,140,60
ORD0003304,12/31/2023,20231231,CUS01999,10,EMP0161,InstaPay,Completed,1378.5,920
ORD0007888,12/31/2023,20231231,CUS00627,3,EMP0064,Vodafone Cash,Completed,1210,610
ORD0004642,12/31/2023,20231231,CUS00947,3,EMP0061,Credit Card,Completed,784,430
ORD0009476,12/31/2023,20231231,CUS02508,3,EMP0069,Fawry,Completed,962,490
ORD0002361,12/31/2023,20231231,CUS02963,6,EMP0126,Vodafone Cash,Completed,117,60
ORD0009680,12/31/2023,20231231,CUS00903,2,EMP0051,Credit Card,Completed,2800,1360
ORD0011868,12/31/2023,20231231,CUS01514,4,EMP0082,Cash,Completed,16247,15050
ORD0006795,12/31/2023,20231231,CUS00357,5,EMP0095,Debit Card,Completed,110.5,60
ORD0011504,12/31/2023,20231231,CUS01122,5,EMP0108,Credit Card,Returned,1987.5,970
ORD0006421,12/31/2023,20231231,CUS02517,13,EMP0193,Cash,Completed,1181,590
ORD0009543,12/31/2023,20231231,CUS01879,14,EMP0202,Debit Card,Completed,11520,10300
